{
    "num_qubits": 2,
    "pulse_space": {
      "Delta1": [-5.0, 5.0],
      "Omega1": [0.0, 1.0],
      "phi1": [-3.141592653589793, 3.141592653589793],
      "Delta2": [-5.0, 5.0],
      "Omega2": [0.0, 1.0],
      "phi2": [-3.141592653589793, 3.141592653589793],
      "tau": [0.0, 0.3]
    },
    "max_pulses": 100,
    "d_model": 1024,
    "n_layers": 16,
    "n_heads": 16,
    "dropout": 0.1
  }
  