fidelity,pulse_duration
0.4998762011528015,33.27885437011719
0.5413037538528442,33.26180648803711
0.5272952914237976,33.25040817260742
0.5667628645896912,33.245296478271484
0.6191462874412537,33.24307632446289
0.620364248752594,33.24870300292969
0.6165837645530701,33.25789260864258
0.639738142490387,33.26902770996094
0.6525095701217651,33.27912902832031
0.6410350203514099,33.287540435791016
0.6634371876716614,33.29047775268555
0.686499834060669,33.29197692871094
0.70247483253479,33.29514694213867
0.6869838237762451,33.29813003540039
0.6791432499885559,33.30099868774414
0.6904826164245605,33.299373626708984
0.740757167339325,33.2986946105957
0.6963913440704346,33.29666519165039
0.7092713713645935,33.29304504394531
0.7117341756820679,33.285335540771484
0.700910210609436,33.280025482177734
0.7442208528518677,33.27517318725586
0.7194806337356567,33.270084381103516
0.7557748556137085,33.26579284667969
0.7025456428527832,33.25978469848633
0.7452753782272339,33.251468658447266
0.7364459037780762,33.24666976928711
0.736405074596405,33.24434280395508
0.7291203737258911,33.24064254760742
0.732354998588562,33.23917007446289
0.7336054444313049,33.23794174194336
0.7311408519744873,33.23898696899414
0.7588381171226501,33.237911224365234
0.7487918138504028,33.233455657958984
0.7443995475769043,33.23067092895508
0.7135940790176392,33.22732162475586
0.772318959236145,33.22416687011719
0.7543042898178101,33.22061538696289
0.7395868897438049,33.223907470703125
0.7523894309997559,33.22608947753906
0.7440564036369324,33.22641372680664
0.744417667388916,33.22519302368164
0.7752570509910583,33.22511672973633
0.7315235137939453,33.22611618041992
0.746019184589386,33.22854232788086
0.7656657695770264,33.2290153503418
0.7440991997718811,33.228397369384766
0.7660074234008789,33.225311279296875
0.7784612774848938,33.217830657958984
0.7961386442184448,33.20943832397461
0.7774425745010376,33.2034797668457
0.7472845911979675,33.20335388183594
0.7651751041412354,33.19631576538086
0.7814335823059082,33.187320709228516
0.7632989883422852,33.182254791259766
0.771950364112854,33.17502212524414
0.7440558671951294,33.16172409057617
0.7622889280319214,33.15104675292969
0.7660538554191589,33.1450080871582
0.7780584692955017,33.13710021972656
0.7665744423866272,33.12900161743164
0.7598106265068054,33.123477935791016
0.7645961046218872,33.12104797363281
0.7764522433280945,33.119144439697266
0.7305299043655396,33.12113571166992
0.7744761109352112,33.127010345458984
0.7665703892707825,33.129703521728516
0.7394192218780518,33.12839889526367
0.759103000164032,33.12966537475586
0.7900398373603821,33.135494232177734
0.7760705351829529,33.136653900146484
0.7580554485321045,33.14462661743164
0.7976579666137695,33.15657043457031
0.7846454381942749,33.169132232666016
0.7587199211120605,33.18012619018555
0.7949111461639404,33.19108200073242
0.7792102694511414,33.19857406616211
0.7558091878890991,33.20463562011719
0.7589943408966064,33.2127685546875
0.7623969316482544,33.215702056884766
0.7678334712982178,33.21052932739258
0.8004181385040283,33.204158782958984
0.7528262734413147,33.203369140625
0.7756762504577637,33.19761276245117
0.7879567742347717,33.186885833740234
0.7867438793182373,33.18223571777344
0.7996137142181396,33.17478942871094
0.7815426588058472,33.16654968261719
0.7950133085250854,33.15707778930664
0.758294939994812,33.149810791015625
0.7793418765068054,33.14626693725586
0.7620271444320679,33.14657974243164
0.7949984073638916,33.14129638671875
0.7817031741142273,33.12925720214844
0.7764173746109009,33.113765716552734
0.7809062600135803,33.09654235839844
0.7767810821533203,33.08145523071289
0.7838545441627502,33.071414947509766
0.782629132270813,33.062957763671875
0.7899746298789978,33.051937103271484
0.7753850817680359,33.0435791015625
0.7972080111503601,33.0366096496582
0.8023276925086975,33.03055191040039
0.7661451101303101,33.02116012573242
0.7767184972763062,33.020294189453125
0.8175506591796875,33.02175521850586
0.8048838376998901,33.020206451416016
0.80982506275177,33.02311325073242
0.79852294921875,33.02384567260742
0.808134138584137,33.0233154296875
0.8043893575668335,33.01974868774414
0.792815625667572,33.011993408203125
0.7777390480041504,33.007049560546875
0.8156935572624207,32.99978256225586
0.8224809169769287,32.99300765991211
0.7826619744300842,32.982425689697266
0.8030211925506592,32.97678756713867
0.7894396185874939,32.9673957824707
0.7768048048019409,32.96341323852539
0.8015094995498657,32.96352767944336
0.8072852492332458,32.96490478515625
0.7866182923316956,32.964725494384766
0.8089998364448547,32.96951675415039
0.8032435178756714,32.97731018066406
0.808611273765564,32.98952865600586
0.8171336054801941,32.998565673828125
0.7855831980705261,33.00174331665039
0.7940251231193542,32.9969482421875
0.8226478695869446,32.991851806640625
0.8297517895698547,32.98159408569336
0.799831211566925,32.97059631347656
0.7923389673233032,32.95917892456055
0.8097906112670898,32.94478225708008
0.8140552639961243,32.93058776855469
0.7894895076751709,32.920284271240234
0.821548581123352,32.90937805175781
0.8210954666137695,32.899898529052734
0.8207918405532837,32.89216613769531
0.8429406881332397,32.887447357177734
0.8171337842941284,32.88392639160156
0.8325999975204468,32.8860969543457
0.8316919207572937,32.88578796386719
0.8144881129264832,32.88639450073242
0.7748234868049622,32.88534164428711
0.7695873975753784,32.883609771728516
0.8221994638442993,32.87958908081055
0.795597493648529,32.871280670166016
0.8127817511558533,32.86093521118164
0.8248224854469299,32.85285568237305
0.8168854713439941,32.84341049194336
0.8149840831756592,32.83403015136719
0.8043508529663086,32.83086013793945
0.8064010739326477,32.824371337890625
0.798643946647644,32.82297897338867
0.8243092894554138,32.818572998046875
0.820698618888855,32.81789016723633
0.8188948631286621,32.82347106933594
0.8175557255744934,32.82571029663086
0.8070663213729858,32.826480865478516
0.7784777879714966,32.82479476928711
0.8111401200294495,32.81838607788086
0.822285532951355,32.81442642211914
0.8322153091430664,32.81156921386719
0.8332045078277588,32.803462982177734
0.8150606155395508,32.79507827758789
0.8336170315742493,32.791561126708984
0.8252465128898621,32.78321838378906
0.8131210803985596,32.77535629272461
0.8160792589187622,32.76975631713867
0.8161739706993103,32.76388168334961
0.807884931564331,32.760005950927734
0.8306115865707397,32.759220123291016
0.812390923500061,32.75454330444336
0.7977255582809448,32.747257232666016
0.8058444857597351,32.746341705322266
0.8111082315444946,32.745059967041016
0.7938108444213867,32.73991012573242
0.835910439491272,32.734130859375
0.8204601407051086,32.72517395019531
0.8190551996231079,32.711605072021484
0.7871206998825073,32.701053619384766
0.8327664732933044,32.688846588134766
0.8119730949401855,32.675601959228516
0.8040852546691895,32.66361618041992
0.8029006719589233,32.6556510925293
0.8195919394493103,32.6474494934082
0.8454371094703674,32.636260986328125
0.83103346824646,32.63563537597656
0.8196225166320801,32.63332748413086
0.8371322751045227,32.634708404541016
0.8147065043449402,32.63723373413086
0.8099291920661926,32.638065338134766
0.8080403804779053,32.63759231567383
0.8189021348953247,32.63674545288086
0.8349689245223999,32.63521957397461
0.8229889273643494,32.63469314575195
0.8218353986740112,32.636077880859375
0.8088104128837585,32.634246826171875
0.8106542229652405,32.63018798828125
0.8371791839599609,32.62752914428711
0.8101611137390137,32.62888717651367
0.8576872944831848,32.62714767456055
0.8396815061569214,32.62374496459961
0.8335453867912292,32.62489700317383
0.8158053159713745,32.62833786010742
0.8318387866020203,32.63222122192383
0.8380336761474609,32.64241409301758
0.8423535227775574,32.6498908996582
0.8186784386634827,32.65142822265625
0.8083255290985107,32.6567268371582
0.8484007120132446,32.65871047973633
0.8309322595596313,32.66224670410156
0.848418653011322,32.65841293334961
0.8308399319648743,32.651309967041016
0.8424283266067505,32.639278411865234
0.8267748951911926,32.62748718261719
0.8436408042907715,32.61728286743164
0.8429042100906372,32.607391357421875
0.8391119241714478,32.59706497192383
0.8418170213699341,32.59150314331055
0.832961916923523,32.583805084228516
0.8359206914901733,32.58218002319336
0.8363661766052246,32.57500076293945
0.8220357298851013,32.56105041503906
0.8163323402404785,32.54879379272461
0.8203690648078918,32.540958404541016
0.8264053463935852,32.534210205078125
0.8344940543174744,32.53264236450195
0.8236163854598999,32.531673431396484
0.8481125235557556,32.521148681640625
0.8329391479492188,32.512752532958984
0.8325504660606384,32.50096130371094
0.8180233240127563,32.48919677734375
0.8339924812316895,32.47538375854492
0.8216203451156616,32.466609954833984
0.8286731243133545,32.453060150146484
0.8232758045196533,32.44132614135742
0.8199191689491272,32.4260368347168
0.8376166820526123,32.41192626953125
0.8224870562553406,32.3988037109375
0.8129597902297974,32.38967514038086
0.821210503578186,32.384063720703125
0.8256494998931885,32.3812141418457
0.8184510469436646,32.37522506713867
0.8187792301177979,32.370147705078125
0.8366460204124451,32.370426177978516
0.8214778304100037,32.37152099609375
0.85316401720047,32.368465423583984
0.8428211212158203,32.361209869384766
0.8301633596420288,32.3512077331543
0.8553517460823059,32.34140396118164
0.8290643692016602,32.336181640625
0.8340060710906982,32.33209228515625
0.8107166290283203,32.32899856567383
0.8405387997627258,32.32387924194336
0.8132785558700562,32.31473159790039
0.8416430950164795,32.31014633178711
0.828006386756897,32.30284118652344
0.8223745226860046,32.30014419555664
0.8447751402854919,32.29664993286133
0.8436976671218872,32.29365921020508
0.8183651566505432,32.2850456237793
0.8416496515274048,32.280391693115234
0.8289811611175537,32.27665710449219
0.8193687796592712,32.275691986083984
0.8246976733207703,32.26517105102539
0.8470771908760071,32.25811767578125
0.8430193066596985,32.25526809692383
0.8309781551361084,32.250396728515625
0.8153064250946045,32.23735046386719
0.8725631237030029,32.22346496582031
0.8460253477096558,32.21237564086914
0.8204044103622437,32.19951248168945
0.835948646068573,32.18965148925781
0.8315653204917908,32.17873764038086
0.8358699083328247,32.16428756713867
0.8332586288452148,32.149600982666016
0.8369916677474976,32.140254974365234
0.8360093832015991,32.13644027709961
0.8556528091430664,32.1323356628418
0.8339782357215881,32.124664306640625
0.8381457328796387,32.115901947021484
0.8445931673049927,32.105594635009766
0.8679813742637634,32.09712219238281
0.8553417921066284,32.08632278442383
0.8456213474273682,32.07945251464844
0.8359021544456482,32.0716552734375
0.8193147778511047,32.066532135009766
0.8702649474143982,32.06715393066406
0.8287570476531982,32.07267379760742
0.8323327302932739,32.07804489135742
0.8463159799575806,32.08245849609375
0.8289214968681335,32.08760070800781
0.8333415985107422,32.08030700683594
0.8352919816970825,32.07809829711914
0.8234611749649048,32.07538986206055
0.8351820707321167,32.069942474365234
0.8228683471679688,32.06830978393555
0.8211809396743774,32.0634651184082
0.8268240690231323,32.0623893737793
0.8676960468292236,32.06589126586914
0.8349529504776001,32.06809997558594
0.8557319641113281,32.063114166259766
0.8093864917755127,32.05514144897461
0.8650261163711548,32.040771484375
0.8534976840019226,32.031009674072266
0.8530611991882324,32.0123405456543
0.8514142632484436,31.9945068359375
0.8590176701545715,31.976396560668945
0.841907262802124,31.95550537109375
0.8310654163360596,31.937498092651367
0.8337356448173523,31.918745040893555
0.8539499640464783,31.90266227722168
0.8529806137084961,31.892107009887695
0.8426216840744019,31.872831344604492
0.8452059626579285,31.854642868041992
0.8543886542320251,31.832382202148438
0.8440551161766052,31.806943893432617
0.8490785956382751,31.781312942504883
0.8585530519485474,31.752683639526367
0.851518452167511,31.72715950012207
0.8678688406944275,31.706621170043945
0.8503691554069519,31.686933517456055
0.8312574625015259,31.666227340698242
0.8405056595802307,31.644041061401367
0.8401275873184204,31.620466232299805
0.8466042280197144,31.607332229614258
0.8416042923927307,31.594511032104492
0.8319142460823059,31.582109451293945
0.8463975191116333,31.573545455932617
0.8462977409362793,31.564882278442383
0.8311161994934082,31.554534912109375
0.8334100842475891,31.545976638793945
0.857908308506012,31.531187057495117
0.8517338037490845,31.517030715942383
0.833815336227417,31.499467849731445
0.8365830183029175,31.480287551879883
0.8547334671020508,31.456850051879883
0.8357766270637512,31.431440353393555
0.8458998203277588,31.41484260559082
0.851014256477356,31.399736404418945
0.8570895195007324,31.3817138671875
0.8447957038879395,31.36015510559082
0.8392362594604492,31.337678909301758
0.8360471129417419,31.318452835083008
0.8658725023269653,31.3074951171875
0.8331223130226135,31.291276931762695
0.85201495885849,31.270095825195312
0.8528848886489868,31.247468948364258
0.8492565155029297,31.222108840942383
0.858132004737854,31.204957962036133
0.8696607947349548,31.187135696411133
0.8542585968971252,31.167448043823242
0.8589237928390503,31.15095329284668
0.8331903219223022,31.137174606323242
0.8765404224395752,31.123014450073242
0.846303403377533,31.11284065246582
0.8616734147071838,31.104032516479492
0.8651261925697327,31.094148635864258
0.8555610775947571,31.087936401367188
0.8371525406837463,31.086713790893555
0.8455953598022461,31.075681686401367
0.8495477437973022,31.064651489257812
0.8518213033676147,31.05088996887207
0.8560101389884949,31.036149978637695
0.8532454967498779,31.020612716674805
0.8397283554077148,31.00609016418457
0.8404163122177124,30.992830276489258
0.84798663854599,30.9737548828125
0.8493972420692444,30.95319938659668
0.8435477018356323,30.930849075317383
0.8525352478027344,30.91020393371582
0.8588528037071228,30.889205932617188
0.8446197509765625,30.864728927612305
0.8312205076217651,30.852602005004883
0.8356751799583435,30.83976936340332
0.8440263271331787,30.830537796020508
0.8312461972236633,30.829938888549805
0.8429695963859558,30.829439163208008
0.8615103363990784,30.821714401245117
0.8509198427200317,30.81745719909668
0.8574265241622925,30.81782341003418
0.8582587242126465,30.81965446472168
0.8391583561897278,30.81837272644043
0.862563967704773,30.81389045715332
0.8417705297470093,30.804658889770508
0.8370327353477478,30.794694900512695
0.8447218537330627,30.784576416015625
0.8467342853546143,30.768510818481445
0.8458954691886902,30.76176643371582
0.8531262874603271,30.763364791870117
0.8500940203666687,30.766082763671875
0.8425237536430359,30.77635383605957
0.8489648103713989,30.780031204223633
0.8361170291900635,30.784730911254883
0.8577174544334412,30.793428421020508
0.8415315747261047,30.800580978393555
0.8564640283584595,30.803970336914062
0.8357855081558228,30.807706832885742
0.8485963940620422,30.813199996948242
0.8615956902503967,30.81938362121582
0.8558109998703003,30.82630729675293
0.8491514325141907,30.828340530395508
0.8312629461288452,30.82628059387207
0.8414967060089111,30.824892044067383
0.8549319505691528,30.82859992980957
0.853169322013855,30.836225509643555
0.8411345481872559,30.840211868286133
0.8557836413383484,30.843400955200195
0.8404055833816528,30.837770462036133
0.8477619886398315,30.836227416992188
0.8535590171813965,30.834196090698242
0.8673211932182312,30.830320358276367
0.8593408465385437,30.827409744262695
0.843961238861084,30.82274055480957
0.8739817142486572,30.821760177612305
0.8651058077812195,30.81718635559082
0.8602148294448853,30.8092041015625
0.8401868343353271,30.808931350708008
0.8420189023017883,30.805908203125
0.8509548306465149,30.810335159301758
0.8742268681526184,30.809614181518555
0.829624593257904,30.815263748168945
0.8436227440834045,30.815065383911133
0.8606789708137512,30.816408157348633
0.86822110414505,30.81629753112793
0.8502172231674194,30.810575485229492
0.8375825881958008,30.805086135864258
0.8516214489936829,30.803377151489258
0.8490172028541565,30.80695915222168
0.8485428690910339,30.805498123168945
0.8563194274902344,30.805681228637695
0.8435907363891602,30.808412551879883
0.873460590839386,30.814149856567383
0.8281645178794861,30.816648483276367
0.8328948020935059,30.833574295043945
0.8439724445343018,30.84358024597168
0.8490473031997681,30.860734939575195
0.8437744975090027,30.867673873901367
0.8775753974914551,30.868974685668945
0.8580917119979858,30.871795654296875
0.8630678057670593,30.87696647644043
0.8609127402305603,30.879056930541992
0.8403010368347168,30.881101608276367
0.8792214393615723,30.884065628051758
0.8520671129226685,30.885223388671875
0.8657087683677673,30.892942428588867
0.8649795055389404,30.894699096679688
0.8678369522094727,30.88909912109375
0.8512915372848511,30.884489059448242
0.871013879776001,30.87535285949707
0.8599950671195984,30.873491287231445
0.8372064828872681,30.879438400268555
0.8403932452201843,30.883771896362305
0.8592492341995239,30.891054153442383
0.8423798680305481,30.900419235229492
0.8542733192443848,30.905607223510742
0.8439279794692993,30.907732009887695
0.8464385271072388,30.906904220581055
0.8505196571350098,30.902162551879883
0.8572566509246826,30.895322799682617
0.8385252356529236,30.89055061340332
0.8752992749214172,30.884870529174805
0.8339035511016846,30.875505447387695
0.8925750255584717,30.856325149536133
0.8547996878623962,30.832197189331055
0.8594220280647278,30.814577102661133
0.8245282173156738,30.798097610473633
0.8645142912864685,30.781156539916992
0.8627099394798279,30.764188766479492
0.8464294672012329,30.748868942260742
0.8521777987480164,30.73112678527832
0.846172034740448,30.714921951293945
0.8553140759468079,30.700563430786133
0.8607925772666931,30.690916061401367
0.8295759558677673,30.672685623168945
0.8453024625778198,30.663267135620117
0.855032205581665,30.65489387512207
0.8542193174362183,30.641862869262695
0.8542104959487915,30.629728317260742
0.8585498332977295,30.612699508666992
0.8659334778785706,30.607515335083008
0.8413408398628235,30.604429244995117
0.8398038744926453,30.60630989074707
0.8584244251251221,30.609128952026367
0.8531572222709656,30.618240356445312
0.8540211915969849,30.623075485229492
0.8393568992614746,30.619081497192383
0.859595000743866,30.618803024291992
0.8815475106239319,30.618453979492188
0.8584755659103394,30.626115798950195
0.8447649478912354,30.637117385864258
0.8463555574417114,30.634904861450195
0.8559963703155518,30.633501052856445
0.8481010794639587,30.632368087768555
0.8615905046463013,30.62579345703125
0.8501227498054504,30.62156867980957
0.8536450862884521,30.621335983276367
0.8580868244171143,30.619047164916992
0.8408737182617188,30.616941452026367
0.872069239616394,30.604827880859375
0.8654389381408691,30.588075637817383
0.8650851249694824,30.56846809387207
0.8532211184501648,30.536102294921875
0.8429970741271973,30.491456985473633
0.8674089908599854,30.439817428588867
0.8334096670150757,30.391433715820312
0.8783077597618103,30.353134155273438
0.8430472016334534,30.32121467590332
0.832888662815094,30.28917121887207
0.8501708507537842,30.260042190551758
0.8586078882217407,30.237701416015625
0.8610025644302368,30.214933395385742
0.8761882185935974,30.19163703918457
0.8440554141998291,30.171003341674805
0.855302095413208,30.155580520629883
0.8470045328140259,30.146039962768555
0.8559215068817139,30.136154174804688
0.8528023958206177,30.129472732543945
0.8516354560852051,30.131776809692383
0.849115788936615,30.135347366333008
0.8399186134338379,30.141618728637695
0.8427639007568359,30.14204216003418
0.8574423789978027,30.144147872924805
0.8496776819229126,30.14875602722168
0.8431415557861328,30.157045364379883
0.8767216205596924,30.162519454956055
0.8441697359085083,30.167020797729492
0.8499569892883301,30.172258377075195
0.8581161499023438,30.184598922729492
0.8638259768486023,30.197614669799805
0.8489170670509338,30.204362869262695
0.8398751616477966,30.210050582885742
0.8609431385993958,30.217424392700195
0.8459292054176331,30.22663688659668
0.8440127372741699,30.237733840942383
0.8514257073402405,30.242155075073242
0.8542262315750122,30.246004104614258
0.8617905378341675,30.24688720703125
0.8401312828063965,30.244264602661133
0.8428232073783875,30.237455368041992
0.8634634613990784,30.236783981323242
0.8786054849624634,30.230409622192383
0.8534899950027466,30.225786209106445
0.865003228187561,30.220840454101562
0.8602959513664246,30.214662551879883
0.8452243208885193,30.207517623901367
0.8675122261047363,30.201871871948242
0.8555606603622437,30.204877853393555
0.8569966554641724,30.214338302612305
0.8538423776626587,30.223081588745117
0.853405237197876,30.231828689575195
0.8508482575416565,30.247159957885742
0.8769461512565613,30.258455276489258
0.8791453838348389,30.265472412109375
0.8633315563201904,30.270112991333008
0.8471136093139648,30.267885208129883
0.8477920889854431,30.27522087097168
0.8528632521629333,30.282793045043945
0.8332201838493347,30.29588508605957
0.8361396193504333,30.305023193359375
0.8401072025299072,30.314054489135742
0.842850387096405,30.325284957885742
0.8582890033721924,30.335145950317383
0.8658730387687683,30.341184616088867
0.8659452795982361,30.348970413208008
0.8515723347663879,30.358015060424805
0.8541783094406128,30.365633010864258
0.8555327653884888,30.376405715942383
0.8590802550315857,30.391969680786133
0.8469440340995789,30.410736083984375
0.8756857514381409,30.421663284301758
0.8648157715797424,30.431901931762695
0.8706752061843872,30.445463180541992
0.8699816465377808,30.45994758605957
0.8485904335975647,30.47319221496582
0.8499706983566284,30.481889724731445
0.8468557596206665,30.488828659057617
0.8432543277740479,30.48786735534668
0.8599660396575928,30.487625122070312
0.8390645980834961,30.483827590942383
0.867644190788269,30.474639892578125
0.8389325737953186,30.470705032348633
0.867924153804779,30.456926345825195
0.8571281433105469,30.446626663208008
0.8428182005882263,30.446073532104492
0.8529908657073975,30.455976486206055
0.865294873714447,30.471036911010742
0.8338453769683838,30.492307662963867
0.8567776679992676,30.50370979309082
0.8529099225997925,30.513275146484375
0.8600922226905823,30.528291702270508
0.8836286664009094,30.535184860229492
0.8698599934577942,30.54478645324707
0.84696364402771,30.553468704223633
0.8364919424057007,30.557111740112305
0.8612708449363708,30.553464889526367
0.8311629295349121,30.548307418823242
0.8336496353149414,30.5421142578125
0.8660319447517395,30.530488967895508
0.8602782487869263,30.520856857299805
0.853702962398529,30.520307540893555
0.8827517628669739,30.512237548828125
0.8528562784194946,30.506319046020508
0.8674584627151489,30.503080368041992
0.8615117073059082,30.492887496948242
0.8634434938430786,30.483274459838867
0.8724651336669922,30.475465774536133
0.838588535785675,30.460264205932617
0.8710275888442993,30.446226119995117
0.8597389459609985,30.433534622192383
0.826849102973938,30.419355392456055
0.846892774105072,30.40715217590332
0.8617098331451416,30.395414352416992
0.8547204732894897,30.385683059692383
0.8673895597457886,30.376142501831055
0.8599949479103088,30.369844436645508
0.8809565901756287,30.365999221801758
0.8514143228530884,30.364259719848633
0.8309656977653503,30.359052658081055
0.8537944555282593,30.355958938598633
0.8748744130134583,30.348588943481445
0.8764269351959229,30.338132858276367
0.8608667850494385,30.32716178894043
0.845579981803894,30.311769485473633
0.853549599647522,30.296247482299805
0.876029372215271,30.287233352661133
0.8487058877944946,30.28175163269043
0.8585157990455627,30.274137496948242
0.8719602823257446,30.25956916809082
0.8522893190383911,30.240327835083008
0.8702564239501953,30.223142623901367
0.8579350709915161,30.21489143371582
0.8677420616149902,30.21131706237793
0.8557983636856079,30.21107292175293
0.8550363183021545,30.21263313293457
0.837118923664093,30.208646774291992
0.8540925979614258,30.210935592651367
0.872681200504303,30.21156120300293
0.8668946027755737,30.213869094848633
0.8198540806770325,30.216306686401367
0.8631550073623657,30.21470832824707
0.858323872089386,30.219911575317383
0.8449260592460632,30.22221565246582
0.8465363383293152,30.23045539855957
0.8918322920799255,30.239809036254883
0.8444377183914185,30.24717903137207
0.8511629104614258,30.25615119934082
0.8567494750022888,30.268781661987305
0.8509498834609985,30.276262283325195
0.8583334684371948,30.279478073120117
0.8419879674911499,30.286684036254883
0.81740403175354,30.29469108581543
0.8728954195976257,30.307493209838867
0.8696315884590149,30.325578689575195
0.8510679006576538,30.347383499145508
0.8369951248168945,30.365354537963867
0.8443772792816162,30.384809494018555
0.8613713383674622,30.401750564575195
0.8683310151100159,30.417142868041992
0.8409887552261353,30.43260383605957
0.8656755685806274,30.445846557617188
0.8543654084205627,30.463972091674805
0.8703715205192566,30.478944778442383
0.8476858139038086,30.485990524291992
0.8578247427940369,30.494096755981445
0.8554325699806213,30.497909545898438
0.8582155704498291,30.50129508972168
0.8542901277542114,30.506746292114258
0.8653032779693604,30.51124382019043
0.8657248616218567,30.519086837768555
0.8664016723632812,30.5247802734375
0.8599258661270142,30.536359786987305
0.8376708626747131,30.54850959777832
0.8503313660621643,30.568082809448242
0.8510873913764954,30.595460891723633
0.8361663818359375,30.621049880981445
0.8636457324028015,30.640535354614258
0.8530837893486023,30.652999877929688
0.8598538041114807,30.66163444519043
0.8623061180114746,30.66743278503418
0.8558457493782043,30.66954231262207
0.849938690662384,30.670122146606445
0.8557028770446777,30.66938591003418
0.8620463609695435,30.660276412963867
0.8585947751998901,30.651382446289062
0.8623939752578735,30.64445686340332
0.8376293182373047,30.639509201049805
0.8530275821685791,30.640487670898438
0.8584390878677368,30.634702682495117
0.8807471394538879,30.63422966003418
0.8326824307441711,30.63322639465332
0.8671144247055054,30.630643844604492
0.8467092514038086,30.619077682495117
0.8514014482498169,30.60679817199707
0.8624029159545898,30.596586227416992
0.839767575263977,30.589933395385742
0.848162055015564,30.589872360229492
0.86026930809021,30.589662551879883
0.8465476036071777,30.588682174682617
0.8427190780639648,30.58928108215332
0.834299623966217,30.586977005004883
0.8495461940765381,30.590850830078125
0.8727781176567078,30.594148635864258
0.8626406192779541,30.598329544067383
0.8713271617889404,30.603958129882812
0.8711268901824951,30.607297897338867
0.8560901880264282,30.605743408203125
0.850430965423584,30.602643966674805
0.8456137776374817,30.5926513671875
0.8599212765693665,30.578279495239258
0.8573641777038574,30.564485549926758
0.8534229397773743,30.550661087036133
0.8476065397262573,30.53734016418457
0.828015923500061,30.529159545898438
0.8785952925682068,30.516569137573242
0.859681248664856,30.505126953125
0.8394967317581177,30.494779586791992
0.857101559638977,30.48164176940918
0.8474625945091248,30.47393798828125
0.8220067620277405,30.463808059692383
0.8587372899055481,30.461593627929688
0.867224395275116,30.46006965637207
0.8587594628334045,30.453645706176758
0.8669058680534363,30.45012092590332
0.8828133344650269,30.454607009887695
0.8613378405570984,30.460771560668945
0.8722222447395325,30.472822189331055
0.8961296677589417,30.483903884887695
0.8545060753822327,30.498872756958008
0.8634111881256104,30.516128540039062
0.8531460762023926,30.521286010742188
0.8625545501708984,30.53449821472168
0.8809281587600708,30.550142288208008
0.838330864906311,30.570070266723633
0.8387913107872009,30.593826293945312
0.8519374132156372,30.611589431762695
0.838132381439209,30.626008987426758
0.8467741012573242,30.641801834106445
0.8494627475738525,30.65959358215332
0.8495473861694336,30.675704956054688
0.8521180748939514,30.68409538269043
0.8649120330810547,30.691389083862305
0.8543740510940552,30.692384719848633
0.8344430923461914,30.688905715942383
0.8296407461166382,30.687665939331055
0.8704767227172852,30.68614387512207
0.8404754400253296,30.690732955932617
0.8732885718345642,30.686769485473633
0.8511084318161011,30.682405471801758
0.8338993191719055,30.680070877075195
0.863021194934845,30.673250198364258
0.8569689989089966,30.66615104675293
0.8561025261878967,30.665376663208008
0.853576123714447,30.666597366333008
0.8584561944007874,30.666946411132812
0.8401902318000793,30.666746139526367
0.8522897362709045,30.659896850585938
0.8609611392021179,30.649995803833008
0.8650941252708435,30.63795280456543
0.8454578518867493,30.62278938293457
0.8555317521095276,30.613218307495117
0.8440731167793274,30.605209350585938
0.8468095660209656,30.602174758911133
0.8630367517471313,30.598665237426758
0.8552761077880859,30.59283447265625
0.8540278673171997,30.585466384887695
0.8533169627189636,30.575010299682617
0.8433374762535095,30.566940307617188
0.8517814874649048,30.559141159057617
0.8427583575248718,30.558443069458008
0.8572824001312256,30.55195426940918
0.8597978949546814,30.552492141723633
0.8229397535324097,30.562192916870117
0.8623789548873901,30.576276779174805
0.8814268112182617,30.59028434753418
0.8516277074813843,30.605012893676758
0.8564449548721313,30.62278938293457
0.8689761757850647,30.643613815307617
0.8658638000488281,30.65839958190918
0.8436518907546997,30.670930862426758
0.8523082733154297,30.67881965637207
0.8760566115379333,30.67518424987793
0.8663367033004761,30.672483444213867
0.8437373042106628,30.672727584838867
0.8541207313537598,30.677885055541992
0.8524125814437866,30.682279586791992
0.8609930872917175,30.682601928710938
0.8436731100082397,30.693021774291992
0.8572508692741394,30.698410034179688
0.8450780510902405,30.70619010925293
0.8350582718849182,30.70604133605957
0.8517770767211914,30.700517654418945
0.83935546875,30.701261520385742
0.8683018684387207,30.697145462036133
0.8645856380462646,30.695737838745117
0.8575836420059204,30.695558547973633
0.8626911044120789,30.704896926879883
0.8906197547912598,30.70197868347168
0.8595157861709595,30.707029342651367
0.8556856513023376,30.701662063598633
0.8496779203414917,30.696012496948242
0.8670258522033691,30.681961059570312
0.8592792749404907,30.664976119995117
0.8667491674423218,30.646364212036133
0.8445096015930176,30.632875442504883
0.8397404551506042,30.61711311340332
0.8660462498664856,30.60273551940918
0.8725830912590027,30.588884353637695
0.875573456287384,30.579679489135742
0.8484522700309753,30.579984664916992
0.8580526113510132,30.579803466796875
0.8575837016105652,30.58209228515625
0.8617158532142639,30.59294319152832
0.8641486763954163,30.606447219848633
0.8505092263221741,30.613767623901367
0.8881245851516724,30.622053146362305
0.8581148386001587,30.629974365234375
0.8625965118408203,30.640840530395508
0.8232835531234741,30.65550422668457
0.8659791946411133,30.671476364135742
0.851080060005188,30.683212280273438
0.8759276270866394,30.68623161315918
0.8568618297576904,30.691068649291992
0.8634195923805237,30.690427780151367
0.8689383864402771,30.687410354614258
0.8548613786697388,30.683027267456055
0.884483277797699,30.673690795898438
0.8469576835632324,30.67137336730957
0.8527752757072449,30.672609329223633
0.8737740516662598,30.669767379760742
0.8608878254890442,30.666444778442383
0.8703305721282959,30.655397415161133
0.8762775659561157,30.645002365112305
0.8866503238677979,30.634994506835938
0.8801910877227783,30.629667282104492
0.8670416474342346,30.628232955932617
0.8712002635002136,30.623308181762695
0.8765503168106079,30.62159538269043
0.8692857027053833,30.617734909057617
0.8795135021209717,30.60960578918457
0.8602892756462097,30.606504440307617
0.859160304069519,30.604448318481445
0.8553849458694458,30.604677200317383
0.8421156406402588,30.597654342651367
0.8744282722473145,30.58845329284668
0.85244220495224,30.58026123046875
0.8530938625335693,30.56968879699707
0.8635225296020508,30.556304931640625
0.8335649371147156,30.543943405151367
0.8537019491195679,30.53577995300293
0.8625368475914001,30.536008834838867
0.8442509174346924,30.538724899291992
0.873097836971283,30.540376663208008
0.874199628829956,30.540910720825195
0.8557032942771912,30.53416633605957
0.8463525772094727,30.532411575317383
0.8560231328010559,30.52186393737793
0.8586309552192688,30.510343551635742
0.8509241342544556,30.496919631958008
0.8787959814071655,30.479522705078125
0.8691191673278809,30.469087600708008
0.8220640420913696,30.452360153198242
0.860092043876648,30.44093132019043
0.8733524084091187,30.427492141723633
0.8600699305534363,30.420045852661133
0.8479814529418945,30.405214309692383
0.8729238510131836,30.392316818237305
0.8589966297149658,30.383499145507812
0.854181706905365,30.380861282348633
0.8606690168380737,30.37681770324707
0.8807951211929321,30.369173049926758
0.8677622079849243,30.365800857543945
0.8369146585464478,30.359479904174805
0.8728843331336975,30.348630905151367
0.8826786875724792,30.345293045043945
0.8447786569595337,30.340803146362305
0.8490597605705261,30.33555793762207
0.8630924224853516,30.33521842956543
0.8584853410720825,30.330915451049805
0.8747559785842896,30.335996627807617
0.8652182817459106,30.3365478515625
0.8759166598320007,30.344282150268555
0.8516793847084045,30.353654861450195
0.8768612742424011,30.357650756835938
0.9016110301017761,30.355894088745117
0.8436346650123596,30.353330612182617
0.8570737838745117,30.34705924987793
0.863257884979248,30.349241256713867
0.847915530204773,30.355363845825195
0.8560787439346313,30.366819381713867
0.8660024404525757,30.377714157104492
0.857275128364563,30.389558792114258
0.881061315536499,30.401426315307617
0.8858618140220642,30.416061401367188
0.8616992831230164,30.42317008972168
0.8659071922302246,30.427717208862305
0.8718975186347961,30.439023971557617
0.8567752242088318,30.44444465637207
0.8597384095191956,30.449399948120117
0.8527506589889526,30.454500198364258
0.8587429523468018,30.468626022338867
0.8225971460342407,30.476808547973633
0.8733314275741577,30.488527297973633
0.8588278293609619,30.501462936401367
0.8617174625396729,30.524595260620117
0.8650161027908325,30.546064376831055
0.8551827073097229,30.563505172729492
0.8768678903579712,30.577604293823242
0.8668701648712158,30.584611892700195
0.8406364321708679,30.589887619018555
0.8709702491760254,30.58765983581543
0.8542199730873108,30.590604782104492
0.8395950794219971,30.586427688598633
0.8603025078773499,30.576156616210938
0.8609684705734253,30.581300735473633
0.8890846967697144,30.592496871948242
0.8292254209518433,30.596145629882812
0.8712701797485352,30.603944778442383
0.8429121375083923,30.61790657043457
0.8327212929725647,30.626569747924805
0.8570426106452942,30.61567497253418
0.8677898049354553,30.599214553833008
0.8579589128494263,30.59132194519043
0.8595268726348877,30.589052200317383
0.8583260178565979,30.582242965698242
0.8622123599052429,30.574281692504883
0.8863364458084106,30.56437873840332
0.8666591048240662,30.55419921875
0.8907700777053833,30.537752151489258
0.8613513708114624,30.521272659301758
0.8789590001106262,30.501039505004883
0.8431703448295593,30.48267936706543
0.8308442234992981,30.4620361328125
0.8731961250305176,30.436372756958008
0.8351315259933472,30.415983200073242
0.855867862701416,30.404634475708008
0.8483878970146179,30.392759323120117
0.8447490334510803,30.382505416870117
0.8468642234802246,30.380571365356445
0.861819326877594,30.370054244995117
0.8528409004211426,30.354429244995117
0.8545964360237122,30.33256721496582
0.8641768097877502,30.319303512573242
0.8717620372772217,30.311235427856445
0.8646717667579651,30.300537109375
0.8547379970550537,30.28575325012207
0.8562342524528503,30.269716262817383
0.8746634125709534,30.25910758972168
0.8485181927680969,30.251588821411133
0.8555468320846558,30.241331100463867
0.8607535362243652,30.233247756958008
0.8692041039466858,30.22319221496582
0.8624513149261475,30.211729049682617
0.8592370748519897,30.208818435668945
0.847740650177002,30.204986572265625
0.8760989904403687,30.207033157348633
0.8495796918869019,30.219663619995117
0.8634163737297058,30.233034133911133
0.8756551146507263,30.252668380737305
0.8547964692115784,30.27110481262207
0.8412890434265137,30.290433883666992
0.8733755946159363,30.300430297851562
0.8531423807144165,30.311555862426758
0.8671607375144958,30.32282829284668
0.8547314405441284,30.333250045776367
0.8657727241516113,30.356367111206055
0.8620961904525757,30.38068962097168
0.8615890145301819,30.403017044067383
0.8771390318870544,30.429197311401367
0.8575922846794128,30.458600997924805
0.8466494083404541,30.483339309692383
0.8622055649757385,30.503402709960938
0.8564848899841309,30.520109176635742
0.8743972182273865,30.528383255004883
0.8563726544380188,30.53321647644043
0.8674724102020264,30.539583206176758
0.8799397945404053,30.536054611206055
0.8659720420837402,30.534852981567383
0.8370816707611084,30.529939651489258
0.8521924018859863,30.512876510620117
0.849612295627594,30.498472213745117
0.872315526008606,30.482255935668945
0.8674201965332031,30.475481033325195
0.8480081558227539,30.474260330200195
0.8431296348571777,30.464021682739258
0.8492072224617004,30.456209182739258
0.8427121639251709,30.449220657348633
0.8558200597763062,30.451784133911133
0.85976243019104,30.456098556518555
0.8702852725982666,30.459699630737305
0.866350531578064,30.468917846679688
0.8652440309524536,30.48106575012207
0.864631712436676,30.486738204956055
0.8658055663108826,30.490570068359375
0.87156081199646,30.499448776245117
0.8696122765541077,30.503572463989258
0.8526042699813843,30.504411697387695
0.8780289888381958,30.512937545776367
0.8595844507217407,30.519895553588867
0.8732727766036987,30.522722244262695
0.8806949853897095,30.517759323120117
0.8651570081710815,30.514955520629883
0.8902009129524231,30.510709762573242
0.8447331190109253,30.511383056640625
0.8622856736183167,30.511110305786133
0.8622480034828186,30.513486862182617
0.8523980379104614,30.5145263671875
0.8769068717956543,30.511857986450195
0.8776186108589172,30.509492874145508
0.8762571215629578,30.504575729370117
0.846808671951294,30.49725341796875
0.8732426166534424,30.489274978637695
0.8615970015525818,30.479459762573242
0.8648189902305603,30.474641799926758
0.8889511823654175,30.470016479492188
0.8734059929847717,30.467710494995117
0.8473074436187744,30.46379280090332
0.8535155653953552,30.460493087768555
0.8386015295982361,30.45915412902832
0.8735283017158508,30.44511604309082
0.8575608730316162,30.43657112121582
0.8785702586174011,30.42125129699707
0.8500195741653442,30.407804489135742
0.8608616590499878,30.39246940612793
0.8665955662727356,30.376951217651367
0.8569199442863464,30.372587203979492
0.8715278506278992,30.375932693481445
0.8375386595726013,30.38245964050293
0.8489708304405212,30.381406784057617
0.8659009337425232,30.373292922973633
0.860741913318634,30.364564895629883
0.8805205225944519,30.352968215942383
0.8771259188652039,30.340347290039062
0.8610538244247437,30.333223342895508
0.833886981010437,30.32280158996582
0.8665496110916138,30.303529739379883
0.8544104695320129,30.285646438598633
0.8578729033470154,30.270444869995117
0.8495460152626038,30.257020950317383
0.8785216808319092,30.243162155151367
0.8635029196739197,30.234041213989258
0.8587691783905029,30.228334426879883
0.8511703014373779,30.232389450073242
0.859187126159668,30.236894607543945
0.8755953311920166,30.243135452270508
0.8811410069465637,30.24415397644043
0.8625037670135498,30.234819412231445
0.8653354644775391,30.228696823120117
0.8767366409301758,30.218233108520508
0.8677857518196106,30.206926345825195
0.871384859085083,30.192291259765625
0.8540793657302856,30.18720817565918
0.8641269207000732,30.175413131713867
0.8679920434951782,30.172727584838867
0.8670573234558105,30.167388916015625
0.8474156856536865,30.161897659301758
0.8675077557563782,30.158906936645508
0.8777310252189636,30.15190315246582
0.8794601559638977,30.146360397338867
0.8586874604225159,30.141569137573242
0.859089195728302,30.134828567504883
0.855490505695343,30.122770309448242
0.8450319170951843,30.107240676879883
0.8721134662628174,30.101106643676758
0.8696306943893433,30.096940994262695
0.8753917813301086,30.104154586791992
0.8538163304328918,30.110319137573242
0.8685916662216187,30.115705490112305
0.8643077611923218,30.125579833984375
0.8632529973983765,30.138505935668945
0.8521773219108582,30.149538040161133
0.8552308082580566,30.166933059692383
0.8668118119239807,30.18248176574707
0.8492512106895447,30.202665328979492
0.8592233657836914,30.218137741088867
0.8673626780509949,30.22747802734375
0.8665584325790405,30.233888626098633
0.8950037956237793,30.24432373046875
0.8650984168052673,30.257505416870117
0.8748900890350342,30.26966667175293
0.8652582764625549,30.27613639831543
0.8750721216201782,30.282392501831055
0.8693048357963562,30.28492546081543
0.8629177808761597,30.289976119995117
0.8414868712425232,30.292146682739258
0.8538707494735718,30.297454833984375
0.8669414520263672,30.298097610473633
0.86751788854599,30.292802810668945
0.8633795976638794,30.286012649536133
0.871381938457489,30.28013801574707
0.8715931177139282,30.275802612304688
0.8645662665367126,30.273439407348633
0.8628066778182983,30.27220344543457
0.8544334769248962,30.273069381713867
0.8638405203819275,30.278305053710938
0.8614792227745056,30.28468132019043
0.8526604771614075,30.287508010864258
0.8513716459274292,30.284238815307617
0.8625181913375854,30.284223556518555
0.8589642643928528,30.28363037109375
0.8710317015647888,30.278318405151367
0.8656259179115295,30.266843795776367
0.8301228880882263,30.256986618041992
0.8529834151268005,30.24241828918457
0.8844035267829895,30.229551315307617
0.875830888748169,30.218507766723633
0.8721590042114258,30.203001022338867
0.8740957975387573,30.185365676879883
0.8686735033988953,30.174942016601562
0.8497759103775024,30.162872314453125
0.8626758456230164,30.146299362182617
0.8525993824005127,30.130844116210938
0.8531052470207214,30.114336013793945
0.8667614459991455,30.11046028137207
0.8536014556884766,30.10484504699707
0.8809275031089783,30.10035514831543
0.8562343716621399,30.095705032348633
0.8397384285926819,30.097810745239258
0.8569934964179993,30.104875564575195
0.8729296326637268,30.106538772583008
0.8722239136695862,30.107009887695312
0.8498405814170837,30.105379104614258
0.8684180974960327,30.105466842651367
0.8580528497695923,30.112001419067383
0.8550963997840881,30.118730545043945
0.8376263380050659,30.120546340942383
0.8817227482795715,30.117856979370117
0.8467715382575989,30.120649337768555
0.8761130571365356,30.121355056762695
0.8461705446243286,30.130002975463867
0.847000241279602,30.143096923828125
0.836962103843689,30.151124954223633
0.8667808771133423,30.154905319213867
0.8526802062988281,30.153200149536133
0.8656222820281982,30.14647102355957
0.8671616315841675,30.139131546020508
0.874908447265625,30.134153366088867
0.8758701682090759,30.128084182739258
0.8617719411849976,30.129854202270508
0.8420817255973816,30.129179000854492
0.8496389389038086,30.12834358215332
0.8534060120582581,30.137632369995117
0.8761077523231506,30.14323616027832
0.857974112033844,30.14729118347168
0.8651620149612427,30.150419235229492
0.873323917388916,30.15467643737793
0.8780145049095154,30.154067993164062
0.8555260896682739,30.146955490112305
0.8767826557159424,30.139616012573242
0.8619950413703918,30.124982833862305
0.8479079604148865,30.105100631713867
0.8638873100280762,30.092695236206055
0.8631826043128967,30.076021194458008
0.8817808628082275,30.059171676635742
0.8638631105422974,30.035112380981445
0.8676931262016296,30.018339157104492
0.8617191314697266,30.005510330200195
0.8709205985069275,29.991622924804688
0.86299067735672,29.976499557495117
0.8459157347679138,29.964658737182617
0.8551283478736877,29.95295524597168
0.8519662022590637,29.947952270507812
0.8664523363113403,29.950180053710938
0.8631430268287659,29.944948196411133
0.8761869668960571,29.930906295776367
0.8718545436859131,29.919313430786133
0.8656677007675171,29.903928756713867
0.8617996573448181,29.886198043823242
0.8793628811836243,29.8668212890625
0.8511808514595032,29.850404739379883
0.8539775609970093,29.83555793762207
0.8646025061607361,29.809419631958008
0.8815270066261292,29.79789924621582
0.8932415246963501,29.787321090698242
0.8631928563117981,29.778472900390625
0.8559800982475281,29.763669967651367
0.8394104242324829,29.749879837036133
0.8610434532165527,29.746065139770508
0.8762014508247375,29.742708206176758
0.875062108039856,29.739028930664062
0.8582161068916321,29.733871459960938
0.8769166469573975,29.739870071411133
0.8623156547546387,29.745222091674805
0.866378128528595,29.759675979614258
0.8582791686058044,29.773481369018555
0.8670303225517273,29.789522171020508
0.8605802059173584,29.815568923950195
0.8726953864097595,29.831327438354492
0.8592195510864258,29.85249137878418
0.8696889281272888,29.866914749145508
0.8808169364929199,29.879472732543945
0.8710651993751526,29.892839431762695
0.8706096410751343,29.908658981323242
0.8664773106575012,29.917129516601562
0.8691658973693848,29.931291580200195
0.8409392237663269,29.945846557617188
0.8705701231956482,29.957216262817383
0.8724453449249268,29.971494674682617
0.8613151907920837,29.98924446105957
0.8512755632400513,30.007524490356445
0.8492289185523987,30.02861213684082
0.8704239130020142,30.048585891723633
0.8831081390380859,30.074739456176758
0.8561644554138184,30.10023307800293
0.8416652083396912,30.129531860351562
0.8716380000114441,30.159269332885742
0.8607140779495239,30.178850173950195
0.8807927966117859,30.1942138671875
0.847571849822998,30.206632614135742
0.8447009921073914,30.221952438354492
0.8471993207931519,30.244338989257812
0.8835593461990356,30.262435913085938
0.8611454963684082,30.268648147583008
0.8719249367713928,30.26805305480957
0.8376668095588684,30.273897171020508
0.8580285906791687,30.278915405273438
0.8734933137893677,30.285688400268555
0.8496941924095154,30.283281326293945
0.8737449049949646,30.276870727539062
0.8559213280677795,30.278642654418945
0.8777593374252319,30.284990310668945
0.8664319515228271,30.290220260620117
0.8594717979431152,30.288482666015625
0.8570752739906311,30.287931442260742
0.8877524137496948,30.286069869995117
0.8411824703216553,30.283388137817383
0.8733879923820496,30.281492233276367
0.8650023937225342,30.281999588012695
0.8560463190078735,30.278383255004883
0.8718118667602539,30.273866653442383
0.8476531505584717,30.270036697387695
0.8604885935783386,30.261930465698242
0.879207193851471,30.25200080871582
0.870638906955719,30.235685348510742
0.8751615285873413,30.228792190551758
0.8751572966575623,30.220640182495117
0.8719624876976013,30.21904182434082
0.8792632222175598,30.23145866394043
0.8444796204566956,30.233781814575195
0.8501509428024292,30.231657028198242
0.8836688995361328,30.230545043945312
0.8726162314414978,30.226041793823242
0.8788973689079285,30.222808837890625
0.8451983332633972,30.219301223754883
0.8387684226036072,30.21027946472168
0.8643203973770142,30.20952033996582
0.8641350269317627,30.200529098510742
0.8795167207717896,30.194780349731445
0.8777713775634766,30.18379020690918
0.8570636510848999,30.173444747924805
0.8610197305679321,30.167787551879883
0.8661434650421143,30.17131233215332
0.8692487478256226,30.179227828979492
0.8564437031745911,30.185087203979492
0.8475589156150818,30.184202194213867
0.8735651969909668,30.191129684448242
0.862734854221344,30.200225830078125
0.8739203810691833,30.205049514770508
0.8538718223571777,30.202302932739258
0.869855523109436,30.20115852355957
0.8770764470100403,30.200223922729492
0.848925769329071,30.19941520690918
0.8627997040748596,30.201921463012695
0.8793373703956604,30.21025276184082
0.8738502860069275,30.218172073364258
0.8587594032287598,30.23444938659668
0.8552942276000977,30.241106033325195
0.8516956567764282,30.244901657104492
0.8639026284217834,30.245637893676758
0.8577394485473633,30.246122360229492
0.8546192646026611,30.24830436706543
0.8516030311584473,30.250776290893555
0.850749135017395,30.251663208007812
0.8529133796691895,30.240354537963867
0.8754303455352783,30.233858108520508
0.8467355966567993,30.23277473449707
0.8437211513519287,30.222015380859375
0.8700616359710693,30.214994430541992
0.8596604466438293,30.203535079956055
0.8821462392807007,30.183961868286133
0.8766649961471558,30.161039352416992
0.8659029603004456,30.141813278198242
0.8603816032409668,30.121686935424805
0.8653936386108398,30.112150192260742
0.8442597389221191,30.105714797973633
0.8694628477096558,30.091493606567383
0.8718094825744629,30.07826042175293
0.8679288625717163,30.077116012573242
0.838586688041687,30.07957649230957
0.8765932321548462,30.088956832885742
0.8426486849784851,30.09376335144043
0.8665561079978943,30.10529899597168
0.872029721736908,30.11561393737793
0.8461613655090332,30.13056755065918
0.8715482354164124,30.141632080078125
0.8613605499267578,30.151323318481445
0.8570297956466675,30.156999588012695
0.8579298853874207,30.162595748901367
0.8607921600341797,30.164276123046875
0.8687494993209839,30.169754028320312
0.8352903127670288,30.172563552856445
0.8682153224945068,30.177522659301758
0.873424768447876,30.18415641784668
0.8670632243156433,30.188554763793945
0.8595322966575623,30.188661575317383
0.862905740737915,30.191377639770508
0.8678684234619141,30.202333450317383
0.8823212385177612,30.21571159362793
0.8573416471481323,30.22593879699707
0.859427273273468,30.239885330200195
0.863784909248352,30.246339797973633
0.8549855947494507,30.248960494995117
0.8634129166603088,30.248140335083008
0.8777796030044556,30.250001907348633
0.8763796091079712,30.25792121887207
0.8593509793281555,30.267898559570312
0.8608006238937378,30.281614303588867
0.8752952814102173,30.295835494995117
0.864730715751648,30.309019088745117
0.8740821480751038,30.33354377746582
0.8376444578170776,30.355607986450195
0.8544615507125854,30.369382858276367
0.8741660714149475,30.37147331237793
0.8789646625518799,30.371625900268555
0.8625028729438782,30.367311477661133
0.865992546081543,30.369844436645508
0.868783175945282,30.38087272644043
0.8776047229766846,30.39013671875
0.8633666038513184,30.39007568359375
0.8537300229072571,30.38233757019043
0.8863042593002319,30.373624801635742
0.8823227286338806,30.370145797729492
0.8605300784111023,30.364015579223633
0.8639919757843018,30.359601974487305
0.87363201379776,30.361726760864258
0.8745074272155762,30.361021041870117
0.8429490923881531,30.351804733276367
0.8277631998062134,30.347272872924805
0.8792740106582642,30.34425163269043
0.8727362155914307,30.347490310668945
0.8571885228157043,30.348054885864258
0.8706504106521606,30.348634719848633
0.8879232406616211,30.350006103515625
0.8467895984649658,30.348539352416992
0.8616539239883423,30.337186813354492
0.8701444864273071,30.328889846801758
0.865584671497345,30.320280075073242
0.8945556879043579,30.311857223510742
0.8759884238243103,30.306058883666992
0.8825098276138306,30.309417724609375
0.8745275735855103,30.310728073120117
0.8430841565132141,30.313261032104492
0.8473997116088867,30.314939498901367
0.8789187669754028,30.325075149536133
0.8923115730285645,30.332700729370117
0.8706661462783813,30.341585159301758
0.8853533267974854,30.349626541137695
0.8618983030319214,30.363080978393555
0.8842433094978333,30.380475997924805
0.8668459057807922,30.39506721496582
0.8648308515548706,30.401212692260742
0.852253794670105,30.407957077026367
0.8635058403015137,30.42024040222168
0.8669875264167786,30.43311882019043
0.8677666187286377,30.443082809448242
0.8398503065109253,30.453523635864258
0.8506327867507935,30.461179733276367
0.8388346433639526,30.46790885925293
0.8478818535804749,30.472673416137695
0.8457291722297668,30.472549438476562
0.8494679927825928,30.476484298706055
0.8936969041824341,30.472013473510742
0.8781771063804626,30.464719772338867
0.8908945918083191,30.442502975463867
0.8662607669830322,30.434431076049805
0.8720560073852539,30.414430618286133
0.862525463104248,30.399641036987305
0.864173412322998,30.38441276550293
0.8593872785568237,30.377870559692383
0.8533982038497925,30.376447677612305
0.8767126798629761,30.36823844909668
0.8714562058448792,30.359697341918945
0.8389198184013367,30.359800338745117
0.8842931389808655,30.358182907104492
0.8553686141967773,30.354677200317383
0.8778519034385681,30.352506637573242
0.8726977109909058,30.347902297973633
0.8699080944061279,30.343904495239258
0.8709985017776489,30.341157913208008
0.8565722107887268,30.345487594604492
0.8560831546783447,30.35865592956543
0.8586624264717102,30.377107620239258
0.8506447076797485,30.389524459838867
0.8822378516197205,30.393217086791992
0.868644654750824,30.404542922973633
0.8713333606719971,30.420106887817383
0.8753530979156494,30.443174362182617
0.8771121501922607,30.46589469909668
0.8751400709152222,30.491167068481445
0.8542692065238953,30.501358032226562
0.8457792401313782,30.510251998901367
0.8508011102676392,30.520082473754883
0.8734330534934998,30.537080764770508
0.873150646686554,30.558656692504883
0.8637833595275879,30.572572708129883
0.8649082779884338,30.584699630737305
0.8781477212905884,30.59419059753418
0.8730653524398804,30.609861373901367
0.8528980612754822,30.62388801574707
0.8970788717269897,30.635072708129883
0.8577014207839966,30.648225784301758
0.8540428876876831,30.660810470581055
0.858242928981781,30.66090202331543
0.8572320938110352,30.664613723754883
0.8682833909988403,30.660032272338867
0.8480120897293091,30.656705856323242
0.8628969788551331,30.650056838989258
0.8691422939300537,30.636869430541992
0.869687557220459,30.627107620239258
0.880333423614502,30.615205764770508
0.8739773631095886,30.609865188598633
0.8480408191680908,30.607240676879883
0.8634436726570129,30.59748649597168
0.8529164791107178,30.589921951293945
0.825538694858551,30.57310676574707
0.855539858341217,30.563997268676758
0.8675264120101929,30.553804397583008
0.8703894019126892,30.540529251098633
0.8590927124023438,30.527849197387695
0.8779436945915222,30.508638381958008
0.8667232990264893,30.495145797729492
0.8755504488945007,30.48383903503418
0.8843879699707031,30.466981887817383
0.8916725516319275,30.44304084777832
0.8562227487564087,30.427217483520508
0.8525357246398926,30.414934158325195
0.8598712086677551,30.409574508666992
0.8720147609710693,30.408571243286133
0.8801485300064087,30.40861701965332
0.8732128143310547,30.40980339050293
0.8741588592529297,30.41278076171875
0.8673622012138367,30.416852951049805
0.8620375394821167,30.420106887817383
0.8460262417793274,30.421281814575195
0.8643518090248108,30.419462203979492
0.8657875657081604,30.42222785949707
0.8480208516120911,30.421905517578125
0.8880084156990051,30.426225662231445
0.8788893222808838,30.42388916015625
0.8909384608268738,30.4185791015625
0.8530740141868591,30.408262252807617
0.8412445783615112,30.392244338989258
0.8708459138870239,30.372495651245117
0.8718702793121338,30.352357864379883
0.8793530464172363,30.339567184448242
0.8603615760803223,30.32435417175293
0.8839906454086304,30.307771682739258
0.866813600063324,30.291015625
0.8662199974060059,30.272308349609375
0.8793107867240906,30.25843620300293
0.8647323250770569,30.24383544921875
0.8632339835166931,30.222349166870117
0.8766024112701416,30.199857711791992
0.8773722052574158,30.175430297851562
0.8507071137428284,30.15941047668457
0.8673375844955444,30.149641036987305
0.8759250640869141,30.139894485473633
0.8801809549331665,30.134931564331055
0.86678147315979,30.129806518554688
0.8836764097213745,30.128660202026367
0.8852108120918274,30.124893188476562
0.8655426502227783,30.12476921081543
0.8671466112136841,30.12925910949707
0.8645336031913757,30.129091262817383
0.8729352951049805,30.120866775512695
0.8670350313186646,30.1077880859375
0.8392018675804138,30.103025436401367
0.8732412457466125,30.09400749206543
0.8679323792457581,30.07963752746582
0.8656871318817139,30.066099166870117
0.8742595314979553,30.05085563659668
0.864755392074585,30.029512405395508
0.8853254318237305,30.00981330871582
0.8866097927093506,29.999265670776367
0.8619429469108582,29.990007400512695
0.8352332711219788,29.9854736328125
0.8770106434822083,29.986265182495117
0.8726460337638855,29.98436164855957
0.8576620817184448,29.97926139831543
0.8757519721984863,29.983537673950195
0.8626542091369629,29.983427047729492
0.8613148927688599,29.976381301879883
0.8728036880493164,29.958921432495117
0.8650003671646118,29.94175910949707
0.8445301651954651,29.93244743347168
0.8743520975112915,29.919265747070312
0.8374173641204834,29.910245895385742
0.8559836149215698,29.906234741210938
0.8772112131118774,29.902402877807617
0.8776702284812927,29.900331497192383
0.8820767998695374,29.906705856323242
0.861848771572113,29.915849685668945
0.8822899460792542,29.923690795898438
0.8296574950218201,29.932085037231445
0.8724997043609619,29.941377639770508
0.8764181733131409,29.94883918762207
0.8617311120033264,29.95555305480957
0.8817840814590454,29.96221923828125
0.8751279711723328,29.963518142700195
0.8639209866523743,29.95842170715332
0.8753063082695007,29.95329475402832
0.8554756045341492,29.946792602539062
0.8659881353378296,29.944581985473633
0.8622137308120728,29.944902420043945
0.8669626712799072,29.937162399291992
0.8765873908996582,29.926801681518555
0.8572551608085632,29.921049118041992
0.8828786015510559,29.916532516479492
0.904953122138977,29.913022994995117
0.8807203769683838,29.91191291809082
0.8601017594337463,29.915040969848633
0.8795683979988098,29.923585891723633
0.8591207265853882,29.933748245239258
0.8735334277153015,29.944456100463867
0.8557855486869812,29.95146369934082
0.8677085638046265,29.96360969543457
0.8687690496444702,29.978029251098633
0.8734307885169983,29.989809036254883
0.8679575324058533,30.001970291137695
0.8873030543327332,30.015474319458008
0.8550811409950256,30.029878616333008
0.8639280796051025,30.042482376098633
0.8716529011726379,30.05485725402832
0.8519455790519714,30.056303024291992
0.8443344235420227,30.05174446105957
0.8763187527656555,30.03984260559082
0.8472682237625122,30.02861213684082
0.8872300386428833,30.01487922668457
0.8764544725418091,29.99818229675293
0.8839911222457886,29.975980758666992
0.8720253109931946,29.951522827148438
0.8788428902626038,29.929853439331055
0.8356287479400635,29.91291618347168
0.8697084188461304,29.895174026489258
0.8628059029579163,29.88145637512207
0.8842363953590393,29.863052368164062
0.8830115795135498,29.84724235534668
0.8586224913597107,29.83299446105957
0.860892653465271,29.820314407348633
0.8814213275909424,29.810791015625
0.8723722100257874,29.797090530395508
0.864733099937439,29.7760009765625
0.861797034740448,29.761796951293945
0.8895680904388428,29.753450393676758
0.8762977719306946,29.75505256652832
0.8446171879768372,29.761289596557617
0.8692623972892761,29.759523391723633
0.8810202479362488,29.75037956237793
0.858633279800415,29.735719680786133
0.8625748753547668,29.720548629760742
0.8567193150520325,29.693878173828125
0.8582049608230591,29.676877975463867
0.8654718399047852,29.660764694213867
0.847072184085846,29.642820358276367
0.8583405017852783,29.62809944152832
0.8633944988250732,29.618837356567383
0.8684529066085815,29.615907669067383
0.8652219772338867,29.61870002746582
0.8654336333274841,29.624956130981445
0.8642538785934448,29.624908447265625
0.8488811254501343,29.629396438598633
0.8748440742492676,29.64293098449707
0.8678906559944153,29.645875930786133
0.8643537163734436,29.645174026489258
0.8578736782073975,29.651105880737305
0.8705182671546936,29.657575607299805
0.8829779028892517,29.664384841918945
0.8714704513549805,29.665346145629883
0.8646855354309082,29.66337776184082
0.8750641942024231,29.656827926635742
0.8682481646537781,29.653139114379883
0.8574227690696716,29.649978637695312
0.8745468258857727,29.640932083129883
0.8424525260925293,29.635757446289062
0.8976587653160095,29.630125045776367
0.8734701871871948,29.624238967895508
0.8486965894699097,29.617429733276367
0.871040403842926,29.617216110229492
0.8545079827308655,29.616743087768555
0.8588240146636963,29.606996536254883
0.8677634000778198,29.601213455200195
0.8832815289497375,29.594802856445312
0.873048722743988,29.588624954223633
0.8681249618530273,29.596315383911133
0.8668894171714783,29.595502853393555
0.8560271263122559,29.593290328979492
0.8572511076927185,29.585172653198242
0.8709774017333984,29.583024978637695
0.8595491647720337,29.581254959106445
0.8662663102149963,29.57719612121582
0.8621681332588196,29.57164192199707
0.8304988145828247,29.568878173828125
0.8581257462501526,29.570192337036133
0.8469446897506714,29.568296432495117
0.8630630970001221,29.55891227722168
0.849396288394928,29.540037155151367
0.8799214959144592,29.52385139465332
0.8786764144897461,29.513093948364258
0.8915051221847534,29.499849319458008
0.8721773624420166,29.49150276184082
0.8605358004570007,29.49461555480957
0.854488730430603,29.492067337036133
0.8472191691398621,29.49000358581543
0.8430843949317932,29.485090255737305
0.8729981780052185,29.475065231323242
0.8660926222801208,29.456193923950195
0.8809078931808472,29.442079544067383
0.8601703643798828,29.435945510864258
0.8660944700241089,29.43060302734375
0.8567458987236023,29.436342239379883
0.8598676919937134,29.441923141479492
0.8629547357559204,29.449647903442383
0.8518700003623962,29.454511642456055
0.8951049447059631,29.46107292175293
0.8689858913421631,29.465421676635742
0.8819353580474854,29.473661422729492
0.8591256737709045,29.482666015625
0.8718348741531372,29.48735237121582
0.8713832497596741,29.489931106567383
0.8724469542503357,29.488737106323242
0.8621537685394287,29.487043380737305
0.8574777245521545,29.489091873168945
0.8980177640914917,29.487016677856445
0.8665096163749695,29.487363815307617
0.8552772998809814,29.489397048950195
0.8584436178207397,29.492097854614258
0.8486360907554626,29.49308967590332
0.8619281053543091,29.500123977661133
0.8700958490371704,29.512601852416992
0.8586472868919373,29.521425247192383
0.8707790374755859,29.52186393737793
0.8504152894020081,29.520753860473633
0.8555043339729309,29.511564254760742
0.8670490980148315,29.487470626831055
0.8886752128601074,29.467283248901367
0.8535974025726318,29.447629928588867
0.8741161227226257,29.424650192260742
0.8737242221832275,29.410367965698242
0.8529763221740723,29.398088455200195
0.8636389970779419,29.379453659057617
0.8761459589004517,29.368085861206055
0.8982044458389282,29.353670120239258
0.8779204487800598,29.333845138549805
0.865424633026123,29.317399978637695
0.8721533417701721,29.300962448120117
0.848426878452301,29.283720016479492
0.8576793670654297,29.267366409301758
0.860888659954071,29.257993698120117
0.8768388628959656,29.25172233581543
0.8711391687393188,29.252670288085938
0.8812596201896667,29.26030158996582
0.8620209693908691,29.25621223449707
0.8492499589920044,29.249391555786133
0.8598213195800781,29.239774703979492
0.859994113445282,29.225736618041992
0.8815926909446716,29.210737228393555
0.8608911633491516,29.200502395629883
0.8675271272659302,29.187179565429688
0.8785160779953003,29.167539596557617
0.8699860572814941,29.15382194519043
0.8605849742889404,29.139925003051758
0.872318685054779,29.122312545776367
0.8656982779502869,29.107635498046875
0.8874489068984985,29.096906661987305
0.8677827715873718,29.08428955078125
0.8686851263046265,29.079500198364258
0.8929516077041626,29.07501220703125
0.8708969950675964,29.066190719604492
0.8553758859634399,29.061721801757812
0.8795795440673828,29.063814163208008
0.8270519375801086,29.061721801757812
0.8542940616607666,29.064252853393555
0.8728913068771362,29.063217163085938
0.8669335842132568,29.062177658081055
0.8575224876403809,29.06922721862793
0.8859706521034241,29.07567024230957
0.8716223239898682,29.08515739440918
0.8711901903152466,29.095216751098633
0.8969920873641968,29.10223388671875
0.8693184852600098,29.108810424804688
0.8333432674407959,29.111982345581055
0.865215003490448,29.114805221557617
0.8747470378875732,29.116544723510742
0.8468420505523682,29.120634078979492
0.8582993745803833,29.127670288085938
0.862574577331543,29.135759353637695
0.8761841654777527,29.147626876831055
0.8581968545913696,29.156709671020508
0.8964977264404297,29.159957885742188
0.8520464301109314,29.155485153198242
0.8656861782073975,29.157346725463867
0.8707796335220337,29.153322219848633
0.8666239976882935,29.144777297973633
0.8425106406211853,29.148513793945312
0.8604357838630676,29.15623664855957
0.8602909445762634,29.16316032409668
0.8696097135543823,29.180631637573242
0.8504504561424255,29.190767288208008
0.8497432470321655,29.19896125793457
0.8652451038360596,29.210081100463867
0.8564120531082153,29.217100143432617
0.855014979839325,29.226823806762695
0.8775893449783325,29.236326217651367
0.8475725054740906,29.253175735473633
0.8673768043518066,29.268186569213867
0.8678762912750244,29.277559280395508
0.8714402318000793,29.277786254882812
0.8712400197982788,29.272340774536133
0.8620430827140808,29.267301559448242
0.8741100430488586,29.268465042114258
0.8463429808616638,29.274686813354492
0.8674864172935486,29.278852462768555
0.8636008501052856,29.27903938293457
0.8503527045249939,29.280946731567383
0.8777748942375183,29.295686721801758
0.8892807364463806,29.304384231567383
0.8720375299453735,29.311857223510742
0.8711634278297424,29.322725296020508
0.8728195428848267,29.322221755981445
0.8592329025268555,29.316055297851562
0.8809099197387695,29.310546875
0.8615634441375732,29.309646606445312
0.8517506718635559,29.311708450317383
0.8579999208450317,29.309309005737305
0.8849515914916992,29.301237106323242
0.8747190237045288,29.289915084838867
0.8758216500282288,29.280851364135742
0.8644535541534424,29.278533935546875
0.8746142983436584,29.27972412109375
0.8642551898956299,29.281740188598633
0.8522990345954895,29.278549194335938
0.8810772895812988,29.271697998046875
0.8747637867927551,29.271604537963867
0.8642129302024841,29.273744583129883
0.872776448726654,29.274169921875
0.883800745010376,29.271638870239258
0.8581955432891846,29.276140213012695
0.8810455799102783,29.276094436645508
0.8756226897239685,29.27281379699707
0.8525577783584595,29.26826286315918
0.8685992360115051,29.26893424987793
0.8766348361968994,29.27284049987793
0.8600055575370789,29.277006149291992
0.8671137690544128,29.278566360473633
0.8471442461013794,29.288206100463867
0.8555582165718079,29.301267623901367
0.8277503848075867,29.32237434387207
0.8825892806053162,29.340818405151367
0.8678093552589417,29.35966682434082
0.8477827310562134,29.37431526184082
0.8871837854385376,29.382158279418945
0.8582901954650879,29.391904830932617
0.8730082511901855,29.399599075317383
0.8826805353164673,29.411928176879883
0.8822070360183716,29.428056716918945
0.8347856998443604,29.448270797729492
0.8669094443321228,29.466657638549805
0.8674771189689636,29.483245849609375
0.8882449269294739,29.499147415161133
0.8677128553390503,29.509798049926758
0.8737351894378662,29.526914596557617
0.8668647408485413,29.5428466796875
0.8693749308586121,29.545881271362305
0.8639279007911682,29.55192756652832
0.8653112053871155,29.556974411010742
0.851344108581543,29.570432662963867
0.8739334344863892,29.583051681518555
0.8632832765579224,29.58848762512207
0.8635956048965454,29.592927932739258
0.8579604625701904,29.599428176879883
0.8614928126335144,29.603363037109375
0.8857994675636292,29.60081672668457
0.887078583240509,29.596540451049805
0.8461007475852966,29.597978591918945
0.8674876689910889,29.59613037109375
0.8624674081802368,29.589372634887695
0.8691443204879761,29.584383010864258
0.8682945370674133,29.573026657104492
0.8703891634941101,29.566499710083008
0.8659050464630127,29.556093215942383
0.8806774616241455,29.55238151550293
0.8953025937080383,29.539566040039062
0.8730055093765259,29.522157669067383
0.8823415040969849,29.49871826171875
0.8657113909721375,29.4805908203125
0.8722100853919983,29.460603713989258
0.880444347858429,29.443708419799805
0.8724430203437805,29.416399002075195
0.8554314970970154,29.380949020385742
0.8697404861450195,29.350557327270508
0.8708078265190125,29.32948112487793
0.8837799429893494,29.317598342895508
0.8979462385177612,29.315946578979492
0.8766239285469055,29.310911178588867
0.8482484221458435,29.30152702331543
0.8722953796386719,29.290071487426758
0.868779182434082,29.277997970581055
0.8901231288909912,29.274381637573242
0.8640747666358948,29.281557083129883
0.851487934589386,29.285737991333008
0.8634999990463257,29.292768478393555
0.8496832847595215,29.302690505981445
0.8567019104957581,29.31060791015625
0.8728445768356323,29.31413459777832
0.8736587166786194,29.31849479675293
0.8663106560707092,29.312990188598633
0.8782967925071716,29.31248664855957
0.8848689198493958,29.31239128112793
0.8744988441467285,29.312528610229492
0.851103663444519,29.317293167114258
0.8847826719284058,29.320497512817383
0.8909435868263245,29.317018508911133
0.8531175255775452,29.315275192260742
0.8600092530250549,29.317903518676758
0.8782353401184082,29.322324752807617
0.8942896723747253,29.331449508666992
0.8600232005119324,29.334566116333008
0.8647082448005676,29.336915969848633
0.8930420875549316,29.333818435668945
0.8888378739356995,29.338117599487305
0.8738517761230469,29.338716506958008
0.8592779040336609,29.342744827270508
0.888187050819397,29.35181999206543
0.8461900353431702,29.358640670776367
0.8846283555030823,29.36253547668457
0.8691644072532654,29.367021560668945
0.8625070452690125,29.366302490234375
0.8800216913223267,29.36851692199707
0.8734582662582397,29.367782592773438
0.8853131532669067,29.372159957885742
0.8624053001403809,29.375154495239258
0.8623321056365967,29.37995719909668
0.8495818376541138,29.391204833984375
0.8670477271080017,29.407838821411133
0.8748753666877747,29.42854118347168
0.8708553910255432,29.444303512573242
0.8571335673332214,29.460542678833008
0.8958345651626587,29.476896286010742
0.874291181564331,29.486452102661133
0.8735463619232178,29.492738723754883
0.8540821075439453,29.501771926879883
0.8711147308349609,29.510101318359375
0.8686351180076599,29.522340774536133
0.8915125727653503,29.540800094604492
0.8689377903938293,29.557222366333008
0.8840993046760559,29.566099166870117
0.8568485975265503,29.574968338012695
0.855449914932251,29.581998825073242
0.875825822353363,29.58323860168457
0.8496521711349487,29.58294677734375
0.8664770126342773,29.567888259887695
0.8596148490905762,29.554046630859375
0.8792688250541687,29.535017013549805
0.8735220432281494,29.520919799804688
0.8733677864074707,29.509977340698242
0.8499592542648315,29.49567985534668
0.8671585917472839,29.47859001159668
0.8643065094947815,29.458097457885742
0.879831850528717,29.43671989440918
0.878716230392456,29.415586471557617
0.8815938830375671,29.40007209777832
0.8501896858215332,29.387802124023438
0.8562606573104858,29.367904663085938
0.8627068400382996,29.359575271606445
0.8655037879943848,29.34919548034668
0.8636069297790527,29.33967399597168
0.8712797164916992,29.32887077331543
0.858440101146698,29.325777053833008
0.8589321970939636,29.32612419128418
0.8687093257904053,29.325960159301758
0.8516288995742798,29.328096389770508
0.8409618735313416,29.325227737426758
0.8687333464622498,29.317977905273438
0.8620330095291138,29.300676345825195
0.8763964176177979,29.285295486450195
0.8639851212501526,29.267179489135742
0.8641723394393921,29.25434684753418
0.8467164635658264,29.24744987487793
0.870764434337616,29.229629516601562
0.8960736989974976,29.215211868286133
0.8565118312835693,29.196413040161133
0.8653122186660767,29.174345016479492
0.86665940284729,29.156187057495117
0.8770887851715088,29.141996383666992
0.8728095889091492,29.128751754760742
0.8627618551254272,29.11595344543457
0.8853691220283508,29.104841232299805
0.86812424659729,29.092437744140625
0.8823708891868591,29.08289909362793
0.8756107091903687,29.078628540039062
0.8774663209915161,29.070526123046875
0.8784539103507996,29.064132690429688
0.8714381456375122,29.061582565307617
0.8737409114837646,29.061492919921875
0.8718268275260925,29.060426712036133
0.8722711801528931,29.066225051879883
0.8806716799736023,29.068361282348633
0.8893663287162781,29.05674934387207
0.8677699565887451,29.042070388793945
0.8766807913780212,29.024900436401367
0.8664049506187439,29.018632888793945
0.8684039115905762,29.012556076049805
0.867896318435669,29.00840950012207
0.860216498374939,29.002668380737305
0.8918700218200684,28.990262985229492
0.8840122818946838,28.982786178588867
0.8803508877754211,28.969877243041992
0.8849039673805237,28.964765548706055
0.86805260181427,28.957670211791992
0.8649210333824158,28.950746536254883
0.8710950016975403,28.95372200012207
0.8646528720855713,28.961944580078125
0.8521055579185486,28.967668533325195
0.862248420715332,28.976285934448242
0.8771635890007019,28.98326301574707
0.8441174030303955,28.994417190551758
0.8718883395195007,29.003904342651367
0.8767485022544861,29.013246536254883
0.8739120960235596,29.021150588989258
0.861055850982666,29.031984329223633
0.8462614417076111,29.036928176879883
0.8679183721542358,29.042356491088867
0.8577631115913391,29.045133590698242
0.886563241481781,29.052854537963867
0.8719375729560852,29.05732536315918
0.8787581920623779,29.06525993347168
0.8650943636894226,29.073869705200195
0.8653169274330139,29.09099006652832
0.867909848690033,29.096099853515625
0.8692366480827332,29.093076705932617
0.8862251043319702,29.08384895324707
0.854500412940979,29.067411422729492
0.8876892328262329,29.064592361450195
0.8562234044075012,29.06266975402832
0.8650341629981995,29.057706832885742
0.8839043378829956,29.044404983520508
0.8626412749290466,29.027799606323242
0.8826325535774231,29.010894775390625
0.87540203332901,28.99058723449707
0.8511233329772949,28.9676513671875
0.8808029890060425,28.939821243286133
0.9084837436676025,28.912015914916992
0.8721301555633545,28.887727737426758
0.8429967761039734,28.867094039916992
0.8222728967666626,28.84617805480957
0.861762523651123,28.821439743041992
0.8693181276321411,28.799102783203125
0.8532373905181885,28.785383224487305
0.8713021874427795,28.77509880065918
0.8873147964477539,28.769853591918945
0.8492932915687561,28.77147102355957
0.8633530139923096,28.773347854614258
0.8537544012069702,28.77354621887207
0.8521820306777954,28.772401809692383
0.8496590852737427,28.771390914916992
0.8671072721481323,28.768312454223633
0.9063112735748291,28.76539421081543
0.8729562163352966,28.766206741333008
0.8415797352790833,28.76213264465332
0.8577064871788025,28.753252029418945
0.8612537980079651,28.744508743286133
0.8628276586532593,28.7288818359375
0.8738270998001099,28.711759567260742
0.8699620962142944,28.695234298706055
0.8811983466148376,28.67707633972168
0.884524405002594,28.667665481567383
0.8673527240753174,28.666582107543945
0.8923990726470947,28.665773391723633
0.8713722825050354,28.661603927612305
0.8773878216743469,28.654508590698242
0.8840738534927368,28.647645950317383
0.8858279585838318,28.64124870300293
0.9039201736450195,28.635419845581055
0.8778689503669739,28.630735397338867
0.832520604133606,28.628847122192383
0.8634982705116272,28.63591194152832
0.8690811991691589,28.64306640625
0.8699410557746887,28.645978927612305
0.8926526308059692,28.65037727355957
0.8684831261634827,28.657167434692383
0.8615775108337402,28.667966842651367
0.889144778251648,28.692934036254883
0.8813133835792542,28.720624923706055
0.8724783658981323,28.742216110229492
0.8657867908477783,28.754793167114258
0.8913930654525757,28.762331008911133
0.8689205050468445,28.758832931518555
0.8708570599555969,28.75120735168457
0.860336184501648,28.753419876098633
0.8534543514251709,28.749895095825195
0.8853051662445068,28.751955032348633
0.8718631863594055,28.750761032104492
0.8853222727775574,28.745389938354492
0.871140718460083,28.734678268432617
0.8540183901786804,28.716157913208008
0.8656059503555298,28.700777053833008
0.8680604696273804,28.683900833129883
0.867237389087677,28.669466018676758
0.8538700938224792,28.657516479492188
0.8736246228218079,28.645769119262695
0.8633467555046082,28.638826370239258
0.8888996243476868,28.640871047973633
0.8711327910423279,28.65131950378418
0.8596723675727844,28.664121627807617
0.8789306282997131,28.675168991088867
0.8699832558631897,28.688535690307617
0.8756738901138306,28.699522018432617
0.8619604110717773,28.702852249145508
0.8946613073348999,28.712066650390625
0.8659496307373047,28.72877311706543
0.8605964779853821,28.733200073242188
0.8698646426200867,28.733352661132812
0.8594383597373962,28.726945877075195
0.867896318435669,28.715970993041992
0.8562410473823547,28.705673217773438
0.874573826789856,28.688371658325195
0.8784509897232056,28.67643928527832
0.854805052280426,28.671552658081055
0.8866338729858398,28.673768997192383
0.8573572039604187,28.668336868286133
0.8727564215660095,28.662782669067383
0.8692330121994019,28.654356002807617
0.8617081642150879,28.646699905395508
0.8848784565925598,28.640119552612305
0.8597320914268494,28.635713577270508
0.8635071516036987,28.641633987426758
0.8976373076438904,28.64984130859375
0.8644846081733704,28.658113479614258
0.8863776922225952,28.670469284057617
0.8638302087783813,28.680147171020508
0.8749523162841797,28.686538696289062
0.8805436491966248,28.690706253051758
0.8647457957267761,28.696836471557617
0.8490174412727356,28.697614669799805
0.858593225479126,28.699602127075195
0.8699216246604919,28.69658088684082
0.875994861125946,28.689149856567383
0.8602380752563477,28.678146362304688
0.8646743893623352,28.670652389526367
0.8717435002326965,28.667768478393555
0.8842365145683289,28.661985397338867
0.8608593940734863,28.654998779296875
0.8775052428245544,28.645004272460938
0.8661576509475708,28.63026237487793
0.8797140121459961,28.605680465698242
0.863921582698822,28.581754684448242
0.8972554802894592,28.568082809448242
0.856875479221344,28.554044723510742
0.8567413687705994,28.543840408325195
0.8616834282875061,28.531919479370117
0.8767343163490295,28.511442184448242
0.8653237819671631,28.491823196411133
0.8696177005767822,28.47087287902832
0.8820770382881165,28.447233200073242
0.8883497714996338,28.42222785949707
0.8667729496955872,28.395246505737305
0.8633999824523926,28.37153434753418
0.8504080176353455,28.352815628051758
0.8707079887390137,28.344514846801758
0.8598195910453796,28.339082717895508
0.860559344291687,28.332120895385742
0.8635427951812744,28.33245849609375
0.8716541528701782,28.32960319519043
0.8840402960777283,28.31812858581543
0.888719379901886,28.306154251098633
0.8644077777862549,28.300168991088867
0.8664388656616211,28.29127311706543
0.8841369152069092,28.281068801879883
0.8584336042404175,28.264848709106445
0.8633813858032227,28.244874954223633
0.848572850227356,28.223539352416992
0.8842188119888306,28.2071533203125
0.8694780468940735,28.185182571411133
0.867457389831543,28.168352127075195
0.8485455513000488,28.152238845825195
0.8680253028869629,28.1419677734375
0.8633775115013123,28.138669967651367
0.8709362745285034,28.139223098754883
0.8518293499946594,28.14671516418457
0.8793469667434692,28.142671585083008
0.8884949684143066,28.142059326171875
0.9058246612548828,28.145936965942383
0.8679364919662476,28.14655876159668
0.8687504529953003,28.151628494262695
0.8855873346328735,28.141450881958008
0.8818514347076416,28.135467529296875
0.9058233499526978,28.127197265625
0.870386004447937,28.127958297729492
0.8583279848098755,28.12469482421875
0.8762927651405334,28.11595344543457
0.8627758026123047,28.113191604614258
0.8737626075744629,28.1099853515625
0.8762685060501099,28.10307502746582
0.8552299737930298,28.091596603393555
0.8609369993209839,28.073808670043945
0.8863440752029419,28.052736282348633
0.8691272735595703,28.030046463012695
0.8794803023338318,28.004682540893555
0.8635832667350769,27.979677200317383
0.8582528829574585,27.953840255737305
0.8641003370285034,27.928342819213867
0.8630339503288269,27.9111328125
0.8709625601768494,27.894197463989258
0.8749596476554871,27.879549026489258
0.878547191619873,27.856840133666992
0.890169084072113,27.837282180786133
0.8745424151420593,27.81920051574707
0.8726614117622375,27.80230712890625
0.8758744597434998,27.789888381958008
0.8657777905464172,27.771272659301758
0.8734956383705139,27.746152877807617
0.8816861510276794,27.716978073120117
0.8622642159461975,27.69288444519043
0.8684015870094299,27.678556442260742
0.8776166439056396,27.676389694213867
0.8561888933181763,27.670438766479492
0.8713587522506714,27.662748336791992
0.8715561628341675,27.650911331176758
0.8584067821502686,27.637113571166992
0.8677498698234558,27.62104606628418
0.8618289232254028,27.60997200012207
0.8561463356018066,27.600923538208008
0.8703105449676514,27.604827880859375
0.8646543622016907,27.6024169921875
0.881456196308136,27.591611862182617
0.8746736645698547,27.576828002929688
0.8537763357162476,27.558488845825195
0.8788537383079529,27.540159225463867
0.8836639523506165,27.51902961730957
0.9026657342910767,27.501083374023438
0.8730413913726807,27.487119674682617
0.8709688782691956,27.471479415893555
0.8792272806167603,27.459562301635742
0.8592961430549622,27.444364547729492
0.870606005191803,27.437257766723633
0.8747864961624146,27.429994583129883
0.8695699572563171,27.426679611206055
0.8791013956069946,27.425460815429688
0.8662551045417786,27.429094314575195
0.8584542870521545,27.432004928588867
0.8598486185073853,27.441543579101562
0.8754494190216064,27.451353073120117
0.8573538064956665,27.463563919067383
0.8757801055908203,27.47895622253418
0.8767640590667725,27.493621826171875
0.8631243705749512,27.50501823425293
0.8750581741333008,27.507003784179688
0.8676074743270874,27.50562858581543
0.8693239092826843,27.508329391479492
0.8844940662384033,27.510419845581055
0.8723353147506714,27.501131057739258
0.8606857657432556,27.494400024414062
0.8787817358970642,27.490385055541992
0.836395800113678,27.48417854309082
0.8730788230895996,27.474977493286133
0.8783359527587891,27.468046188354492
0.8629591464996338,27.461915969848633
0.8641263246536255,27.449323654174805
0.8765187859535217,27.444597244262695
0.8650674819946289,27.441328048706055
0.8492162227630615,27.443544387817383
0.884519100189209,27.443891525268555
0.8806467056274414,27.44287109375
0.8672336935997009,27.44761848449707
0.8718582391738892,27.452802658081055
0.8790579438209534,27.455690383911133
0.8697416186332703,27.454345703125
0.8573142886161804,27.458894729614258
0.8843011856079102,27.463804244995117
0.8786355257034302,27.466779708862305
0.8611060380935669,27.468442916870117
0.8750478625297546,27.467222213745117
0.865165114402771,27.467926025390625
0.8724731802940369,27.464811325073242
0.8739046454429626,27.466093063354492
0.8684207797050476,27.458511352539062
0.8704246282577515,27.447404861450195
0.890577495098114,27.445558547973633
0.8615626692771912,27.437744140625
0.8813628554344177,27.430971145629883
0.8467027544975281,27.435012817382812
0.8764246702194214,27.44182014465332
0.8750799894332886,27.447965621948242
0.8836507201194763,27.452239990234375
0.881778359413147,27.45307731628418
0.8696305751800537,27.458616256713867
0.8701954483985901,27.450559616088867
0.8591333031654358,27.448163986206055
0.8833771347999573,27.444334030151367
0.8807426691055298,27.455642700195312
0.849130392074585,27.457658767700195
0.8829576373100281,27.458051681518555
0.8795812726020813,27.450300216674805
0.8655771017074585,27.448503494262695
0.8782427310943604,27.443174362182617
0.8862160444259644,27.44032096862793
0.8734226822853088,27.43998908996582
0.8781617283821106,27.43943977355957
0.8723690509796143,27.440168380737305
0.8731765747070312,27.437713623046875
0.8750156760215759,27.43574333190918
0.8638469576835632,27.423067092895508
0.8680480718612671,27.414003372192383
0.8724560141563416,27.409698486328125
0.8678796291351318,27.409318923950195
0.8744734525680542,27.409929275512695
0.8647212982177734,27.411531448364258
0.844754695892334,27.415143966674805
0.8746713399887085,27.423444747924805
0.8809375166893005,27.43040657043457
0.8720836043357849,27.439119338989258
0.8620190024375916,27.447542190551758
0.8789716958999634,27.453153610229492
0.8724034428596497,27.465085983276367
0.8864108920097351,27.475690841674805
0.8586334586143494,27.478347778320312
0.8810127973556519,27.476686477661133
0.856745183467865,27.472318649291992
0.8803828954696655,27.462554931640625
0.8955506086349487,27.446306228637695
0.8347448706626892,27.441389083862305
0.8876060247421265,27.442415237426758
0.876112699508667,27.444869995117188
0.8655258417129517,27.440141677856445
0.8578120470046997,27.436372756958008
0.8791981935501099,27.440519332885742
0.8634388446807861,27.449949264526367
0.8951888084411621,27.462053298950195
0.8903380632400513,27.484712600708008
0.8518328666687012,27.49980354309082
0.8710624575614929,27.502763748168945
0.8579384684562683,27.505922317504883
0.8749416470527649,27.494173049926758
0.8731530904769897,27.48631477355957
0.9042043685913086,27.478425979614258
0.8445813059806824,27.458589553833008
0.871422529220581,27.446672439575195
0.8748475313186646,27.43658447265625
0.8661524057388306,27.425199508666992
0.8709631562232971,27.406526565551758
0.8879925012588501,27.390119552612305
0.8810460567474365,27.384798049926758
0.8783264756202698,27.371004104614258
0.8433977365493774,27.357742309570312
0.8972233533859253,27.35209846496582
0.8652863502502441,27.35136604309082
0.881031334400177,27.33745002746582
0.8521585464477539,27.325376510620117
0.8743195533752441,27.310758590698242
0.8759995102882385,27.286470413208008
0.856033205986023,27.264055252075195
0.866836667060852,27.244935989379883
0.8744279146194458,27.22662353515625
0.8532071113586426,27.20216178894043
0.853793203830719,27.181337356567383
0.8713141679763794,27.160337448120117
0.8571483492851257,27.137208938598633
0.8854798078536987,27.121213912963867
0.8582913875579834,27.109817504882812
0.8764394521713257,27.095792770385742
0.8748974800109863,27.086973190307617
0.8777825832366943,27.07121467590332
0.884540855884552,27.06165885925293
0.8728339672088623,27.054109573364258
0.887270450592041,27.042190551757812
0.8687227368354797,27.025800704956055
0.8801921010017395,27.003890991210938
0.8522480726242065,26.987699508666992
0.8621745109558105,26.986635208129883
0.8679360151290894,26.991056442260742
0.8681056499481201,26.992475509643555
0.873749852180481,26.996965408325195
0.870036780834198,26.996583938598633
0.8768143653869629,27.002351760864258
0.882092297077179,27.01042366027832
0.8847342729568481,27.021207809448242
0.870201587677002,27.033323287963867
0.8466396927833557,27.04405403137207
0.8839660286903381,27.04631233215332
0.8651180267333984,27.056135177612305
0.8743438720703125,27.060544967651367
0.873863697052002,27.06757926940918
0.8699645400047302,27.078107833862305
0.8743557929992676,27.090789794921875
0.8611034750938416,27.098299026489258
0.8643665313720703,27.108945846557617
0.8808168768882751,27.114137649536133
0.8868492841720581,27.12230110168457
0.8649145364761353,27.140241622924805
0.8730881214141846,27.156999588012695
0.8904217481613159,27.165189743041992
0.8774008750915527,27.175230026245117
0.8794904947280884,27.18299674987793
0.8791981935501099,27.193479537963867
0.8680891990661621,27.206724166870117
0.8718158006668091,27.21510124206543
0.8602815866470337,27.212984085083008
0.8830187320709229,27.214811325073242
0.878976583480835,27.21635627746582
0.8519128561019897,27.22227668762207
0.8788902163505554,27.228498458862305
0.8581717610359192,27.240537643432617
0.867154598236084,27.25115966796875
0.8514758944511414,27.266206741333008
0.8973215818405151,27.276260375976562
0.8589229583740234,27.286056518554688
0.8734872341156006,27.294828414916992
0.8589062690734863,27.297393798828125
0.874484121799469,27.305559158325195
0.8810685276985168,27.314756393432617
0.8589956760406494,27.33189582824707
0.8468779921531677,27.345579147338867
0.8783900737762451,27.347841262817383
0.8969341516494751,27.353349685668945
0.8476895093917847,27.359464645385742
0.8680134415626526,27.364412307739258
0.8550743460655212,27.366117477416992
0.8672518134117126,27.366270065307617
0.8696631193161011,27.362380981445312
0.8870900273323059,27.357500076293945
0.860319197177887,27.353012084960938
0.8497292995452881,27.342130661010742
0.8612796068191528,27.337862014770508
0.8571735620498657,27.338836669921875
0.874204158782959,27.330904006958008
0.8757851719856262,27.329927444458008
0.8597022294998169,27.324403762817383
0.8765714764595032,27.32023811340332
0.8740230798721313,27.314226150512695
0.8628271818161011,27.309541702270508
0.8766399025917053,27.297452926635742
0.8694502711296082,27.28938102722168
0.8854808807373047,27.279220581054688
0.8586475849151611,27.273820877075195
0.8750836253166199,27.267866134643555
0.8721349835395813,27.271623611450195
0.8802277445793152,27.27284049987793
0.8773128986358643,27.275604248046875
0.8500249981880188,27.274229049682617
0.865325927734375,27.27372932434082
0.8921510577201843,27.275619506835938
0.8520472645759583,27.281906127929688
0.8834019899368286,27.289644241333008
0.873826265335083,27.29808235168457
0.8534681797027588,27.302339553833008
0.8756541013717651,27.304033279418945
0.8702492117881775,27.297319412231445
0.892725944519043,27.288480758666992
0.8766027688980103,27.278287887573242
0.867821991443634,27.26649284362793
0.8861957788467407,27.254106521606445
0.867425799369812,27.244264602661133
0.8585329651832581,27.23637580871582
0.8655381202697754,27.227174758911133
0.8619937300682068,27.213315963745117
0.8895921111106873,27.200681686401367
0.8780309557914734,27.187177658081055
0.8751656413078308,27.182462692260742
0.8703153133392334,27.187042236328125
0.8572476506233215,27.18354606628418
0.8817943334579468,27.184280395507812
0.8728923201560974,27.18023681640625
0.8514993190765381,27.1751708984375
0.8864850997924805,27.174715042114258
0.8615426421165466,27.180864334106445
0.8800163269042969,27.185686111450195
0.8783525824546814,27.19352912902832
0.8596766591072083,27.2034912109375
0.8833078742027283,27.210493087768555
0.8605360984802246,27.215177536010742
0.882031261920929,27.228391647338867
0.8592913150787354,27.234649658203125
0.8848486542701721,27.24540901184082
0.8841000199317932,27.255735397338867
0.8856461048126221,27.262514114379883
0.8818976283073425,27.274457931518555
0.8694236278533936,27.290040969848633
0.8753332495689392,27.30909538269043
0.8558375835418701,27.329500198364258
0.8628623485565186,27.344621658325195
0.8859598636627197,27.35392951965332
0.8718764781951904,27.360380172729492
0.8690228462219238,27.359224319458008
0.8504530191421509,27.360319137573242
0.8712414503097534,27.355424880981445
0.8657411336898804,27.349245071411133
0.8504483699798584,27.347002029418945
0.8746640682220459,27.343414306640625
0.8732846975326538,27.341888427734375
0.8880688548088074,27.339860916137695
0.8760871291160583,27.33888053894043
0.8761593699455261,27.340288162231445
0.8596481680870056,27.33824348449707
0.8757612705230713,27.328828811645508
0.8609386086463928,27.320772171020508
0.8754106760025024,27.321561813354492
0.87812739610672,27.316560745239258
0.8694522380828857,27.31196403503418
0.8802825808525085,27.31456184387207
0.8603895306587219,27.314119338989258
0.8873589038848877,27.306440353393555
0.8862873315811157,27.306657791137695
0.8589560985565186,27.301206588745117
0.8887673616409302,27.29817008972168
0.8821678161621094,27.299074172973633
0.8690595626831055,27.303205490112305
0.86845862865448,27.307111740112305
0.8845919370651245,27.314329147338867
0.8837468028068542,27.323379516601562
0.8723533749580383,27.332765579223633
0.8801477551460266,27.345199584960938
0.8594650626182556,27.351896286010742
0.8690385818481445,27.356504440307617
0.8585141897201538,27.37641716003418
0.8704015016555786,27.392484664916992
0.8689969182014465,27.406633377075195
0.8822601437568665,27.41227912902832
0.8831917643547058,27.415651321411133
0.8803471922874451,27.420442581176758
0.8763303756713867,27.426679611206055
0.8674554824829102,27.434782028198242
0.8843129873275757,27.434480667114258
0.85710608959198,27.43134880065918
0.8632515072822571,27.430173873901367
0.8339508175849915,27.423402786254883
0.8706417679786682,27.423067092895508
0.8718511462211609,27.428251266479492
0.8599648475646973,27.44597053527832
0.8774041533470154,27.467145919799805
0.8634915351867676,27.480104446411133
0.8539594411849976,27.493391036987305
0.8605642914772034,27.50596809387207
0.8769490718841553,27.51304817199707
0.8715716600418091,27.518266677856445
0.8744178414344788,27.518003463745117
0.8747983574867249,27.523954391479492
0.867584228515625,27.521547317504883
0.8420137166976929,27.514432907104492
0.8585286736488342,27.52424430847168
0.8799437284469604,27.531343460083008
0.8792624473571777,27.547574996948242
0.8589698672294617,27.568511962890625
0.8830126523971558,27.58802604675293
0.8534146547317505,27.602128982543945
0.8665897846221924,27.61693000793457
0.8711755275726318,27.637664794921875
0.8447249531745911,27.648805618286133
0.8504204750061035,27.665468215942383
0.8829897046089172,27.68235969543457
0.887786865234375,27.697282791137695
0.8668911457061768,27.717206954956055
0.8711273670196533,27.731704711914062
0.8759077191352844,27.73277473449707
0.8553587794303894,27.737672805786133
0.8730261921882629,27.739835739135742
0.8689889311790466,27.743253707885742
0.8745282292366028,27.75105094909668
0.8494694232940674,27.764650344848633
0.8759244084358215,27.779176712036133
0.879904568195343,27.789873123168945
0.878906786441803,27.793302536010742
0.8695274591445923,27.799623489379883
0.8869014382362366,27.799192428588867
0.875848650932312,27.795072555541992
0.8825337886810303,27.794736862182617
0.850180983543396,27.79435920715332
0.885636031627655,27.79743766784668
0.857122004032135,27.813642501831055
0.8708052039146423,27.828184127807617
0.8679671287536621,27.84698486328125
0.8534595370292664,27.861452102661133
0.8527962565422058,27.872758865356445
0.8687250018119812,27.884124755859375
0.8845796585083008,27.890352249145508
0.8700929880142212,27.893369674682617
0.8663376569747925,27.8955078125
0.8728830218315125,27.903196334838867
0.857772707939148,27.90648078918457
0.8885615468025208,27.904111862182617
0.8701474666595459,27.906522750854492
0.8712799549102783,27.899290084838867
0.8600726127624512,27.894655227661133
0.8583681583404541,27.88722038269043
0.8680474758148193,27.884244918823242
0.8692570924758911,27.879762649536133
0.8822489976882935,27.879152297973633
0.8657642006874084,27.870744705200195
0.884163498878479,27.862703323364258
0.895930290222168,27.847349166870117
0.8714073896408081,27.841093063354492
0.8735272884368896,27.840059280395508
0.8565357327461243,27.84473991394043
0.8822980523109436,27.857223510742188
0.859817385673523,27.87291145324707
0.8831648826599121,27.892393112182617
0.8663185238838196,27.92601203918457
0.8700811862945557,27.958406448364258
0.8779014945030212,27.990720748901367
0.8585271239280701,28.02033805847168
0.8902102112770081,28.046693801879883
0.873099148273468,28.063749313354492
0.879943311214447,28.072431564331055
0.857991099357605,28.08470344543457
0.8547877669334412,28.09227180480957
0.8578096032142639,28.083086013793945
0.902121901512146,28.068693161010742
0.8649672269821167,28.051450729370117
0.865204930305481,28.04188346862793
0.8515320420265198,28.025571823120117
0.8437002897262573,28.003110885620117
0.8753653168678284,27.986539840698242
0.8772112131118774,27.97462272644043
0.8495509624481201,27.9644775390625
0.8704478144645691,27.95964241027832
0.8818493485450745,27.965131759643555
0.8672785758972168,27.98829460144043
0.8653861880302429,28.003694534301758
0.8868114352226257,28.02229118347168
0.8652812838554382,28.034757614135742
0.8778606653213501,28.04686164855957
0.8764777183532715,28.056516647338867
0.8480360507965088,28.06121826171875
0.8633663058280945,28.06254768371582
0.8673235177993774,28.05748176574707
0.844943642616272,28.061965942382812
0.833132266998291,28.072053909301758
0.860526442527771,28.085142135620117
0.8670573830604553,28.100004196166992
0.8671247363090515,28.11870002746582
0.8619816899299622,28.142423629760742
0.8495184779167175,28.167831420898438
0.8667051792144775,28.192583084106445
0.8601715564727783,28.21647834777832
0.8762338161468506,28.230775833129883
0.8619293570518494,28.238279342651367
0.8889378309249878,28.251615524291992
0.8686788082122803,28.26085090637207
0.8724164962768555,28.274534225463867
0.8610637187957764,28.282854080200195
0.8500978946685791,28.287202835083008
0.8935615420341492,28.296415328979492
0.8508260250091553,28.297849655151367
0.8652786016464233,28.295074462890625
0.8613826036453247,28.299226760864258
0.8770233988761902,28.3017578125
0.8637584447860718,28.300888061523438
0.8667495846748352,28.306806564331055
0.8676508069038391,28.308897018432617
0.8552923798561096,28.31395149230957
0.8709975481033325,28.317106246948242
0.8565891981124878,28.31623649597168
0.8679006099700928,28.311845779418945
0.8688620328903198,28.307859420776367
0.8762567043304443,28.306425094604492
0.8931365013122559,28.30613899230957
0.8668069839477539,28.306196212768555
0.876744270324707,28.297147750854492
0.858059823513031,28.279024124145508
0.8780137896537781,28.256425857543945
0.8695382475852966,28.232114791870117
0.8620074391365051,28.213315963745117
0.8786495327949524,28.20738410949707
0.8648552894592285,28.19877815246582
0.847028374671936,28.193695068359375
0.8890628218650818,28.196535110473633
0.8624342083930969,28.188779830932617
0.8603208065032959,28.185213088989258
0.8738150596618652,28.173429489135742
0.8552835583686829,28.166994094848633
0.8783644437789917,28.152009963989258
0.8586799502372742,28.140535354614258
0.8914705514907837,28.130037307739258
0.8858872056007385,28.115324020385742
0.8583170771598816,28.09520149230957
0.8652811050415039,28.088010787963867
0.8825381398200989,28.079256057739258
0.8516591787338257,28.069929122924805
0.8749189972877502,28.065004348754883
0.8760712146759033,28.06745719909668
0.8561605215072632,28.067888259887695
0.8685362935066223,28.071592330932617
0.8566961288452148,28.078474044799805
0.8721802234649658,28.07795524597168
0.8691558837890625,28.081361770629883
0.8712249398231506,28.08036994934082
0.8738221526145935,28.079099655151367
0.8731452226638794,28.07371711730957
0.8674094676971436,28.076690673828125
0.8815088272094727,28.074872970581055
0.875821590423584,28.07200813293457
0.8840724229812622,28.07740592956543
0.8887009620666504,28.078001022338867
0.8778405785560608,28.070173263549805
0.8686627745628357,28.063493728637695
0.8728456497192383,28.058652877807617
0.8709412217140198,28.050443649291992
0.8717730045318604,28.053728103637695
0.8574249744415283,28.05339241027832
0.8506299257278442,28.05323600769043
0.8648864030838013,28.06097412109375
0.8920050859451294,28.064071655273438
0.8854550719261169,28.065706253051758
0.8501282334327698,28.06599235534668
0.8611217737197876,28.06550407409668
0.8681798577308655,28.059965133666992
0.892521858215332,28.046247482299805
0.8720305562019348,28.04133415222168
0.8666650652885437,28.039762496948242
0.8894814252853394,28.030698776245117
0.8762133717536926,28.024641036987305
0.8466021418571472,28.012468338012695
0.8658438920974731,28.00334358215332
0.8827929496765137,27.996065139770508
0.8527669310569763,27.992338180541992
0.8700751066207886,27.982131958007812
0.8540217280387878,27.983871459960938
0.8696610331535339,27.97319221496582
0.875546932220459,27.96565055847168
0.8938493132591248,27.960390090942383
0.8736201524734497,27.958528518676758
0.861615002155304,27.95533561706543
0.8523672223091125,27.962448120117188
0.8774368762969971,27.971635818481445
0.8382132649421692,27.977066040039062
0.8767750859260559,27.985963821411133
0.8831687569618225,28.000974655151367
0.8675180673599243,28.02497673034668
0.881165623664856,28.04832649230957
0.8697364330291748,28.064332962036133
0.8666626214981079,28.08146858215332
0.8731544613838196,28.089752197265625
0.8565213680267334,28.092588424682617
0.8711473941802979,28.094327926635742
0.874177873134613,28.090410232543945
0.864173173904419,28.083009719848633
0.8452381491661072,28.070497512817383
0.8842123746871948,28.066072463989258
0.8738948702812195,28.057741165161133
0.8611288070678711,28.040712356567383
0.8678350448608398,28.034971237182617
0.8717277646064758,28.041486740112305
0.8597843647003174,28.041841506958008
0.8568833470344543,28.03672981262207
0.8656589984893799,28.029035568237305
0.8810921907424927,28.01405143737793
0.8812016844749451,27.99962043762207
0.8859260082244873,27.986709594726562
0.8699434995651245,27.980913162231445
0.843370795249939,27.973325729370117
0.8620692491531372,27.972122192382812
0.8777679800987244,27.969911575317383
0.8701571822166443,27.974199295043945
0.8638291358947754,27.968734741210938
0.8718719482421875,27.972261428833008
0.8472126126289368,27.984224319458008
0.8818981051445007,27.998018264770508
0.8841305375099182,28.014402389526367
0.8566385507583618,28.035600662231445
0.8835875391960144,28.057342529296875
0.8583993911743164,28.072420120239258
0.8502283096313477,28.084043502807617
0.8721566200256348,28.098249435424805
0.8766607046127319,28.111478805541992
0.85274738073349,28.121259689331055
0.86283940076828,28.13121223449707
0.8499569296836853,28.128751754760742
0.885797917842865,28.119230270385742
0.8907428979873657,28.111143112182617
0.8741334676742554,28.105501174926758
0.8682955503463745,28.104097366333008
0.8678691387176514,28.105741500854492
0.8884506225585938,28.101041793823242
0.8687446117401123,28.095735549926758
0.8661048412322998,28.099241256713867
0.8819864988327026,28.108034133911133
0.8903689980506897,28.113237380981445
0.8571777939796448,28.121110916137695
0.8567800521850586,28.125333786010742
0.8872575759887695,28.126848220825195
0.8572991490364075,28.130752563476562
0.883948564529419,28.140195846557617
0.8605393767356873,28.154569625854492
0.8805713653564453,28.174270629882812
0.8794686794281006,28.181028366088867
0.8723408579826355,28.181291580200195
0.8611773252487183,28.184053421020508
0.8791512250900269,28.184480667114258
0.866801917552948,28.182313919067383
0.8705688118934631,28.172060012817383
0.8862661123275757,28.149675369262695
0.8491902947425842,28.125795364379883
0.878058671951294,28.094942092895508
0.8790871500968933,28.063325881958008
0.8619879484176636,28.033632278442383
0.8647552728652954,27.99232292175293
0.8637415170669556,27.955461502075195
0.8815412521362305,27.922819137573242
0.8684083223342896,27.89344596862793
0.8646756410598755,27.86973762512207
0.8732396960258484,27.835981369018555
0.88353431224823,27.802873611450195
0.8690218329429626,27.778379440307617
0.8724398612976074,27.759506225585938
0.8686520457267761,27.747617721557617
0.8707897067070007,27.73725700378418
0.8768221139907837,27.732666015625
0.8550722599029541,27.727798461914062
0.8745214939117432,27.725767135620117
0.8617047071456909,27.733137130737305
0.8681004643440247,27.744047164916992
0.8532719612121582,27.75724983215332
0.8855752944946289,27.780393600463867
0.8773927092552185,27.801679611206055
0.8818032741546631,27.81126594543457
0.881981611251831,27.816465377807617
0.8681451082229614,27.827455520629883
0.8698292970657349,27.837369918823242
0.8780348896980286,27.849729537963867
0.8657342195510864,27.854555130004883
0.8540964722633362,27.856733322143555
0.8780714273452759,27.85987663269043
0.8765982985496521,27.858505249023438
0.8707181811332703,27.859235763549805
0.8888991475105286,27.856691360473633
0.8653824329376221,27.847307205200195
0.8764824271202087,27.836854934692383
0.8774534463882446,27.826202392578125
0.8794028162956238,27.815168380737305
0.869060754776001,27.79747200012207
0.8649234771728516,27.78453254699707
0.8860913515090942,27.768537521362305
0.8757027983665466,27.760576248168945
0.8845431804656982,27.74464225769043
0.8774176836013794,27.732698440551758
0.8787537813186646,27.720687866210938
0.8691418170928955,27.715818405151367
0.8768593072891235,27.71818733215332
0.8905023336410522,27.723508834838867
0.8570578098297119,27.726911544799805
0.8736069202423096,27.730758666992188
0.8736260533332825,27.732515335083008
0.8722258806228638,27.73838996887207
0.8812174201011658,27.752151489257812
0.8659032583236694,27.772918701171875
0.8897117376327515,27.790910720825195
0.8628195524215698,27.805147171020508
0.8852819204330444,27.814481735229492
0.8416595458984375,27.820100784301758
0.866932213306427,27.821043014526367
0.8679667711257935,27.814924240112305
0.8665926456451416,27.81696891784668
0.8810635209083557,27.82032585144043
0.861058235168457,27.818513870239258
0.851371169090271,27.809907913208008
0.8749383687973022,27.80000114440918
0.8768277168273926,27.796308517456055
0.8620690703392029,27.802675247192383
0.8828716278076172,27.804349899291992
0.8545522689819336,27.809846878051758
0.8552618026733398,27.81541633605957
0.8893836736679077,27.820587158203125
0.8615779280662537,27.820066452026367
0.8696386218070984,27.828460693359375
0.8670898675918579,27.826522827148438
0.8781543374061584,27.82417106628418
0.8755232691764832,27.830781936645508
0.8720982670783997,27.839920043945312
0.8856409192085266,27.846803665161133
0.8667199611663818,27.86107063293457
0.8493335843086243,27.86247444152832
0.86903977394104,27.864381790161133
0.8831564784049988,27.86290168762207
0.8802933096885681,27.867158889770508
0.8776727914810181,27.864118576049805
0.8940196633338928,27.85447883605957
0.8803135752677917,27.854307174682617
0.8711797595024109,27.859575271606445
0.8673934936523438,27.872678756713867
0.8687223196029663,27.883420944213867
0.871561586856842,27.8865966796875
0.8714814186096191,27.882524490356445
0.8770844340324402,27.880552291870117
0.8785508275032043,27.87306022644043
0.8556948900222778,27.86711311340332
0.8468809723854065,27.867246627807617
0.866032063961029,27.871337890625
0.8677996397018433,27.878786087036133
0.8795053958892822,27.882524490356445
0.8590531349182129,27.88819694519043
0.866600751876831,27.89970588684082
0.8710674047470093,27.912778854370117
0.8748725652694702,27.91096305847168
0.8774033784866333,27.910261154174805
0.8711179494857788,27.90141487121582
0.8506122827529907,27.888566970825195
0.8859961032867432,27.882110595703125
0.8739928007125854,27.87608528137207
0.8780670166015625,27.865018844604492
0.848701000213623,27.850934982299805
0.8647609353065491,27.829404830932617
0.8736350536346436,27.81584358215332
0.8928483128547668,27.798036575317383
0.8618572950363159,27.78306770324707
0.8777677416801453,27.769685745239258
0.8786430358886719,27.763044357299805
0.870675265789032,27.755434036254883
0.8600026369094849,27.74156379699707
0.8652459383010864,27.73719596862793
0.8777334690093994,27.733354568481445
0.8621727824211121,27.722043991088867
0.8704307079315186,27.710981369018555
0.8728792071342468,27.6939697265625
0.8786529302597046,27.68138313293457
0.8720359802246094,27.666227340698242
0.8674272894859314,27.65278434753418
0.8460869789123535,27.637222290039062
0.8477235436439514,27.623624801635742
0.8594197630882263,27.62950325012207
0.858809232711792,27.62946891784668
0.8824233412742615,27.63627815246582
0.8597328066825867,27.636716842651367
0.8653349280357361,27.647809982299805
0.8439584970474243,27.66009521484375
0.8780855536460876,27.66901969909668
0.8599414229393005,27.681562423706055
0.894206702709198,27.691038131713867
0.8823909163475037,27.701766967773438
0.8793803453445435,27.706972122192383
0.8551750183105469,27.707807540893555
0.8641581535339355,27.709840774536133
0.8599097728729248,27.715255737304688
0.8864096403121948,27.722227096557617
0.8734168410301208,27.734891891479492
0.8682258129119873,27.744735717773438
0.8668007850646973,27.748903274536133
0.8632024526596069,27.759885787963867
0.8774176836013794,27.76646614074707
0.857068657875061,27.769472122192383
0.8711325526237488,27.767961502075195
0.8623408079147339,27.764432907104492
0.8792526721954346,27.766403198242188
0.8854745030403137,27.76911735534668
0.8715388774871826,27.768951416015625
0.8932144641876221,27.775331497192383
0.8451677560806274,27.794815063476562
0.8662238121032715,27.8094482421875
0.8692070245742798,27.81928825378418
0.8890078067779541,27.82472038269043
0.882107675075531,27.831239700317383
0.8645374774932861,27.843198776245117
0.8597968220710754,27.849916458129883
0.881685733795166,27.864057540893555
0.8821614980697632,27.86931037902832
0.8877848386764526,27.871171951293945
0.8708261847496033,27.872817993164062
0.8760287165641785,27.87287712097168
0.8704061508178711,27.874893188476562
0.8847194910049438,27.874345779418945
0.857248067855835,27.863191604614258
0.8745589256286621,27.86060905456543
0.8816388249397278,27.861757278442383
0.8636105060577393,27.859682083129883
0.8680949211120605,27.850889205932617
0.8515475988388062,27.844511032104492
0.8709636926651001,27.838483810424805
0.8699716329574585,27.841005325317383
0.8706053495407104,27.847854614257812
0.8726702928543091,27.857484817504883
0.8659328818321228,27.868988037109375
0.8495868444442749,27.882200241088867
0.8734222650527954,27.884401321411133
0.886730432510376,27.889890670776367
0.8860358595848083,27.89161491394043
0.877072274684906,27.888551712036133
0.8773066401481628,27.88899040222168
0.8754291534423828,27.887651443481445
0.8795394897460938,27.888612747192383
0.8879404067993164,27.900802612304688
0.8703703880310059,27.90641975402832
0.8610473871231079,27.914995193481445
0.880989670753479,27.931608200073242
0.843214213848114,27.949251174926758
0.863702118396759,27.95387077331543
0.8849216103553772,27.957353591918945
0.8856277465820312,27.963668823242188
0.8642700910568237,27.960233688354492
0.8900109529495239,27.959335327148438
0.8792815804481506,27.950639724731445
0.871340274810791,27.936861038208008
0.8831902742385864,27.917280197143555
0.8938762545585632,27.899290084838867
0.877777099609375,27.877485275268555
0.860831081867218,27.860414505004883
0.8515055179595947,27.844480514526367
0.8633208274841309,27.831254959106445
0.8724219799041748,27.815828323364258
0.8906901478767395,27.806535720825195
0.8870125412940979,27.801362991333008
0.8693702220916748,27.799345016479492
0.8665047287940979,27.797304153442383
0.8496384024620056,27.795623779296875
0.8822998404502869,27.795822143554688
0.8926144242286682,27.797346115112305
0.8781110048294067,27.800020217895508
0.87460857629776,27.80116081237793
0.8900473117828369,27.806058883666992
0.878445029258728,27.813203811645508
0.8718708753585815,27.829954147338867
0.8569099307060242,27.85333251953125
0.8705262541770935,27.879152297973633
0.8854387998580933,27.907716751098633
0.8486718535423279,27.937089920043945
0.8825889229774475,27.969741821289062
0.8807785511016846,28.009811401367188
0.8752542734146118,28.04826545715332
0.8956791758537292,28.079435348510742
0.8977245092391968,28.098066329956055
0.8724023103713989,28.112485885620117
0.8665930032730103,28.123247146606445
0.8732272982597351,28.136964797973633
0.8729620575904846,28.149538040161133
0.8498910665512085,28.169340133666992
0.870962917804718,28.189958572387695
0.8566797375679016,28.207181930541992
0.8735079169273376,28.22374153137207
0.8484364151954651,28.242979049682617
0.863052487373352,28.249143600463867
0.8849201202392578,28.245302200317383
0.881048858165741,28.243547439575195
0.8725379109382629,28.245405197143555
0.8775940537452698,28.250139236450195
0.8524637818336487,28.248273849487305
0.8711349964141846,28.247316360473633
0.8758020997047424,28.253084182739258
0.8779591917991638,28.254854202270508
0.8667973279953003,28.249025344848633
0.8722500801086426,28.24650764465332
0.8982069492340088,28.247480392456055
0.8651231527328491,28.248777389526367
0.8893810510635376,28.243288040161133
0.8457220792770386,28.244291305541992
0.8584022521972656,28.240068435668945
0.8564179539680481,28.23192024230957
0.8856356739997864,28.215774536132812
0.8801561594009399,28.201765060424805
0.8793729543685913,28.188188552856445
0.8663932681083679,28.172868728637695
0.8697863221168518,28.14973258972168
0.8652085661888123,28.124834060668945
0.8721641302108765,28.103498458862305
0.8650510311126709,28.081344604492188
0.8785445094108582,28.062116622924805
0.8764405250549316,28.04510498046875
0.8838521242141724,28.034639358520508
0.8642131090164185,28.021560668945312
0.8704338073730469,28.00800895690918
0.8594730496406555,27.997190475463867
0.8779765963554382,27.97639274597168
0.8430386781692505,27.96259880065918
0.8537136316299438,27.950624465942383
0.8637040853500366,27.938690185546875
0.8779690861701965,27.92402458190918
0.8849589228630066,27.913724899291992
0.8490791916847229,27.901124954223633
0.8721609711647034,27.895994186401367
0.8550506234169006,27.899824142456055
0.8659051656723022,27.910280227661133
0.849744439125061,27.917905807495117
0.8757977485656738,27.915786743164062
0.8731669783592224,27.916959762573242
0.8819392919540405,27.90703010559082
0.8600677251815796,27.907194137573242
0.8723267316818237,27.907472610473633
0.8512924909591675,27.909086227416992
0.8680931925773621,27.908369064331055
0.8831859230995178,27.902799606323242
0.8521103858947754,27.891817092895508
0.864549458026886,27.8861083984375
0.8700329065322876,27.883665084838867
0.8674238920211792,27.878572463989258
0.8738701939582825,27.881425857543945
0.8529542684555054,27.88463020324707
0.8767921924591064,27.88092041015625
0.8658732771873474,27.884092330932617
0.8805726766586304,27.891969680786133
0.87776118516922,27.90228271484375
0.8700625896453857,27.91358757019043
0.8762476444244385,27.921340942382812
0.86453777551651,27.933439254760742
0.8608234524726868,27.94459342956543
0.860039472579956,27.948335647583008
0.8646841049194336,27.951566696166992
0.8862237930297852,27.957015991210938
0.8668014407157898,27.962629318237305
0.9046648740768433,27.971097946166992
0.8782804012298584,27.979829788208008
0.8645583391189575,27.992109298706055
0.877028226852417,27.99205207824707
0.8575522899627686,27.99754524230957
0.8890788555145264,27.998411178588867
0.8786265254020691,27.996580123901367
0.8916184306144714,27.988008499145508
0.8763542175292969,27.983400344848633
0.8504040241241455,27.975343704223633
0.8607831597328186,27.967653274536133
0.862137496471405,27.951539993286133
0.8830288052558899,27.933504104614258
0.8810784220695496,27.909101486206055
0.8815904259681702,27.884748458862305
0.847693920135498,27.86323356628418
0.8603821992874146,27.838808059692383
0.8822249174118042,27.8153076171875
0.8625805974006653,27.79911994934082
0.8870417475700378,27.782499313354492
0.8811916708946228,27.75422477722168
0.8650788068771362,27.728151321411133
0.8691446781158447,27.709091186523438
0.8748067617416382,27.693815231323242
0.8769857883453369,27.684755325317383
0.8752402663230896,27.67201042175293
0.8841354250907898,27.66181755065918
0.8876021504402161,27.642702102661133
0.8753288388252258,27.628570556640625
0.8613583445549011,27.617155075073242
0.8448648452758789,27.602373123168945
0.8689413666725159,27.590986251831055
0.8727337121963501,27.576200485229492
0.8900141716003418,27.558149337768555
0.8616253733634949,27.553773880004883
0.8698984980583191,27.53416633605957
0.8808504939079285,27.513654708862305
0.8907667398452759,27.494779586791992
0.8870450258255005,27.480741500854492
0.8620798587799072,27.459091186523438
0.8642097115516663,27.447603225708008
0.8628914952278137,27.439558029174805
0.8690758943557739,27.436933517456055
0.8709429502487183,27.440080642700195
0.8885213136672974,27.449281692504883
0.8633507490158081,27.452741622924805
0.8811402320861816,27.44953727722168
0.8763015866279602,27.447111129760742
0.8681970834732056,27.440717697143555
0.85594642162323,27.439268112182617
0.881985068321228,27.433073043823242
0.8676434755325317,27.431013107299805
0.855707049369812,27.430585861206055
0.8715417981147766,27.421567916870117
0.8686070442199707,27.406431198120117
0.8736022710800171,27.394132614135742
0.8501157164573669,27.389585494995117
0.8466227054595947,27.38670539855957
0.8584026098251343,27.389589309692383
0.8520095944404602,27.384889602661133
0.8811374306678772,27.380826950073242
0.8732245564460754,27.378202438354492
0.8780257105827332,27.372343063354492
0.8720089793205261,27.372495651245117
0.8789602518081665,27.379575729370117
0.8565368056297302,27.391036987304688
0.884560227394104,27.396482467651367
0.8816236257553101,27.407028198242188
0.8606058359146118,27.412843704223633
0.8521757125854492,27.407915115356445
0.8678069710731506,27.40153694152832
0.865432620048523,27.387025833129883
0.8724713325500488,27.37773323059082
0.8705792427062988,27.372360229492188
0.8919011950492859,27.366926193237305
0.8568611741065979,27.373964309692383
0.8714354038238525,27.387113571166992
0.8740061521530151,27.409303665161133
0.8836119771003723,27.43195915222168
0.8902570605278015,27.447385787963867
0.864025354385376,27.459245681762695
0.8804447650909424,27.46711540222168
0.9027962684631348,27.472089767456055
0.8782450556755066,27.481779098510742
0.880989134311676,27.493711471557617
0.8633407950401306,27.505308151245117
0.8799299597740173,27.52018928527832
0.8715935349464417,27.528902053833008
0.8736398220062256,27.536806106567383
0.8688097596168518,27.542482376098633
0.8858157396316528,27.54090690612793
0.8491865992546082,27.547273635864258
0.8798677921295166,27.55558967590332
0.8658493161201477,27.57286262512207
0.8604347109794617,27.57659912109375
0.8609793782234192,27.58018684387207
0.868950366973877,27.59376335144043
0.8781538009643555,27.59943962097168
0.8887169361114502,27.608522415161133
0.8804668188095093,27.61866569519043
0.8627431988716125,27.63054084777832
0.8772637248039246,27.64405632019043
0.8628774881362915,27.651288986206055
0.8843186497688293,27.651517868041992
0.8698225021362305,27.660646438598633
0.9112233519554138,27.670686721801758
0.8793212175369263,27.677597045898438
0.8570780158042908,27.679792404174805
0.8478674292564392,27.683225631713867
0.8760767579078674,27.688627243041992
0.8623467087745667,27.696290969848633
0.8824647068977356,27.70051383972168
0.8685886859893799,27.70948600769043
0.8718583583831787,27.723405838012695
0.8682162165641785,27.754732131958008
0.8614410758018494,27.78660774230957
0.8773727416992188,27.817277908325195
0.8602268695831299,27.844449996948242
0.8603532314300537,27.871736526489258
0.8784186244010925,27.891904830932617
0.8784670233726501,27.91364860534668
0.8601727485656738,27.93830680847168
0.8692516088485718,27.965791702270508
0.8436765670776367,27.992368698120117
0.8735068440437317,28.02442741394043
0.867624819278717,28.052473068237305
0.8862476348876953,28.070375442504883
0.8492456674575806,28.09221076965332
0.847046434879303,28.111295700073242
0.8801873326301575,28.12055778503418
0.8789612054824829,28.121320724487305
0.8780573010444641,28.116273880004883
0.8657715916633606,28.112367630004883
0.8581940531730652,28.112333297729492
0.8774011135101318,28.111541748046875
0.8619306087493896,28.112913131713867
0.8612067699432373,28.107271194458008
0.8706033825874329,28.098787307739258
0.8940431475639343,28.092775344848633
0.855255663394928,28.09162712097168
0.8874219655990601,28.094419479370117
0.8674136400222778,28.107851028442383
0.8689879179000854,28.114439010620117
0.8854897022247314,28.12812614440918
0.8715218305587769,28.136520385742188
0.8660544753074646,28.15083122253418
0.8511849641799927,28.15858268737793
0.8398377299308777,28.168241500854492
0.8732122182846069,28.176542282104492
0.8671393394470215,28.18494987487793
0.8716727495193481,28.192731857299805
0.8704583048820496,28.197481155395508
0.8879125118255615,28.195188522338867
0.8736798167228699,28.189329147338867
0.8667389750480652,28.194929122924805
0.8829260468482971,28.201780319213867
0.8587039709091187,28.20716667175293
0.8538434505462646,28.21064567565918
0.8699195981025696,28.216245651245117
0.8743873834609985,28.216325759887695
0.8427143096923828,28.213411331176758
0.855108916759491,28.202699661254883
0.877428412437439,28.199949264526367
0.8545358180999756,28.186338424682617
0.8835961818695068,28.175460815429688
0.8923925161361694,28.171674728393555
0.8715718984603882,28.170427322387695
0.8616987466812134,28.181581497192383
0.8660901784896851,28.190004348754883
0.87702876329422,28.199129104614258
0.8637970685958862,28.207489013671875
0.8580144643783569,28.22313117980957
0.8727880120277405,28.241971969604492
0.8659902811050415,28.25922966003418
0.8788353800773621,28.280733108520508
0.8840533494949341,28.294843673706055
0.8704220652580261,28.308332443237305
0.859855592250824,28.314821243286133
0.8583812117576599,28.32341194152832
0.8716796636581421,28.328569412231445
0.8787859082221985,28.330232620239258
0.8570754528045654,28.326326370239258
0.8538082242012024,28.327268600463867
0.8661311864852905,28.32319450378418
0.8866358995437622,28.316650390625
0.898184597492218,28.31352424621582
0.8480916023254395,28.307008743286133
0.8704681396484375,28.29736328125
0.8823925256729126,28.293184280395508
0.8691657781600952,28.290422439575195
0.8581318259239197,28.284303665161133
0.8856879472732544,28.272737503051758
0.8602279424667358,28.269880294799805
0.8839027881622314,28.268327713012695
0.8587957620620728,28.26922607421875
0.8838916420936584,28.267061233520508
0.8614667654037476,28.269411087036133
0.850664496421814,28.266298294067383
0.8847174048423767,28.261079788208008
0.8702325224876404,28.2596435546875
0.8621693253517151,28.266050338745117
0.8624688386917114,28.259920120239258
0.8940213322639465,28.253293991088867
0.8794057369232178,28.249422073364258
0.8671340346336365,28.242753982543945
0.850333034992218,28.233613967895508
0.854336142539978,28.227643966674805
0.8528879880905151,28.230634689331055
0.854643702507019,28.234390258789062
0.8833969235420227,28.241910934448242
0.86592698097229,28.254793167114258
0.8696186542510986,28.261945724487305
0.8685358166694641,28.275484085083008
0.8879620432853699,28.290102005004883
0.880772054195404,28.304367065429688
0.879317045211792,28.312639236450195
0.86571204662323,28.320344924926758
0.885761559009552,28.329511642456055
0.8722800612449646,28.337339401245117
0.8827177882194519,28.347185134887695
0.869350016117096,28.365629196166992
0.8657075762748718,28.380735397338867
0.8733886480331421,28.393571853637695
0.8552554249763489,28.402864456176758
0.8699581623077393,28.410551071166992
0.8802536725997925,28.416959762573242
0.8549050688743591,28.429807662963867
0.8795414566993713,28.434404373168945
0.8785739541053772,28.444089889526367
0.8646284341812134,28.451021194458008
0.8792763948440552,28.456695556640625
0.8596434593200684,28.465818405151367
0.8584170937538147,28.472333908081055
0.8646448254585266,28.48150634765625
0.8696843981742859,28.486299514770508
0.8622239232063293,28.487638473510742
0.892295241355896,28.477949142456055
0.8853960633277893,28.464689254760742
0.8513742685317993,28.459259033203125
0.8840159177780151,28.450254440307617
0.8498777747154236,28.439393997192383
0.8650810122489929,28.424345016479492
0.8658506274223328,28.408279418945312
0.8598750829696655,28.384140014648438
0.8701432347297668,28.355440139770508
0.8741708993911743,28.329038619995117
0.8768283128738403,28.299074172973633
0.8610978722572327,28.278383255004883
0.8724685907363892,28.262723922729492
0.8728964924812317,28.241621017456055
0.8744072914123535,28.23162841796875
0.8779978156089783,28.22039794921875
0.8817266821861267,28.217145919799805
0.884585976600647,28.217023849487305
0.8611531257629395,28.212892532348633
0.8540163040161133,28.200773239135742
0.8579577207565308,28.188982009887695
0.8813900351524353,28.170228958129883
0.8809686303138733,28.1529541015625
0.8730080127716064,28.127561569213867
0.8792881965637207,28.103212356567383
0.8636300563812256,28.075349807739258
0.8693956136703491,28.051130294799805
0.8766924142837524,28.029603958129883
0.8814308047294617,28.010149002075195
0.8728976845741272,27.990968704223633
0.860744297504425,27.966520309448242
0.8743718266487122,27.936859130859375
0.8653964996337891,27.916305541992188
0.862419843673706,27.890897750854492
0.8909670114517212,27.866640090942383
0.9054208993911743,27.840208053588867
0.8907155990600586,27.813020706176758
0.8713614344596863,27.788467407226562
0.8681852221488953,27.760772705078125
0.8566182851791382,27.745363235473633
0.8615943789482117,27.726472854614258
0.8568084239959717,27.706544876098633
0.8724419474601746,27.685148239135742
0.8920327425003052,27.664308547973633
0.8539182543754578,27.646560668945312
0.8618725538253784,27.632001876831055
0.909970760345459,27.616666793823242
0.8792581558227539,27.60148811340332
0.8780807256698608,27.590194702148438
0.8670911192893982,27.578508377075195
0.8842052221298218,27.5697021484375
0.8397443294525146,27.56159782409668
0.8899636268615723,27.556123733520508
0.8681645393371582,27.545473098754883
0.8887843489646912,27.538129806518555
0.866119384765625,27.528409957885742
0.8762093782424927,27.52342414855957
0.8695761561393738,27.517789840698242
0.8937866687774658,27.512601852416992
0.8783121705055237,27.51673698425293
0.8761438131332397,27.519285202026367
0.8672875165939331,27.513914108276367
0.8799035549163818,27.510881423950195
0.8686204552650452,27.508668899536133
0.8750424981117249,27.50749397277832
0.8771313428878784,27.507753372192383
0.860436737537384,27.50739860534668
0.897311806678772,27.503934860229492
0.8703393936157227,27.49915885925293
0.8489792346954346,27.501401901245117
0.8850172758102417,27.496049880981445
0.8738278746604919,27.48603630065918
0.8605036735534668,27.48353385925293
0.8475412130355835,27.48382568359375
0.8651582598686218,27.480741500854492
0.8742172718048096,27.478605270385742
0.8548858761787415,27.48377799987793
0.871618390083313,27.488679885864258
0.8789103031158447,27.492067337036133
0.8777221441268921,27.49995231628418
0.8731867074966431,27.50377082824707
0.8841280937194824,27.51386833190918
0.8796639442443848,27.528505325317383
0.8740472793579102,27.548646926879883
0.8801097869873047,27.563356399536133
0.8656129837036133,27.577455520629883
0.8581548929214478,27.59461784362793
0.8976247310638428,27.615232467651367
0.8732979893684387,27.631925582885742
0.858648955821991,27.653715133666992
0.8872178792953491,27.67436408996582
0.8795927166938782,27.700773239135742
0.8456661105155945,27.72974967956543
0.8624699115753174,27.762022018432617
0.8784639239311218,27.783506393432617
0.8749232292175293,27.804933547973633
0.8595432043075562,27.824277877807617
0.8840877413749695,27.843416213989258
0.8674255609512329,27.854490280151367
0.8547009825706482,27.86677360534668
0.8679821491241455,27.87315559387207
0.8686125874519348,27.87932014465332
0.8448343873023987,27.882478713989258
0.8647507429122925,27.88502311706543
0.8846735954284668,27.882341384887695
0.867093026638031,27.881391525268555
0.866396963596344,27.878206253051758
0.8920061588287354,27.87275505065918
0.8712909817695618,27.87037467956543
0.882620096206665,27.87578010559082
0.8525712490081787,27.87187385559082
0.8672067523002625,27.873258590698242
0.8571900725364685,27.873138427734375
0.8798384070396423,27.881513595581055
0.8778596520423889,27.89137077331543
0.8925034403800964,27.899141311645508
0.8583102822303772,27.902814865112305
0.8749265670776367,27.906280517578125
0.8717620372772217,27.907121658325195
0.8832630515098572,27.909589767456055
0.8720775246620178,27.929288864135742
0.8714443445205688,27.948671340942383
0.8766096830368042,27.975568771362305
0.8778282403945923,28.004697799682617
0.8635842204093933,28.025285720825195
0.8817790150642395,28.042085647583008
0.8748801946640015,28.052106857299805
0.884765088558197,28.067293167114258
0.8798438310623169,28.085569381713867
0.8685888648033142,28.101011276245117
0.8804073929786682,28.110246658325195
0.8696576952934265,28.113710403442383
0.8636770844459534,28.124448776245117
0.8805122375488281,28.131528854370117
0.8654234409332275,28.137296676635742
0.8663814067840576,28.145784378051758
0.8592315316200256,28.15449333190918
0.8717601299285889,28.160886764526367
0.8695958256721497,28.167360305786133
0.8596696257591248,28.177549362182617
0.8884152173995972,28.188825607299805
0.8964534997940063,28.201539993286133
0.8802154660224915,28.21461296081543
0.8925285935401917,28.235288619995117
0.8697710037231445,28.244932174682617
0.8665355443954468,28.24229621887207
0.8938318490982056,28.232316970825195
0.8729351758956909,28.227630615234375
0.8918436169624329,28.231706619262695
0.8515838980674744,28.231870651245117
0.9028468728065491,28.230958938598633
0.8847552537918091,28.232439041137695
0.8809942007064819,28.234357833862305
0.8967257738113403,28.239809036254883
0.888924777507782,28.244203567504883
0.8740656971931458,28.24860954284668
0.870676577091217,28.252408981323242
0.8619248867034912,28.255767822265625
0.8674108386039734,28.245512008666992
0.8745484352111816,28.227876663208008
0.8949923515319824,28.203859329223633
0.8817057013511658,28.176816940307617
0.8799220323562622,28.159040451049805
0.8725224137306213,28.133102416992188
0.841794490814209,28.105363845825195
0.8661019206047058,28.083818435668945
0.8629297614097595,28.06641960144043
0.8750632405281067,28.044157028198242
0.8686037063598633,28.02650260925293
0.8879904747009277,28.012910842895508
0.8695259094238281,28.006441116333008
0.8542020916938782,28.008209228515625
0.8681352138519287,28.007509231567383
0.8737719058990479,27.996061325073242
0.8599784970283508,27.988142013549805
0.883739173412323,27.981096267700195
0.8563979864120483,27.976137161254883
0.8904078006744385,27.982709884643555
0.8799929618835449,27.99622917175293
0.8666185736656189,28.005037307739258
0.8723653554916382,28.01689338684082
0.8807018399238586,28.02461051940918
0.8693602085113525,28.03074836730957
0.8351666331291199,28.031158447265625
0.8993685245513916,28.035661697387695
0.8884748816490173,28.040437698364258
0.8602017164230347,28.044675827026367
0.880414605140686,28.042417526245117
0.8760012984275818,28.040861129760742
0.8544108867645264,28.033388137817383
0.8893433213233948,28.024688720703125
0.8641470670700073,28.020200729370117
0.8799108862876892,28.02973747253418
0.8696893453598022,28.039308547973633
0.8800709247589111,28.045743942260742
0.8644367456436157,28.049362182617188
0.8683149814605713,28.057130813598633
0.8756035566329956,28.063858032226562
0.8692122101783752,28.06376838684082
0.8738569617271423,28.051664352416992
0.8710614442825317,28.035463333129883
0.8650898933410645,28.024858474731445
0.871250331401825,28.003725051879883
0.8636925220489502,27.980375289916992
0.8633998036384583,27.958406448364258
0.8745514154434204,27.933977127075195
0.8593428730964661,27.914794921875
0.8763910531997681,27.892499923706055
0.8796034455299377,27.867856979370117
0.8544329404830933,27.844728469848633
0.8747529983520508,27.817930221557617
0.8773422241210938,27.79167366027832
0.8561204671859741,27.775484085083008
0.8930614590644836,27.760515213012695
0.8903852105140686,27.744413375854492
0.861830472946167,27.730897903442383
0.8791135549545288,27.708356857299805
0.8700897097587585,27.685808181762695
0.8684884309768677,27.657136917114258
0.8736276626586914,27.642179489135742
0.859475314617157,27.636642456054688
0.8502970337867737,27.62870979309082
0.8501416444778442,27.628522872924805
0.8968814015388489,27.623872756958008
0.8562217950820923,27.614194869995117
0.8761725425720215,27.60725212097168
0.8897129893302917,27.600343704223633
0.8792509436607361,27.596193313598633
0.866990864276886,27.601442337036133
0.8670000433921814,27.610017776489258
0.8824609518051147,27.62480354309082
0.8968479633331299,27.647916793823242
0.881918728351593,27.667512893676758
0.8817347288131714,27.679414749145508
0.8623197674751282,27.687772750854492
0.8930995464324951,27.702192306518555
0.8951559066772461,27.709489822387695
0.8605234622955322,27.722885131835938
0.859464168548584,27.73390007019043
0.873587965965271,27.745315551757812
0.8624934554100037,27.764055252075195
0.882900595664978,27.782747268676758
0.8839654922485352,27.797346115112305
0.8746395707130432,27.793424606323242
0.8823176026344299,27.786439895629883
0.8624415993690491,27.775846481323242
0.8801971673965454,27.76856803894043
0.8547012209892273,27.758512496948242
0.8817684054374695,27.75813102722168
0.8656326532363892,27.759199142456055
0.8919814229011536,27.763429641723633
0.8558292388916016,27.771848678588867
0.8779796361923218,27.784334182739258
0.8714520335197449,27.79960823059082
0.8973990082740784,27.809358596801758
0.8812540173530579,27.822036743164062
0.8746809959411621,27.830167770385742
0.8885629773139954,27.845277786254883
0.8803552389144897,27.861204147338867
0.8598613739013672,27.876466751098633
0.8767808079719543,27.888395309448242
0.8701937198638916,27.900270462036133
0.8728909492492676,27.910661697387695
0.8693844079971313,27.91680908203125
0.8585425615310669,27.922086715698242
0.8551015853881836,27.919050216674805
0.8641514182090759,27.908113479614258
0.8672252297401428,27.901548385620117
0.8700279593467712,27.900510787963867
0.8835232853889465,27.900117874145508
0.8810738921165466,27.901384353637695
0.8700135946273804,27.90582275390625
0.8854191899299622,27.908536911010742
0.8586488962173462,27.902925491333008
0.870552122592926,27.894346237182617
0.8565559387207031,27.89569091796875
0.8550254106521606,27.895475387573242
0.8674570322036743,27.895051956176758
0.8769964575767517,27.892702102661133
0.872032880783081,27.89246940612793
0.8624306321144104,27.890668869018555
0.8701291084289551,27.879426956176758
0.8833060264587402,27.85862922668457
0.8951623439788818,27.830137252807617
0.8834574222564697,27.803434371948242
0.8722361326217651,27.789106369018555
0.8725685477256775,27.776670455932617
0.8793424367904663,27.771268844604492
0.8841845989227295,27.767854690551758
0.8752075433731079,27.77137565612793
0.8694937825202942,27.766752243041992
0.8749175071716309,27.756502151489258
0.892126202583313,27.743986129760742
0.8640551567077637,27.734220504760742
0.8874077796936035,27.731870651245117
0.8498623967170715,27.723234176635742
0.8478770852088928,27.720075607299805
0.8347153663635254,27.712766647338867
0.8523250222206116,27.706708908081055
0.8915287852287292,27.70557975769043
0.8760493993759155,27.702634811401367
0.8817007541656494,27.70640754699707
0.8744527101516724,27.713376998901367
0.8920948505401611,27.729555130004883
0.8605968952178955,27.744993209838867
0.8548485636711121,27.764768600463867
0.8731023073196411,27.789308547973633
0.8580608367919922,27.807722091674805
0.891002357006073,27.832975387573242
0.8743721842765808,27.855867385864258
0.8613616824150085,27.873945236206055
0.8779171705245972,27.880617141723633
0.8632718920707703,27.882661819458008
0.8635523319244385,27.874650955200195
0.8594263792037964,27.861482620239258
0.8752351999282837,27.843399047851562
0.848229706287384,27.83418083190918
0.8798766732215881,27.83195686340332
0.8637589812278748,27.82884407043457
0.8662258386611938,27.822633743286133
0.8680711388587952,27.808042526245117
0.8680468797683716,27.79307746887207
0.8882035613059998,27.787063598632812
0.8582895398139954,27.777494430541992
0.874515175819397,27.766508102416992
0.872164785861969,27.758790969848633
0.858843982219696,27.752775192260742
0.8602887988090515,27.744443893432617
0.8544823527336121,27.746427536010742
0.868333637714386,27.745267868041992
0.860876739025116,27.74958610534668
0.8679696321487427,27.750001907348633
0.8640424013137817,27.73907470703125
0.8797318935394287,27.732328414916992
0.8805238008499146,27.720916748046875
0.8720373511314392,27.716157913208008
0.899551510810852,27.708478927612305
0.8646179437637329,27.699342727661133
0.8691980242729187,27.694120407104492
0.8513273596763611,27.688138961791992
0.8524625301361084,27.685943603515625
0.8802081942558289,27.67805290222168
0.8690400123596191,27.67375373840332
0.8826265931129456,27.669450759887695
0.8796752691268921,27.66204833984375
0.8720982074737549,27.661195755004883
0.8807923793792725,27.657381057739258
0.8696534037590027,27.653440475463867
0.8792780637741089,27.650712966918945
0.8849002122879028,27.647825241088867
0.88876873254776,27.64109992980957
0.8599448204040527,27.638565063476562
0.8600109815597534,27.626371383666992
0.8621677160263062,27.623746871948242
0.8906078338623047,27.631927490234375
0.8805481195449829,27.647520065307617
0.8507862687110901,27.657106399536133
0.8495610952377319,27.673460006713867
0.8949903845787048,27.695222854614258
0.8773131370544434,27.71434211730957
0.8743211030960083,27.715665817260742
0.8781454563140869,27.714460372924805
0.891301155090332,27.711305618286133
0.8749278783798218,27.706161499023438
0.8724119663238525,27.695066452026367
0.8490970134735107,27.689302444458008
0.8720859289169312,27.68678092956543
0.8829761743545532,27.679765701293945
0.8700896501541138,27.665390014648438
0.8627417683601379,27.653871536254883
0.8565701246261597,27.640838623046875
0.8696666359901428,27.627901077270508
0.8772491216659546,27.613008499145508
0.8567838072776794,27.605649948120117
0.8761701583862305,27.595243453979492
0.8646337389945984,27.585081100463867
0.8497805595397949,27.57789421081543
0.8705465793609619,27.581253051757812
0.8828169107437134,27.583391189575195
0.8793067932128906,27.58673095703125
0.8725263476371765,27.5963134765625
0.8503626585006714,27.605009078979492
0.8741369247436523,27.607378005981445
0.8475337028503418,27.606534957885742
0.8742601275444031,27.607545852661133
0.8697227239608765,27.606386184692383
0.8532779216766357,27.600908279418945
0.8975479006767273,27.599836349487305
0.8742617964744568,27.606706619262695
0.8901851773262024,27.610898971557617
0.8648574948310852,27.620607376098633
0.8701419830322266,27.623735427856445
0.8837637305259705,27.632326126098633
0.8742947578430176,27.630125045776367
0.8759353160858154,27.63331413269043
0.8800197839736938,27.638334274291992
0.8574456572532654,27.637666702270508
0.8637742400169373,27.62788200378418
0.8637778759002686,27.62904167175293
0.8509657382965088,27.624635696411133
0.8701128959655762,27.61375617980957
0.8783808946609497,27.614458084106445
0.868134081363678,27.623197555541992
0.8722474575042725,27.636751174926758
0.8724033832550049,27.658937454223633
0.8698530793190002,27.682004928588867
0.8717261552810669,27.708269119262695
0.8793107867240906,27.72681999206543
0.8649166226387024,27.742677688598633
0.8708572387695312,27.765199661254883
0.874363899230957,27.788116455078125
0.898679256439209,27.81590461730957
0.87662672996521,27.839414596557617
0.8568430542945862,27.857927322387695
0.8786158561706543,27.873811721801758
0.8694922924041748,27.892026901245117
0.8729203939437866,27.908811569213867
0.8946105241775513,27.921628952026367
0.8526871204376221,27.935956954956055
0.8748494386672974,27.9444580078125
0.8743473291397095,27.950653076171875
0.8775169849395752,27.962297439575195
0.8607913851737976,27.970842361450195
0.8655233383178711,27.968416213989258
0.8745649456977844,27.970979690551758
0.8657246828079224,27.981035232543945
0.8712791204452515,27.994874954223633
0.8830714225769043,28.009016036987305
0.8866127729415894,28.017881393432617
0.8429135680198669,28.033403396606445
0.8809073567390442,28.043886184692383
0.860048770904541,28.054868698120117
0.8694795966148376,28.070512771606445
0.8825329542160034,28.07867431640625
0.8812833428382874,28.099973678588867
0.8615374565124512,28.120790481567383
0.8409032821655273,28.127090454101562
0.8606190085411072,28.138916015625
0.8648259043693542,28.151792526245117
0.8661479353904724,28.164289474487305
0.8756802082061768,28.178850173950195
0.8601309061050415,28.193525314331055
0.8674191236495972,28.20680046081543
0.8532727956771851,28.206647872924805
0.8726989030838013,28.200838088989258
0.8411373496055603,28.193540573120117
0.8765804171562195,28.1787109375
0.8714081048965454,28.15721321105957
0.8589969873428345,28.142972946166992
0.8520651459693909,28.132814407348633
0.8686268329620361,28.122957229614258
0.8817410469055176,28.114286422729492
0.8762195706367493,28.101408004760742
0.8857240676879883,28.08161735534668
0.8970081806182861,28.062681198120117
0.8629167675971985,28.053922653198242
0.8441885709762573,28.04163932800293
0.8451221585273743,28.032854080200195
0.8580952882766724,28.017059326171875
0.8627266883850098,27.995267868041992
0.8581129312515259,27.977415084838867
0.8907808661460876,27.962081909179688
0.8697420358657837,27.949174880981445
0.8902707099914551,27.942445755004883
0.8686074614524841,27.937423706054688
0.8870540857315063,27.927017211914062
0.8469446301460266,27.927276611328125
0.8606352210044861,27.934980392456055
0.8915972709655762,27.948549270629883
0.8424822092056274,27.966581344604492
0.8826215267181396,27.984619140625
0.8574021458625793,28.003690719604492
0.8607430458068848,28.013181686401367
0.8863092660903931,28.01910400390625
0.8968733549118042,28.023529052734375
0.8649612069129944,28.020505905151367
0.867985725402832,28.015562057495117
0.8702998161315918,28.021730422973633
0.8765565752983093,28.030624389648438
0.8593857884407043,28.045259475708008
0.8830804228782654,28.052915573120117
0.8843961954116821,28.052156448364258
0.8525545001029968,28.053342819213867
0.8794907331466675,28.053178787231445
0.8858344554901123,28.053434371948242
0.8750473856925964,28.052080154418945
0.8760979175567627,28.05775260925293
0.8763940334320068,28.05937385559082
0.8519523739814758,28.057767868041992
0.8743700981140137,28.067873001098633
0.8780210018157959,28.08674430847168
0.8610350489616394,28.099197387695312
0.8719921112060547,28.10566520690918
0.8719257712364197,28.107114791870117
0.868360161781311,28.11003303527832
0.8649498224258423,28.112138748168945
0.8728248476982117,28.111528396606445
0.8805375099182129,28.114286422729492
0.8654619455337524,28.11982536315918
0.8594735860824585,28.122953414916992
0.86181640625,28.127962112426758
0.8846251368522644,28.119047164916992
0.8673832416534424,28.113100051879883
0.8646264672279358,28.105194091796875
0.8848781585693359,28.101438522338867
0.8590103387832642,28.09355354309082
0.8684827089309692,28.09138298034668
0.8856061100959778,28.09300422668457
0.8828806281089783,28.093141555786133
0.8632577657699585,28.090713500976562
0.8539220690727234,28.098478317260742
0.8663685917854309,28.089902877807617
0.878987193107605,28.083040237426758
0.8693439960479736,28.073270797729492
0.8786004185676575,28.064207077026367
0.8769496083259583,28.05177116394043
0.8737843036651611,28.04327392578125
0.8804490566253662,28.026811599731445
0.8781404495239258,28.009336471557617
0.8586270809173584,27.999635696411133
0.8547101616859436,27.987058639526367
0.8955597281455994,27.978914260864258
0.8658869862556458,27.975278854370117
0.8689703345298767,27.969942092895508
0.867687463760376,27.96476936340332
0.8717756867408752,27.968660354614258
0.8874605894088745,27.98126220703125
0.8707694411277771,27.994688034057617
0.8710596561431885,28.010160446166992
0.8733521699905396,28.020048141479492
0.8764352202415466,28.033170700073242
0.8664922118186951,28.045408248901367
0.8839055895805359,28.056276321411133
0.8900116682052612,28.06220817565918
0.8651775121688843,28.067018508911133
0.8878430128097534,28.069686889648438
0.844566822052002,28.06464958190918
0.8530504107475281,28.060636520385742
0.8830074667930603,28.06184196472168
0.8607555031776428,28.05909538269043
0.8747972846031189,28.060712814331055
0.8671850562095642,28.063505172729492
0.8566970825195312,28.07000732421875
0.8642500638961792,28.078874588012695
0.8670614361763,28.092405319213867
0.8481196761131287,28.114076614379883
0.863242506980896,28.131574630737305
0.8751804828643799,28.150636672973633
0.8557645082473755,28.162721633911133
0.8867663145065308,28.16987419128418
0.8712778687477112,28.177457809448242
0.8555871844291687,28.180910110473633
0.8751165270805359,28.18531608581543
0.8754246234893799,28.18231201171875
0.8703336715698242,28.179594039916992
0.8661417961120605,28.17918586730957
0.8609787225723267,28.18083381652832
0.8768775463104248,28.180618286132812
0.8669663667678833,28.182451248168945
0.8726790547370911,28.18455696105957
0.8843381404876709,28.194196701049805
0.8776262998580933,28.19285774230957
0.8763889074325562,28.19221305847168
0.8619991540908813,28.199007034301758
0.8842507600784302,28.199905395507812
0.8646035194396973,28.204439163208008
0.8820635676383972,28.203779220581055
0.8828649520874023,28.194459915161133
0.8884615302085876,28.178680419921875
0.87322998046875,28.161527633666992
0.8740456104278564,28.14305305480957
0.8766787052154541,28.127256393432617
0.8742864727973938,28.11311149597168
0.8568130731582642,28.098953247070312
0.8676950931549072,28.082170486450195
0.8618196845054626,28.061246871948242
0.8866600394248962,28.040008544921875
0.8805707693099976,28.019102096557617
0.8625842928886414,28.000457763671875
0.8497385382652283,27.986528396606445
0.8918569684028625,27.965665817260742
0.8674627542495728,27.948823928833008
0.8713729977607727,27.929763793945312
0.8669935464859009,27.90367317199707
0.8568210601806641,27.87983512878418
0.8795714974403381,27.862016677856445
0.8625928163528442,27.843809127807617
0.8699881434440613,27.825912475585938
0.8740686178207397,27.806472778320312
0.8653266429901123,27.79942512512207
0.8667360544204712,27.797639846801758
0.8791086673736572,27.789993286132812
0.8805447220802307,27.788164138793945
0.8651880621910095,27.781278610229492
0.8626362681388855,27.776933670043945
0.8909709453582764,27.77043342590332
0.8691611289978027,27.765775680541992
0.8689240217208862,27.770204544067383
0.8838216662406921,27.777009963989258
0.8567707538604736,27.78651237487793
0.8689596056938171,27.799850463867188
0.8524818420410156,27.820722579956055
0.8803309202194214,27.835832595825195
0.875899076461792,27.843843460083008
0.8809525966644287,27.848466873168945
0.8680858016014099,27.854127883911133
0.869635820388794,27.858797073364258
0.8716379404067993,27.857877731323242
0.8675066232681274,27.867856979370117
0.8632521033287048,27.880311965942383
0.8647266626358032,27.88755989074707
0.8705471754074097,27.892702102661133
0.8812357187271118,27.891921997070312
0.8845219612121582,27.890836715698242
0.8641307353973389,27.898679733276367
0.8594852685928345,27.906431198120117
0.8698849678039551,27.915191650390625
0.8598684072494507,27.92875862121582
0.8696427345275879,27.94141960144043
0.8763397336006165,27.950456619262695
0.8550534844398499,27.96519660949707
0.8738864064216614,27.976198196411133
0.8737356662750244,27.98265266418457
0.9069280624389648,27.986284255981445
0.8826794624328613,27.983888626098633
0.8771594166755676,27.981508255004883
0.8486254215240479,27.971223831176758
0.8701528906822205,27.95112419128418
0.872234582901001,27.928571701049805
0.857369601726532,27.909421920776367
0.8755664229393005,27.896028518676758
0.8737196922302246,27.874555587768555
0.8646893501281738,27.855775833129883
0.8722101449966431,27.828889846801758
0.8759735822677612,27.797348022460938
0.8626070022583008,27.766538619995117
0.8589099049568176,27.739805221557617
0.896194338798523,27.723312377929688
0.8920254707336426,27.699052810668945
0.8757712841033936,27.671648025512695
0.8813455700874329,27.646852493286133
0.8747199177742004,27.618684768676758
0.8740947842597961,27.603654861450195
0.8619309663772583,27.595369338989258
0.8773088455200195,27.586015701293945
0.8680579662322998,27.577909469604492
0.8590506315231323,27.571535110473633
0.8571914434432983,27.564865112304688
0.8667219877243042,27.556764602661133
0.8492859601974487,27.552095413208008
0.8713564872741699,27.54350471496582
0.884498119354248,27.539121627807617
0.8850682973861694,27.532320022583008
0.8787109851837158,27.524595260620117
0.877410352230072,27.52061653137207
0.8787050843238831,27.514434814453125
0.8645493984222412,27.51030158996582
0.8674765229225159,27.509733200073242
0.8726100325584412,27.507095336914062
0.872249186038971,27.504377365112305
0.8622332811355591,27.509309768676758
0.8852055072784424,27.512300491333008
0.8740212321281433,27.513200759887695
0.8773020505905151,27.511579513549805
0.8769190311431885,27.50993537902832
0.8569360971450806,27.519132614135742
0.8823215961456299,27.535844802856445
0.8848870396614075,27.541425704956055
0.870273768901825,27.53333854675293
0.887565016746521,27.524919509887695
0.8858304619789124,27.512514114379883
0.8636700510978699,27.497499465942383
0.8495469093322754,27.478715896606445
0.8782873153686523,27.465394973754883
0.8946316242218018,27.456663131713867
0.8537322282791138,27.453401565551758
0.8941323757171631,27.450639724731445
0.8639881610870361,27.449033737182617
0.866544783115387,27.443925857543945
0.877787172794342,27.437528610229492
0.855530321598053,27.431028366088867
0.8664895296096802,27.421144485473633
0.8668709397315979,27.421873092651367
0.8909277319908142,27.42308235168457
0.8732126951217651,27.423646926879883
0.8765565156936646,27.420896530151367
0.8593502044677734,27.423219680786133
0.8493742346763611,27.425947189331055
0.8872132301330566,27.421220779418945
0.8638010025024414,27.413663864135742
0.8671091794967651,27.41523551940918
0.8891023397445679,27.423280715942383
0.8596922159194946,27.41938591003418
0.8720189929008484,27.421796798706055
0.8889766335487366,27.432710647583008
0.8777433037757874,27.45030403137207
0.8407929539680481,27.467954635620117
0.8749273419380188,27.480436325073242
0.8786684274673462,27.485000610351562
0.888237714767456,27.490644454956055
0.8756062984466553,27.49305534362793
0.8669819235801697,27.50482177734375
0.8770450353622437,27.508392333984375
0.8615408539772034,27.50828742980957
0.8798726797103882,27.520231246948242
0.8681147694587708,27.536283493041992
0.8750418424606323,27.556516647338867
0.875374972820282,27.56987190246582
0.8873814940452576,27.581144332885742
0.8634827733039856,27.587158203125
0.8596501350402832,27.594022750854492
0.8963078856468201,27.59398078918457
0.8583879470825195,27.591140747070312
0.8855714797973633,27.59019660949707
0.8490347862243652,27.593900680541992
0.8768461346626282,27.60692024230957
0.8718771934509277,27.61614990234375
0.8808502554893494,27.62788200378418
0.8647663593292236,27.638532638549805
0.8892679214477539,27.644668579101562
0.8742828965187073,27.646196365356445
0.8764177560806274,27.649932861328125
0.8490915298461914,27.665708541870117
0.8659610748291016,27.679168701171875
0.8796150088310242,27.694597244262695
0.8823378086090088,27.714265823364258
0.8824760913848877,27.727018356323242
0.8815804719924927,27.738069534301758
0.8788547515869141,27.748565673828125
0.8750372529029846,27.754789352416992
0.857021689414978,27.765138626098633
0.8835506439208984,27.767427444458008
0.8702369928359985,27.76182746887207
0.8662187457084656,27.758790969848633
0.8680264949798584,27.761674880981445
0.8642519116401672,27.76336669921875
0.8584993481636047,27.76856803894043
0.8625695705413818,27.773405075073242
0.8804763555526733,27.781478881835938
0.885932445526123,27.79163932800293
0.8828022480010986,27.804384231567383
0.8773336410522461,27.812211990356445
0.868045449256897,27.822813034057617
0.8890942931175232,27.83061408996582
0.8761228919029236,27.84112548828125
0.8880636096000671,27.852052688598633
0.8356740474700928,27.868162155151367
0.8805059194564819,27.893096923828125
0.8950932025909424,27.91566276550293
0.8698335289955139,27.932985305786133
0.8653774261474609,27.954984664916992
0.886828601360321,27.975278854370117
0.8382153511047363,27.99799919128418
0.8532196879386902,28.021284103393555
0.8665266036987305,28.040895462036133
0.8820000290870667,28.057741165161133
0.8692218065261841,28.074338912963867
0.8644859790802002,28.08427619934082
0.8546046614646912,28.089202880859375
0.8877443075180054,28.097883224487305
0.8638817667961121,28.10075569152832
0.8696044683456421,28.102689743041992
0.8649982213973999,28.10157585144043
0.8455743193626404,28.105728149414062
0.8947088718414307,28.11286735534668
0.8786865472793579,28.11619758605957
0.8708847165107727,28.123319625854492
0.8406242728233337,28.13380241394043
0.8967042565345764,28.12922477722168
0.8573979735374451,28.12779426574707
0.8684802055358887,28.126558303833008
0.8669347167015076,28.135530471801758
0.8752143979072571,28.142026901245117
0.8463736176490784,28.143156051635742
0.8571916818618774,28.148406982421875
0.860862135887146,28.14317512512207
0.8634849190711975,28.129240036010742
0.8666645884513855,28.126436233520508
0.8748264312744141,28.13044548034668
0.8598567843437195,28.137250900268555
0.8661600351333618,28.150972366333008
0.86201411485672,28.166521072387695
0.8756683468818665,28.191938400268555
0.8606409430503845,28.213544845581055
0.8765498399734497,28.234926223754883
0.8719414472579956,28.24583625793457
0.878339946269989,28.26423454284668
0.8997009992599487,28.277421951293945
0.8613175749778748,28.299379348754883
0.8602238297462463,28.310697555541992
0.8686919808387756,28.317808151245117
0.865054726600647,28.324739456176758
0.8695975542068481,28.333086013793945
0.8659905791282654,28.3448486328125
0.8851863145828247,28.362241744995117
0.8499302864074707,28.382600784301758
0.8529302477836609,28.40001106262207
0.8635213971138,28.408964157104492
0.8837504982948303,28.41240119934082
0.8630619645118713,28.416749954223633
0.8702846765518188,28.422212600708008
0.8936586380004883,28.424467086791992
0.8716155290603638,28.431699752807617
0.8755785226821899,28.429365158081055
0.8627806305885315,28.441679000854492
0.8694814443588257,28.45012092590332
0.8756707906723022,28.459840774536133
0.8505600690841675,28.466524124145508
0.8886418342590332,28.466981887817383
0.8818156123161316,28.46379280090332
0.8683593273162842,28.462644577026367
0.8766774535179138,28.455141067504883
0.8731461763381958,28.442506790161133
0.8516156077384949,28.43890380859375
0.8738011121749878,28.42411994934082
0.877691924571991,28.40690803527832
0.8634242415428162,28.395414352416992
0.8712553977966309,28.386980056762695
0.8779308199882507,28.375627517700195
0.8613060712814331,28.36553955078125
0.87514728307724,28.357088088989258
0.8593140840530396,28.353498458862305
0.8540841341018677,28.353116989135742
0.8764848113059998,28.348907470703125
0.8785625100135803,28.33897590637207
0.8606972694396973,28.336881637573242
0.8554964661598206,28.340211868286133
0.8713020086288452,28.35319709777832
0.907721757888794,28.365127563476562
0.87465500831604,28.380430221557617
0.8651942014694214,28.388700485229492
0.8568750619888306,28.40843391418457
0.8495261669158936,28.420061111450195
0.8679340481758118,28.432252883911133
0.869756281375885,28.452131271362305
0.8585477471351624,28.463178634643555
0.8654248118400574,28.464250564575195
0.8959458470344543,28.467546463012695
0.8898220062255859,28.45789909362793
0.871703028678894,28.450895309448242
0.8495615720748901,28.444578170776367
0.8654839992523193,28.435243606567383
0.869438648223877,28.428434371948242
0.8628501892089844,28.41779899597168
0.8699476718902588,28.407670974731445
0.8608036041259766,28.390274047851562
0.8910328149795532,28.374967575073242
0.884781002998352,28.357084274291992
0.8642787337303162,28.33647346496582
0.8707268238067627,28.314241409301758
0.872299313545227,28.29472541809082
0.8818423748016357,28.273195266723633
0.869611382484436,28.257631301879883
0.8746777176856995,28.24919319152832
0.8628531694412231,28.231536865234375
0.8867456912994385,28.225189208984375
0.8749783039093018,28.222200393676758
0.8700953125953674,28.219209671020508
0.8690987825393677,28.218229293823242
0.8719066977500916,28.210248947143555
0.8565793037414551,28.199750900268555
0.8677003979682922,28.180723190307617
0.8758244514465332,28.16737174987793
0.8318923115730286,28.152692794799805
0.8766674399375916,28.130966186523438
0.8698848485946655,28.103914260864258
0.8634709119796753,28.08039665222168
0.8725348711013794,28.057954788208008
0.8861822485923767,28.041669845581055
0.8902457356452942,28.012269973754883
0.8875205516815186,27.983400344848633
0.8784270286560059,27.964494705200195
0.8827968835830688,27.946195602416992
0.861303985118866,27.930585861206055
0.8684317469596863,27.921049118041992
0.8722204566001892,27.925018310546875
0.8824386596679688,27.926816940307617
0.8802079558372498,27.925687789916992
0.8625864386558533,27.923311233520508
0.8591805696487427,27.928346633911133
0.8673624992370605,27.93604850769043
0.8836949467658997,27.933748245239258
0.8565155267715454,27.92835807800293
0.8852364420890808,27.91261100769043
0.8865789771080017,27.886137008666992
0.8877123594284058,27.85771369934082
0.8585708737373352,27.841062545776367
0.8503332138061523,27.830522537231445
0.863378643989563,27.82037353515625
0.8724970817565918,27.810667037963867
0.8755148649215698,27.804841995239258
0.8615020513534546,27.807924270629883
0.8755972981452942,27.809572219848633
0.8607356548309326,27.81016731262207
0.8777740001678467,27.80755615234375
0.8685427904129028,27.798418045043945
0.8489036560058594,27.79368782043457
0.853707492351532,27.783506393432617
0.8698968291282654,27.769041061401367
0.8695732355117798,27.761138916015625
0.8532597422599792,27.75401496887207
0.8814041614532471,27.746294021606445
0.8517910242080688,27.74140739440918
0.8701471090316772,27.741121292114258
0.8814413547515869,27.745893478393555
0.8703023791313171,27.750307083129883
0.8594217300415039,27.755983352661133
0.880881130695343,27.763933181762695
0.8720122575759888,27.773271560668945
0.8885715007781982,27.781522750854492
0.8711398839950562,27.802003860473633
0.8644123077392578,27.81928825378418
0.8978307247161865,27.845308303833008
0.8554352521896362,27.864885330200195
0.8884533643722534,27.891191482543945
0.8678371906280518,27.927017211914062
0.8775546550750732,27.947113037109375
0.8750899434089661,27.964937210083008
0.8703776001930237,27.976591110229492
0.8854143619537354,27.990053176879883
0.8653172850608826,28.007020950317383
0.8670412302017212,28.025650024414062
0.8499491810798645,28.036134719848633
0.861994743347168,28.035123825073242
0.8787686824798584,28.038206100463867
0.8642645478248596,28.033540725708008
0.8618635535240173,28.037721633911133
0.8560149073600769,28.033464431762695
0.880568265914917,28.0347900390625
0.8756038546562195,28.040937423706055
0.8903440237045288,28.039228439331055
0.8614196181297302,28.04414176940918
0.8910696506500244,28.036100387573242
0.8527460694313049,28.04216194152832
0.8625032901763916,28.039857864379883
0.8677833676338196,28.025571823120117
0.8722987771034241,28.01385498046875
0.8857381939888,27.99659538269043
0.8708948493003845,27.98491096496582
0.8742291331291199,27.982343673706055
0.8699459433555603,27.984098434448242
0.8577383160591125,27.976167678833008
0.8526183366775513,27.97551155090332
0.8806943893432617,27.97477912902832
0.88129061460495,27.977628707885742
0.9015816450119019,27.980329513549805
0.8668805956840515,27.981706619262695
0.8628197312355042,27.987276077270508
0.8611232042312622,28.002838134765625
0.8894270062446594,28.02430534362793
0.8706256151199341,28.03984260559082
0.8914236426353455,28.056060791015625
0.8631128072738647,28.07353401184082
0.8759111166000366,28.090497970581055
0.8566044569015503,28.10273551940918
0.8889803290367126,28.117082595825195
0.8790559768676758,28.129640579223633
0.8507750630378723,28.143342971801758
0.8506823182106018,28.151979446411133
0.8647780418395996,28.156295776367188
0.8635790348052979,28.162874221801758
0.8770332336425781,28.17009162902832
0.8603330254554749,28.170610427856445
0.8436313271522522,28.169038772583008
0.8684185743331909,28.167783737182617
0.8597679138183594,28.165372848510742
0.8763505220413208,28.16120719909668
0.8691962957382202,28.151063919067383
0.8888517022132874,28.143327713012695
0.8674125671386719,28.138975143432617
0.8492221236228943,28.13023567199707
0.8565824031829834,28.118803024291992
0.8606542348861694,28.126237869262695
0.8840864300727844,28.131837844848633
0.8492125272750854,28.14457893371582
0.8734572529792786,28.159299850463867
0.8784619569778442,28.169862747192383
0.8674129247665405,28.184064865112305
0.8799061179161072,28.21038818359375
0.8720496296882629,28.236635208129883
0.8700708746910095,28.260251998901367
0.8716236352920532,28.287355422973633
0.8926976919174194,28.297029495239258
0.8585479259490967,28.305463790893555
0.8682096004486084,28.319093704223633
0.8931351900100708,28.324493408203125
0.8742722868919373,28.332170486450195
0.8862515687942505,28.341951370239258
0.8629613518714905,28.344755172729492
0.8537330031394958,28.345212936401367
0.8932334780693054,28.343198776245117
0.8388066291809082,28.33570671081543
0.8723932504653931,28.328947067260742
0.8934776186943054,28.324373245239258
0.8601456880569458,28.322877883911133
0.8501103520393372,28.32188606262207
0.8620421886444092,28.321123123168945
0.8596431612968445,28.32330322265625
0.8431947231292725,28.324251174926758
0.8797075152397156,28.315534591674805
0.8802468180656433,28.308774948120117
0.8859807848930359,28.305234909057617
0.8651049733161926,28.300443649291992
0.8681057095527649,28.29576301574707
0.8692809343338013,28.295988082885742
0.8659608364105225,28.290666580200195
0.8684263229370117,28.282045364379883
0.8636894822120667,28.264875411987305
0.858673095703125,28.255523681640625
0.8649442195892334,28.246397018432617
0.8783784508705139,28.248517990112305
0.8838791251182556,28.244264602661133
0.8575452566146851,28.234498977661133
0.8915858268737793,28.218034744262695
0.8693629503250122,28.19856071472168
0.8555071353912354,28.170671463012695
0.8632616996765137,28.149335861206055
0.8749152421951294,28.120697021484375
0.8891698122024536,28.09870719909668
0.8790178894996643,28.07185173034668
0.8836448788642883,28.042543411254883
0.8635433912277222,28.01856803894043
0.8691880106925964,27.997907638549805
0.8766008019447327,27.97871208190918
0.8878193497657776,27.959199905395508
0.8782082796096802,27.941938400268555
0.8684133291244507,27.93275260925293
0.8714196681976318,27.925033569335938
0.8853092193603516,27.921159744262695
0.8814824223518372,27.91651725769043
0.8749504685401917,27.914213180541992
0.8668707013130188,27.916444778442383
0.85765540599823,27.918596267700195
0.8750895261764526,27.925249099731445
0.8864325284957886,27.923845291137695
0.8752914667129517,27.918485641479492
0.8827415704727173,27.917037963867188
0.8881598114967346,27.91016960144043
0.871044933795929,27.899812698364258
0.8896807432174683,27.891584396362305
0.8658162355422974,27.884458541870117
0.8739463090896606,27.878328323364258
0.8570947647094727,27.86308479309082
0.8802977800369263,27.853376388549805
0.8832904100418091,27.843564987182617
0.8748770952224731,27.834413528442383
0.8549376726150513,27.831544876098633
0.8818929195404053,27.826322555541992
0.8671000003814697,27.817869186401367
0.8755863904953003,27.80579948425293
0.864717960357666,27.797731399536133
0.8852736353874207,27.786211013793945
0.8990155458450317,27.77226448059082
0.8885271549224854,27.762239456176758
0.8298856019973755,27.753877639770508
0.8803591132164001,27.754928588867188
0.8610149621963501,27.75670051574707
0.8712506294250488,27.753618240356445
0.8813580274581909,27.749574661254883
0.8955067992210388,27.741899490356445
0.8595190048217773,27.73176383972168
0.8504438996315002,27.727628707885742
0.8733824491500854,27.711885452270508
0.8740218877792358,27.701780319213867
0.8589348793029785,27.696413040161133
0.8595563769340515,27.688798904418945
0.8640824556350708,27.681791305541992
0.8533474206924438,27.679262161254883
0.8696061372756958,27.678373336791992
0.8664507269859314,27.676862716674805
0.86408531665802,27.667863845825195
0.8586080074310303,27.663896560668945
0.8748115301132202,27.657821655273438
0.8639638423919678,27.648361206054688
0.8968863487243652,27.640867233276367
0.8585059642791748,27.640092849731445
0.8821000456809998,27.647127151489258
0.8469465970993042,27.657148361206055
0.8597858548164368,27.667417526245117
0.869443416595459,27.675352096557617
0.8741989135742188,27.68255615234375
0.8832167387008667,27.688859939575195
0.8749297261238098,27.689054489135742
0.877333402633667,27.681428909301758
0.8634862899780273,27.666593551635742
0.8840426206588745,27.660886764526367
0.8760324716567993,27.654205322265625
0.8680070638656616,27.646146774291992
0.8908286690711975,27.643768310546875
0.8578872680664062,27.637802124023438
0.8780004978179932,27.628232955932617
0.8895459771156311,27.625394821166992
0.8890418410301208,27.62470817565918
0.8778972625732422,27.623825073242188
0.8771742582321167,27.626680374145508
0.8756539225578308,27.639801025390625
0.8616895079612732,27.650606155395508
0.8497085571289062,27.653837203979492
0.8537039756774902,27.650896072387695
0.8693654537200928,27.64897346496582
0.8503768444061279,27.651140213012695
0.8751229643821716,27.654085159301758
0.8688868284225464,27.65361213684082
0.8541763424873352,27.655275344848633
0.8851711750030518,27.65202522277832
0.8593059778213501,27.649381637573242
0.8615806698799133,27.64506721496582
0.8681217432022095,27.650754928588867
0.8668153285980225,27.656234741210938
0.8976820707321167,27.66276741027832
0.8856947422027588,27.667741775512695
0.8777114152908325,27.672990798950195
0.8760256767272949,27.67784309387207
0.8574999570846558,27.696962356567383
0.8695428371429443,27.714689254760742
0.853882908821106,27.72294807434082
0.879129946231842,27.723970413208008
0.8710435032844543,27.723878860473633
0.8638906478881836,27.72669792175293
0.8809959292411804,27.72901725769043
0.8812066316604614,27.735078811645508
0.8724714517593384,27.73646354675293
0.8685352802276611,27.735380172729492
0.8801719546318054,27.731290817260742
0.8568366169929504,27.722917556762695
0.8735942840576172,27.71051025390625
0.869530200958252,27.697874069213867
0.8641505837440491,27.682096481323242
0.8754698634147644,27.664060592651367
0.8637294769287109,27.644441604614258
0.8455297946929932,27.62480354309082
0.8845468759536743,27.597246170043945
0.8622936010360718,27.578874588012695
0.8864754438400269,27.560087203979492
0.8904047608375549,27.543489456176758
0.8424143195152283,27.525362014770508
0.8652536869049072,27.501279830932617
0.8867751359939575,27.473573684692383
0.8564206957817078,27.453996658325195
0.8583447337150574,27.430784225463867
0.8680375814437866,27.409391403198242
0.880398154258728,27.387590408325195
0.8821272850036621,27.35325813293457
0.8821415305137634,27.324602127075195
0.8935298919677734,27.300691604614258
0.8749112486839294,27.278108596801758
0.8819747567176819,27.259140014648438
0.8641806840896606,27.237581253051758
0.8946298956871033,27.214067459106445
0.8801955580711365,27.19639778137207
0.8696117997169495,27.181398391723633
0.856909990310669,27.161287307739258
0.8725115060806274,27.147768020629883
0.8531945943832397,27.139188766479492
0.8558796048164368,27.128446578979492
0.8779007196426392,27.12367057800293
0.8753551840782166,27.1156005859375
0.8769819140434265,27.11070442199707
0.8625068664550781,27.102689743041992
0.8774181604385376,27.096559524536133
0.8588212728500366,27.088699340820312
0.8782063126564026,27.076509475708008
0.8560174107551575,27.066438674926758
0.864345908164978,27.05372428894043
0.878970742225647,27.04749870300293
0.858860969543457,27.04533576965332
0.8634012341499329,27.049592971801758
0.8627811670303345,27.053972244262695
0.8739522695541382,27.04658317565918
0.8721663355827332,27.038042068481445
0.8857932090759277,27.020265579223633
0.8736915588378906,26.99974250793457
0.8363326787948608,26.986543655395508
0.8691686391830444,26.977127075195312
0.8802966475486755,26.963823318481445
0.8842342495918274,26.942411422729492
0.882522702217102,26.923444747924805
0.8766551613807678,26.906782150268555
0.8971982002258301,26.89996337890625
0.8773661255836487,26.892148971557617
0.880443811416626,26.887849807739258
0.8749032020568848,26.888364791870117
0.8749363422393799,26.881135940551758
0.8609300851821899,26.87330436706543
0.8696644306182861,26.862031936645508
0.8957587480545044,26.852033615112305
0.8723016977310181,26.85264778137207
0.8919665217399597,26.848371505737305
0.8524028062820435,26.845155715942383
0.8874529600143433,26.83515739440918
0.8688802123069763,26.830198287963867
0.8503451347351074,26.831052780151367
0.8684526681900024,26.835084915161133
0.8654364943504333,26.843061447143555
0.8537755608558655,26.85352897644043
0.8685041666030884,26.862363815307617
0.8773272633552551,26.865156173706055
0.8704701066017151,26.856245040893555
0.8936688899993896,26.844179153442383
0.8878740072250366,26.825441360473633
0.869820773601532,26.80449104309082
0.8741903305053711,26.785707473754883
0.8731931447982788,26.760591506958008
0.8598217368125916,26.745607376098633
0.8705713748931885,26.723997116088867
0.8784425258636475,26.703676223754883
0.8857192397117615,26.692045211791992
0.8531336188316345,26.685224533081055
0.881859540939331,26.67848014831543
0.8602527379989624,26.667768478393555
0.8791486620903015,26.659818649291992
0.8688187599182129,26.646638870239258
0.8649745583534241,26.630905151367188
0.8807910680770874,26.615568161010742
0.8827409148216248,26.608293533325195
0.8810281753540039,26.59764289855957
0.8790056705474854,26.587265014648438
0.8801802396774292,26.578996658325195
0.8914903402328491,26.567991256713867
0.8757922053337097,26.545408248901367
0.8705520629882812,26.528562545776367
0.8833080530166626,26.513856887817383
0.8684128522872925,26.490888595581055
0.9038498997688293,26.469911575317383
0.8780136108398438,26.44697380065918
0.8721817135810852,26.418275833129883
0.8684530258178711,26.394716262817383
0.8740434646606445,26.36247444152832
0.8757160902023315,26.331743240356445
0.8673412203788757,26.30207633972168
0.8754655122756958,26.272871017456055
0.8710936903953552,26.238370895385742
0.8394325971603394,26.207090377807617
0.8451188802719116,26.176774978637695
0.859561562538147,26.149370193481445
0.8733258247375488,26.12333869934082
0.8613237738609314,26.09473991394043
0.8738709688186646,26.063474655151367
0.8564719557762146,26.044374465942383
0.8485023379325867,26.028060913085938
0.860425591468811,26.008697509765625
0.8724584579467773,25.995176315307617
0.8719502091407776,25.990018844604492
0.8890023827552795,25.98716926574707
0.8662645816802979,25.976423263549805
0.8900737762451172,25.966981887817383
0.840704619884491,25.957334518432617
0.8726541996002197,25.936246871948242
0.8928593397140503,25.914705276489258
0.8688373565673828,25.896162033081055
0.8713184595108032,25.876798629760742
0.8895978927612305,25.858945846557617
0.8803836107254028,25.839963912963867
0.8758294582366943,25.828996658325195
0.8769114017486572,25.811311721801758
0.861536979675293,25.804611206054688
0.8762800693511963,25.79615592956543
0.881705105304718,25.78978157043457
0.8685805797576904,25.791288375854492
0.8542503118515015,25.794828414916992
0.8328133821487427,25.806734085083008
0.866992712020874,25.813505172729492
0.873745858669281,25.81640625
0.8541770577430725,25.81129264831543
0.8664177060127258,25.813631057739258
0.8600882291793823,25.812177658081055
0.8818116188049316,25.812089920043945
0.8827858567237854,25.808347702026367
0.8792408108711243,25.801454544067383
0.8766927719116211,25.80018424987793
0.8960779905319214,25.80195426940918
0.8739081621170044,25.80729866027832
0.8883451223373413,25.811433792114258
0.8795841336250305,25.819047927856445
0.8773663640022278,25.81953239440918
0.8906147480010986,25.828397750854492
0.8766352534294128,25.84056282043457
0.8854128122329712,25.857648849487305
0.8763198256492615,25.869306564331055
0.885587215423584,25.87693977355957
0.8922779560089111,25.896240234375
0.877043604850769,25.91447639465332
0.8711479902267456,25.921369552612305
0.8997960090637207,25.924989700317383
0.8750706911087036,25.931961059570312
0.8611138463020325,25.937314987182617
0.8715395927429199,25.934160232543945
0.8690191507339478,25.933866500854492
0.8659814596176147,25.923309326171875
0.8645740151405334,25.916868209838867
0.8593646287918091,25.913591384887695
0.8686231970787048,25.908815383911133
0.8536994457244873,25.913785934448242
0.8709222078323364,25.90418815612793
0.8649845719337463,25.897844314575195
0.8712507486343384,25.889558792114258
0.8514828681945801,25.887666702270508
0.8941136002540588,25.88386344909668
0.878379225730896,25.885221481323242
0.8699711561203003,25.88935661315918
0.85434889793396,25.898698806762695
0.8704649209976196,25.91279411315918
0.8769165277481079,25.929121017456055
0.8830108642578125,25.93971061706543
0.8760191202163696,25.944887161254883
0.8737879395484924,25.941484451293945
0.8723118305206299,25.946075439453125
0.8719342350959778,25.947404861450195
0.8556973338127136,25.957490921020508
0.8673288226127625,25.97160530090332
0.8635426759719849,25.98859977722168
0.863383412361145,26.006942749023438
0.8657464981079102,26.021039962768555
0.8753110766410828,26.02631950378418
0.8817448019981384,26.032835006713867
0.8743773102760315,26.034894943237305
0.8724427819252014,26.039674758911133
0.8901480436325073,26.044355392456055
0.8860485553741455,26.053071975708008
0.8873344659805298,26.070234298706055
0.8697625994682312,26.08220100402832
0.8897325396537781,26.094728469848633
0.8957046270370483,26.105531692504883
0.874840259552002,26.121400833129883
0.8898831009864807,26.133939743041992
0.8795276880264282,26.14238166809082
0.8683130145072937,26.144392013549805
0.875065267086029,26.145418167114258
0.8734631538391113,26.147123336791992
0.882770836353302,26.14158821105957
0.8721314072608948,26.138870239257812
0.8800324201583862,26.136367797851562
0.8740659952163696,26.137815475463867
0.8521838188171387,26.139463424682617
0.8727997541427612,26.144882202148438
0.863348662853241,26.151918411254883
0.8744345307350159,26.15968132019043
0.8560409545898438,26.164609909057617
0.874367892742157,26.176603317260742
0.8849039077758789,26.191740036010742
0.8749539852142334,26.20872688293457
0.8795080184936523,26.22480583190918
0.8594352006912231,26.251710891723633
0.8496096134185791,26.279081344604492
0.8738682866096497,26.300310134887695
0.865792989730835,26.314332962036133
0.8754967451095581,26.320493698120117
0.86952805519104,26.319089889526367
0.8712102174758911,26.319562911987305
0.877358615398407,26.314729690551758
0.8717519640922546,26.313322067260742
0.868736743927002,26.31846809387207
0.8758848905563354,26.326967239379883
0.852418065071106,26.340700149536133
0.8692211508750916,26.35590934753418
0.8795573711395264,26.377103805541992
0.8822515606880188,26.394332885742188
0.8669992685317993,26.414873123168945
0.866757333278656,26.417325973510742
0.8862525820732117,26.423219680786133
0.8917486667633057,26.42387580871582
0.8781418204307556,26.429136276245117
0.8932046890258789,26.425020217895508
0.8625891208648682,26.423295974731445
0.8726603388786316,26.412050247192383
0.8571745157241821,26.407320022583008
0.8574548959732056,26.410276412963867
0.8823310732841492,26.409574508666992
0.8595272302627563,26.409284591674805
0.8796496987342834,26.408754348754883
0.8655727505683899,26.407882690429688
0.867549479007721,26.409589767456055
0.8844292163848877,26.415788650512695
0.8765219449996948,26.427947998046875
0.8814190626144409,26.437227249145508
0.8671174645423889,26.451017379760742
0.8776758909225464,26.460052490234375
0.8636688590049744,26.467100143432617
0.8749063014984131,26.48051643371582
0.8658331632614136,26.486406326293945
0.9011206030845642,26.497817993164062
0.8576263785362244,26.500959396362305
0.8733751177787781,26.49614143371582
0.8769354820251465,26.499650955200195
0.8807485103607178,26.491270065307617
0.8780568242073059,26.479978561401367
0.8626763224601746,26.465028762817383
0.862643837928772,26.45074462890625
0.8772523999214172,26.44038200378418
0.8462314605712891,26.432249069213867
0.8731947541236877,26.426359176635742
0.8670424818992615,26.424348831176758
0.8589655756950378,26.42503547668457
0.8611078858375549,26.4268798828125
0.8670024871826172,26.424715042114258
0.8629589080810547,26.413803100585938
0.867444634437561,26.410097122192383
0.8590448498725891,26.397977828979492
0.8631798028945923,26.390745162963867
0.8728376626968384,26.389802932739258
0.8734914064407349,26.385435104370117
0.8911731839179993,26.38941764831543
0.8624475002288818,26.3995361328125
0.8920447826385498,26.418210983276367
0.882457435131073,26.444089889526367
0.8697801828384399,26.467561721801758
0.8747882843017578,26.484527587890625
0.8973917961120605,26.49835205078125
0.8771308064460754,26.508058547973633
0.8364078998565674,26.518098831176758
0.8953852653503418,26.531572341918945
0.8710154294967651,26.5443115234375
0.8800008893013,26.551179885864258
0.8923956155776978,26.556867599487305
0.8585234880447388,26.560073852539062
0.8619033694267273,26.564455032348633
0.8831017017364502,26.570924758911133
0.8779138922691345,26.579179763793945
0.8753043413162231,26.587034225463867
0.8560165166854858,26.594694137573242
0.8624095916748047,26.595640182495117
0.8560808897018433,26.592985153198242
0.8766610622406006,26.60017204284668
0.8813860416412354,26.599550247192383
0.8820428252220154,26.59602165222168
0.8566834926605225,26.59284782409668
0.8682126402854919,26.591733932495117
0.8661390542984009,26.588823318481445
0.8677861094474792,26.591217041015625
0.8882443904876709,26.593584060668945
0.8788287043571472,26.59290885925293
0.8688992857933044,26.587770462036133
0.87007737159729,26.580751419067383
0.8712844252586365,26.573671340942383
0.9002367258071899,26.572237014770508
0.8884221911430359,26.575319290161133
0.8625531196594238,26.583162307739258
0.852812647819519,26.587953567504883
0.87648606300354,26.597183227539062
0.872703492641449,26.603914260864258
0.8613617420196533,26.612031936645508
0.8798810243606567,26.625871658325195
0.8450400829315186,26.644166946411133
0.8826479315757751,26.65461540222168
0.8849967122077942,26.663068771362305
0.8726862072944641,26.669633865356445
0.8704973459243774,26.67536735534668
0.8542585372924805,26.67759895324707
0.8660287261009216,26.675840377807617
0.8634095788002014,26.674741744995117
0.8601750731468201,26.670438766479492
0.8846912980079651,26.664548873901367
0.8804053664207458,26.652982711791992
0.8536961078643799,26.644258499145508
0.8844832181930542,26.626066207885742
0.8798108100891113,26.610719680786133
0.8982130289077759,26.600021362304688
0.8514649868011475,26.584821701049805
0.876905083656311,26.570646286010742
0.8749972581863403,26.554672241210938
0.8519136309623718,26.539182662963867
0.8659217357635498,26.526243209838867
0.8839663863182068,26.52159309387207
0.8649150133132935,26.51545524597168
0.8730660676956177,26.518661499023438
0.8700095415115356,26.526765823364258
0.8707848787307739,26.525789260864258
0.8752753734588623,26.529722213745117
0.8750562071800232,26.53607177734375
0.8675529360771179,26.541975021362305
0.8666237592697144,26.54060173034668
0.880184531211853,26.550535202026367
0.8637037873268127,26.557878494262695
0.8993033170700073,26.555723190307617
0.871666669845581,26.539871215820312
0.8572988510131836,26.522310256958008
0.8545275330543518,26.514081954956055
0.8667703866958618,26.504560470581055
0.8734521269798279,26.499753952026367
0.8815553188323975,26.492765426635742
0.8689066171646118,26.480817794799805
0.8487294912338257,26.468412399291992
0.867088794708252,26.464509963989258
0.8527377843856812,26.459867477416992
0.8861268162727356,26.463361740112305
0.8568012714385986,26.466079711914062
0.8771196007728577,26.460983276367188
0.8663302659988403,26.45707893371582
0.8870874047279358,26.450075149536133
0.8783516883850098,26.438596725463867
0.8699586391448975,26.426786422729492
0.8779710531234741,26.419008255004883
0.8754374384880066,26.40339469909668
0.8685810565948486,26.38511848449707
0.8699908256530762,26.361709594726562
0.8735147714614868,26.355072021484375
0.8541104793548584,26.348447799682617
0.8666768670082092,26.343751907348633
0.8596577644348145,26.342374801635742
0.87147057056427,26.34025764465332
0.8594024181365967,26.333709716796875
0.844734787940979,26.32056999206543
0.8630332946777344,26.30797004699707
0.87697434425354,26.291318893432617
0.8702458143234253,26.263032913208008
0.8524212837219238,26.237457275390625
0.8627137541770935,26.21934700012207
0.8493530750274658,26.20164680480957
0.8852630853652954,26.185869216918945
0.8703291416168213,26.166658401489258
0.8954973816871643,26.141828536987305
0.8575204610824585,26.125349044799805
0.8805513978004456,26.106122970581055
0.867344319820404,26.0875244140625
0.8572863340377808,26.063520431518555
0.8717681765556335,26.051755905151367
0.8871731758117676,26.030412673950195
0.8659729957580566,26.016111373901367
0.8729788064956665,26.006669998168945
0.8739522695541382,26.004470825195312
0.8562756776809692,25.997560501098633
0.8870078921318054,25.993804931640625
0.8821927309036255,25.995698928833008
0.8709234595298767,25.988115310668945
0.8577781915664673,25.985734939575195
0.8735034465789795,25.983734130859375
0.876705527305603,25.980989456176758
0.8826125264167786,25.965654373168945
0.8948855996131897,25.956621170043945
0.8628175854682922,25.949735641479492
0.8750073909759521,25.943830490112305
0.8760930895805359,25.947998046875
0.8733532428741455,25.958024978637695
0.8469597697257996,25.963376998901367
0.8615332245826721,25.964887619018555
0.8914505839347839,25.96403694152832
0.8626269698143005,25.97264289855957
0.8792185187339783,25.989973068237305
0.8812320232391357,25.998746871948242
0.8666350841522217,26.010103225708008
0.8798381090164185,26.02031135559082
0.9021731615066528,26.03270149230957
0.8487851619720459,26.050859451293945
0.8725989460945129,26.06370735168457
0.8704220652580261,26.073057174682617
0.8963185548782349,26.08067512512207
0.8658661842346191,26.091875076293945
0.8817041516304016,26.091035842895508
0.849355161190033,26.087190628051758
0.8797708749771118,26.078676223754883
0.8521819710731506,26.065019607543945
0.8775761127471924,26.048128128051758
0.8635048270225525,26.041929244995117
0.850929319858551,26.035490036010742
0.869966447353363,26.038484573364258
0.8622612953186035,26.038755416870117
0.869160532951355,26.039045333862305
0.8575518727302551,26.040555953979492
0.8378949165344238,26.04792594909668
0.8745121955871582,26.060304641723633
0.8565565347671509,26.067672729492188
0.8826180696487427,26.069734573364258
0.8679291009902954,26.063478469848633
0.8711710572242737,26.056764602661133
0.8842463493347168,26.051176071166992
0.8694335222244263,26.04997444152832
0.8725996613502502,26.05012321472168
0.8728424906730652,26.05204963684082
0.8616144061088562,26.053220748901367
0.8860845565795898,26.059293746948242
0.8870176672935486,26.069734573364258
0.8909143805503845,26.071962356567383
0.8705642223358154,26.078401565551758
0.8842730522155762,26.08161735534668
0.8718292713165283,26.08650016784668
0.8882085084915161,26.08970832824707
0.8738995790481567,26.095136642456055
0.8787438273429871,26.098356246948242
0.8811887502670288,26.098237991333008
0.8826086521148682,26.095809936523438
0.8744215965270996,26.090085983276367
0.8867049813270569,26.081483840942383
0.8692343831062317,26.066450119018555
0.8805409669876099,26.057600021362305
0.8797930479049683,26.05125617980957
0.8735685348510742,26.044401168823242
0.880596399307251,26.0357666015625
0.8428701162338257,26.032320022583008
0.8749764561653137,26.034975051879883
0.8797566294670105,26.042984008789062
0.8492725491523743,26.055131912231445
0.8681649565696716,26.066452026367188
0.8831629157066345,26.072172164916992
0.8617517352104187,26.07451057434082
0.8596239686012268,26.087812423706055
0.8512610793113708,26.107210159301758
0.878210186958313,26.122133255004883
0.8775239586830139,26.135175704956055
0.884580671787262,26.146528244018555
0.8814408779144287,26.160093307495117
0.8843612670898438,26.174028396606445
0.889531672000885,26.18914794921875
0.8631113171577454,26.209442138671875
0.8708993792533875,26.233381271362305
0.8457843065261841,26.25474739074707
0.8738714456558228,26.271883010864258
0.8840572834014893,26.288358688354492
0.8864771127700806,26.291776657104492
0.8782827854156494,26.295564651489258
0.8825160264968872,26.304716110229492
0.8858606219291687,26.308881759643555
0.8702870607376099,26.308454513549805
0.886204719543457,26.309694290161133
0.9071564078330994,26.313203811645508
0.860389232635498,26.31669807434082
0.8741335868835449,26.326387405395508
0.8854316473007202,26.343259811401367
0.8818432688713074,26.354644775390625
0.8657784461975098,26.37200927734375
0.8710575103759766,26.390581130981445
0.8568688631057739,26.41502571105957
0.8739303946495056,26.438261032104492
0.8918839693069458,26.460493087768555
0.8806837797164917,26.478696823120117
0.9050345420837402,26.49683952331543
0.8823544383049011,26.512542724609375
0.8507750630378723,26.524229049682617
0.896370530128479,26.529939651489258
0.89030522108078,26.532529830932617
0.8566787838935852,26.53303337097168
0.8700998425483704,26.53407096862793
0.882189929485321,26.534393310546875
0.8605554103851318,26.538606643676758
0.8703129887580872,26.548906326293945
0.9003066420555115,26.562028884887695
0.8799482583999634,26.57304573059082
0.8789427280426025,26.593780517578125
0.8822392821311951,26.616853713989258
0.8731052279472351,26.64372444152832
0.8621188402175903,26.67144775390625
0.8906371593475342,26.700376510620117
0.8727869987487793,26.721132278442383
0.8796306848526001,26.74859619140625
0.8936622142791748,26.772783279418945
0.8655226826667786,26.787321090698242
0.8752200603485107,26.795377731323242
0.8732715249061584,26.803285598754883
0.8589580655097961,26.81328010559082
0.8677993416786194,26.822294235229492
0.886069655418396,26.82496452331543
0.8729648590087891,26.828474044799805
0.8860739469528198,26.83204460144043
0.8723748326301575,26.829774856567383
0.8692295551300049,26.826566696166992
0.8720640540122986,26.81993293762207
0.8888065814971924,26.81816291809082
0.8627119064331055,26.811857223510742
0.8804855346679688,26.801023483276367
0.8686538338661194,26.79130744934082
0.8770083785057068,26.775115966796875
0.8772874474525452,26.746644973754883
0.8884808421134949,26.71153450012207
0.8762655258178711,26.68406867980957
0.8704004287719727,26.652681350708008
0.8486070036888123,26.620328903198242
0.8881570100784302,26.582748413085938
0.8683420419692993,26.545976638793945
0.8716168999671936,26.516252517700195
0.8632534146308899,26.47813606262207
0.8921592831611633,26.444196701049805
0.8749757409095764,26.419097900390625
0.8919351696968079,26.404342651367188
0.8643504977226257,26.382169723510742
0.8553218841552734,26.370759963989258
0.887209415435791,26.361940383911133
0.8827512860298157,26.361997604370117
0.8639580011367798,26.369169235229492
0.8889363408088684,26.376632690429688
0.8523590564727783,26.390504837036133
0.8630603551864624,26.402254104614258
0.8697338104248047,26.419069290161133
0.8653220534324646,26.434206008911133
0.8487595915794373,26.452299118041992
0.8748904466629028,26.464738845825195
0.8592938780784607,26.472429275512695
0.8935444355010986,26.468446731567383
0.8653894066810608,26.465089797973633
0.8933558464050293,26.453218460083008
0.8938204646110535,26.435867309570312
0.8832879662513733,26.415143966674805
0.8662484884262085,26.40617561340332
0.846871018409729,26.39283561706543
0.8933306336402893,26.384000778198242
0.8812587261199951,26.378740310668945
0.87180095911026,26.381742477416992
0.8448532223701477,26.386442184448242
0.8823133707046509,26.392122268676758
0.8683976531028748,26.394790649414062
0.8785619735717773,26.40593147277832
0.8533663749694824,26.413820266723633
0.9005637168884277,26.429811477661133
0.8441262245178223,26.447786331176758
0.8506560325622559,26.471895217895508
0.8495081663131714,26.492647171020508
0.8923527002334595,26.502382278442383
0.8638044595718384,26.514314651489258
0.8775743842124939,26.524934768676758
0.8801140785217285,26.539091110229492
0.8678203821182251,26.559782028198242
0.8606263995170593,26.576173782348633
0.8804430961608887,26.594953536987305
0.8785179257392883,26.6142578125
0.8904989957809448,26.634355545043945
0.8840539455413818,26.65129280090332
0.8514100313186646,26.667024612426758
0.88530033826828,26.679231643676758
0.8775160908699036,26.683774948120117
0.8526426553726196,26.685335159301758
0.8724122643470764,26.695127487182617
0.8648281097412109,26.704912185668945
0.8777109384536743,26.705642700195312
0.8799403309822083,26.709564208984375
0.8705307245254517,26.701860427856445
0.8562667965888977,26.691482543945312
0.872355043888092,26.689359664916992
0.8434927463531494,26.690370559692383
0.8512431383132935,26.694669723510742
0.8769901990890503,26.702470779418945
0.8541151881217957,26.708406448364258
0.8664292693138123,26.713788986206055
0.8603705167770386,26.716737747192383
0.8638041615486145,26.720840454101562
0.8827019929885864,26.7191162109375
0.8804683089256287,26.719423294067383
0.8937336206436157,26.722715377807617
0.8871460556983948,26.72877311706543
0.8626351356506348,26.717134475708008
0.8669610619544983,26.707456588745117
0.8824008703231812,26.698625564575195
0.8559792041778564,26.691587448120117
0.8578259348869324,26.673646926879883
0.8602992296218872,26.654556274414062
0.8329545259475708,26.632841110229492
0.8589721918106079,26.618284225463867
0.8626577854156494,26.595487594604492
0.8774990439414978,26.582120895385742
0.8995605111122131,26.572235107421875
0.8794814944267273,26.557878494262695
0.8613373041152954,26.54319953918457
0.8553974628448486,26.527559280395508
0.8720021843910217,26.513643264770508
0.8586528301239014,26.498884201049805
0.8867889046669006,26.486692428588867
0.869857668876648,26.477190017700195
0.8420951962471008,26.474105834960938
0.8891136050224304,26.476346969604492
0.896758496761322,26.475343704223633
0.8625455498695374,26.474287033081055
0.8527839779853821,26.471864700317383
0.8467629551887512,26.472028732299805
0.8584233522415161,26.487348556518555
0.8730975389480591,26.49272346496582
0.8836978077888489,26.491151809692383
0.8583341836929321,26.494234085083008
0.8764946460723877,26.487062454223633
0.872322142124176,26.485441207885742
0.8766160011291504,26.485639572143555
0.8518000841140747,26.485015869140625
0.8678174614906311,26.474700927734375
0.8666812181472778,26.475114822387695
0.8471118211746216,26.490461349487305
0.8676828145980835,26.501493453979492
0.8487015962600708,26.511808395385742
0.8652364015579224,26.521100997924805
0.8806518316268921,26.535184860229492
0.867744505405426,26.54680061340332
0.8695161938667297,26.553876876831055
0.8468067646026611,26.555845260620117
0.892332911491394,26.560884475708008
0.8639127612113953,26.57435417175293
0.8661964535713196,26.584487915039062
0.8733305335044861,26.591951370239258
0.8644663095474243,26.60264778137207
0.8610828518867493,26.613969802856445
0.8885640501976013,26.61705207824707
0.9127342700958252,26.619977951049805
0.8561650514602661,26.6258544921875
0.8778764009475708,26.647232055664062
0.8726785182952881,26.67664909362793
0.8454692363739014,26.703340530395508
0.8835088610649109,26.723112106323242
0.8549246191978455,26.73631477355957
0.8620291352272034,26.754072189331055
0.8934313058853149,26.765409469604492
0.8632689714431763,26.77482795715332
0.8568317890167236,26.776430130004883
0.8609570264816284,26.788419723510742
0.8801298141479492,26.803571701049805
0.8820444941520691,26.818038940429688
0.8704333305358887,26.83735466003418
0.8737391829490662,26.846708297729492
0.8842951059341431,26.85618782043457
0.8760693669319153,26.868194580078125
0.8975222110748291,26.88096809387207
0.8672375082969666,26.889665603637695
0.8747550845146179,26.901334762573242
0.858707070350647,26.923110961914062
0.86781245470047,26.932008743286133
0.868580162525177,26.942747116088867
0.8660054206848145,26.949308395385742
0.8651694655418396,26.953779220581055
0.8854231238365173,26.958280563354492
0.879167377948761,26.96049690246582
0.8901598453521729,26.958894729614258
0.8719015121459961,26.95353889465332
0.8597224950790405,26.95683479309082
0.8767887949943542,26.964262008666992
0.8604252934455872,26.97111701965332
0.8732762932777405,26.983354568481445
0.8613423109054565,27.000640869140625
0.8725179433822632,27.015714645385742
0.865975558757782,27.018461227416992
0.8716089129447937,27.02808952331543
0.8550460934638977,27.042924880981445
0.8702127933502197,27.051237106323242
0.8866870403289795,27.05427360534668
0.853870153427124,27.069215774536133
0.858006477355957,27.07548713684082
0.8625535368919373,27.077238082885742
0.8841678500175476,27.07484245300293
0.8821628093719482,27.07166862487793
0.8807255029678345,27.066892623901367
0.893291711807251,27.065736770629883
0.8713902235031128,27.067293167114258
0.8651620745658875,27.066404342651367
0.8736547827720642,27.057952880859375
0.8874651789665222,27.04975700378418
0.8760866522789001,27.044492721557617
0.8466106057167053,27.046873092651367
0.864124059677124,27.044130325317383
0.8611381649971008,27.040494918823242
0.879639744758606,27.032106399536133
0.8783565163612366,27.016828536987305
0.8828773498535156,26.999116897583008
0.8770582675933838,26.988981246948242
0.8934275507926941,26.97599983215332
0.8697606325149536,26.96699333190918
0.8575193881988525,26.961565017700195
0.89109206199646,26.959930419921875
0.8723902106285095,26.953580856323242
0.8824370503425598,26.947603225708008
0.8755857348442078,26.92534065246582
0.859369695186615,26.913663864135742
0.8761771321296692,26.901166915893555
0.8782395720481873,26.888246536254883
0.8629368543624878,26.875595092773438
0.8637155890464783,26.868623733520508
0.8704418540000916,26.865114212036133
0.8759485483169556,26.863632202148438
0.8679705858230591,26.86982536315918
0.8852230310440063,26.876953125
0.8817048668861389,26.886503219604492
0.8699493408203125,26.899869918823242
0.8756877183914185,26.907365798950195
0.8574295043945312,26.91026496887207
0.8868135213851929,26.916780471801758
0.8874826431274414,26.913908004760742
0.8755948543548584,26.919797897338867
0.8483112454414368,26.929685592651367
0.8874109983444214,26.94603157043457
0.845677375793457,26.961153030395508
0.8677778244018555,26.97938346862793
0.8739438056945801,26.9974365234375
0.8874480128288269,26.998247146606445
0.8911046385765076,26.998123168945312
0.857288658618927,26.997026443481445
0.8632127642631531,26.993227005004883
0.8558976650238037,26.989225387573242
0.8641865849494934,26.980268478393555
0.8693683743476868,26.97222900390625
0.8804085850715637,26.964338302612305
0.8843205571174622,26.967302322387695
0.8814935088157654,26.973451614379883
0.8599805235862732,26.972932815551758
0.8701390624046326,26.97764778137207
0.8693883419036865,26.975664138793945
0.8661655187606812,26.969314575195312
0.8674377799034119,26.97198486328125
0.8667507767677307,26.976362228393555
0.860948920249939,26.980850219726562
0.8813661932945251,26.979154586791992
0.8712238073348999,26.968198776245117
0.8653811812400818,26.95549201965332
0.8709195256233215,26.9385986328125
0.8646963834762573,26.932771682739258
0.8724805116653442,26.92283821105957
0.8931239247322083,26.913253784179688
0.8739389181137085,26.904008865356445
0.8761783838272095,26.892671585083008
0.8923313021659851,26.887115478515625
0.8949434757232666,26.87999153137207
0.8676801323890686,26.87535285949707
0.8860718607902527,26.862871170043945
0.8703839778900146,26.85401725769043
0.8757464289665222,26.83848762512207
0.8772213459014893,26.823455810546875
0.8730942606925964,26.809785842895508
0.8636622428894043,26.79669189453125
0.8811355829238892,26.783369064331055
0.8839006423950195,26.77239990234375
0.8877587914466858,26.759275436401367
0.867753267288208,26.748517990112305
0.8644375205039978,26.740079879760742
0.8814997673034668,26.727203369140625
0.8679736852645874,26.708478927612305
0.8778026103973389,26.687864303588867
0.8850987553596497,26.67512321472168
0.8849611282348633,26.663663864135742
0.8574233055114746,26.650758743286133
0.8784635066986084,26.642641067504883
0.891170859336853,26.63530158996582
0.8904039263725281,26.627973556518555
0.8669480681419373,26.624082565307617
0.8669917583465576,26.622774124145508
0.8838987350463867,26.61993408203125
0.8940836191177368,26.616531372070312
0.8821748495101929,26.615507125854492
0.880706787109375,26.61480712890625
0.87137371301651,26.616575241088867
0.8840529918670654,26.631471633911133
0.8646312952041626,26.647733688354492
0.8660169243812561,26.658388137817383
0.8595788478851318,26.664854049682617
0.880805253982544,26.675355911254883
0.8902997970581055,26.6800537109375
0.8728789687156677,26.685121536254883
0.8858431577682495,26.688400268554688
0.863006591796875,26.691434860229492
0.8956020474433899,26.690828323364258
0.8645331859588623,26.690126419067383
0.8634206652641296,26.687467575073242
0.8528574705123901,26.684175491333008
0.8826920986175537,26.678163528442383
0.8807027339935303,26.674928665161133
0.8703241944313049,26.670804977416992
0.886915922164917,26.669219970703125
0.8530693054199219,26.664518356323242
0.8673466444015503,26.664857864379883
0.8400733470916748,26.6749267578125
0.8782047033309937,26.683107376098633
0.8639645576477051,26.679689407348633
0.8688216209411621,26.679182052612305
0.8509045839309692,26.681486129760742
0.8622647523880005,26.689451217651367
0.8899469375610352,26.691987991333008
0.8752760291099548,26.691648483276367
0.8657375574111938,26.684114456176758
0.8672932386398315,26.674741744995117
0.8747308850288391,26.667680740356445
0.8841632604598999,26.659345626831055
0.8598890900611877,26.657377243041992
0.8937404751777649,26.65764045715332
0.8631099462509155,26.656705856323242
0.8686929941177368,26.651351928710938
0.8731818199157715,26.644590377807617
0.8772266507148743,26.646699905395508
0.8580371141433716,26.65184211730957
0.861957848072052,26.64886474609375
0.8845505714416504,26.636381149291992
0.8658549785614014,26.6241455078125
0.8686164021492004,26.610700607299805
0.8704817295074463,26.586698532104492
0.872116208076477,26.563720703125
0.8626857399940491,26.543472290039062
0.8770188093185425,26.530410766601562
0.8622500896453857,26.517698287963867
0.8484412431716919,26.503660202026367
0.8799518346786499,26.488449096679688
0.8584425449371338,26.471708297729492
0.8739511966705322,26.453336715698242
0.8775539398193359,26.435575485229492
0.8944472074508667,26.420793533325195
0.8680638074874878,26.412492752075195
0.8775531053543091,26.401824951171875
0.8743103742599487,26.398515701293945
0.850146472454071,26.402956008911133
0.8772420287132263,26.396528244018555
0.8516798615455627,26.379941940307617
0.864957332611084,26.370668411254883
0.886502742767334,26.353635787963867
0.8596974611282349,26.341264724731445
0.8522988557815552,26.316438674926758
0.8737500905990601,26.292131423950195
0.8756029605865479,26.256925582885742
0.8851962089538574,26.228635787963867
0.8651543855667114,26.203706741333008
0.8702552318572998,26.179216384887695
0.8693734407424927,26.153593063354492
0.8803972005844116,26.13410758972168
0.8757262229919434,26.118558883666992
0.8947333097457886,26.098005294799805
0.8840029835700989,26.088956832885742
0.8833630084991455,26.073606491088867
0.8671220541000366,26.058900833129883
0.8712461590766907,26.040693283081055
0.8654773235321045,26.021787643432617
0.8765707015991211,26.00615119934082
0.8834550380706787,25.989458084106445
0.8680059909820557,25.973539352416992
0.8984600901603699,25.967329025268555
0.8625009655952454,25.955717086791992
0.8845466375350952,25.944746017456055
0.8769151568412781,25.935380935668945
0.8809632062911987,25.92814826965332
0.8768681287765503,25.926252365112305
0.8726240396499634,25.925458908081055
0.8609695434570312,25.93571662902832
0.8860470652580261,25.947858810424805
0.8656449913978577,25.952409744262695
0.8637633919715881,25.951749801635742
0.8750526905059814,25.963594436645508
0.8663152456283569,25.980087280273438
0.8552629351615906,25.99107551574707
0.8937610387802124,26.007169723510742
0.8879840970039368,26.016782760620117
0.889093279838562,26.036088943481445
0.8826547265052795,26.044631958007812
0.8609061241149902,26.054990768432617
0.8882809281349182,26.0645751953125
0.8832100033760071,26.074647903442383
0.8763276934623718,26.081178665161133
0.8623182773590088,26.090456008911133
0.8670749068260193,26.095062255859375
0.8771142959594727,26.094804763793945
0.8966817259788513,26.09803581237793
0.894513726234436,26.099245071411133
0.8786578178405762,26.104719161987305
0.8531226515769958,26.112333297729492
0.8615506291389465,26.122163772583008
0.8795793056488037,26.135286331176758
0.8591892719268799,26.145387649536133
0.8925216197967529,26.149991989135742
0.8760258555412292,26.154417037963867
0.8873166441917419,26.154264450073242
0.8774281740188599,26.147903442382812
0.8609116673469543,26.134336471557617
0.8732390999794006,26.123964309692383
0.8804800510406494,26.118959426879883
0.8621900081634521,26.117372512817383
0.8798701167106628,26.114164352416992
0.8792254328727722,26.112119674682617
0.8694878816604614,26.102338790893555
0.8679851293563843,26.08770751953125
0.8638188242912292,26.081483840942383
0.8592234253883362,26.079404830932617
0.883296012878418,26.077348709106445
0.8862323760986328,26.068891525268555
0.8836503028869629,26.05714225769043
0.8751044273376465,26.043642044067383
0.8704748153686523,26.030961990356445
0.8744412064552307,26.02423095703125
0.8732603788375854,26.018461227416992
0.8764674663543701,26.01408576965332
0.8711106777191162,26.015378952026367
0.8883055448532104,26.019380569458008
0.8715568780899048,26.022111892700195
0.8816165924072266,26.031095504760742
0.867473840713501,26.03822135925293
0.889143168926239,26.040285110473633
0.8636767864227295,26.044309616088867
0.885895311832428,26.040620803833008
0.8692262172698975,26.041288375854492
0.8663603663444519,26.035476684570312
0.8485032320022583,26.040128707885742
0.862410306930542,26.046293258666992
0.8748477697372437,26.054166793823242
0.8793545365333557,26.064237594604492
0.8931394219398499,26.069475173950195
0.8828540444374084,26.077665328979492
0.8782910704612732,26.083040237426758
0.8557947874069214,26.07880973815918
0.8964649438858032,26.073625564575195
0.8726637363433838,26.078046798706055
0.8693612217903137,26.077665328979492
0.8733423948287964,26.07292366027832
0.8460346460342407,26.069425582885742
0.8608454465866089,26.053651809692383
0.8499504923820496,26.043474197387695
0.8570331931114197,26.034589767456055
0.8710593581199646,26.027128219604492
0.8736291527748108,26.023958206176758
0.8706672191619873,26.022611618041992
0.8803558945655823,26.023300170898438
0.8649264574050903,26.02513313293457
0.8455649018287659,26.028656005859375
0.8627282977104187,26.026670455932617
0.8609347343444824,26.02363395690918
0.8449295163154602,26.020475387573242
0.8675469160079956,26.015748977661133
0.8680271506309509,26.011995315551758
0.8509423732757568,26.0174560546875
0.8865364789962769,26.019380569458008
0.8569940328598022,26.024477005004883
0.8761024475097656,26.031187057495117
0.8938233852386475,26.033052444458008
0.8744981288909912,26.044204711914062
0.8620900511741638,26.052106857299805
0.8660989999771118,26.060590744018555
0.8796263337135315,26.06590461730957
0.8679407238960266,26.06873893737793
0.8749852776527405,26.065126419067383
0.8749673366546631,26.070131301879883
0.8421982526779175,26.067306518554688
0.867194414138794,26.070711135864258
0.873111367225647,26.068605422973633
0.8736144304275513,26.067079544067383
0.8670788407325745,26.06187629699707
0.8545239567756653,26.054384231567383
0.8936702013015747,26.056669235229492
0.8883770704269409,26.054750442504883
0.8848826885223389,26.044858932495117
0.8826510310173035,26.044828414916992
0.8808776140213013,26.040861129760742
0.886886715888977,26.038301467895508
0.8653482794761658,26.036317825317383
0.8663071990013123,26.035825729370117
0.8420472145080566,26.037595748901367
0.8983415365219116,26.039762496948242
0.8775710463523865,26.046236038208008
0.8483909368515015,26.062910079956055
0.8757489919662476,26.078950881958008
0.8698068261146545,26.091337203979492
0.8723568916320801,26.102720260620117
0.8736109733581543,26.108781814575195
0.8531713485717773,26.119123458862305
0.8637039661407471,26.1307373046875
0.8629792928695679,26.141496658325195
0.8875564336776733,26.153547286987305
0.9029935598373413,26.160018920898438
0.8887853026390076,26.167604446411133
0.8499382734298706,26.177125930786133
0.8709251880645752,26.185914993286133
0.888443648815155,26.194135665893555
0.878072202205658,26.196504592895508
0.8644741773605347,26.19795036315918
0.8797010779380798,26.201522827148438
0.8791598081588745,26.209409713745117
0.8695783615112305,26.212385177612305
0.8426137566566467,26.216215133666992
0.8959317803382874,26.206148147583008
0.8678764700889587,26.199586868286133
0.8635827302932739,26.186460494995117
0.8690661787986755,26.170499801635742
0.8755394816398621,26.151918411254883
0.849514901638031,26.133207321166992
0.8499986529350281,26.114225387573242
0.8483983278274536,26.088788986206055
0.8536557555198669,26.066408157348633
0.8785198926925659,26.043367385864258
0.8759840726852417,26.012208938598633
0.8494612574577332,25.978960037231445
0.8754581212997437,25.946352005004883
0.879643976688385,25.92242431640625
0.8856923580169678,25.896577835083008
0.8786212205886841,25.87840461730957
0.8741931915283203,25.860671997070312
0.8501052856445312,25.839262008666992
0.869665265083313,25.820940017700195
0.8643242120742798,25.811800003051758
0.857810914516449,25.810529708862305
0.8891388177871704,25.800872802734375
0.871415913105011,25.778745651245117
0.8619766235351562,25.755647659301758
0.8658796548843384,25.7354736328125
0.8806149363517761,25.716230392456055
0.8857911825180054,25.704164505004883
0.8684619069099426,25.69340705871582
0.8748666644096375,25.671751022338867
0.8762273192405701,25.64683723449707
0.8623408675193787,25.626420974731445
0.8727756142616272,25.605241775512695
0.8762874603271484,25.586088180541992
0.8785337209701538,25.572586059570312
0.8873193860054016,25.554044723510742
0.8814055323600769,25.548683166503906
0.8845987319946289,25.543973922729492
0.8682242035865784,25.540969848632812
0.8972773551940918,25.541120529174805
0.8749611377716064,25.541425704956055
0.8698467016220093,25.53467559814453
0.8574104309082031,25.527559280395508
0.8861514329910278,25.51274299621582
0.8706885576248169,25.487028121948242
0.8836984634399414,25.473039627075195
0.888071596622467,25.463014602661133
0.8784494996070862,25.454954147338867
0.8664737343788147,25.442079544067383
0.8764625787734985,25.432889938354492
0.8762924671173096,25.425050735473633
0.8567017912864685,25.425905227661133
0.8706377148628235,25.428573608398438
0.8622137904167175,25.419553756713867
0.8572695255279541,25.419326782226562
0.8797847032546997,25.405622482299805
0.9035648107528687,25.395978927612305
0.8827832937240601,25.39411163330078
0.8680933713912964,25.383039474487305
0.867169976234436,25.377532958984375
0.862274706363678,25.36656951904297
0.8749779462814331,25.350542068481445
0.8799166083335876,25.319868087768555
0.8566572070121765,25.295942306518555
0.8759660720825195,25.27131462097168
0.8658909797668457,25.248451232910156
0.9013622403144836,25.226560592651367
0.8643566370010376,25.213727951049805
0.8719690442085266,25.201444625854492
0.8462887406349182,25.188310623168945
0.8870301246643066,25.17115592956543
0.8823133111000061,25.153793334960938
0.8671842813491821,25.136564254760742
0.8459696173667908,25.131284713745117
0.8715598583221436,25.130048751831055
0.853411853313446,25.142393112182617
0.8791319131851196,25.15393829345703
0.8329856395721436,25.16728401184082
0.853488564491272,25.176542282104492
0.863638699054718,25.184059143066406
0.8553898334503174,25.184022903442383
0.8729574680328369,25.185914993286133
0.8903120756149292,25.185823440551758
0.8751945495605469,25.183732986450195
0.8677961230278015,25.182588577270508
0.8850182294845581,25.179109573364258
0.8685334324836731,25.174375534057617
0.8696534037590027,25.17241096496582
0.881807804107666,25.171369552612305
0.8818233609199524,25.164899826049805
0.8610405921936035,25.154996871948242
0.8889439702033997,25.159761428833008
0.8599110245704651,25.169923782348633
0.888974666595459,25.179506301879883
0.8799107670783997,25.190614700317383
0.8670117855072021,25.202613830566406
0.8753913640975952,25.217653274536133
0.8862327933311462,25.23223114013672
0.8801945447921753,25.24626350402832
0.8869369626045227,25.254671096801758
0.85661780834198,25.26190948486328
0.8669484853744507,25.26904296875
0.8773609399795532,25.272489547729492
0.8731983304023743,25.272855758666992
0.8841248750686646,25.269227981567383
0.8882450461387634,25.262605667114258
0.8816287517547607,25.257843017578125
0.8723906874656677,25.254396438598633
0.88335782289505,25.238725662231445
0.8863686323165894,25.230512619018555
0.869642972946167,25.22325325012207
0.8919583559036255,25.216371536254883
0.8872420787811279,25.207624435424805
0.8743917942047119,25.20161247253418
0.8729027509689331,25.192398071289062
0.8823677897453308,25.182157516479492
0.887176513671875,25.175216674804688
0.8794467449188232,25.16656494140625
0.8609976768493652,25.15825080871582
0.867603063583374,25.152803421020508
0.8585178852081299,25.146772384643555
0.8470486998558044,25.145856857299805
0.8717985153198242,25.133699417114258
0.86802077293396,25.126588821411133
0.87473464012146,25.123334884643555
0.8790338039398193,25.12132453918457
0.889198899269104,25.119659423828125
0.8795409798622131,25.12745475769043
0.878258228302002,25.130449295043945
0.8677934408187866,25.126462936401367
0.8598364591598511,25.124557495117188
0.8700279593467712,25.128007888793945
0.8653941750526428,25.124753952026367
0.8765211701393127,25.10954475402832
0.8755010962486267,25.08570671081543
0.8738280534744263,25.06151580810547
0.8892310261726379,25.03288459777832
0.8822706341743469,25.008501052856445
0.8693962097167969,24.990949630737305
0.8680059909820557,24.975130081176758
0.8740788698196411,24.956926345825195
0.8852477073669434,24.933332443237305
0.880133330821991,24.911664962768555
0.8707998394966125,24.885377883911133
0.8775407671928406,24.873563766479492
0.8699378967285156,24.870988845825195
0.8731122016906738,24.861557006835938
0.8666884899139404,24.843217849731445
0.8834103345870972,24.81898307800293
0.8637964725494385,24.803647994995117
0.8916286826133728,24.791868209838867
0.8612986207008362,24.77543830871582
0.8662382364273071,24.763822555541992
0.8724826574325562,24.753089904785156
0.9072204232215881,24.736295700073242
0.855434238910675,24.719207763671875
0.8741925954818726,24.703325271606445
0.8694056272506714,24.69135284423828
0.8679749369621277,24.681989669799805
0.8867841958999634,24.677289962768555
0.8920753598213196,24.6683349609375
0.8886170387268066,24.665481567382812
0.865717887878418,24.667177200317383
0.8763179183006287,24.670015335083008
0.8769161701202393,24.66868782043457
0.8849492073059082,24.671445846557617
0.8837044835090637,24.67664909362793
0.8666214942932129,24.678770065307617
0.8975687623023987,24.676301956176758
0.8679007291793823,24.680604934692383
0.8640869855880737,24.690610885620117
0.850021481513977,24.701505661010742
0.8967648148536682,24.716188430786133
0.873457133769989,24.734086990356445
0.8780529499053955,24.749635696411133
0.8720588684082031,24.758634567260742
0.8704596757888794,24.76652717590332
0.8884537220001221,24.7703857421875
0.8572923541069031,24.776079177856445
0.8865383267402649,24.785463333129883
0.8597643375396729,24.786531448364258
0.8828739523887634,24.787996292114258
0.8555232286453247,24.781339645385742
0.8677340745925903,24.77705192565918
0.8514496088027954,24.77717399597168
0.8890010118484497,24.768585205078125
0.8752151727676392,24.770479202270508
0.8744922280311584,24.766115188598633
0.8734570741653442,24.761198043823242
0.8727913498878479,24.74846076965332
0.837386965751648,24.74504280090332
0.889965832233429,24.738096237182617
0.8788455724716187,24.727384567260742
0.8701465725898743,24.713960647583008
0.8685848116874695,24.700517654418945
0.8639717698097229,24.673934936523438
0.87078458070755,24.650510787963867
0.8858495354652405,24.634117126464844
0.8930723667144775,24.61256217956543
0.8757854104042053,24.586641311645508
0.8837157487869263,24.563352584838867
0.8778454661369324,24.553373336791992
0.8916913866996765,24.544126510620117
0.8796772360801697,24.541303634643555
0.8559606075286865,24.543363571166992
0.8611321449279785,24.547258377075195
0.8700230717658997,24.547239303588867
0.8953743577003479,24.542192459106445
0.8819243311882019,24.53583526611328
0.8822757005691528,24.533235549926758
0.873492956161499,24.53728485107422
0.9030933380126953,24.532991409301758
0.8759530186653137,24.526716232299805
0.8813048601150513,24.525297164916992
0.8881347179412842,24.52433967590332
0.8743801712989807,24.52264404296875
0.876865804195404,24.521440505981445
0.8831131458282471,24.527528762817383
0.8650152683258057,24.534696578979492
0.8651522397994995,24.53126335144043
0.8699007034301758,24.526887893676758
0.881823718547821,24.531089782714844
0.8725801706314087,24.54853630065918
0.8745403289794922,24.563798904418945
0.8818090558052063,24.574918746948242
0.8836113214492798,24.580751419067383
0.8639094233512878,24.58336067199707
0.8624826073646545,24.590227127075195
0.8724682927131653,24.60016632080078
0.8518890738487244,24.601346969604492
0.8908523321151733,24.608003616333008
0.891464352607727,24.608901977539062
0.8868764638900757,24.60321807861328
0.8306732177734375,24.60102653503418
0.8542885184288025,24.592405319213867
0.8765009641647339,24.57465934753418
0.8622780442237854,24.55494499206543
0.8894766569137573,24.538368225097656
0.8889572024345398,24.521333694458008
0.8645415306091309,24.505449295043945
0.9037958979606628,24.489891052246094
0.866248369216919,24.482223510742188
0.876367449760437,24.474504470825195
0.8730422854423523,24.465713500976562
0.8750292062759399,24.46013069152832
0.8923577070236206,24.457643508911133
0.8521239161491394,24.46471405029297
0.8743017911911011,24.461153030395508
0.8692799210548401,24.449861526489258
0.8682792782783508,24.445907592773438
0.8898513317108154,24.4439697265625
0.8624841570854187,24.439613342285156
0.9006738066673279,24.430910110473633
0.8980461955070496,24.42387580871582
0.8846477270126343,24.421873092651367
0.8406230807304382,24.421266555786133
0.880717933177948,24.421953201293945
0.8671436309814453,24.420656204223633
0.8601927757263184,24.420652389526367
0.8692229390144348,24.423643112182617
0.8557829260826111,24.41380500793457
0.8763701319694519,24.41514778137207
0.8862685561180115,24.417951583862305
0.8706544637680054,24.418426513671875
0.8690748810768127,24.4227294921875
0.8628976345062256,24.423398971557617
0.8947713971138,24.430021286010742
0.8698701858520508,24.434232711791992
0.8805268406867981,24.44987678527832
0.8781262636184692,24.463483810424805
0.8788199424743652,24.47685432434082
0.8893157839775085,24.49028205871582
0.8881335854530334,24.507301330566406
0.8797835111618042,24.53080940246582
0.8772510886192322,24.55816650390625
0.8768088221549988,24.58131217956543
0.8873925805091858,24.597368240356445
0.8777107000350952,24.61128044128418
0.8811426162719727,24.62877082824707
0.8771955370903015,24.648820877075195
0.878932535648346,24.67186164855957
0.8720092177391052,24.69677734375
0.8652761578559875,24.71696662902832
0.8993567228317261,24.730796813964844
0.872344970703125,24.743547439575195
0.8804699778556824,24.747617721557617
0.8793480396270752,24.750532150268555
0.8568093776702881,24.747947692871094
0.867792546749115,24.751495361328125
0.876725971698761,24.754045486450195
0.8839200139045715,24.761690139770508
0.8807094693183899,24.76530647277832
0.8803151249885559,24.76960563659668
0.847256064414978,24.76887321472168
0.8632208704948425,24.76121711730957
0.8643506765365601,24.749603271484375
0.8750832676887512,24.74217987060547
0.8717501163482666,24.73553466796875
0.8667410612106323,24.722517013549805
0.8907760977745056,24.71351432800293
0.8629103302955627,24.698076248168945
0.865837812423706,24.680906295776367
0.8754953145980835,24.657533645629883
0.868435800075531,24.629636764526367
0.8856441974639893,24.600553512573242
0.8611876368522644,24.571304321289062
0.8566030263900757,24.543563842773438
0.8683951497077942,24.51915168762207
0.8840435743331909,24.497770309448242
0.8926097750663757,24.471036911010742
0.8930436968803406,24.44462776184082
0.8740281462669373,24.416566848754883
0.8751970529556274,24.397214889526367
0.8666211366653442,24.378692626953125
0.8846836686134338,24.363624572753906
0.872406005859375,24.349607467651367
0.8637824654579163,24.341676712036133
0.8807117938995361,24.331449508666992
0.8657189011573792,24.320358276367188
0.850062906742096,24.310060501098633
0.8748569488525391,24.301664352416992
0.8763157725334167,24.292266845703125
0.8909735083580017,24.273618698120117
0.8835713267326355,24.254365921020508
0.8663315773010254,24.23664093017578
0.8708636164665222,24.22346305847168
0.871536374092102,24.214174270629883
0.8500721454620361,24.196916580200195
0.8590694069862366,24.181535720825195
0.8631736636161804,24.17169189453125
0.8767974376678467,24.16876220703125
0.8696376085281372,24.175050735473633
0.877657949924469,24.175643920898438
0.8725091814994812,24.176240921020508
0.8714350461959839,24.173566818237305
0.8777899742126465,24.16173553466797
0.8963624835014343,24.151506423950195
0.8870742321014404,24.144287109375
0.8617555499076843,24.13084602355957
0.875557541847229,24.11699104309082
0.8678241968154907,24.113746643066406
0.8682131171226501,24.11802864074707
0.875900387763977,24.120073318481445
0.8724904656410217,24.113800048828125
0.8829389810562134,24.10460662841797
0.8642523288726807,24.100130081176758
0.8663203716278076,24.09869384765625
0.8687928915023804,24.101911544799805
0.8776217699050903,24.087480545043945
0.8481256365776062,24.084074020385742
0.8424752950668335,24.082273483276367
0.8665579557418823,24.081298828125
0.8647107481956482,24.078035354614258
0.8687493205070496,24.070756912231445
0.8682809472084045,24.05632209777832
0.8840781450271606,24.04734992980957
0.882351279258728,24.037275314331055
0.849195122718811,24.023740768432617
0.8551547527313232,24.013593673706055
0.885479748249054,24.005083084106445
0.8741174340248108,24.001497268676758
0.8781744241714478,23.991241455078125
0.8757525682449341,23.97993278503418
0.8763441443443298,23.966398239135742
0.877556324005127,23.953874588012695
0.8885913491249084,23.93915557861328
0.8891177773475647,23.928115844726562
0.8778757452964783,23.919645309448242
0.8806284666061401,23.915128707885742
0.8751534223556519,23.909513473510742
0.8660175204277039,23.915311813354492
0.867001473903656,23.921873092651367
0.8595173358917236,23.928390502929688
0.8642897009849548,23.928895950317383
0.8739769458770752,23.928956985473633
0.8552548885345459,23.92689323425293
0.8693348169326782,23.92088508605957
0.8795992732048035,23.920591354370117
0.9024518728256226,23.92060089111328
0.8667162656784058,23.91724967956543
0.8742818832397461,23.926177978515625
0.8608789443969727,23.93797492980957
0.8743149042129517,23.942964553833008
0.8745588660240173,23.950590133666992
0.8805439472198486,23.95759391784668
0.8728712797164917,23.957672119140625
0.8653833866119385,23.950958251953125
0.8656479716300964,23.941728591918945
0.8726552724838257,23.925580978393555
0.8825546503067017,23.91193962097168
0.8657327890396118,23.901901245117188
0.8664953708648682,23.894681930541992
0.8927093148231506,23.893754959106445
0.8494418263435364,23.904924392700195
0.8657435178756714,23.916704177856445
0.8764959573745728,23.934999465942383
0.8656949996948242,23.954984664916992
0.8577999472618103,23.977815628051758
0.8709148168563843,23.995710372924805
0.8738625049591064,24.00999641418457
0.852195680141449,24.013166427612305
0.8831255435943604,24.011167526245117
0.8760824799537659,24.015947341918945
0.8814511895179749,24.017011642456055
0.8601483106613159,24.00975227355957
0.8817615509033203,24.003782272338867
0.8625012636184692,23.987138748168945
0.8734098672866821,23.976348876953125
0.8712537288665771,23.964752197265625
0.8842633366584778,23.950416564941406
0.8683205842971802,23.934614181518555
0.8846336007118225,23.91700553894043
0.8653331995010376,23.899248123168945
0.8842847347259521,23.872785568237305
0.8614485263824463,23.84086799621582
0.9020082950592041,23.805070877075195
0.8682529926300049,23.77720832824707
0.8682700991630554,23.75248908996582
0.8664062023162842,23.731477737426758
0.8874953985214233,23.71722412109375
0.8730986714363098,23.70545196533203
0.8862631320953369,23.693113327026367
0.8694657683372498,23.687959671020508
0.870270848274231,23.678939819335938
0.8654640316963196,23.67151641845703
0.8825547099113464,23.67870330810547
0.8421526551246643,23.681312561035156
0.8787586688995361,23.680864334106445
0.8619292378425598,23.690523147583008
0.8641376495361328,23.688932418823242
0.8669565916061401,23.684099197387695
0.8797709345817566,23.68113899230957
0.8587682247161865,23.69202995300293
0.8831389546394348,23.686996459960938
0.8677114844322205,23.681642532348633
0.8765032887458801,23.664152145385742
0.8905681371688843,23.639009475708008
0.8502254486083984,23.61511993408203
0.8858951330184937,23.580894470214844
0.8910612463951111,23.543825149536133
0.8720757961273193,23.516416549682617
0.8576735258102417,23.48442268371582
0.8590803742408752,23.466814041137695
0.870345950126648,23.464719772338867
0.8626856207847595,23.464094161987305
0.8796945214271545,23.468442916870117
0.8647733926773071,23.46360969543457
0.8570671677589417,23.460939407348633
0.875150740146637,23.461488723754883
0.846602201461792,23.46453857421875
0.889947235584259,23.457460403442383
0.8806157112121582,23.446958541870117
0.8880088925361633,23.443819046020508
0.8430538773536682,23.444852828979492
0.8802792429924011,23.450241088867188
0.8728556036949158,23.447771072387695
0.8529826402664185,23.446317672729492
0.8779889345169067,23.452146530151367
0.8838910460472107,23.461423873901367
0.8772608041763306,23.467378616333008
0.8614740371704102,23.474809646606445
0.8785198926925659,23.487180709838867
0.8944135904312134,23.49591064453125
0.8789589405059814,23.503135681152344
0.8606002926826477,23.51652717590332
0.855964183807373,23.529844284057617
0.8796148300170898,23.538652420043945
0.8882051706314087,23.546419143676758
0.8634099960327148,23.562578201293945
0.892620325088501,23.580978393554688
0.878607451915741,23.594131469726562
0.8886274695396423,23.606605529785156
0.8586900234222412,23.61659049987793
0.8874619007110596,23.631879806518555
0.8702818155288696,23.64714241027832
0.8830307722091675,23.64686393737793
0.8823099732398987,23.64277458190918
0.8862322568893433,23.64256477355957
0.8745664954185486,23.636293411254883
0.8798660039901733,23.636537551879883
0.8600672483444214,23.644227981567383
0.8784737586975098,23.651033401489258
0.8705582618713379,23.660947799682617
0.8705520629882812,23.67045783996582
0.8719773888587952,23.6824951171875
0.8666874170303345,23.697858810424805
0.8856426477432251,23.705659866333008
0.8430476188659668,23.70502471923828
0.8885289430618286,23.709121704101562
0.8780731558799744,23.703584671020508
0.8512163758277893,23.695280075073242
0.8776686191558838,23.693357467651367
0.8898940682411194,23.683103561401367
0.8826166987419128,23.667753219604492
0.8660755157470703,23.658653259277344
0.864613950252533,23.64881706237793
0.8844243288040161,23.631439208984375
0.8845682144165039,23.611848831176758
0.88196861743927,23.595598220825195
0.8771347999572754,23.57988166809082
0.8704783916473389,23.563766479492188
0.8805615901947021,23.557945251464844
0.88761305809021,23.552305221557617
0.8747850656509399,23.555742263793945
0.8851079940795898,23.565656661987305
0.8797885179519653,23.570985794067383
0.874054491519928,23.568513870239258
0.8755016326904297,23.558927536010742
0.8569082617759705,23.54759407043457
0.8778160214424133,23.54014778137207
0.8759444952011108,23.53700065612793
0.8941895365715027,23.540403366088867
0.88288414478302,23.539854049682617
0.8689447045326233,23.54279899597168
0.8662617802619934,23.539201736450195
0.856658935546875,23.52757453918457
0.8661279678344727,23.51343536376953
0.8421930074691772,23.498472213745117
0.8758401274681091,23.48548698425293
0.8728020191192627,23.467130661010742
0.8812368512153625,23.451322555541992
0.8605095744132996,23.431093215942383
0.8593884110450745,23.40733528137207
0.8723730444908142,23.389122009277344
0.8889898061752319,23.37281608581543
0.8888514041900635,23.368314743041992
0.8808316588401794,23.36720085144043
0.8728384971618652,23.376955032348633
0.8884516358375549,23.383440017700195
0.8952041864395142,23.38899040222168
0.8728712797164917,23.38361358642578
0.868749737739563,23.386930465698242
0.8709982633590698,23.388704299926758
0.895790696144104,23.395994186401367
0.8715465068817139,23.408418655395508
0.879727303981781,23.418319702148438
0.8643751740455627,23.425844192504883
0.8877179026603699,23.429426193237305
0.880687952041626,23.42851448059082
0.8843429088592529,23.429155349731445
0.8722743988037109,23.433610916137695
0.8739101886749268,23.445892333984375
0.8877137899398804,23.458940505981445
0.8915622234344482,23.471525192260742
0.8911247849464417,23.48792839050293
0.8925846815109253,23.511747360229492
0.8726611137390137,23.527738571166992
0.8783173561096191,23.535734176635742
0.8954499363899231,23.546958923339844
0.8960896730422974,23.557832717895508
0.8624148368835449,23.559358596801758
0.8873348832130432,23.56298065185547
0.900404691696167,23.565168380737305
0.9024934768676758,23.57215690612793
0.894387423992157,23.575471878051758
0.881510317325592,23.577760696411133
0.8860939741134644,23.576154708862305
0.8835641145706177,23.566911697387695
0.8789110779762268,23.558351516723633
0.8499362468719482,23.55879020690918
0.8848177790641785,23.549898147583008
0.846760094165802,23.547391891479492
0.8771471977233887,23.547563552856445
0.877475380897522,23.547391891479492
0.873798668384552,23.540464401245117
0.8711187839508057,23.534303665161133
0.8765888214111328,23.526321411132812
0.8763443827629089,23.523256301879883
0.8730117678642273,23.516695022583008
0.8682932257652283,23.516746520996094
0.8770290017127991,23.517759323120117
0.8541207313537598,23.51414680480957
0.9073004722595215,23.516273498535156
0.8780487775802612,23.511857986450195
0.8575839996337891,23.51050567626953
0.9087111353874207,23.507596969604492
0.8669668436050415,23.509416580200195
0.8899697661399841,23.504364013671875
0.8711401224136353,23.493452072143555
0.8541892766952515,23.478025436401367
0.8836976289749146,23.454103469848633
0.8760512471199036,23.437746047973633
0.8560035824775696,23.424034118652344
0.8700796365737915,23.419527053833008
0.8566073179244995,23.411466598510742
0.8626636266708374,23.393112182617188
0.8750512003898621,23.37855339050293
0.8854343295097351,23.358177185058594
0.8779726624488831,23.33611297607422
0.8910425305366516,23.311277389526367
0.8826755881309509,23.282426834106445
0.8499670028686523,23.259462356567383
0.8822283148765564,23.239469528198242
0.8613893389701843,23.22480583190918
0.8986863493919373,23.220048904418945
0.8577975630760193,23.218111038208008
0.8749790787696838,23.214195251464844
0.880763053894043,23.22233772277832
0.833516001701355,23.238250732421875
0.8673677444458008,23.247802734375
0.901451587677002,23.26106071472168
0.8901857733726501,23.27295684814453
0.8636375665664673,23.280595779418945
0.8857848048210144,23.291074752807617
0.8747032880783081,23.298185348510742
0.8984350562095642,23.305604934692383
0.8826491832733154,23.321836471557617
0.8669930100440979,23.33995819091797
0.8722134828567505,23.347532272338867
0.8705700635910034,23.353742599487305
0.874603271484375,23.362211227416992
0.8525242805480957,23.36499786376953
0.8781642913818359,23.359830856323242
0.8781894445419312,23.346054077148438
0.8783383369445801,23.33677864074707
0.8606145977973938,23.329437255859375
0.8741489052772522,23.327070236206055
0.8847869634628296,23.33264923095703
0.873496413230896,23.335329055786133
0.8754361271858215,23.340272903442383
0.8807662725448608,23.354204177856445
0.8774267435073853,23.36089324951172
0.8597995638847351,23.372282028198242
0.8894954323768616,23.393098831176758
0.8596208095550537,23.417570114135742
0.8790056705474854,23.440950393676758
0.8707937598228455,23.46739387512207
0.8769530653953552,23.48713493347168
0.875103235244751,23.50141716003418
0.8631972670555115,23.51561737060547
0.8790807723999023,23.533662796020508
0.8802385330200195,23.544435501098633
0.8753013610839844,23.548446655273438
0.8686549663543701,23.557357788085938
0.8608928918838501,23.558504104614258
0.8465826511383057,23.5648193359375
0.8849400877952576,23.56922721862793
0.8892483711242676,23.569944381713867
0.8602736592292786,23.577604293823242
0.8780330419540405,23.5859375
0.8714273571968079,23.59174919128418
0.8782083988189697,23.611936569213867
0.8823978304862976,23.62455940246582
0.8611146211624146,23.632173538208008
0.8845372200012207,23.642061233520508
0.8830395936965942,23.65129280090332
0.8305073976516724,23.664487838745117
0.8631721138954163,23.670000076293945
0.8826590180397034,23.675809860229492
0.8773799538612366,23.67668914794922
0.8771682977676392,23.675626754760742
0.8753520846366882,23.668916702270508
0.8892455101013184,23.664796829223633
0.8757920265197754,23.663026809692383
0.8748207688331604,23.659622192382812
0.8734267354011536,23.646516799926758
0.8765307664871216,23.639129638671875
0.859204113483429,23.625139236450195
0.8613669276237488,23.618330001831055
0.8635227680206299,23.599729537963867
0.8763145804405212,23.579866409301758
0.8816215991973877,23.557676315307617
0.8756968975067139,23.539396286010742
0.8883148431777954,23.52092170715332
0.8858776688575745,23.50544548034668
0.8789434432983398,23.482284545898438
0.8642623424530029,23.456605911254883
0.8513067364692688,23.43946075439453
0.8717905282974243,23.423011779785156
0.8587836623191833,23.40991973876953
0.8824641108512878,23.41059684753418
0.8947731256484985,23.412063598632812
0.8667963147163391,23.414670944213867
0.8894205093383789,23.410202026367188
0.88631671667099,23.40101432800293
0.8690941333770752,23.391294479370117
0.8857328295707703,23.388145446777344
0.8865661025047302,23.381101608276367
0.849835216999054,23.367372512817383
0.8615044355392456,23.35460090637207
0.8881682753562927,23.337196350097656
0.861086368560791,23.31397819519043
0.86476069688797,23.28533935546875
0.8623853325843811,23.259458541870117
0.8736842274665833,23.233787536621094
0.8617182374000549,23.214195251464844
0.8831826448440552,23.19672966003418
0.9023456573486328,23.185884475708008
0.8729682564735413,23.17186164855957
0.8655610680580139,23.169572830200195
0.8770609498023987,23.163602828979492
0.8810756206512451,23.159345626831055
0.867553174495697,23.153776168823242
0.8638077974319458,23.143341064453125
0.8690261244773865,23.125444412231445
0.8848011493682861,23.101530075073242
0.8750845193862915,23.08488655090332
0.9010782241821289,23.07133674621582
0.8659133315086365,23.065034866333008
0.8704968690872192,23.05573272705078
0.8788796067237854,23.048629760742188
0.866690993309021,23.034242630004883
0.848177433013916,23.028074264526367
0.8866429924964905,23.024763107299805
0.8481130599975586,23.01399040222168
0.875998318195343,23.004316329956055
0.8771944642066956,22.993141174316406
0.8498907685279846,22.98692512512207
0.8807168006896973,22.975801467895508
0.8721895813941956,22.97228240966797
0.8886526823043823,22.965593338012695
0.8640303611755371,22.95697784423828
0.8461878895759583,22.951372146606445
0.8506544828414917,22.93995475769043
0.878578782081604,22.91761016845703
0.8531121611595154,22.904329299926758
0.8658421635627747,22.889665603637695
0.861592173576355,22.877561569213867
0.8830519914627075,22.867795944213867
0.8655315637588501,22.86186408996582
0.8930655717849731,22.864107131958008
0.8982124328613281,22.87165641784668
0.8790438175201416,22.88005256652832
0.8953685164451599,22.892290115356445
0.8696287870407104,22.902997970581055
0.8655759692192078,22.912126541137695
0.8731222152709961,22.922569274902344
0.8882607817649841,22.92754364013672
0.8564204573631287,22.93037223815918
0.8632422089576721,22.926164627075195
0.8704396486282349,22.935182571411133
0.8730459213256836,22.944562911987305
0.8854284286499023,22.95258903503418
0.8881665468215942,22.96510124206543
0.8711778521537781,22.973960876464844
0.858334481716156,22.98863410949707
0.8903942704200745,22.99229621887207
0.8731504678726196,22.99236297607422
0.8646837472915649,22.988540649414062
0.8819859027862549,22.979738235473633
0.8698456287384033,22.964614868164062
0.877894401550293,22.959304809570312
0.8917298913002014,22.958772659301758
0.8789625763893127,22.955228805541992
0.887177050113678,22.949796676635742
0.881902813911438,22.9498291015625
0.8994622826576233,22.95269012451172
0.8603053092956543,22.949399948120117
0.8418294787406921,22.947837829589844
0.8713846802711487,22.943647384643555
0.8469908237457275,22.933853149414062
0.883734941482544,22.919187545776367
0.8842965960502625,22.90686798095703
0.8889403343200684,22.902021408081055
0.8546271920204163,22.90184211730957
0.8728588819503784,22.90977668762207
0.9007647037506104,22.92689323425293
0.8773224353790283,22.93901252746582
0.8503483533859253,22.945539474487305
0.8580193519592285,22.957059860229492
0.8557830452919006,22.967483520507812
0.8804971575737,22.977754592895508
0.8708552122116089,22.986207962036133
0.88713139295578,23.000764846801758
0.8867548704147339,23.017288208007812
0.9009853005409241,23.028892517089844
0.8594993948936462,23.041824340820312
0.8586122989654541,23.060544967651367
0.8605473637580872,23.082487106323242
0.8648459911346436,23.10230827331543
0.8867647647857666,23.116548538208008
0.888665497303009,23.125810623168945
0.8666733503341675,23.135725021362305
0.8992775678634644,23.142271041870117
0.8865481615066528,23.148591995239258
0.8663778305053711,23.159299850463867
0.8679496049880981,23.173139572143555
0.8498287796974182,23.1822509765625
0.8767737746238708,23.184524536132812
0.8846321105957031,23.18525505065918
0.8765150308609009,23.18694305419922
0.8777926564216614,23.183286666870117
0.8928579688072205,23.179643630981445
0.8631733059883118,23.177268981933594
0.905305802822113,23.16669464111328
0.8765131831169128,23.15440559387207
0.8744065165519714,23.15069580078125
0.8635836839675903,23.138870239257812
0.8617867231369019,23.127195358276367
0.865916907787323,23.120573043823242
0.8711286783218384,23.117647171020508
0.8551697731018066,23.11085319519043
0.8786850571632385,23.09608268737793
0.8824594616889954,23.091676712036133
0.8845109343528748,23.090227127075195
0.8826260566711426,23.093427658081055
0.8943593502044678,23.09840202331543
0.8869429230690002,23.098861694335938
0.8712301254272461,23.110319137573242
0.8807071447372437,23.112489700317383
0.8815712332725525,23.115623474121094
0.8569700121879578,23.121248245239258
0.8888471722602844,23.12828826904297
0.867863655090332,23.141708374023438
0.884655237197876,23.152467727661133
0.8655960559844971,23.16484260559082
0.8613275289535522,23.176301956176758
0.8971363306045532,23.174711227416992
0.8828818798065186,23.179109573364258
0.8627559542655945,23.176530838012695
0.8584355711936951,23.174949645996094
0.8853956460952759,23.182416915893555
0.8759282231330872,23.19702911376953
0.8763028979301453,23.207273483276367
0.8724717497825623,23.2191162109375
0.8567277193069458,23.23420524597168
0.8452507257461548,23.24653434753418
0.874652624130249,23.25480842590332
0.8822706937789917,23.264909744262695
0.8637239933013916,23.28533172607422
0.8651507496833801,23.313199996948242
0.8602992296218872,23.338056564331055
0.8868927359580994,23.355623245239258
0.882552444934845,23.368680953979492
0.886084794998169,23.377761840820312
0.8665685653686523,23.383420944213867
0.8646612763404846,23.38545036315918
0.8909770250320435,23.377952575683594
0.8630156517028809,23.36515998840332
0.8725982904434204,23.35719108581543
0.875612735748291,23.34010124206543
0.8705165386199951,23.323991775512695
0.8737366795539856,23.308900833129883
0.8720957636833191,23.295228958129883
0.8686860799789429,23.281831741333008
0.8734009265899658,23.27168083190918
0.8967734575271606,23.268190383911133
0.8699628114700317,23.261442184448242
0.8772363662719727,23.26013946533203
0.8942775130271912,23.24937629699707
0.8711390495300293,23.241945266723633
0.8762317299842834,23.237337112426758
0.8720847368240356,23.23583221435547
0.8787475824356079,23.227312088012695
0.8848166465759277,23.22223663330078
0.8825276494026184,23.21473503112793
0.8606149554252625,23.202943801879883
0.8739877343177795,23.193588256835938
0.859582245349884,23.18421745300293
0.8711782097816467,23.186002731323242
0.8817119598388672,23.193010330200195
0.8655985593795776,23.18989372253418
0.8785873651504517,23.184328079223633
0.8624722957611084,23.18086051940918
0.8751304149627686,23.177583694458008
0.8961697816848755,23.169281005859375
0.8942657709121704,23.157285690307617
0.9128614664077759,23.15656280517578
0.8380367159843445,23.158430099487305
0.8756040930747986,23.162839889526367
0.8562564849853516,23.170225143432617
0.8580266237258911,23.174970626831055
0.8824620246887207,23.176115036010742
0.8795911073684692,23.178163528442383
0.8880856037139893,23.185239791870117
0.8775404691696167,23.194028854370117
0.880034863948822,23.21147346496582
0.8761922121047974,23.22703742980957
0.8607336282730103,23.247804641723633
0.8806685209274292,23.265378952026367
0.8743701577186584,23.278348922729492
0.879298210144043,23.282865524291992
0.8521013855934143,23.285112380981445
0.8668802976608276,23.30146598815918
0.8951290249824524,23.315080642700195
0.8684859275817871,23.327407836914062
0.8659501075744629,23.345640182495117
0.8860474228858948,23.348451614379883
0.8702348470687866,23.355894088745117
0.8725197911262512,23.364362716674805
0.8557813167572021,23.378501892089844
0.8911497592926025,23.38163948059082
0.8737083077430725,23.382169723510742
0.8494424819946289,23.387483596801758
0.8482750058174133,23.38963508605957
0.8676555752754211,23.386064529418945
0.864949643611908,23.384309768676758
0.8702794909477234,23.38232421875
0.878903865814209,23.37952995300293
0.8751373291015625,23.37242889404297
0.8857648968696594,23.359235763549805
0.8786033987998962,23.348417282104492
0.8706920742988586,23.337617874145508
0.8649716377258301,23.32844352722168
0.8814557790756226,23.314390182495117
0.8549177646636963,23.304487228393555
0.8833211660385132,23.286088943481445
0.8525243997573853,23.27874755859375
0.8776997923851013,23.276308059692383
0.8748608827590942,23.278444290161133
0.8811770677566528,23.284257888793945
0.8794056177139282,23.287885665893555
0.8776357173919678,23.29258918762207
0.8767971396446228,23.295225143432617
0.880646824836731,23.306047439575195
0.8790789246559143,23.31721305847168
0.8629955053329468,23.328031539916992
0.891524076461792,23.333280563354492
0.8744065165519714,23.336687088012695
0.8760960698127747,23.330461502075195
0.886905312538147,23.33038330078125
0.8668458461761475,23.334012985229492
0.8948899507522583,23.334640502929688
0.8685791492462158,23.333086013793945
0.8782938122749329,23.32374382019043
0.8797793388366699,23.31218719482422
0.8851521015167236,23.308427810668945
0.8689345717430115,23.30705451965332
0.8762413263320923,23.295488357543945
0.8686758875846863,23.284574508666992
0.8687493205070496,23.271482467651367
0.8889886736869812,23.26664924621582
0.8946791291236877,23.259254455566406
0.8775078058242798,23.25273323059082
0.874384880065918,23.247621536254883
0.8588147759437561,23.24177360534668
0.8726851940155029,23.24311065673828
0.866346001625061,23.23029327392578
0.8756209015846252,23.214582443237305
0.877118706703186,23.199174880981445
0.888782262802124,23.19062614440918
0.8835322856903076,23.18463134765625
0.8574441075325012,23.184648513793945
0.8522161245346069,23.18414306640625
0.876813530921936,23.187593460083008
0.8753211498260498,23.191009521484375
0.8586636185646057,23.186723709106445
0.872376561164856,23.181612014770508
0.876724362373352,23.186567306518555
0.8706151843070984,23.191041946411133
0.8643209338188171,23.198152542114258
0.8763297200202942,23.192537307739258
0.8845685124397278,23.182039260864258
0.8855441212654114,23.16728401184082
0.8706202507019043,23.150535583496094
0.8800380825996399,23.144065856933594
0.8579302430152893,23.141080856323242
0.8837343454360962,23.131837844848633
0.8876851797103882,23.125364303588867
0.8953115940093994,23.114595413208008
0.8919037580490112,23.109773635864258
0.8833404183387756,23.105634689331055
0.8739072680473328,23.09650993347168
0.8856017589569092,23.088529586791992
0.8717659711837769,23.086545944213867
0.8752389550209045,23.081789016723633
0.8528546690940857,23.080930709838867
0.8594797253608704,23.076446533203125
0.8685000538825989,23.07781982421875
0.8909671902656555,23.06609344482422
0.8760979771614075,23.046186447143555
0.859192430973053,23.025651931762695
0.8846725225448608,23.012283325195312
0.886378288269043,23.001419067382812
0.8400380611419678,22.990324020385742
0.8823648691177368,22.98101806640625
0.8822808861732483,22.971391677856445
0.8674163818359375,22.959196090698242
0.8879265785217285,22.945589065551758
0.878605306148529,22.92869758605957
0.8730971217155457,22.92320442199707
0.8802947402000427,22.92530059814453
0.8912423253059387,22.931434631347656
0.870661735534668,22.936952590942383
0.8703992366790771,22.94969367980957
0.8874881267547607,22.960906982421875
0.8786396980285645,22.97319221496582
0.8711503744125366,22.97859001159668
0.8599000573158264,22.980079650878906
0.887295126914978,22.98155975341797
0.8860934972763062,22.990278244018555
0.8829669952392578,22.987533569335938
0.8776583671569824,22.985809326171875
0.8951048851013184,22.985857009887695
0.8674429655075073,22.990842819213867
0.8799597024917603,22.984315872192383
0.8766379356384277,22.983842849731445
0.8610016107559204,22.967483520507812
0.8636988997459412,22.951265335083008
0.8478407859802246,22.94749641418457
0.8661243915557861,22.937864303588867
0.8724778294563293,22.932130813598633
0.8818179368972778,22.921770095825195
0.8885481357574463,22.916120529174805
0.8771225214004517,22.916412353515625
0.8739854693412781,22.91282844543457
0.8956348896026611,22.910432815551758
0.8652377724647522,22.908918380737305
0.8706786036491394,22.90800666809082
0.9036285281181335,22.911651611328125
0.8589053153991699,22.91899299621582
0.8902590870857239,22.92640495300293
0.869118332862854,22.930360794067383
0.8636246919631958,22.92987060546875
0.8828423023223877,22.939058303833008
0.869470477104187,22.94615364074707
0.8825568556785583,22.962007522583008
0.8836835622787476,22.984085083007812
0.883226752281189,23.009681701660156
0.8733333349227905,23.03778839111328
0.8566787838935852,23.06593132019043
0.8689084053039551,23.097623825073242
0.8508116006851196,23.115568161010742
0.8885452151298523,23.13670539855957
0.87260901927948,23.16197395324707
0.8584572672843933,23.19073486328125
0.857127845287323,23.216646194458008
0.8725861310958862,23.24012565612793
0.8639187812805176,23.259492874145508
0.8679835200309753,23.263839721679688
0.8904138207435608,23.267515182495117
0.8579152226448059,23.27568244934082
0.8560571074485779,23.280244827270508
0.8823428153991699,23.28077507019043
0.8873632550239563,23.28294563293457
0.870759904384613,23.27754020690918
0.8930885791778564,23.26542854309082
0.8720963597297668,23.248781204223633
0.8552072048187256,23.225873947143555
0.8934180736541748,23.19060516357422
0.8981043100357056,23.148561477661133
0.86570805311203,23.10675811767578
0.8910298943519592,23.063962936401367
0.8937792181968689,23.021650314331055
0.8681285977363586,22.97620964050293
0.8662382364273071,22.942827224731445
0.9010517001152039,22.906204223632812
0.8692986965179443,22.874977111816406
0.8793345093727112,22.845672607421875
0.8608444929122925,22.82274055480957
0.8746647238731384,22.803926467895508
0.888161838054657,22.789247512817383
0.8553330898284912,22.781309127807617
0.8730638027191162,22.774595260620117
0.886601448059082,22.764432907104492
0.8661118149757385,22.755373001098633
0.8833380937576294,22.751909255981445
0.868327796459198,22.746061325073242
0.8682424426078796,22.738983154296875
0.8691419363021851,22.7391357421875
0.8932816386222839,22.739622116088867
0.8684663772583008,22.737886428833008
0.8688840866088867,22.72551155090332
0.8702686429023743,22.719404220581055
0.8838534355163574,22.716142654418945
0.877368152141571,22.71049690246582
0.8484720587730408,22.704133987426758
0.862687885761261,22.697969436645508
0.8799935579299927,22.692136764526367
0.8805818557739258,22.681602478027344
0.8924130201339722,22.672178268432617
0.8807459473609924,22.65947151184082
0.8953465819358826,22.643938064575195
0.8743746280670166,22.635164260864258
0.8618792295455933,22.619340896606445
0.879241406917572,22.609968185424805
0.886416494846344,22.59790802001953
0.8713312745094299,22.590177536010742
0.8785340785980225,22.584871292114258
0.8875594139099121,22.580488204956055
0.9019526243209839,22.569150924682617
0.8760178685188293,22.561861038208008
0.898999810218811,22.552289962768555
0.8751705884933472,22.544828414916992
0.8683842420578003,22.53077507019043
0.8828958868980408,22.524015426635742
0.8839901685714722,22.513381958007812
0.8559906482696533,22.513994216918945
0.8720444440841675,22.520185470581055
0.8934487700462341,22.53095817565918
0.8709704875946045,22.538393020629883
0.8844351768493652,22.53608512878418
0.8600296378135681,22.531219482421875
0.8784424066543579,22.525407791137695
0.8685353398323059,22.515304565429688
0.8666225671768188,22.50920295715332
0.8767181038856506,22.496763229370117
0.8885685205459595,22.490571975708008
0.8773523569107056,22.482938766479492
0.8752334713935852,22.477903366088867
0.8667302131652832,22.468955993652344
0.8903641700744629,22.456239700317383
0.8659443855285645,22.441499710083008
0.8921281695365906,22.41826057434082
0.8809977173805237,22.39691162109375
0.8707647323608398,22.374067306518555
0.8760471940040588,22.349058151245117
0.8657234907150269,22.332426071166992
0.8916513323783875,22.320938110351562
0.8901049494743347,22.306535720825195
0.8584021925926208,22.299819946289062
0.874740481376648,22.301071166992188
0.8610602021217346,22.309568405151367
0.8905561566352844,22.316831588745117
0.8802778124809265,22.320518493652344
0.8651880621910095,22.322694778442383
0.8441278338432312,22.329561233520508
0.8639007210731506,22.336532592773438
0.9037272930145264,22.346357345581055
0.8830578327178955,22.353544235229492
0.8831959962844849,22.35936164855957
0.8637990951538086,22.361467361450195
0.8852077722549438,22.362472534179688
0.8547077178955078,22.36334991455078
0.8707761764526367,22.367265701293945
0.8493608236312866,22.372352600097656
0.8917041420936584,22.37385368347168
0.8692097067832947,22.374265670776367
0.8990158438682556,22.37816047668457
0.8559337258338928,22.381797790527344
0.909280002117157,22.384321212768555
0.8787133097648621,22.38633918762207
0.8724414110183716,22.393537521362305
0.8515506386756897,22.396451950073242
0.8948518633842468,22.40155792236328
0.8932669162750244,22.404218673706055
0.876068651676178,22.405601501464844
0.8710557818412781,22.405715942382812
0.8990746140480042,22.4063720703125
0.8807766437530518,22.41032600402832
0.8810943961143494,22.41815185546875
0.8808853626251221,22.425127029418945
0.8792885541915894,22.427385330200195
0.8817629814147949,22.43321418762207
0.8786339163780212,22.43256950378418
0.868147611618042,22.43541145324707
0.872390866279602,22.43977165222168
0.878014326095581,22.437376022338867
0.8431239128112793,22.435380935668945
0.8878850936889648,22.443359375
0.8649523258209229,22.444917678833008
0.8706977963447571,22.456144332885742
0.895817756652832,22.470170974731445
0.8466584086418152,22.49232292175293
0.8906299471855164,22.50880241394043
0.8913191556930542,22.522462844848633
0.8819231986999512,22.533872604370117
0.8811051845550537,22.545188903808594
0.8758880496025085,22.561124801635742
0.8654968738555908,22.572097778320312
0.8893915414810181,22.58476448059082
0.865797221660614,22.59833526611328
0.869800865650177,22.62109375
0.8993456363677979,22.629072189331055
0.8697940707206726,22.63402557373047
0.8791218400001526,22.640810012817383
0.8955823183059692,22.640562057495117
0.8865483999252319,22.643552780151367
0.8667219877243042,22.653165817260742
0.8751158118247986,22.656709671020508
0.8664250373840332,22.667940139770508
0.8850013017654419,22.687767028808594
0.8630236387252808,22.710599899291992
0.8674125075340271,22.727006912231445
0.8637617826461792,22.739341735839844
0.8930313587188721,22.759931564331055
0.8813027143478394,22.77995491027832
0.897810161113739,22.79914665222168
0.8514174818992615,22.812440872192383
0.8875894546508789,22.81859588623047
0.880546510219574,22.829984664916992
0.8815239071846008,22.84362030029297
0.8868420124053955,22.846893310546875
0.877998948097229,22.84840202331543
0.8665770292282104,22.848283767700195
0.8649178743362427,22.84058952331543
0.8849287033081055,22.829038619995117
0.8497765064239502,22.825395584106445
0.8741741180419922,22.820894241333008
0.8857824802398682,22.819002151489258
0.8808123469352722,22.819969177246094
0.8769285678863525,22.805727005004883
0.8797577023506165,22.800416946411133
0.8767078518867493,22.789487838745117
0.8794652223587036,22.769426345825195
0.8812841773033142,22.74171257019043
0.866456151008606,22.723203659057617
0.8649188280105591,22.70704460144043
0.8821016550064087,22.702781677246094
0.875434160232544,22.696840286254883
0.8927977085113525,22.69233512878418
0.8807091116905212,22.688369750976562
0.8783218860626221,22.675840377807617
0.8814756870269775,22.672441482543945
0.8823491334915161,22.66575813293457
0.8600987195968628,22.662261962890625
0.8590614795684814,22.655942916870117
0.8758580684661865,22.649538040161133
0.876041054725647,22.647645950317383
0.8787795305252075,22.65117073059082
0.9043834209442139,22.656557083129883
0.8759490251541138,22.662630081176758
0.8847418427467346,22.660245895385742
0.8883069753646851,22.655729293823242
0.8734993934631348,22.648469924926758
0.88509601354599,22.636873245239258
0.8747367262840271,22.624006271362305
0.8762391209602356,22.611406326293945
0.8757889866828918,22.598344802856445
0.8652210831642151,22.58319091796875
0.8827503323554993,22.574129104614258
0.8664215207099915,22.563982009887695
0.8583994507789612,22.536575317382812
0.8874721527099609,22.51423454284668
0.8747822642326355,22.48853874206543
0.8670529127120972,22.46863555908203
0.8943681716918945,22.45747184753418
0.885103702545166,22.447471618652344
0.8850720524787903,22.439865112304688
0.8660926222801208,22.42725944519043
0.8791248202323914,22.415006637573242
0.8633632063865662,22.402555465698242
0.9022093415260315,22.385541915893555
0.8786154985427856,22.37224006652832
0.8629643321037292,22.369565963745117
0.8895296454429626,22.36985969543457
0.8525123596191406,22.36302375793457
0.8841860294342041,22.362424850463867
0.8551314473152161,22.358308792114258
0.8738999962806702,22.353225708007812
0.8826566338539124,22.336977005004883
0.8644860982894897,22.32696533203125
0.8738284707069397,22.312971115112305
0.8895557522773743,22.305086135864258
0.8582754731178284,22.294950485229492
0.873305082321167,22.28968620300293
0.8617191910743713,22.283964157104492
0.8634218573570251,22.284574508666992
0.891985297203064,22.286195755004883
0.8691449761390686,22.29661750793457
0.8684533834457397,22.296043395996094
0.8625584244728088,22.289644241333008
0.8613932728767395,22.28978157043457
0.8818694949150085,22.29252815246582
0.8991501331329346,22.297502517700195
0.8739141821861267,22.29767608642578
0.8862613439559937,22.297483444213867
0.8704470992088318,22.289840698242188
0.8890044093132019,22.287565231323242
0.8698944449424744,22.28459358215332
0.8687235713005066,22.273073196411133
0.8817750215530396,22.263261795043945
0.8821465969085693,22.255887985229492
0.8668023943901062,22.242341995239258
0.8669261336326599,22.237104415893555
0.8794419765472412,22.236650466918945
0.8840681314468384,22.233095169067383
0.878639280796051,22.220491409301758
0.8725062608718872,22.208600997924805
0.8935846090316772,22.200422286987305
0.8799742460250854,22.19597053527832
0.8872849941253662,22.19336700439453
0.862409770488739,22.185712814331055
0.8887363076210022,22.17314338684082
0.8723886013031006,22.166725158691406
0.8607759475708008,22.162015914916992
0.8998867273330688,22.162214279174805
0.8715767860412598,22.16576385498047
0.8663708567619324,22.168983459472656
0.8989665508270264,22.174774169921875
0.8848206400871277,22.18022346496582
0.883149266242981,22.185640335083008
0.8764979243278503,22.201128005981445
0.8740352988243103,22.221162796020508
0.8632194399833679,22.23802375793457
0.8772767782211304,22.25221061706543
0.8725098967552185,22.25482940673828
0.8930657505989075,22.26561164855957
0.8968350291252136,22.26991081237793
0.8887442946434021,22.281293869018555
0.8554410338401794,22.283872604370117
0.870242714881897,22.291166305541992
0.8693781495094299,22.300750732421875
0.8800935745239258,22.310853958129883
0.8754299879074097,22.33192253112793
0.8827261328697205,22.351669311523438
0.8824752569198608,22.371070861816406
0.8799540996551514,22.391389846801758
0.872535228729248,22.408241271972656
0.9037336111068726,22.427396774291992
0.8660292029380798,22.44456672668457
0.8857893347740173,22.449989318847656
0.8788553476333618,22.45408821105957
0.8567249774932861,22.447479248046875
0.8607422709465027,22.438310623168945
0.8640093803405762,22.420381546020508
0.8576931953430176,22.409242630004883
0.866084635257721,22.396333694458008
0.8628653287887573,22.374006271362305
0.8729894161224365,22.3524169921875
0.8799517750740051,22.330781936645508
0.8719064593315125,22.297971725463867
0.9011061787605286,22.263429641723633
0.8763939142227173,22.235414505004883
0.8722915053367615,22.21165657043457
0.8809206485748291,22.189104080200195
0.8580815196037292,22.167142868041992
0.901904821395874,22.13923454284668
0.8853046298027039,22.113752365112305
0.8839782476425171,22.09044075012207
0.873558521270752,22.071428298950195
0.8679980039596558,22.04987907409668
0.882506787776947,22.030607223510742
0.8661946058273315,22.01775360107422
0.8618155717849731,22.016313552856445
0.8666948676109314,22.01087188720703
0.8860793709754944,22.004056930541992
0.8881420493125916,21.998619079589844
0.8889697194099426,21.988954544067383
0.8834667205810547,21.979230880737305
0.891936719417572,21.962739944458008
0.8709973096847534,21.94170379638672
0.8590781092643738,21.911500930786133
0.8996261954307556,21.885940551757812
0.8795293569564819,21.858924865722656
0.8945755958557129,21.837265014648438
0.8780238628387451,21.816078186035156
0.8496805429458618,21.7908935546875
0.8816499710083008,21.764524459838867
0.8768767714500427,21.737504959106445
0.8747180700302124,21.716636657714844
0.8955950736999512,21.69532012939453
0.8684127330780029,21.677080154418945
0.9049190282821655,21.652631759643555
0.8957732915878296,21.62889289855957
0.8703722357749939,21.6021728515625
0.8869876265525818,21.576692581176758
0.8783764839172363,21.546419143676758
0.874800443649292,21.516572952270508
0.8847271800041199,21.48554229736328
0.8577761650085449,21.446836471557617
0.8798128962516785,21.40562629699707
0.8855066895484924,21.364866256713867
0.8690685033798218,21.323854446411133
0.8609461784362793,21.27740478515625
0.8695294857025146,21.234800338745117
0.874678909778595,21.189821243286133
0.8748347163200378,21.146644592285156
0.8702099323272705,21.099241256713867
0.8589732646942139,21.05687141418457
0.8739230036735535,21.018606185913086
0.8924986124038696,20.984960556030273
0.8611003160476685,20.955411911010742
0.8699983358383179,20.933656692504883
0.9070352911949158,20.91150665283203
0.8997519612312317,20.88903045654297
0.8719161748886108,20.86479377746582
0.8510617613792419,20.844160079956055
0.8779398798942566,20.83289909362793
0.8576461672782898,20.826187133789062
0.8795216083526611,20.82890510559082
0.9006965160369873,20.828432083129883
0.8755275011062622,20.829435348510742
0.9067511558532715,20.82783317565918
0.885874330997467,20.822301864624023
0.858609139919281,20.81891632080078
0.8633558750152588,20.814027786254883
0.868041455745697,20.8095760345459
0.8564605116844177,20.80546760559082
0.8982073664665222,20.81003761291504
0.8653421401977539,20.81632423400879
0.8757656812667847,20.813814163208008
0.8553637862205505,20.81103515625
0.8789088129997253,20.80889892578125
0.8968518972396851,20.8065242767334
0.8776544332504272,20.806596755981445
0.8686083555221558,20.811491012573242
0.8768697381019592,20.81001091003418
0.8780785799026489,20.809911727905273
0.8829072713851929,20.81146240234375
0.890015721321106,20.808103561401367
0.8690900206565857,20.807044982910156
0.8662141561508179,20.7991886138916
0.870154082775116,20.788251876831055
0.8816328644752502,20.77695655822754
0.8594505190849304,20.76390838623047
0.8570985198020935,20.75323486328125
0.8679624795913696,20.74444580078125
0.8604943156242371,20.740297317504883
0.8969553112983704,20.728742599487305
0.895119845867157,20.713319778442383
0.8830210566520691,20.695472717285156
0.884235143661499,20.6726131439209
0.8953480124473572,20.65970802307129
0.8392605781555176,20.647459030151367
0.8885235786437988,20.634963989257812
0.8656512498855591,20.619707107543945
0.878357470035553,20.60487937927246
0.8837580680847168,20.596580505371094
0.8746755719184875,20.586843490600586
0.8806887865066528,20.574935913085938
0.8628199696540833,20.566545486450195
0.8817490339279175,20.5526065826416
0.8893471360206604,20.535829544067383
0.8836009502410889,20.5169677734375
0.8794755339622498,20.497053146362305
0.8709592819213867,20.47791290283203
0.8626585602760315,20.465843200683594
0.876440167427063,20.45415687561035
0.8811947703361511,20.45088005065918
0.8814126253128052,20.462797164916992
0.8576900959014893,20.47496223449707
0.8825732469558716,20.48307228088379
0.8651903867721558,20.493928909301758
0.8819942474365234,20.515058517456055
0.8614504337310791,20.525840759277344
0.8824493885040283,20.52789878845215
0.8758684992790222,20.538923263549805
0.8536211848258972,20.561098098754883
0.8677524924278259,20.574676513671875
0.8693493604660034,20.581026077270508
0.8727139830589294,20.586702346801758
0.9093320965766907,20.58802604675293
0.8728459477424622,20.587495803833008
0.8951358795166016,20.59039306640625
0.8691009283065796,20.58784294128418
0.8747351765632629,20.593887329101562
0.8675894737243652,20.60332489013672
0.8703389167785645,20.60465431213379
0.8857244253158569,20.599777221679688
0.8912619352340698,20.582733154296875
0.8767114877700806,20.568511962890625
0.8896666765213013,20.563753128051758
0.8873686194419861,20.563779830932617
0.8869373798370361,20.560346603393555
0.8680294752120972,20.559602737426758
0.8907970190048218,20.55257225036621
0.8838807344436646,20.540435791015625
0.8708688616752625,20.518728256225586
0.8608310222625732,20.503015518188477
0.8800762295722961,20.481199264526367
0.8773022294044495,20.460493087768555
0.8835874199867249,20.436765670776367
0.881255567073822,20.418054580688477
0.8772092461585999,20.39243507385254
0.866990864276886,20.36848258972168
0.8895999193191528,20.350496292114258
0.8929082751274109,20.328340530395508
0.8974401354789734,20.3028507232666
0.8828674554824829,20.279329299926758
0.8617256879806519,20.263229370117188
0.8872367739677429,20.249479293823242
0.8751192688941956,20.238319396972656
0.886541485786438,20.221662521362305
0.8899408578872681,20.208311080932617
0.8602339625358582,20.20323371887207
0.8687404990196228,20.196800231933594
0.8751360774040222,20.198972702026367
0.8852459788322449,20.200563430786133
0.8649560213088989,20.207719802856445
0.8746941685676575,20.207700729370117
0.8739495873451233,20.203657150268555
0.8719046115875244,20.209760665893555
0.8593921065330505,20.223146438598633
0.8673689961433411,20.234994888305664
0.8767680525779724,20.23929786682129
0.8737234473228455,20.24772834777832
0.8836122751235962,20.26213264465332
0.8816640377044678,20.264921188354492
0.889511227607727,20.266359329223633
0.8741146922111511,20.2618465423584
0.887000322341919,20.267148971557617
0.8810186386108398,20.279762268066406
0.8889570236206055,20.28620719909668
0.8874562382698059,20.286741256713867
0.8707467317581177,20.291412353515625
0.8666678667068481,20.296937942504883
0.8723436594009399,20.293243408203125
0.8528797626495361,20.28766632080078
0.8890671730041504,20.293413162231445
0.8719093203544617,20.300382614135742
0.8990604877471924,20.314149856567383
0.875281572341919,20.325172424316406
0.8879270553588867,20.334320068359375
0.8807907104492188,20.340028762817383
0.8780919909477234,20.342796325683594
0.8638592958450317,20.344968795776367
0.8707690238952637,20.344175338745117
0.8813944458961487,20.34134864807129
0.8815842866897583,20.332361221313477
0.875917911529541,20.324417114257812
0.8734421730041504,20.313764572143555
0.8793162703514099,20.304563522338867
0.8923481702804565,20.302474975585938
0.8755797743797302,20.291181564331055
0.8804457783699036,20.28856658935547
0.9088301658630371,20.27714729309082
0.8712401390075684,20.268640518188477
0.8854997754096985,20.263540267944336
0.8795800805091858,20.256196975708008
0.8802627325057983,20.25249671936035
0.8692967891693115,20.240934371948242
0.8786243796348572,20.22321128845215
0.9064064025878906,20.20859718322754
0.8847156167030334,20.193376541137695
0.8698248863220215,20.17396354675293
0.9017219543457031,20.160049438476562
0.8832430839538574,20.143033981323242
0.8905870318412781,20.128393173217773
0.8818340301513672,20.109725952148438
0.8683035373687744,20.09358024597168
0.882624626159668,20.083953857421875
0.8876797556877136,20.068819046020508
0.876401960849762,20.05256462097168
0.8909542560577393,20.041715621948242
0.88596510887146,20.021135330200195
0.8940790891647339,20.011743545532227
0.8596885800361633,19.999845504760742
0.9029974341392517,19.991369247436523
0.8820984959602356,19.978273391723633
0.8739699125289917,19.967506408691406
0.8808479905128479,19.950668334960938
0.8826343417167664,19.92806053161621
0.8860893845558167,19.91023063659668
0.8768395185470581,19.8952693939209
0.8838311433792114,19.881040573120117
0.876691460609436,19.86614418029785
0.859162449836731,19.845788955688477
0.8662639260292053,19.822290420532227
0.8893447518348694,19.789718627929688
0.893389105796814,19.761816024780273
0.8800754547119141,19.731468200683594
0.8850739002227783,19.702743530273438
0.8728197813034058,19.67481803894043
0.8718697428703308,19.65214729309082
0.8876171112060547,19.6307373046875
0.8903558254241943,19.60871124267578
0.8903377056121826,19.585405349731445
0.8690232038497925,19.56182861328125
0.8770405054092407,19.53864097595215
0.884803295135498,19.51990509033203
0.876523494720459,19.500410079956055
0.8579984307289124,19.48421287536621
0.9051722884178162,19.459394454956055
0.890116810798645,19.43871307373047
0.8743497133255005,19.42845344543457
0.8883193731307983,19.410966873168945
0.8839384913444519,19.398483276367188
0.868711531162262,19.38060760498047
0.8619188070297241,19.360578536987305
0.9063851833343506,19.340940475463867
0.8760625123977661,19.320310592651367
0.8757902979850769,19.29596710205078
0.8807854056358337,19.268251419067383
0.8814233541488647,19.24760627746582
0.8762180805206299,19.229530334472656
0.8837621212005615,19.208450317382812
0.8950082063674927,19.198244094848633
0.8854933381080627,19.190290451049805
0.8931153416633606,19.188386917114258
0.886898934841156,19.18458366394043
0.867599606513977,19.186872482299805
0.8898800015449524,19.190887451171875
0.8757584095001221,19.197885513305664
0.8865527510643005,19.201505661010742
0.8744072318077087,19.19808006286621
0.8822311162948608,19.19045066833496
0.8781435489654541,19.181617736816406
0.8986580967903137,19.173715591430664
0.8851945996284485,19.167509078979492
0.8897297382354736,19.163785934448242
0.8790041208267212,19.158723831176758
0.8630239963531494,19.15960693359375
0.8888605833053589,19.146194458007812
0.8720170855522156,19.129995346069336
0.8956931829452515,19.115753173828125
0.9049932956695557,19.11018180847168
0.9021284580230713,19.107065200805664
0.87179034948349,19.10486602783203
0.8822120428085327,19.102109909057617
0.8789727091789246,19.099149703979492
0.8803392052650452,19.093162536621094
0.8765423893928528,19.07884407043457
0.8639177083969116,19.065874099731445
0.8646954894065857,19.046735763549805
0.8832067251205444,19.028221130371094
0.8758431673049927,19.00990104675293
0.8757463693618774,18.992002487182617
0.890224814414978,18.981061935424805
0.9112987518310547,18.975685119628906
0.8998284935951233,18.970659255981445
0.8611103892326355,18.96636390686035
0.8887242674827576,18.969144821166992
0.8954159617424011,18.975845336914062
0.8675418496131897,18.985422134399414
0.8912743330001831,18.98531150817871
0.8781418204307556,18.984853744506836
0.8793392777442932,18.96601104736328
0.8645575046539307,18.945810317993164
0.8717480301856995,18.92631721496582
0.8781519532203674,18.915159225463867
0.8887329697608948,18.901458740234375
0.8798344135284424,18.88505744934082
0.8901432156562805,18.86107063293457
0.868466317653656,18.84520149230957
0.8879277110099792,18.83052635192871
0.870357871055603,18.81608772277832
0.8841407299041748,18.8041934967041
0.8993637561798096,18.796293258666992
0.8769647479057312,18.793317794799805
0.885288417339325,18.7973575592041
0.8765087723731995,18.795316696166992
0.887161135673523,18.7945499420166
0.8662537932395935,18.789583206176758
0.8834968209266663,18.777379989624023
0.872822642326355,18.767066955566406
0.892640233039856,18.75065803527832
0.8661902546882629,18.732038497924805
0.877141535282135,18.711530685424805
0.8770517706871033,18.69635009765625
0.8705157041549683,18.669038772583008
0.8672553896903992,18.647977828979492
0.8873514533042908,18.62737464904785
0.8745150566101074,18.61258888244629
0.8593126535415649,18.590797424316406
0.8960824012756348,18.568593978881836
0.9049147367477417,18.549715042114258
0.871025562286377,18.533254623413086
0.9046509265899658,18.520902633666992
0.8636628985404968,18.512529373168945
0.9040034413337708,18.495512008666992
0.87823885679245,18.480764389038086
0.8795017004013062,18.466249465942383
0.8802318572998047,18.445531845092773
0.8757468461990356,18.421133041381836
0.883323609828949,18.407506942749023
0.8990030884742737,18.393218994140625
0.8677607774734497,18.380342483520508
0.9028337001800537,18.365293502807617
0.8828928470611572,18.350854873657227
0.8865492343902588,18.33815574645996
0.8871130347251892,18.320043563842773
0.8953787088394165,18.299196243286133
0.8796656131744385,18.26816749572754
0.8602372407913208,18.242876052856445
0.8548248410224915,18.213090896606445
0.8749306797981262,18.181970596313477
0.8625842332839966,18.153913497924805
0.8943568468093872,18.128929138183594
0.8869040608406067,18.107133865356445
0.9043431878089905,18.081796646118164
0.8755775094032288,18.057592391967773
0.9028425812721252,18.042213439941406
0.8901283144950867,18.02713966369629
0.8739010691642761,18.01647186279297
0.8855975866317749,18.014631271362305
0.8834295272827148,18.009572982788086
0.8966512084007263,18.003385543823242
0.8944395184516907,17.99766731262207
0.8716622591018677,17.990127563476562
0.8977925777435303,17.987375259399414
0.8824939131736755,17.985570907592773
0.8997596502304077,17.982927322387695
0.877139151096344,17.984086990356445
0.8669024109840393,17.975542068481445
0.8844149112701416,17.967348098754883
0.8925673365592957,17.95655632019043
0.8831930160522461,17.94432258605957
0.8789535760879517,17.92574119567871
0.8719635605812073,17.912633895874023
0.8898515105247498,17.90520668029785
0.8853191137313843,17.907758712768555
0.8815631866455078,17.90736198425293
0.889235258102417,17.915159225463867
0.8736730813980103,17.919187545776367
0.8789473176002502,17.926469802856445
0.8944380879402161,17.932523727416992
0.8777557015419006,17.931745529174805
0.8910737037658691,17.931520462036133
0.8879950046539307,17.92854118347168
0.9044227600097656,17.921646118164062
0.8591602444648743,17.90778350830078
0.888481080532074,17.893056869506836
0.8962833881378174,17.87653923034668
0.9043990969657898,17.865175247192383
0.8640053868293762,17.850400924682617
0.891362726688385,17.825544357299805
0.91001296043396,17.7939453125
0.8942110538482666,17.760866165161133
0.8797850608825684,17.730857849121094
0.8985797166824341,17.71083641052246
0.8868140578269958,17.69903564453125
0.8859866857528687,17.683652877807617
0.8861947655677795,17.660661697387695
0.8846492767333984,17.645536422729492
0.8687952160835266,17.63331413269043
0.8932465314865112,17.62493324279785
0.8836294412612915,17.615129470825195
0.8759980201721191,17.601884841918945
0.8763648271560669,17.588064193725586
0.8820603489875793,17.573503494262695
0.8829687833786011,17.560453414916992
0.8856491446495056,17.555349349975586
0.8823615312576294,17.552095413208008
0.8825054168701172,17.55811882019043
0.8946921825408936,17.560272216796875
0.86397385597229,17.560304641723633
0.8975168466567993,17.56398582458496
0.8828539848327637,17.563764572143555
0.8954238295555115,17.567598342895508
0.8860936164855957,17.5729923248291
0.8689148426055908,17.582244873046875
0.8905940651893616,17.589941024780273
0.8724876642227173,17.60089874267578
0.8705762624740601,17.615877151489258
0.8792025446891785,17.62763214111328
0.8805671334266663,17.63715362548828
0.8716710805892944,17.643033981323242
0.8664414882659912,17.644041061401367
0.8849866986274719,17.64838218688965
0.89499831199646,17.65327262878418
0.896847128868103,17.64618682861328
0.9038950204849243,17.64021110534668
0.8939970135688782,17.633466720581055
0.8848919868469238,17.628433227539062
0.8822765350341797,17.6241512298584
0.8724138736724854,17.62023162841797
0.8821028470993042,17.62078094482422
0.8823118209838867,17.611867904663086
0.8834149837493896,17.60272979736328
0.8811911940574646,17.594358444213867
0.8931474685668945,17.58378791809082
0.9001299738883972,17.571382522583008
0.8859916925430298,17.560277938842773
0.8904364109039307,17.553680419921875
0.8830181360244751,17.54228973388672
0.8778853416442871,17.534988403320312
0.8897013068199158,17.530731201171875
0.8863169550895691,17.531221389770508
0.8965132832527161,17.52427864074707
0.8839091062545776,17.522972106933594
0.8836003541946411,17.52286720275879
0.8798641562461853,17.530616760253906
0.8937490582466125,17.53699493408203
0.8938822746276855,17.547895431518555
0.876555323600769,17.559907913208008
0.8850481510162354,17.577104568481445
0.8825368285179138,17.583707809448242
0.9026507139205933,17.58860206604004
0.8770219087600708,17.5971736907959
0.8870818614959717,17.6082706451416
0.8773232698440552,17.613191604614258
0.8744568228721619,17.613718032836914
0.9009818434715271,17.620208740234375
0.8731942176818848,17.62535285949707
0.8757519721984863,17.629196166992188
0.8656770586967468,17.632844924926758
0.8850698471069336,17.628049850463867
0.8995903730392456,17.6292781829834
0.8714664578437805,17.625226974487305
0.8868276476860046,17.619043350219727
0.8866342902183533,17.611831665039062
0.8568156957626343,17.605377197265625
0.8940294981002808,17.604368209838867
0.8756189346313477,17.60496711730957
0.8916927576065063,17.6082820892334
0.9012232422828674,17.61332130432129
0.881578803062439,17.61158561706543
0.891800045967102,17.604249954223633
0.8588993549346924,17.594850540161133
0.8608240485191345,17.58106803894043
0.9027383327484131,17.56135368347168
0.8743411898612976,17.54011344909668
0.8504200577735901,17.51402473449707
0.8933064937591553,17.498289108276367
0.9081061482429504,17.479082107543945
0.8828601837158203,17.462862014770508
0.894496738910675,17.442380905151367
0.8724021911621094,17.42945671081543
0.8612491488456726,17.411298751831055
0.8668605089187622,17.402589797973633
0.9023705720901489,17.391019821166992
0.8693506717681885,17.376953125
0.8898084759712219,17.361513137817383
0.8739094138145447,17.357545852661133
0.8885478973388672,17.352190017700195
0.8994859457015991,17.3548526763916
0.8848621249198914,17.35719108581543
0.8813579082489014,17.354028701782227
0.8768835663795471,17.357194900512695
0.8775542378425598,17.360519409179688
0.8824533820152283,17.363737106323242
0.8947577476501465,17.366518020629883
0.8793493509292603,17.37056541442871
0.8706586360931396,17.375879287719727
0.8794913291931152,17.381927490234375
0.8797235488891602,17.386987686157227
0.8889726996421814,17.38746452331543
0.8792843222618103,17.38799476623535
0.8586985468864441,17.394081115722656
0.8830847144126892,17.398252487182617
0.8960944414138794,17.402223587036133
0.887371301651001,17.401063919067383
0.9142841100692749,17.396120071411133
0.853400707244873,17.395692825317383
0.8859719634056091,17.381866455078125
0.8900408148765564,17.374353408813477
0.899053156375885,17.36677360534668
0.8669333457946777,17.36756134033203
0.8793999552726746,17.363874435424805
0.8903093338012695,17.354219436645508
0.8794302940368652,17.346107482910156
0.8785936832427979,17.340850830078125
0.8768715858459473,17.33432960510254
0.8860363960266113,17.32606315612793
0.8820374011993408,17.318145751953125
0.8986285328865051,17.3120174407959
0.8867127895355225,17.305139541625977
0.8605269193649292,17.302824020385742
0.8845630884170532,17.298471450805664
0.8758409023284912,17.288549423217773
0.8837853074073792,17.276567459106445
0.8821138739585876,17.26024055480957
0.9071154594421387,17.240522384643555
0.8872188925743103,17.22040367126465
0.9005346894264221,17.196090698242188
0.8986285924911499,17.176347732543945
0.8954758644104004,17.1573429107666
0.9022105932235718,17.138154983520508
0.889406681060791,17.11747932434082
0.890796959400177,17.08271598815918
0.8883596062660217,17.055166244506836
0.877336323261261,17.03240203857422
0.8781222105026245,17.01002311706543
0.9118760228157043,16.982744216918945
0.8792176246643066,16.9588680267334
0.9021118879318237,16.934263229370117
0.8919475078582764,16.921554565429688
0.8898848295211792,16.911161422729492
0.8633161187171936,16.895296096801758
0.8929443955421448,16.87919807434082
0.9060357809066772,16.859548568725586
0.8626939058303833,16.847536087036133
0.8897718191146851,16.830825805664062
0.8944233655929565,16.816804885864258
0.8814824223518372,16.793001174926758
0.8924769759178162,16.779939651489258
0.8780302405357361,16.765031814575195
0.8895821571350098,16.74981117248535
0.8856528997421265,16.728673934936523
0.8998380303382874,16.70823097229004
0.8912639617919922,16.699623107910156
0.8909729719161987,16.684038162231445
0.8783708810806274,16.671781539916992
0.9102948307991028,16.65888023376465
0.8779035806655884,16.64862823486328
0.880659818649292,16.643798828125
0.8918130397796631,16.638025283813477
0.895330548286438,16.634611129760742
0.8785978555679321,16.637868881225586
0.9012695550918579,16.637083053588867
0.8827196359634399,16.63556671142578
0.8741500377655029,16.62909507751465
0.8824845552444458,16.627267837524414
0.8856039047241211,16.624582290649414
0.9058690071105957,16.618637084960938
0.8914163708686829,16.61469078063965
0.8932555913925171,16.62065315246582
0.881517767906189,16.620946884155273
0.8807554841041565,16.615272521972656
0.8961423635482788,16.617216110229492
0.8812419176101685,16.622316360473633
0.8464006185531616,16.619321823120117
0.8836674690246582,16.61662483215332
0.8837980031967163,16.61728858947754
0.8778599500656128,16.614957809448242
0.8825762271881104,16.61692237854004
0.8700968623161316,16.62104606628418
0.8751450181007385,16.618131637573242
0.9006872773170471,16.615259170532227
0.8943342566490173,16.611038208007812
0.8644778728485107,16.609106063842773
0.8908315300941467,16.60115623474121
0.8790855407714844,16.599891662597656
0.8983528017997742,16.591402053833008
0.8995214700698853,16.586679458618164
0.8789019584655762,16.57878875732422
0.8990378379821777,16.576486587524414
0.8675288558006287,16.572328567504883
0.8992837071418762,16.567291259765625
0.8875487446784973,16.566797256469727
0.8882108330726624,16.574533462524414
0.8753760457038879,16.583555221557617
0.8682847023010254,16.593969345092773
0.912426233291626,16.604787826538086
0.8959518074989319,16.615694046020508
0.9062780141830444,16.62311553955078
0.8771573305130005,16.6256103515625
0.8862178325653076,16.624544143676758
0.8847686648368835,16.623260498046875
0.8966032862663269,16.6219425201416
0.8762898445129395,16.61713409423828
0.8781411647796631,16.615041732788086
0.8721773028373718,16.614641189575195
0.9041519165039062,16.61286735534668
0.8709521293640137,16.609277725219727
0.8973128199577332,16.616971969604492
0.8920221328735352,16.628517150878906
0.8958715796470642,16.637130737304688
0.8708641529083252,16.64466094970703
0.900266170501709,16.646997451782227
0.8850399851799011,16.646974563598633
0.8839380145072937,16.644426345825195
0.9027292132377625,16.635663986206055
0.8785336017608643,16.63079071044922
0.8932881951332092,16.621492385864258
0.9071359634399414,16.612882614135742
0.8960660696029663,16.609495162963867
0.8889567852020264,16.602323532104492
0.8766891956329346,16.596351623535156
0.8783292770385742,16.59657096862793
0.8935455679893494,16.59541893005371
0.8740310072898865,16.588716506958008
0.8995134234428406,16.574567794799805
0.8936249613761902,16.563135147094727
0.8817546963691711,16.55777931213379
0.8821918964385986,16.549562454223633
0.8724522590637207,16.543519973754883
0.9034254550933838,16.53273582458496
0.8551213145256042,16.521604537963867
0.8802847862243652,16.500356674194336
0.8782726526260376,16.47441864013672
0.8885558843612671,16.452293395996094
0.8868713974952698,16.433317184448242
0.8956350088119507,16.423200607299805
0.8923828601837158,16.420740127563477
0.8792982697486877,16.413846969604492
0.8842063546180725,16.40997314453125
0.8831733465194702,16.399877548217773
0.8702797293663025,16.387617111206055
0.8778994679450989,16.375272750854492
0.8971257209777832,16.36408042907715
0.9028074741363525,16.34815788269043
0.88335782289505,16.322662353515625
0.8837253451347351,16.303739547729492
0.8874715566635132,16.291284561157227
0.8600479364395142,16.276960372924805
0.8862327337265015,16.256818771362305
0.891575813293457,16.24420738220215
0.889607310295105,16.226999282836914
0.8926032185554504,16.20326042175293
0.872146487236023,16.185523986816406
0.8595514893531799,16.166748046875
0.885455846786499,16.13917350769043
0.8939598202705383,16.119483947753906
0.8926543593406677,16.10181999206543
0.9050481915473938,16.091825485229492
0.9079203605651855,16.08818817138672
0.8829978108406067,16.087738037109375
0.8859727382659912,16.086244583129883
0.9096691012382507,16.0821475982666
0.9089369177818298,16.085981369018555
0.8864483833312988,16.082979202270508
0.8863992691040039,16.076993942260742
0.8722160458564758,16.069650650024414
0.9005044102668762,16.05951690673828
0.9088579416275024,16.04957389831543
0.8726940751075745,16.03965950012207
0.8941050171852112,16.020034790039062
0.9067541360855103,16.004961013793945
0.8918381929397583,15.995596885681152
0.9011872410774231,15.987617492675781
0.9053360223770142,15.982735633850098
0.9047170281410217,15.969559669494629
0.8876441717147827,15.962691307067871
0.8899549245834351,15.959335327148438
0.9161825180053711,15.960785865783691
0.887466311454773,15.964341163635254
0.8949742913246155,15.963822364807129
0.8702919483184814,15.963797569274902
0.8841360211372375,15.963431358337402
0.9022355675697327,15.959525108337402
0.8813213109970093,15.944273948669434
0.9115171432495117,15.928359031677246
0.8798642158508301,15.912774085998535
0.9062294960021973,15.896889686584473
0.8894930481910706,15.878975868225098
0.8826984763145447,15.863875389099121
0.9165832996368408,15.848196983337402
0.9000928401947021,15.833418846130371
0.8834548592567444,15.819350242614746
0.8931172490119934,15.813750267028809
0.8948177695274353,15.806136131286621
0.8842225074768066,15.800239562988281
0.9026886820793152,15.791825294494629
0.9061289429664612,15.788229942321777
0.9015379548072815,15.779580116271973
0.8867813944816589,15.775467872619629
0.8905342817306519,15.768860816955566
0.9033891558647156,15.760529518127441
0.8963226079940796,15.762816429138184
0.9071228504180908,15.769331932067871
0.8913381695747375,15.77243709564209
0.9007940888404846,15.769911766052246
0.8798367381095886,15.766953468322754
0.8811997771263123,15.76523494720459
0.8734973073005676,15.767128944396973
0.8877623677253723,15.76900577545166
0.9093087911605835,15.765349388122559
0.8944942355155945,15.763602256774902
0.906450092792511,15.757142066955566
0.8842235803604126,15.750602722167969
0.9084851741790771,15.745734214782715
0.8738889098167419,15.734360694885254
0.9093612432479858,15.728957176208496
0.8885980248451233,15.719687461853027
0.8817698359489441,15.715071678161621
0.8805513381958008,15.710343360900879
0.8743051290512085,15.703339576721191
0.9065028429031372,15.690573692321777
0.9092322587966919,15.67672061920166
0.9005630016326904,15.663765907287598
0.8990572690963745,15.650282859802246
0.8964646458625793,15.643616676330566
0.9117304682731628,15.637665748596191
0.9000831842422485,15.639481544494629
0.8958907127380371,15.640572547912598
0.8513728976249695,15.640671730041504
0.8789117336273193,15.639403343200684
0.9003658294677734,15.639815330505371
0.9036543965339661,15.641205787658691
0.8819080591201782,15.637084007263184
0.8534237742424011,15.630507469177246
0.8923623561859131,15.625839233398438
0.8810192346572876,15.623269081115723
0.8865397572517395,15.603453636169434
0.8954795002937317,15.577292442321777
0.9040614366531372,15.556105613708496
0.8814635276794434,15.537713050842285
0.8976157903671265,15.5198974609375
0.8889235854148865,15.504860877990723
0.8998594284057617,15.485496520996094
0.8942760825157166,15.470085144042969
0.875214695930481,15.46248722076416
0.8932328224182129,15.454033851623535
0.896863579750061,15.452393531799316
0.8943178653717041,15.456306457519531
0.891240119934082,15.450644493103027
0.9089189171791077,15.437514305114746
0.8926905393600464,15.427910804748535
0.8949206471443176,15.420851707458496
0.8743616342544556,15.417593955993652
0.8712380528450012,15.419715881347656
0.8844215869903564,15.4249267578125
0.8862549066543579,15.421882629394531
0.8839637041091919,15.420830726623535
0.8866756558418274,15.422233581542969
0.9174426794052124,15.425284385681152
0.9029175639152527,15.43179988861084
0.9287142753601074,15.434807777404785
0.8957179188728333,15.436432838439941
0.90505051612854,15.436118125915527
0.8820177912712097,15.436860084533691
0.899886429309845,15.429306983947754
0.8978503942489624,15.419533729553223
0.893524706363678,15.412764549255371
0.8821031451225281,15.417014122009277
0.8857279419898987,15.42348575592041
0.8828094601631165,15.427779197692871
0.8881806135177612,15.425292015075684
0.888633131980896,15.431190490722656
0.8989301919937134,15.435006141662598
0.8994573354721069,15.445143699645996
0.9198265075683594,15.449563026428223
0.9182920455932617,15.457741737365723
0.8948767781257629,15.469772338867188
0.8989752531051636,15.479706764221191
0.907072901725769,15.487822532653809
0.8819848895072937,15.497855186462402
0.8835623860359192,15.510611534118652
0.9005064368247986,15.52266788482666
0.892087459564209,15.536545753479004
0.891913115978241,15.548004150390625
0.9103289246559143,15.556641578674316
0.8811713457107544,15.559279441833496
0.9214080572128296,15.561752319335938
0.9060704708099365,15.559464454650879
0.8729572892189026,15.557221412658691
0.9238711595535278,15.557364463806152
0.8995960354804993,15.553711891174316
0.8984617590904236,15.549301147460938
0.8824931979179382,15.539795875549316
0.8993619680404663,15.520508766174316
0.8905434608459473,15.496909141540527
0.8786290287971497,15.46962833404541
0.9015860557556152,15.447548866271973
0.8995155096054077,15.42842960357666
0.8871818780899048,15.410798072814941
0.9000453352928162,15.393821716308594
0.8807421326637268,15.377793312072754
0.8652817010879517,15.363923072814941
0.8990263938903809,15.346625328063965
0.8911197781562805,15.328734397888184
0.9011352062225342,15.31919002532959
0.882793664932251,15.300140380859375
0.8949704170227051,15.279494285583496
0.8559170961380005,15.259476661682129
0.8857446908950806,15.248106956481934
0.8908779621124268,15.234724998474121
0.9009113907814026,15.228873252868652
0.8854804635047913,15.223174095153809
0.8823875188827515,15.222091674804688
0.8625019788742065,15.214529991149902
0.8874397873878479,15.20650577545166
0.8957598209381104,15.194823265075684
0.8931111693382263,15.190110206604004
0.9230726957321167,15.177781105041504
0.8939427733421326,15.167069435119629
0.906749427318573,15.158836364746094
0.9037059545516968,15.151505470275879
0.8974019289016724,15.137374877929688
0.9104963541030884,15.118485450744629
0.8862053751945496,15.105635643005371
0.8966754674911499,15.09942626953125
0.9127949476242065,15.0948486328125
0.8978440761566162,15.086487770080566
0.8974594473838806,15.073182106018066
0.8881816864013672,15.063918113708496
0.8820502161979675,15.05226993560791
0.897674560546875,15.032448768615723
0.8876523971557617,15.017043113708496
0.8811858892440796,15.000397682189941
0.8885303139686584,14.988478660583496
0.8999526500701904,14.975913047790527
0.8791607022285461,14.958319664001465
0.9123815298080444,14.940598487854004
0.8894296288490295,14.925162315368652
0.9009596109390259,14.906242370605469
0.9097188115119934,14.890816688537598
0.8867209553718567,14.876418113708496
0.8923088312149048,14.85983943939209
0.9070063829421997,14.846625328063965
0.9004678130149841,14.831267356872559
0.8667731881141663,14.816039085388184
0.9041273593902588,14.797026634216309
0.90142822265625,14.775811195373535
0.9043054580688477,14.752045631408691
0.8980458378791809,14.731659889221191
0.9099243879318237,14.711915016174316
0.8733993768692017,14.691010475158691
0.8961600661277771,14.668084144592285
0.8677899241447449,14.648667335510254
0.8953961730003357,14.6234130859375
0.9050462245941162,14.600966453552246
0.8996152877807617,14.573500633239746
0.9016386866569519,14.552123069763184
0.8945580124855042,14.537871360778809
0.8963363170623779,14.525168418884277
0.9012011885643005,14.517653465270996
0.9055179357528687,14.509749412536621
0.9152603149414062,14.494293212890625
0.9130949974060059,14.472664833068848
0.893897294998169,14.452401161193848
0.878906786441803,14.430787086486816
0.8997544050216675,14.404519081115723
0.8889650106430054,14.376458168029785
0.9026785492897034,14.355895042419434
0.9082534313201904,14.337586402893066
0.8851130604743958,14.322426795959473
0.8947768211364746,14.309935569763184
0.8951421976089478,14.301161766052246
0.8860761523246765,14.286576271057129
0.917334794998169,14.27252197265625
0.8930020928382874,14.260040283203125
0.8991697430610657,14.241555213928223
0.896300733089447,14.223143577575684
0.9028841257095337,14.20772647857666
0.9115810394287109,14.187088966369629
0.9027920961380005,14.166779518127441
0.9099600315093994,14.148857116699219
0.8979249596595764,14.141045570373535
0.9012886881828308,14.139008522033691
0.9050069451332092,14.138236045837402
0.9110695719718933,14.138352394104004
0.8885478973388672,14.133834838867188
0.9158505201339722,14.130035400390625
0.9107889533042908,14.120804786682129
0.8939703106880188,14.113791465759277
0.8927485942840576,14.103819847106934
0.8898383975028992,14.092225074768066
0.9073657393455505,14.085982322692871
0.8917895555496216,14.084221839904785
0.9123575687408447,14.090256690979004
0.8975353837013245,14.094367027282715
0.913887083530426,14.09018611907959
0.9228850603103638,14.091078758239746
0.88360196352005,14.089698791503906
0.8994889855384827,14.086319923400879
0.915250301361084,14.083678245544434
0.9109528660774231,14.08138370513916
0.911410391330719,14.077643394470215
0.9005663990974426,14.076285362243652
0.9061882495880127,14.071076393127441
0.9145244359970093,14.069817543029785
0.8845565319061279,14.067412376403809
0.8896052837371826,14.061005592346191
0.8959358334541321,14.051817893981934
0.8886537551879883,14.048325538635254
0.9075474739074707,14.041678428649902
0.8997099995613098,14.033677101135254
0.89816814661026,14.022759437561035
0.8919596076011658,14.016343116760254
0.9014129638671875,14.004012107849121
0.9002626538276672,13.986252784729004
0.8940473794937134,13.971114158630371
0.9064161777496338,13.954352378845215
0.8945890665054321,13.94143009185791
0.9069080948829651,13.934609413146973
0.924626350402832,13.932267189025879
0.8785761594772339,13.932318687438965
0.8944071531295776,13.932792663574219
0.9021621942520142,13.933737754821777
0.9015712738037109,13.934266090393066
0.9068265557289124,13.930572509765625
0.915899932384491,13.93062686920166
0.9088109135627747,13.932686805725098
0.914628803730011,13.938582420349121
0.903618335723877,13.946990013122559
0.8740618824958801,13.961647033691406
0.8965266942977905,13.970671653747559
0.9046310186386108,13.978348731994629
0.8709897398948669,13.975455284118652
0.8980690240859985,13.977906227111816
0.9108503460884094,13.976866722106934
0.9122395515441895,13.971633911132812
0.8985574245452881,13.96085262298584
0.9252082109451294,13.953034400939941
0.8882399201393127,13.949257850646973
0.8991188406944275,13.944228172302246
0.8995113968849182,13.935378074645996
0.9062333703041077,13.933289527893066
0.882777988910675,13.93111515045166
0.9116188883781433,13.929520606994629
0.9141266345977783,13.924752235412598
0.9014652967453003,13.917450904846191
0.8948692083358765,13.904593467712402
0.9103531837463379,13.89752197265625
0.8871373534202576,13.894980430603027
0.8966207504272461,13.89005184173584
0.8967286348342896,13.885384559631348
0.8891807794570923,13.886748313903809
0.8972896933555603,13.885665893554688
0.8895372152328491,13.879799842834473
0.9154446125030518,13.874932289123535
0.8846413493156433,13.874131202697754
0.9157019853591919,13.87161922454834
0.8890697360038757,13.862724304199219
0.9226905703544617,13.858956336975098
0.9045907258987427,13.859085083007812
0.9019534587860107,13.861166954040527
0.9098756909370422,13.856125831604004
0.8946370482444763,13.848959922790527
0.919953465461731,13.836906433105469
0.9107493162155151,13.828652381896973
0.9133485555648804,13.82163143157959
0.9363737106323242,13.813957214355469
0.903877317905426,13.808968544006348
0.8765609264373779,13.802008628845215
0.8849219083786011,13.790314674377441
0.8865960836410522,13.779585838317871
0.9033488035202026,13.774247169494629
0.8992636799812317,13.772643089294434
0.9134763479232788,13.766722679138184
0.9032500982284546,13.759910583496094
0.9055293202400208,13.754715919494629
0.9157912135124207,13.747345924377441
0.8778337240219116,13.735625267028809
0.8908093571662903,13.723298072814941
0.9009290933609009,13.712576866149902
0.8889417052268982,13.698517799377441
0.8872979879379272,13.69315242767334
0.9132543206214905,13.693167686462402
0.9003827571868896,13.691842079162598
0.9206995964050293,13.694746971130371
0.8876871466636658,13.700577735900879
0.9098435640335083,13.706435203552246
0.8804373741149902,13.713364601135254
0.9106458425521851,13.71755313873291
0.890317440032959,13.723092079162598
0.9122350811958313,13.725203514099121
0.9097052216529846,13.728141784667969
0.9034403562545776,13.724282264709473
0.9100473523139954,13.717934608459473
0.9071083664894104,13.713553428649902
0.8916261792182922,13.706816673278809
0.9037973880767822,13.70357608795166
0.8926039934158325,13.698410034179688
0.8906127214431763,13.694244384765625
0.8869073987007141,13.686164855957031
0.9094427227973938,13.67391300201416
0.9194158911705017,13.66408634185791
0.8765355348587036,13.659188270568848
0.9241020083427429,13.651091575622559
0.9138501882553101,13.646805763244629
0.8861165046691895,13.642197608947754
0.9103197455406189,13.631682395935059
0.8955844640731812,13.620621681213379
0.9135364294052124,13.61248779296875
0.9033260941505432,13.606535911560059
0.9170417785644531,13.600813865661621
0.9020054340362549,13.59511661529541
0.9036499857902527,13.589547157287598
0.9028773307800293,13.581254005432129
0.894542932510376,13.567290306091309
0.8970057964324951,13.557381629943848
0.9086016416549683,13.546135902404785
0.9136542081832886,13.538657188415527
0.9131383299827576,13.536246299743652
0.9227774143218994,13.537125587463379
0.900216281414032,13.536894798278809
0.8789038062095642,13.536186218261719
0.9096192121505737,13.536049842834473
0.9112497568130493,13.537850379943848
0.9047291874885559,13.533066749572754
0.9053898453712463,13.523619651794434
0.9130639433860779,13.514403343200684
0.9099000692367554,13.495682716369629
0.8815618753433228,13.478730201721191
0.8974920511245728,13.461770057678223
0.9024897217750549,13.446640968322754
0.9152312278747559,13.435189247131348
0.9071897268295288,13.419540405273438
0.8958566784858704,13.408219337463379
0.8790767192840576,13.40248966217041
0.8930573463439941,13.392891883850098
0.9149850010871887,13.383727073669434
0.8970648050308228,13.371298789978027
0.8949666619300842,13.358748435974121
0.9123348593711853,13.348548889160156
0.877784788608551,13.338728904724121
0.9033756852149963,13.330763816833496
0.8902102708816528,13.31900691986084
0.8885050415992737,13.310051918029785
0.9081598520278931,13.310677528381348
0.9230443239212036,13.310898780822754
0.9038494229316711,13.305708885192871
0.8946069478988647,13.30037784576416
0.9009755849838257,13.29148006439209
0.9111454486846924,13.282805442810059
0.8850588798522949,13.273568153381348
0.8955150842666626,13.271132469177246
0.9258382320404053,13.268418312072754
0.8912110924720764,13.268670082092285
0.907352864742279,13.277329444885254
0.9052560329437256,13.278801918029785
0.8827239274978638,13.287079811096191
0.917765200138092,13.283096313476562
0.8991226553916931,13.276434898376465
0.8893977999687195,13.273453712463379
0.9182866811752319,13.272116661071777
0.8994078040122986,13.264327049255371
0.9077256321907043,13.252480506896973
0.9220144748687744,13.23581600189209
0.8971790075302124,13.221923828125
0.8983654379844666,13.212890625
0.9167431592941284,13.201064109802246
0.9144203066825867,13.195549011230469
0.9036353230476379,13.194161415100098
0.9287694096565247,13.196137428283691
0.9012407660484314,13.202048301696777
0.8896269798278809,13.213967323303223
0.9068953394889832,13.216660499572754
0.9290105700492859,13.217820167541504
0.9040479063987732,13.217123985290527
0.9034961462020874,13.218033790588379
0.9067230224609375,13.222609519958496
0.9087726473808289,13.2230224609375
0.9142191410064697,13.222428321838379
0.9212116003036499,13.225167274475098
0.9024596214294434,13.226378440856934
0.9133968949317932,13.225737571716309
0.9130051732063293,13.222825050354004
0.8912843465805054,13.22591495513916
0.89094477891922,13.228486061096191
0.9077657461166382,13.220702171325684
0.9001969695091248,13.202157020568848
0.8924229145050049,13.18363094329834
0.9046245813369751,13.165169715881348
0.9057457447052002,13.145720481872559
0.9072936773300171,13.129225730895996
0.9010255932807922,13.113106727600098
0.908603847026825,13.096686363220215
0.9200781583786011,13.079222679138184
0.9020919799804688,13.05734920501709
0.9138512015342712,13.037858009338379
0.9182793498039246,13.016129493713379
0.906173586845398,13.000443458557129
0.9070984721183777,12.984145164489746
0.9028642773628235,12.967850685119629
0.9212798476219177,12.959969520568848
0.8965485692024231,12.952658653259277
0.9122563600540161,12.948342323303223
0.8873361349105835,12.944649696350098
0.9026238322257996,12.943678855895996
0.9008012413978577,12.943757057189941
0.9136810898780823,12.94541072845459
0.9085016250610352,12.947700500488281
0.8995148539543152,12.953980445861816
0.9174567461013794,12.954886436462402
0.8920387625694275,12.956801414489746
0.9113397002220154,12.958449363708496
0.916834831237793,12.969001770019531
0.8963893055915833,12.97641658782959
0.9155986905097961,12.985016822814941
0.919069766998291,12.986411094665527
0.8946629762649536,12.990021705627441
0.9099886417388916,12.992661476135254
0.9197185635566711,12.994407653808594
0.8878697752952576,12.994553565979004
0.9201850891113281,12.995247840881348
0.8949270844459534,12.995070457458496
0.9106997847557068,12.988602638244629
0.9207569360733032,12.978354454040527
0.8883340358734131,12.967209815979004
0.9285902380943298,12.952468872070312
0.9025385975837708,12.935196876525879
0.9057109951972961,12.915831565856934
0.9037032127380371,12.892264366149902
0.9156202673912048,12.873473167419434
0.8764294385910034,12.856720924377441
0.9185483455657959,12.842652320861816
0.8889206051826477,12.82779598236084
0.9111202359199524,12.813033103942871
0.9056416153907776,12.799086570739746
0.9042003154754639,12.786698341369629
0.9137768745422363,12.76615047454834
0.8857376575469971,12.74847412109375
0.8942878246307373,12.732372283935547
0.9143838286399841,12.718555450439453
0.899993360042572,12.702438354492188
0.9189996719360352,12.696114540100098
0.9075000882148743,12.68814754486084
0.9060444831848145,12.683913230895996
0.9173246622085571,12.68198299407959
0.921978235244751,12.678528785705566
0.9253221154212952,12.67110824584961
0.9069706201553345,12.664488792419434
0.9118128418922424,12.65493106842041
0.9028541445732117,12.642806053161621
0.910008430480957,12.636412620544434
0.9072244763374329,12.629761695861816
0.8978241086006165,12.624114036560059
0.9181198477745056,12.619818687438965
0.9080451130867004,12.616069793701172
0.9190984964370728,12.617583274841309
0.9272778630256653,12.623373985290527
0.9217538237571716,12.638123512268066
0.8921822309494019,12.649948120117188
0.9230342507362366,12.666350364685059
0.922391414642334,12.679729461669922
0.907086968421936,12.688925743103027
0.8770051002502441,12.695232391357422
0.9074756503105164,12.693549156188965
0.917984127998352,12.687034606933594
0.9097083806991577,12.683005332946777
0.9062594175338745,12.675833702087402
0.9099851846694946,12.67092227935791
0.9169390201568604,12.666403770446777
0.91530442237854,12.662619590759277
0.9027876257896423,12.660247802734375
0.9016130566596985,12.661765098571777
0.9129804372787476,12.656203269958496
0.9095103740692139,12.646109580993652
0.9083016514778137,12.641853332519531
0.9084213376045227,12.629927635192871
0.9096224308013916,12.617977142333984
0.9081350564956665,12.603819847106934
0.9311826229095459,12.585999488830566
0.9144986867904663,12.570655822753906
0.9012821316719055,12.556715965270996
0.9232267737388611,12.545065879821777
0.909374475479126,12.533278465270996
0.9015133380889893,12.51369571685791
0.9207374453544617,12.492951393127441
0.8944502472877502,12.475589752197266
0.9056259989738464,12.47024917602539
0.9303582906723022,12.464364051818848
0.90343177318573,12.45986270904541
0.9108498096466064,12.452393531799316
0.918918251991272,12.45046329498291
0.9012401103973389,12.450522422790527
0.9235211610794067,12.450425148010254
0.9165206551551819,12.451661109924316
0.9369094967842102,12.449420928955078
0.9118626117706299,12.448409080505371
0.9318331480026245,12.439805030822754
0.9175143837928772,12.434027671813965
0.9217274188995361,12.430939674377441
0.9021110534667969,12.429999351501465
0.9158958196640015,12.426545143127441
0.9013239741325378,12.426403045654297
0.8912642002105713,12.43154239654541
0.9121257662773132,12.432784080505371
0.912567138671875,12.429932594299316
0.9067835211753845,12.433953285217285
0.9221680760383606,12.438606262207031
0.9149509072303772,12.445099830627441
0.8900264501571655,12.451736450195312
0.9062412977218628,12.456886291503906
0.9103389978408813,12.45977783203125
0.922609806060791,12.457083702087402
0.9217233657836914,12.455757141113281
0.9163986444473267,12.455742835998535
0.931609570980072,12.45443058013916
0.9182461500167847,12.451783180236816
0.9201937913894653,12.445626258850098
0.9132516384124756,12.437629699707031
0.9155993461608887,12.43448543548584
0.9177378416061401,12.428627967834473
0.9186962842941284,12.420578956604004
0.9159398674964905,12.414986610412598
0.9185956716537476,12.410506248474121
0.9077058434486389,12.404738426208496
0.9054976105690002,12.401101112365723
0.9265920519828796,12.394705772399902
0.9110105633735657,12.391633033752441
0.9139790534973145,12.386719703674316
0.912223756313324,12.372971534729004
0.9251815676689148,12.358535766601562
0.8984789252281189,12.34407901763916
0.9129307270050049,12.325379371643066
0.9149089455604553,12.302138328552246
0.9008980989456177,12.279083251953125
0.8992095589637756,12.266753196716309
0.9217323064804077,12.248390197753906
0.9164817333221436,12.233428001403809
0.9062338471412659,12.21486759185791
0.9064279198646545,12.199413299560547
0.8938561677932739,12.178465843200684
0.9003388285636902,12.160218238830566
0.906366229057312,12.141366004943848
0.9151895046234131,12.12540340423584
0.9004385471343994,12.11409854888916
0.9058690071105957,12.108779907226562
0.9262945652008057,12.101853370666504
0.9351313710212708,12.095969200134277
0.9106195569038391,12.091925621032715
0.9001657962799072,12.082533836364746
0.9256936311721802,12.071587562561035
0.9368573427200317,12.061600685119629
0.9207085967063904,12.051459312438965
0.9029731154441833,12.040146827697754
0.9048174023628235,12.026823997497559
0.9353043437004089,12.015534400939941
0.9162437319755554,12.004120826721191
0.929939329624176,11.990105628967285
0.9125275015830994,11.977080345153809
0.9251510500907898,11.961617469787598
0.9350732564926147,11.947002410888672
0.9168881773948669,11.929259300231934
0.9070162773132324,11.908402442932129
0.9315553307533264,11.887635231018066
0.9183671474456787,11.875641822814941
0.9363692998886108,11.865830421447754
0.926976203918457,11.852889060974121
0.9032930135726929,11.843171119689941
0.9201757311820984,11.831549644470215
0.9239200353622437,11.821442604064941
0.9188457727432251,11.812722206115723
0.9384323954582214,11.800498008728027
0.9267522692680359,11.789422035217285
0.9214146733283997,11.779623985290527
0.9264659881591797,11.771880149841309
0.9264447689056396,11.765007019042969
0.9169595837593079,11.756918907165527
0.9201573133468628,11.755256652832031
0.9174793362617493,11.75296688079834
0.9141445159912109,11.749373435974121
0.9094892144203186,11.746448516845703
0.915179967880249,11.742778778076172
0.8998395204544067,11.736812591552734
0.904914915561676,11.728789329528809
0.9357414245605469,11.716980934143066
0.9134949445724487,11.70712947845459
0.9105989933013916,11.695588111877441
0.912247359752655,11.680599212646484
0.9050049185752869,11.662520408630371
0.9056466817855835,11.643616676330566
0.9107129573822021,11.630705833435059
0.9268357753753662,11.62234878540039
0.9271814823150635,11.612656593322754
0.9171435832977295,11.605315208435059
0.9331386089324951,11.602974891662598
0.921434223651886,11.604035377502441
0.9183254241943359,11.601632118225098
0.9296733140945435,11.608633995056152
0.9165462255477905,11.613266944885254
0.9304749369621277,11.61057186126709
0.9088465571403503,11.608649253845215
0.8995997309684753,11.609691619873047
0.9229268431663513,11.612227439880371
0.905379056930542,11.612570762634277
0.921308159828186,11.612418174743652
0.9035763740539551,11.615181922912598
0.913723886013031,11.616500854492188
0.9025156497955322,11.616753578186035
0.9162084460258484,11.61013412475586
0.9004552960395813,11.598923683166504
0.9166259169578552,11.59157657623291
0.9166898131370544,11.583069801330566
0.9273179173469543,11.574873924255371
0.9376661777496338,11.563368797302246
0.9144665598869324,11.551849365234375
0.9093855023384094,11.538102149963379
0.9024477601051331,11.522563934326172
0.9199122190475464,11.509530067443848
0.929916501045227,11.500980377197266
0.9330571293830872,11.496588706970215
0.9257634282112122,11.496552467346191
0.9325235486030579,11.499190330505371
0.9150596857070923,11.502228736877441
0.9230346083641052,11.507697105407715
0.9129572510719299,11.511707305908203
0.9183852672576904,11.514266014099121
0.9028939604759216,11.514716148376465
0.9142749905586243,11.516448974609375
0.9097392559051514,11.515850067138672
0.9324508905410767,11.509751319885254
0.9146333932876587,11.507248878479004
0.9133643507957458,11.504698753356934
0.916063666343689,11.502938270568848
0.9249168038368225,11.500456809997559
0.9198865294456482,11.501862525939941
0.9221227765083313,11.49911880493164
0.9100660681724548,11.496550559997559
0.9198335409164429,11.493592262268066
0.9305269122123718,11.488091468811035
0.9039455652236938,11.479323387145996
0.9293538331985474,11.468453407287598
0.911073625087738,11.454346656799316
0.9188923835754395,11.437956809997559
0.9285351634025574,11.419058799743652
0.9114283323287964,11.406189918518066
0.9343822002410889,11.397583961486816
0.9318781495094299,11.389922142028809
0.9210317730903625,11.376114845275879
0.9107384085655212,11.365006446838379
0.914201021194458,11.350342750549316
0.9175500869750977,11.332215309143066
0.9278649687767029,11.316971778869629
0.9367212057113647,11.297842979431152
0.916462779045105,11.286118507385254
0.9141276478767395,11.27877140045166
0.9273610711097717,11.266678810119629
0.9439079761505127,11.250916481018066
0.9151926636695862,11.233158111572266
0.9279084801673889,11.217522621154785
0.9147171974182129,11.202529907226562
0.9074955582618713,11.18312931060791
0.9171537160873413,11.171387672424316
0.914587140083313,11.160538673400879
0.9165844917297363,11.14443302154541
0.917991042137146,11.129050254821777
0.9273639917373657,11.116721153259277
0.9092308282852173,11.098563194274902
0.9250005483627319,11.082566261291504
0.92219078540802,11.069754600524902
0.9248539209365845,11.064444541931152
0.9214350581169128,11.061501502990723
0.9335911273956299,11.058483123779297
0.9285094738006592,11.059279441833496
0.9072216153144836,11.054019927978516
0.9181626439094543,11.049485206604004
0.9314322471618652,11.041823387145996
0.9158816933631897,11.033270835876465
0.9308604598045349,11.028525352478027
0.9088871479034424,11.028313636779785
0.9050568342208862,11.03513240814209
0.9290726780891418,11.04361629486084
0.9135309457778931,11.052765846252441
0.9231041073799133,11.064678192138672
0.9419758319854736,11.076186180114746
0.9147995710372925,11.085575103759766
0.9299557209014893,11.09744930267334
0.9280773997306824,11.107544898986816
0.9228861331939697,11.114394187927246
0.9174163937568665,11.11995792388916
0.9363978505134583,11.123093605041504
0.9262163639068604,11.126389503479004
0.9132884740829468,11.12637996673584
0.9101366400718689,11.118663787841797
0.9291123151779175,11.10699462890625
0.9193050861358643,11.091704368591309
0.9104375243186951,11.083451271057129
0.910742998123169,11.078886985778809
0.9238165616989136,11.076801300048828
0.9078404307365417,11.072297096252441
0.9302554130554199,11.071738243103027
0.9199333786964417,11.069843292236328
0.9230111241340637,11.066596031188965
0.9171395301818848,11.060601234436035
0.924285352230072,11.059927940368652
0.9337102770805359,11.060837745666504
0.9268805980682373,11.06228256225586
0.9122200608253479,11.062012672424316
0.920485258102417,11.058442115783691
0.9388666152954102,11.05733871459961
0.9100826382637024,11.055222511291504
0.911618173122406,11.055693626403809
0.8912436962127686,11.058030128479004
0.9032924175262451,11.053671836853027
0.9301146268844604,11.05448055267334
0.9325449466705322,11.053765296936035
0.9375423192977905,11.049269676208496
0.9297602772712708,11.052521705627441
0.9247142672538757,11.051728248596191
0.9164496660232544,11.057533264160156
0.9233129620552063,11.058890342712402
0.9173687696456909,11.065590858459473
0.9310373067855835,11.071112632751465
0.9251471161842346,11.075789451599121
0.9341437816619873,11.073357582092285
0.9209738969802856,11.067191123962402
0.8958039879798889,11.055596351623535
0.932918131351471,11.04220199584961
0.9340614080429077,11.033585548400879
0.9370605945587158,11.033087730407715
0.9411512017250061,11.031744956970215
0.9232688546180725,11.02999210357666
0.9339478611946106,11.020371437072754
0.9079018831253052,11.011528968811035
0.9155084490776062,11.001709938049316
0.9060288667678833,10.992691993713379
0.9236473441123962,10.980332374572754
0.9403259754180908,10.96634578704834
0.9229099154472351,10.95199203491211
0.9104520678520203,10.93624210357666
0.9308400750160217,10.921448707580566
0.9200537204742432,10.914031028747559
0.9453822374343872,10.914145469665527
0.932391881942749,10.908905982971191
0.9186492562294006,10.907299041748047
0.9279506802558899,10.90719985961914
0.9211543798446655,10.905135154724121
0.9142588973045349,10.904601097106934
0.941104531288147,10.899949073791504
0.9312800168991089,10.898398399353027
0.9156193733215332,10.896468162536621
0.9314013123512268,10.894881248474121
0.9280036687850952,10.894028663635254
0.9176068305969238,10.891562461853027
0.9324235916137695,10.887633323669434
0.9142261147499084,10.881919860839844
0.9264026880264282,10.879294395446777
0.912693202495575,10.88657283782959
0.9161627888679504,10.893568992614746
0.9386499524116516,10.898372650146484
0.920950710773468,10.900028228759766
0.9303716421127319,10.898377418518066
0.9298924803733826,10.895163536071777
0.9325182437896729,10.883627891540527
0.9126058220863342,10.873320579528809
0.9232573509216309,10.861922264099121
0.9275749921798706,10.846640586853027
0.93445885181427,10.833213806152344
0.9318140745162964,10.822144508361816
0.9216687679290771,10.821593284606934
0.9132914543151855,10.822859764099121
0.9288655519485474,10.823646545410156
0.9204904437065125,10.821549415588379
0.9266912341117859,10.821928977966309
0.9255751371383667,10.827414512634277
0.9284822344779968,10.833939552307129
0.9343662261962891,10.839751243591309
0.9242482781410217,10.844536781311035
0.9295012950897217,10.846541404724121
0.9153314828872681,10.840544700622559
0.9226000308990479,10.838446617126465
0.9257293343544006,10.839287757873535
0.9300851225852966,10.838812828063965
0.9302945137023926,10.834327697753906
0.9356637001037598,10.828436851501465
0.9154325723648071,10.82442569732666
0.922121524810791,10.821066856384277
0.9308958053588867,10.818787574768066
0.9264342784881592,10.816787719726562
0.9268698692321777,10.81467342376709
0.9077785611152649,10.812867164611816
0.9198320508003235,10.810855865478516
0.925042450428009,10.805362701416016
0.9284526705741882,10.797760963439941
0.9138793349266052,10.791525840759277
0.9250670671463013,10.781609535217285
0.9292954206466675,10.773566246032715
0.9388363361358643,10.769728660583496
0.9121254682540894,10.764464378356934
0.9369012713432312,10.757186889648438
0.9335085153579712,10.747992515563965
0.9343127012252808,10.735118865966797
0.9504547715187073,10.720783233642578
0.9266239404678345,10.709860801696777
0.9286530613899231,10.699233055114746
0.9257692098617554,10.690306663513184
0.9189165234565735,10.686088562011719
0.91822749376297,10.683136940002441
0.9358710050582886,10.675063133239746
0.9264304637908936,10.670060157775879
0.9433361887931824,10.660239219665527
0.9139734506607056,10.647595405578613
0.9283477067947388,10.643048286437988
0.9076972007751465,10.633645057678223
0.919718861579895,10.622197151184082
0.9181051850318909,10.60640811920166
0.9130859971046448,10.59567642211914
0.9244385957717896,10.581016540527344
0.9245961904525757,10.57190227508545
0.9307641386985779,10.55747127532959
0.9150307774543762,10.541343688964844
0.9217962026596069,10.523974418640137
0.9313149452209473,10.504399299621582
0.9261975288391113,10.486004829406738
0.9159548282623291,10.464111328125
0.9436405897140503,10.448622703552246
0.9403247237205505,10.439854621887207
0.9126980900764465,10.433738708496094
0.9175662994384766,10.426024436950684
0.9256170392036438,10.423102378845215
0.9156058430671692,10.420655250549316
0.9389393925666809,10.415492057800293
0.9261363744735718,10.412688255310059
0.9348387718200684,10.415070533752441
0.9031094312667847,10.423115730285645
0.9151766300201416,10.432827949523926
0.9318566918373108,10.445022583007812
0.9217312335968018,10.457402229309082
0.9316616654396057,10.472323417663574
0.929772138595581,10.484912872314453
0.9456142783164978,10.499167442321777
0.929213285446167,10.513262748718262
0.909171998500824,10.52916431427002
0.9332066774368286,10.541169166564941
0.9194284081459045,10.555134773254395
0.9147693514823914,10.566428184509277
0.9394952654838562,10.569581031799316
0.9414049983024597,10.566699028015137
0.9198645353317261,10.567618370056152
0.934333086013794,10.568591117858887
0.9243195056915283,10.566145896911621
0.9286386966705322,10.565292358398438
0.9242552518844604,10.560967445373535
0.9279957413673401,10.55195140838623
0.9398502111434937,10.543349266052246
0.9295536875724792,10.531394004821777
0.9273062944412231,10.523106575012207
0.9194543957710266,10.518223762512207
0.9266996383666992,10.511555671691895
0.9394733905792236,10.507774353027344
0.9313493967056274,10.503170013427734
0.9226340055465698,10.493220329284668
0.9512208700180054,10.483241081237793
0.9369090795516968,10.470462799072266
0.9175090789794922,10.463088989257812
0.9239462614059448,10.455626487731934
0.9273687601089478,10.445697784423828
0.9314121603965759,10.44139575958252
0.9326117634773254,10.43737506866455
0.9042968153953552,10.432005882263184
0.9381722211837769,10.427970886230469
0.9380155205726624,10.422541618347168
0.9251958131790161,10.413139343261719
0.9290148019790649,10.40064525604248
0.9262378215789795,10.392226219177246
0.9465352296829224,10.388642311096191
0.9208157062530518,10.383248329162598
0.9279468059539795,10.374369621276855
0.9252086281776428,10.364081382751465
0.9247688055038452,10.352897644042969
0.9347134828567505,10.345417976379395
0.9210792183876038,10.341526985168457
0.9232145547866821,10.339278221130371
0.927841305732727,10.33189868927002
0.9307956695556641,10.3223876953125
0.9451197981834412,10.314437866210938
0.9444944262504578,10.306763648986816
0.9398095011711121,10.301527976989746
0.9377821683883667,10.296198844909668
0.9285466074943542,10.288004875183105
0.946356475353241,10.278931617736816
0.9186182618141174,10.273421287536621
0.9342608451843262,10.27335262298584
0.9298484921455383,10.276091575622559
0.9318088293075562,10.277689933776855
0.9323743581771851,10.274046897888184
0.9182213544845581,10.268729209899902
0.9360289573669434,10.266700744628906
0.9322690963745117,10.264293670654297
0.9330329895019531,10.264687538146973
0.9253738522529602,10.267487525939941
0.9410044550895691,10.270892143249512
0.9227505922317505,10.270527839660645
0.919793963432312,10.26839542388916
0.9216087460517883,10.264130592346191
0.9347993731498718,10.25968074798584
0.9345365762710571,10.25957202911377
0.9182806611061096,10.261475563049316
0.9348818063735962,10.257933616638184
0.929067075252533,10.255352020263672
0.9363942742347717,10.252577781677246
0.9346939325332642,10.243758201599121
0.9319680333137512,10.234397888183594
0.9459006190299988,10.22458267211914
0.9306038618087769,10.210856437683105
0.9124720096588135,10.201568603515625
0.9065033793449402,10.195244789123535
0.9273850917816162,10.18819522857666
0.9200860857963562,10.181775093078613
0.9214851260185242,10.177947998046875
0.9342010021209717,10.172158241271973
0.9297196269035339,10.165070533752441
0.9171653985977173,10.15832805633545
0.9497805833816528,10.152182579040527
0.9148840308189392,10.14932918548584
0.9247845411300659,10.143404960632324
0.9313458204269409,10.136188507080078
0.9189035296440125,10.129525184631348
0.9302485585212708,10.11945629119873
0.9255536794662476,10.102791786193848
0.9394469261169434,10.09029483795166
0.9421864748001099,10.083304405212402
0.9334859848022461,10.077500343322754
0.9382797479629517,10.073220252990723
0.9482448697090149,10.066643714904785
0.9232326745986938,10.061016082763672
0.9214746356010437,10.051300048828125
0.9333086609840393,10.043769836425781
0.9328644871711731,10.042237281799316
0.9375372529029846,10.037154197692871
0.9429508447647095,10.030211448669434
0.9369574785232544,10.024439811706543
0.9262973070144653,10.016467094421387
0.9237674474716187,10.01013469696045
0.9408681988716125,10.003493309020996
0.9402924180030823,9.996840476989746
0.936520516872406,9.988388061523438
0.9374400973320007,9.984618186950684
0.9365807175636292,9.984145164489746
0.937434732913971,9.986446380615234
0.9174617528915405,9.985198020935059
0.9364248514175415,9.984139442443848
0.9118450284004211,9.984439849853516
0.9370489120483398,9.986382484436035
0.9282382130622864,9.987854957580566
0.931947648525238,9.985352516174316
0.9296082854270935,9.981217384338379
0.9323503971099854,9.974959373474121
0.9233356714248657,9.974266052246094
0.934116542339325,9.975296020507812
0.9204462766647339,9.978736877441406
0.9235255718231201,9.982192993164062
0.9344671368598938,9.983017921447754
0.9364738464355469,9.986095428466797
0.9366655945777893,9.987040519714355
0.9219610095024109,9.9971342086792
0.9370061159133911,10.004891395568848
0.9348148703575134,10.005553245544434
0.9271550178527832,10.000924110412598
0.9432185888290405,9.992327690124512
0.9346684217453003,9.985922813415527
0.9298366904258728,9.97737979888916
0.9427988529205322,9.97183895111084
0.9204648733139038,9.96106243133545
0.932802140712738,9.95455265045166
0.9410743117332458,9.94980239868164
0.9245266914367676,9.944886207580566
0.9127789735794067,9.94440746307373
0.9233195781707764,9.948121070861816
0.9406253695487976,9.94996166229248
0.9270823001861572,9.950638771057129
0.9305689334869385,9.957096099853516
0.9359968304634094,9.963570594787598
0.9343303442001343,9.970282554626465
0.9329769015312195,9.971623420715332
0.9219721555709839,9.973288536071777
0.9410722255706787,9.978716850280762
0.930390477180481,9.987427711486816
0.9334316253662109,9.993698120117188
0.9230865836143494,10.00698471069336
0.9352284073829651,10.017865180969238
0.9368718862533569,10.0291109085083
0.9343777298927307,10.039057731628418
0.928728461265564,10.04577922821045
0.9324559569358826,10.057631492614746
0.9289354681968689,10.064045906066895
0.923576295375824,10.066315650939941
0.9291331768035889,10.06948184967041
0.9471524953842163,10.068764686584473
0.929564356803894,10.061676979064941
0.9251894354820251,10.054823875427246
0.9468223452568054,10.045945167541504
0.924877405166626,10.040946006774902
0.9243658781051636,10.035239219665527
0.9335951209068298,10.024712562561035
0.9119272232055664,10.011139869689941
0.9194225668907166,9.996590614318848
0.9482398629188538,9.981132507324219
0.9260993003845215,9.968064308166504
0.9460303783416748,9.951618194580078
0.9331907629966736,9.935832977294922
0.934001624584198,9.918983459472656
0.9390349388122559,9.90615463256836
0.937596321105957,9.889693260192871
0.9225947856903076,9.874781608581543
0.9180699586868286,9.861343383789062
0.9287638664245605,9.845559120178223
0.9293774962425232,9.827583312988281
0.9340702295303345,9.80791187286377
0.9196974039077759,9.792197227478027
0.9285405278205872,9.775479316711426
0.9503623843193054,9.759895324707031
0.9382497668266296,9.744290351867676
0.9272518157958984,9.7261323928833
0.9296050667762756,9.707612037658691
0.9150915145874023,9.692706108093262
0.9372398853302002,9.679282188415527
0.9271588325500488,9.664779663085938
0.9390466809272766,9.64940357208252
0.9270851016044617,9.632655143737793
0.926725447177887,9.61846923828125
0.9350872039794922,9.60797119140625
0.946027398109436,9.598763465881348
0.9468310475349426,9.593419075012207
0.9350863695144653,9.587313652038574
0.9464453458786011,9.579400062561035
0.9363135695457458,9.570296287536621
0.936633288860321,9.560585975646973
0.9365536570549011,9.55035400390625
0.9367901086807251,9.546408653259277
0.9184155464172363,9.549050331115723
0.9279581308364868,9.554217338562012
0.92848801612854,9.55786418914795
0.9284317493438721,9.560005187988281
0.9417410492897034,9.556672096252441
0.9410766363143921,9.55643367767334
0.9284651875495911,9.555428504943848
0.9455962181091309,9.554668426513672
0.9394667744636536,9.553696632385254
0.9232290387153625,9.549446105957031
0.9372274279594421,9.543437957763672
0.9469616413116455,9.54030990600586
0.9249880313873291,9.538498878479004
0.9346825480461121,9.535178184509277
0.9287010431289673,9.534041404724121
0.9444196224212646,9.540467262268066
0.946197509765625,9.547358512878418
0.9352184534072876,9.555912017822266
0.9213553071022034,9.567042350769043
0.9456019401550293,9.573067665100098
0.9408404231071472,9.573899269104004
0.9341959953308105,9.57570743560791
0.938167929649353,9.578682899475098
0.9242773652076721,9.58130168914795
0.9222279787063599,9.585022926330566
0.9512801170349121,9.588652610778809
0.9423385262489319,9.591814994812012
0.9395127296447754,9.589919090270996
0.9358788728713989,9.590388298034668
0.931943416595459,9.592185020446777
0.9341626167297363,9.597854614257812
0.9258105158805847,9.602034568786621
0.9358996748924255,9.604222297668457
0.9244884252548218,9.606849670410156
0.9301548004150391,9.60144329071045
0.931899905204773,9.595757484436035
0.9353355169296265,9.587929725646973
0.9254499673843384,9.576980590820312
0.9353206157684326,9.564351081848145
0.9384088516235352,9.550137519836426
0.9344300627708435,9.535903930664062
0.9368399977684021,9.524295806884766
0.9400286674499512,9.516030311584473
0.9270349740982056,9.507667541503906
0.9354778528213501,9.500750541687012
0.9382990598678589,9.492829322814941
0.9338367581367493,9.482536315917969
0.9336064457893372,9.46963882446289
0.9433110952377319,9.458148956298828
0.9431290626525879,9.445465087890625
0.9328914284706116,9.437712669372559
0.9314255714416504,9.430347442626953
0.9263592958450317,9.421077728271484
0.9443246126174927,9.418299674987793
0.932734489440918,9.414071083068848
0.9220446348190308,9.4096097946167
0.9428196549415588,9.402641296386719
0.9281005263328552,9.392884254455566
0.9271177053451538,9.384705543518066
0.9345526695251465,9.381436347961426
0.9383732080459595,9.377689361572266
0.9181035757064819,9.37307071685791
0.9252966046333313,9.375407218933105
0.9445639252662659,9.37398624420166
0.9403731822967529,9.370591163635254
0.9390295743942261,9.366192817687988
0.9408407211303711,9.360360145568848
0.9507387280464172,9.352649688720703
0.9364133477210999,9.344603538513184
0.9377688765525818,9.334892272949219
0.9273638725280762,9.32482624053955
0.9438104033470154,9.314007759094238
0.9434503316879272,9.307276725769043
0.926067054271698,9.304909706115723
0.9437106251716614,9.30373477935791
0.9417204260826111,9.30419921875
0.9366453886032104,9.301543235778809
0.9416863322257996,9.302239418029785
0.9413684606552124,9.301651954650879
0.9238598346710205,9.302448272705078
0.941755473613739,9.302987098693848
0.9353574514389038,9.304852485656738
0.9486499428749084,9.304787635803223
0.9284041523933411,9.304656028747559
0.9495466947555542,9.305846214294434
0.9343869090080261,9.308159828186035
0.9348132014274597,9.304786682128906
0.9406477212905884,9.299040794372559
0.9291573166847229,9.29446792602539
0.9337316155433655,9.289616584777832
0.9351847171783447,9.283953666687012
0.9436901211738586,9.277920722961426
0.946488618850708,9.275246620178223
0.9373752474784851,9.270819664001465
0.9350003004074097,9.265660285949707
0.9267889857292175,9.262504577636719
0.934022843837738,9.25844955444336
0.9267487525939941,9.25319766998291
0.9352914094924927,9.248091697692871
0.9480540752410889,9.2443265914917
0.934634268283844,9.241700172424316
0.9364880919456482,9.234467506408691
0.9410110116004944,9.224076271057129
0.9211810827255249,9.213624000549316
0.9212087392807007,9.197994232177734
0.9331302642822266,9.177532196044922
0.931420087814331,9.166584014892578
0.9302451610565186,9.159180641174316
0.9453541040420532,9.153237342834473
0.9420350790023804,9.151341438293457
0.9404933452606201,9.147360801696777
0.9426016807556152,9.146514892578125
0.925008237361908,9.144335746765137
0.9233047366142273,9.141949653625488
0.9423338174819946,9.141136169433594
0.927689790725708,9.145103454589844
0.9333320260047913,9.14510440826416
0.9440433979034424,9.148602485656738
0.942260205745697,9.149337768554688
0.9416868686676025,9.146190643310547
0.9374971389770508,9.141887664794922
0.9389317035675049,9.140097618103027
0.9515318274497986,9.140091896057129
0.9375009536743164,9.141010284423828
0.9314731359481812,9.13864517211914
0.9460904598236084,9.136612892150879
0.9442148208618164,9.139710426330566
0.9433600902557373,9.144351959228516
0.9420363903045654,9.1521577835083
0.9303913116455078,9.15773868560791
0.9330155253410339,9.161053657531738
0.9384205341339111,9.163252830505371
0.940287709236145,9.169920921325684
0.9318394660949707,9.174407005310059
0.9441009759902954,9.17724609375
0.9361761212348938,9.186272621154785
0.9326381087303162,9.194217681884766
0.9325783252716064,9.205994606018066
0.922959566116333,9.216591835021973
0.9301171898841858,9.221846580505371
0.9438140988349915,9.230422019958496
0.9409258365631104,9.23915958404541
0.943756639957428,9.243221282958984
0.945519208908081,9.246113777160645
0.9262998700141907,9.251517295837402
0.9450486302375793,9.256524085998535
0.9364790320396423,9.264252662658691
0.9437349438667297,9.271805763244629
0.9378443360328674,9.27880573272705
0.9394975900650024,9.287123680114746
0.9285404682159424,9.297148704528809
0.9282197952270508,9.30372142791748
0.9374110698699951,9.313799858093262
0.940436065196991,9.32273006439209
0.9312062859535217,9.329876899719238
0.948333203792572,9.33706283569336
0.9372320175170898,9.341437339782715
0.9408810138702393,9.34824275970459
0.9380066394805908,9.350788116455078
0.9310996532440186,9.355408668518066
0.9334959387779236,9.360215187072754
0.9454111456871033,9.370291709899902
0.9352397918701172,9.376603126525879
0.9334068298339844,9.382645606994629
0.9482419490814209,9.394394874572754
0.9465678930282593,9.404437065124512
0.9354682564735413,9.413064002990723
0.9523075222969055,9.41933536529541
0.9427923560142517,9.423188209533691
0.9377927780151367,9.419498443603516
0.9392571449279785,9.414938926696777
0.9408331513404846,9.41153621673584
0.936579167842865,9.405987739562988
0.92909175157547,9.400439262390137
0.9317962527275085,9.394302368164062
0.9388993382453918,9.390955924987793
0.9357057213783264,9.387642860412598
0.9463471174240112,9.380414009094238
0.9393749237060547,9.372615814208984
0.942537248134613,9.364411354064941
0.9177322387695312,9.359989166259766
0.935417115688324,9.35184383392334
0.9489704966545105,9.33716106414795
0.9408693909645081,9.323676109313965
0.9343565106391907,9.310133934020996
0.9360726475715637,9.293030738830566
0.9306900501251221,9.282013893127441
0.936204731464386,9.273365020751953
0.9418290257453918,9.264571189880371
0.9426758885383606,9.256133079528809
0.9432427883148193,9.245842933654785
0.9295754432678223,9.236163139343262
0.9391457438468933,9.223919868469238
0.9388381242752075,9.213774681091309
0.941384494304657,9.203110694885254
0.9449788331985474,9.19116497039795
0.9370287656784058,9.18111801147461
0.9103975296020508,9.172115325927734
0.9187021851539612,9.163162231445312
0.9323025345802307,9.152831077575684
0.9514102935791016,9.142556190490723
0.9454054832458496,9.134505271911621
0.9367988109588623,9.120993614196777
0.9395530819892883,9.106895446777344
0.9510095119476318,9.100903511047363
0.9362421035766602,9.095612525939941
0.9532614946365356,9.096579551696777
0.9430321455001831,9.098041534423828
0.9264574646949768,9.0966215133667
0.9476622939109802,9.101981163024902
0.9285579919815063,9.102982521057129
0.9569758772850037,9.104353904724121
0.9405044913291931,9.106772422790527
0.9456167817115784,9.109892845153809
0.9527232646942139,9.111311912536621
0.9386863708496094,9.111834526062012
0.9376804828643799,9.110114097595215
0.957000195980072,9.109820365905762
0.9447850584983826,9.109375953674316
0.9309830665588379,9.110435485839844
0.9459022283554077,9.110881805419922
0.9420933127403259,9.110060691833496
0.9342198371887207,9.108857154846191
0.9421483278274536,9.11346435546875
0.9532790184020996,9.118968963623047
0.9391398429870605,9.123587608337402
0.9397225379943848,9.128439903259277
0.9485033750534058,9.133858680725098
0.9370795488357544,9.14428997039795
0.9341864585876465,9.156368255615234
0.939363956451416,9.163641929626465
0.9384937286376953,9.171467781066895
0.9540942907333374,9.172581672668457
0.9324744343757629,9.170211791992188
0.9403190016746521,9.166190147399902
0.9391961097717285,9.165101051330566
0.9348425269126892,9.16623592376709
0.946003258228302,9.165144920349121
0.9387134909629822,9.161416053771973
0.9351587295532227,9.154505729675293
0.935570240020752,9.147908210754395
0.9282345175743103,9.1423978805542
0.9278131723403931,9.142809867858887
0.9486056566238403,9.142364501953125
0.9429946541786194,9.141353607177734
0.9354559183120728,9.139784812927246
0.9452435970306396,9.137663841247559
0.9410253763198853,9.136085510253906
0.930582582950592,9.13631534576416
0.9296446442604065,9.14117431640625
0.931720495223999,9.141586303710938
0.9375289678573608,9.138472557067871
0.9486693143844604,9.138121604919434
0.950087308883667,9.137238502502441
0.9460581541061401,9.135453224182129
0.9463255405426025,9.132404327392578
0.938005805015564,9.128157615661621
0.9354956746101379,9.126468658447266
0.9344685673713684,9.126242637634277
0.9445008039474487,9.125381469726562
0.9269933700561523,9.122157096862793
0.9390856623649597,9.121365547180176
0.946628212928772,9.118385314941406
0.9169616103172302,9.11844539642334
0.9107875227928162,9.11641788482666
0.934248149394989,9.120089530944824
0.9591030478477478,9.122149467468262
0.9471942186355591,9.127959251403809
0.9439401030540466,9.131333351135254
0.9335076808929443,9.130691528320312
0.9429120421409607,9.131165504455566
0.9423646330833435,9.131131172180176
0.9480910301208496,9.130536079406738
0.9382542967796326,9.12518310546875
0.9369580149650574,9.117955207824707
0.9391456842422485,9.105650901794434
0.9410161972045898,9.09133529663086
0.928841233253479,9.076213836669922
0.953018307685852,9.061554908752441
0.9368337392807007,9.049986839294434
0.9466687440872192,9.037705421447754
0.9240564107894897,9.027983665466309
0.9483558535575867,9.019989967346191
0.9532881379127502,9.011631965637207
0.9453284740447998,9.006926536560059
0.9355450868606567,9.001717567443848
0.9420002698898315,8.997111320495605
0.9420384168624878,8.991260528564453
0.9431794285774231,8.987181663513184
0.9443541169166565,8.986796379089355
0.9262158870697021,8.985945701599121
0.9479864835739136,8.986016273498535
0.9425694346427917,8.987700462341309
0.9261021018028259,8.989148139953613
0.945491373538971,8.986952781677246
0.9381880760192871,8.984694480895996
0.9287278056144714,8.981497764587402
0.9378470182418823,8.981682777404785
0.9463820457458496,8.97392749786377
0.9409068822860718,8.969847679138184
0.9424828290939331,8.966392517089844
0.945522665977478,8.964996337890625
0.9425101280212402,8.962906837463379
0.9499830007553101,8.960015296936035
0.9493283033370972,8.956103324890137
0.9384021759033203,8.958449363708496
0.9479516744613647,8.958230018615723
0.9477162957191467,8.961909294128418
0.9388027191162109,8.965022087097168
0.934158980846405,8.966025352478027
0.9389199018478394,8.968934059143066
0.93535315990448,8.974740028381348
0.9565516710281372,8.980772972106934
0.9552328586578369,8.983895301818848
0.943893551826477,8.989480018615723
0.9550725221633911,8.99514389038086
0.9437761306762695,8.999863624572754
0.9436637163162231,9.002562522888184
0.9327684044837952,9.013291358947754
0.9439197778701782,9.022835731506348
0.9390966892242432,9.03177547454834
0.9320307970046997,9.03625774383545
0.9433409571647644,9.043468475341797
0.9458441734313965,9.04630184173584
0.9465656280517578,9.046985626220703
0.9306449294090271,9.048151969909668
0.9458032846450806,9.049017906188965
0.9372037649154663,9.048895835876465
0.9422726035118103,9.050375938415527
0.9340215921401978,9.047123908996582
0.9408993721008301,9.046248435974121
0.9513840079307556,9.040724754333496
0.9376047849655151,9.03586196899414
0.9332122802734375,9.029854774475098
0.9336126446723938,9.02267074584961
0.9335504174232483,9.018471717834473
0.9537360668182373,9.012825012207031
0.9483362436294556,9.007773399353027
0.9489626884460449,9.001494407653809
0.9466841220855713,8.99283504486084
0.942237377166748,8.985041618347168
0.9322674870491028,8.978859901428223
0.926743745803833,8.969225883483887
0.9428576231002808,8.958638191223145
0.9348744750022888,8.94947338104248
0.9406020045280457,8.937371253967285
0.9380857944488525,8.928803443908691
0.939704954624176,8.92210865020752
0.9476829767227173,8.914508819580078
0.9357175230979919,8.910820007324219
0.9409876465797424,8.908747673034668
0.9293048977851868,8.906558990478516
0.938392698764801,8.900333404541016
0.9512144327163696,8.893936157226562
0.9419170022010803,8.886918067932129
0.9460972547531128,8.881073951721191
0.9422470331192017,8.87678050994873
0.9452396631240845,8.874531745910645
0.9509203433990479,8.872071266174316
0.9479010105133057,8.86922550201416
0.9272456169128418,8.869549751281738
0.9520757794380188,8.867417335510254
0.9402101635932922,8.860281944274902
0.949181079864502,8.855445861816406
0.9540050029754639,8.851025581359863
0.9449745416641235,8.85051441192627
0.943238377571106,8.851497650146484
0.9496716856956482,8.853363037109375
0.9444926381111145,8.854171752929688
0.9393494725227356,8.849578857421875
0.9370790719985962,8.840746879577637
0.9488658905029297,8.833403587341309
0.9407193064689636,8.82868480682373
0.9187078475952148,8.823627471923828
0.9396965503692627,8.820435523986816
0.9499539136886597,8.814693450927734
0.9511018991470337,8.812934875488281
0.9330366849899292,8.808602333068848
0.9502308964729309,8.808062553405762
0.9499293565750122,8.803744316101074
0.9414560794830322,8.801932334899902
0.9504083395004272,8.795920372009277
0.9445883631706238,8.792384147644043
0.9461767077445984,8.786290168762207
0.9391286969184875,8.781135559082031
0.9503801465034485,8.777384757995605
0.9384075403213501,8.771349906921387
0.9470044374465942,8.763161659240723
0.9419263005256653,8.756072044372559
0.9340047240257263,8.749138832092285
0.9462835788726807,8.74307632446289
0.9506352543830872,8.735852241516113
0.9385136365890503,8.727324485778809
0.9382278323173523,8.717474937438965
0.9286563396453857,8.701870918273926
0.9354419708251953,8.682392120361328
0.9429998397827148,8.661919593811035
0.9185431003570557,8.642111778259277
0.9381462335586548,8.621842384338379
0.9534626007080078,8.606121063232422
0.9404734373092651,8.591780662536621
0.9267686605453491,8.584110260009766
0.9345865249633789,8.5812406539917
0.933274507522583,8.577388763427734
0.9439605474472046,8.57516860961914
0.9471432566642761,8.573386192321777
0.941114604473114,8.57028579711914
0.9293834567070007,8.565109252929688
0.9401723146438599,8.558310508728027
0.9353219866752625,8.55330753326416
0.9272054433822632,8.554388999938965
0.9246706962585449,8.555901527404785
0.9390442371368408,8.557623863220215
0.9338786005973816,8.563265800476074
0.9404501914978027,8.571578025817871
0.9450337886810303,8.580329895019531
0.9383876323699951,8.58847713470459
0.9394434690475464,8.5972900390625
0.9416471719741821,8.607598304748535
0.9502334594726562,8.615642547607422
0.9492080807685852,8.627280235290527
0.937551736831665,8.63519287109375
0.9502086043357849,8.642722129821777
0.9317293167114258,8.650601387023926
0.9372755885124207,8.661995887756348
0.9505556225776672,8.67287540435791
0.9501143097877502,8.680126190185547
0.9492089748382568,8.68869686126709
0.9373217821121216,8.694714546203613
0.9542722105979919,8.701569557189941
0.9449871182441711,8.708029747009277
0.9307619333267212,8.710030555725098
0.9444264769554138,8.711204528808594
0.9547855257987976,8.70804500579834
0.9403949975967407,8.706940650939941
0.9512585997581482,8.704293251037598
0.9523118138313293,8.700753211975098
0.945654571056366,8.701272010803223
0.9542557597160339,8.698981285095215
0.9349371194839478,8.69223690032959
0.9416496157646179,8.67975902557373
0.9426427483558655,8.671624183654785
0.9544129967689514,8.66414737701416
0.949458122253418,8.658415794372559
0.9502934217453003,8.65389633178711
0.930474042892456,8.655428886413574
0.9453301429748535,8.657923698425293
0.9521481394767761,8.65571117401123
0.9500221014022827,8.654568672180176
0.9432884454727173,8.649720191955566
0.9422334432601929,8.646208763122559
0.9363716244697571,8.640610694885254
0.9363110065460205,8.636286735534668
0.9495368003845215,8.630974769592285
0.9486230611801147,8.628619194030762
0.9462081789970398,8.622282981872559
0.935822606086731,8.6162109375
0.9409307241439819,8.608792304992676
0.9517391920089722,8.603843688964844
0.9495971202850342,8.59574031829834
0.9492850303649902,8.592436790466309
0.9531910419464111,8.589859962463379
0.9552649855613708,8.590123176574707
0.951106071472168,8.588507652282715
0.9358559846878052,8.58959674835205
0.9433832764625549,8.592704772949219
0.9447927474975586,8.596226692199707
0.9561125636100769,8.599761962890625
0.9409304261207581,8.604194641113281
0.9537900686264038,8.608809471130371
0.935045599937439,8.614745140075684
0.9581683874130249,8.616930961608887
0.944724440574646,8.619869232177734
0.9371725916862488,8.622138023376465
0.9550464749336243,8.622881889343262
0.9406936168670654,8.621471405029297
0.9421497583389282,8.61797046661377
0.9609401226043701,8.610650062561035
0.9462434649467468,8.600878715515137
0.9475076198577881,8.590609550476074
0.9331455230712891,8.581498146057129
0.940532922744751,8.569473266601562
0.9312607049942017,8.563294410705566
0.9420430660247803,8.56119155883789
0.9401601552963257,8.564000129699707
0.944457471370697,8.563841819763184
0.9389576315879822,8.566916465759277
0.950271725654602,8.568703651428223
0.9365294575691223,8.568035125732422
0.9554265141487122,8.568221092224121
0.9417037963867188,8.570042610168457
0.9302662014961243,8.570319175720215
0.9448161125183105,8.56833267211914
0.938721776008606,8.567400932312012
0.9428153038024902,8.558829307556152
0.9549142718315125,8.55054759979248
0.9469785094261169,8.543152809143066
0.9436278343200684,8.533799171447754
0.9616287350654602,8.526246070861816
0.9441118240356445,8.519173622131348
0.9372340440750122,8.51455020904541
0.9523652791976929,8.512801170349121
0.9470798969268799,8.509215354919434
0.949458122253418,8.49898910522461
0.9459605813026428,8.488457679748535
0.946370005607605,8.479331016540527
0.947346568107605,8.469955444335938
0.9493236541748047,8.45748519897461
0.9544631838798523,8.443453788757324
0.9449136257171631,8.433159828186035
0.9479342699050903,8.426270484924316
0.9482760429382324,8.42093276977539
0.9543247222900391,8.416842460632324
0.9496341943740845,8.4142427444458
0.9419620037078857,8.412125587463379
0.9547741413116455,8.410256385803223
0.9575433731079102,8.410584449768066
0.9559705257415771,8.413599967956543
0.9372284412384033,8.418314933776855
0.9478884935379028,8.422873497009277
0.9448587894439697,8.42965316772461
0.9445560574531555,8.440230369567871
0.9510802030563354,8.45114517211914
0.9476198554039001,8.462162971496582
0.924723744392395,8.471842765808105
0.9239475727081299,8.482728004455566
0.937826931476593,8.494735717773438
0.9440890550613403,8.501971244812012
0.9466286897659302,8.506248474121094
0.9556628465652466,8.513371467590332
0.9602755308151245,8.52391529083252
0.9410969018936157,8.533120155334473
0.9488011002540588,8.541014671325684
0.9565061330795288,8.547179222106934
0.9490760564804077,8.550509452819824
0.9516558051109314,8.55661678314209
0.9407793283462524,8.560542106628418
0.9431337118148804,8.561031341552734
0.953649640083313,8.559996604919434
0.9325122237205505,8.56264591217041
0.9404357075691223,8.561640739440918
0.938291609287262,8.55800724029541
0.9371501207351685,8.56048583984375
0.9420071244239807,8.564152717590332
0.9521721601486206,8.568840980529785
0.9508129954338074,8.575766563415527
0.9533194303512573,8.580952644348145
0.9490853548049927,8.584805488586426
0.9583957195281982,8.5901517868042
0.9420547485351562,8.595650672912598
0.9569594860076904,8.60007095336914
0.9502314925193787,8.605941772460938
0.9529569149017334,8.611656188964844
0.9434325695037842,8.618660926818848
0.9502660632133484,8.622126579284668
0.9526644945144653,8.623737335205078
0.9634039402008057,8.624665260314941
0.9528264403343201,8.626564979553223
0.9522466659545898,8.624809265136719
0.9365551471710205,8.62534236907959
0.9520998001098633,8.621329307556152
0.9429852962493896,8.617417335510254
0.9431107640266418,8.613638877868652
0.9452292919158936,8.610871315002441
0.9462917447090149,8.608452796936035
0.9423156976699829,8.607451438903809
0.9475070238113403,8.607354164123535
0.9520622491836548,8.609325408935547
0.938563883304596,8.611023902893066
0.9529014825820923,8.613537788391113
0.9273994565010071,8.617081642150879
0.9436042904853821,8.619280815124512
0.9340229034423828,8.621101379394531
0.951378583908081,8.617851257324219
0.951063334941864,8.617403984069824
0.9473273754119873,8.61703109741211
0.9602632522583008,8.619019508361816
0.9487518072128296,8.622103691101074
0.944016695022583,8.625624656677246
0.9585619568824768,8.625076293945312
0.9472396373748779,8.628178596496582
0.9565543532371521,8.626006126403809
0.9637811183929443,8.625094413757324
0.9490993022918701,8.628437042236328
0.9446743130683899,8.631645202636719
0.9361701011657715,8.63362979888916
0.9441325664520264,8.631420135498047
0.9551724195480347,8.62941837310791
0.9556633830070496,8.630070686340332
0.95247483253479,8.632439613342285
0.9504450559616089,8.638504981994629
0.9531938433647156,8.640082359313965
0.9393832683563232,8.63853931427002
0.9518986344337463,8.634676933288574
0.9453043937683105,8.634249687194824
0.9425907135009766,8.633383750915527
0.9500837326049805,8.631056785583496
0.9463587999343872,8.62760066986084
0.9464830160140991,8.625994682312012
0.9417402744293213,8.620537757873535
0.9475075006484985,8.616381645202637
0.9456948041915894,8.61158275604248
0.9413963556289673,8.60385513305664
0.9266707897186279,8.595253944396973
0.9523048400878906,8.581782341003418
0.9536831974983215,8.569252967834473
0.953280508518219,8.556994438171387
0.9480230212211609,8.545028686523438
0.9377385377883911,8.532753944396973
0.9268514513969421,8.526652336120605
0.9446439743041992,8.521456718444824
0.9498481154441833,8.51815128326416
0.9548291563987732,8.51461410522461
0.9420456290245056,8.514073371887207
0.9489693641662598,8.513644218444824
0.9589108824729919,8.510201454162598
0.9562820196151733,8.508471488952637
0.9347177147865295,8.507636070251465
0.9437648057937622,8.505864143371582
0.9571877717971802,8.502640724182129
0.944827139377594,8.501116752624512
0.9505665898323059,8.501921653747559
0.9509257078170776,8.503082275390625
0.9480422735214233,8.502593040466309
0.9551796913146973,8.50493335723877
0.9371006488800049,8.509551048278809
0.9447861909866333,8.513035774230957
0.9510971903800964,8.514740943908691
0.9425368309020996,8.520096778869629
0.9360085129737854,8.521544456481934
0.939302921295166,8.521327018737793
0.941789448261261,8.523516654968262
0.945447564125061,8.524981498718262
0.9347802400588989,8.522666931152344
0.944688081741333,8.519118309020996
0.9484575986862183,8.516605377197266
0.9458291530609131,8.513461112976074
0.9630496501922607,8.510071754455566
0.9488247632980347,8.508694648742676
0.9352954030036926,8.506409645080566
0.9704557657241821,8.501259803771973
0.9499266147613525,8.497215270996094
0.9439735412597656,8.496612548828125
0.9444834589958191,8.49249267578125
0.9506629109382629,8.489715576171875
0.9393270015716553,8.484295845031738
0.943819522857666,8.479765892028809
0.9486700892448425,8.473711967468262
0.9588103294372559,8.467823028564453
0.940984845161438,8.462565422058105
0.934406578540802,8.457622528076172
0.9464215040206909,8.450861930847168
0.9567863345146179,8.444045066833496
0.9519437551498413,8.439515113830566
0.9472541809082031,8.436871528625488
0.9527043104171753,8.439933776855469
0.9427043199539185,8.445708274841309
0.9401048421859741,8.449661254882812
0.9461482763290405,8.453295707702637
0.9526396989822388,8.455296516418457
0.9599272608757019,8.451977729797363
0.9325358867645264,8.451930046081543
0.943962574005127,8.450393676757812
0.9346917271614075,8.44693374633789
0.9504009485244751,8.440411567687988
0.9415876865386963,8.434126853942871
0.935326099395752,8.427672386169434
0.9471767544746399,8.418936729431152
0.9422563314437866,8.412348747253418
0.9489837884902954,8.407021522521973
0.9451525211334229,8.403254508972168
0.9474950432777405,8.40127944946289
0.9384843111038208,8.395703315734863
0.949522078037262,8.390395164489746
0.9546327590942383,8.3848295211792
0.938560962677002,8.381946563720703
0.9409577250480652,8.379965782165527
0.9580397605895996,8.381142616271973
0.949672520160675,8.381749153137207
0.9444864392280579,8.386256217956543
0.9389420747756958,8.392659187316895
0.9446033239364624,8.397514343261719
0.946377158164978,8.400596618652344
0.9379991292953491,8.401642799377441
0.9501254558563232,8.403487205505371
0.950209379196167,8.402365684509277
0.9565607309341431,8.399665832519531
0.9329047799110413,8.400055885314941
0.9435133934020996,8.394821166992188
0.9318311214447021,8.39501953125
0.9301562309265137,8.394194602966309
0.9496845006942749,8.392765998840332
0.9554014205932617,8.39072036743164
0.9551586508750916,8.388352394104004
0.9490676522254944,8.390393257141113
0.9533435702323914,8.391128540039062
0.9463722705841064,8.392714500427246
0.9390695691108704,8.396621704101562
0.9509241580963135,8.404467582702637
0.9499185085296631,8.413107872009277
0.9519168138504028,8.424201011657715
0.9342520236968994,8.435772895812988
0.9540928602218628,8.447091102600098
0.9596032500267029,8.45500659942627
0.942133367061615,8.463611602783203
0.9352375268936157,8.469077110290527
0.9414157867431641,8.466739654541016
0.9392727017402649,8.46429443359375
0.9504686594009399,8.461161613464355
0.935401201248169,8.45751953125
0.9383642077445984,8.4539794921875
0.9383773803710938,8.450936317443848
0.9526543617248535,8.445740699768066
0.9499276876449585,8.440237998962402
0.942992091178894,8.43020248413086
0.9585980176925659,8.424538612365723
0.9369430541992188,8.419129371643066
0.9543266296386719,8.410971641540527
0.9531891345977783,8.404280662536621
0.9404200315475464,8.397067070007324
0.9449458718299866,8.389469146728516
0.9468325972557068,8.385696411132812
0.9519649147987366,8.38260269165039
0.9578374028205872,8.382636070251465
0.950324535369873,8.384522438049316
0.9367043375968933,8.384268760681152
0.949812650680542,8.381916046142578
0.9407725930213928,8.381966590881348
0.9470218420028687,8.380965232849121
0.9498786330223083,8.380695343017578
0.9494147896766663,8.375679969787598
0.9560324549674988,8.371880531311035
0.9538230299949646,8.370392799377441
0.9483017921447754,8.366345405578613
0.9514876008033752,8.36498737335205
0.9526377320289612,8.367293357849121
0.9366942644119263,8.366150856018066
0.9358245730400085,8.365933418273926
0.9254450798034668,8.361273765563965
0.9391450881958008,8.358065605163574
0.9573776721954346,8.354643821716309
0.9517157673835754,8.352656364440918
0.9470498561859131,8.352595329284668
0.9433673024177551,8.354926109313965
0.9305477738380432,8.356083869934082
0.9506351947784424,8.351758003234863
0.9478180408477783,8.343274116516113
0.9398993849754333,8.337111473083496
0.9445149302482605,8.33410930633545
0.9423856735229492,8.334366798400879
0.9495890736579895,8.33962345123291
0.9484674334526062,8.34610366821289
0.9488922357559204,8.351290702819824
0.9492734670639038,8.3604097366333
0.9483219981193542,8.36890697479248
0.9545990228652954,8.378730773925781
0.9421767592430115,8.391094207763672
0.9487844109535217,8.401158332824707
0.9513896703720093,8.409290313720703
0.9472928047180176,8.417304039001465
0.9380087852478027,8.426480293273926
0.9515617489814758,8.43726634979248
0.9462398290634155,8.448637962341309
0.9427911639213562,8.459579467773438
0.9536989331245422,8.46791934967041
0.9573982357978821,8.473265647888184
0.9281648397445679,8.476906776428223
0.9357942938804626,8.477402687072754
0.9445950388908386,8.477919578552246
0.9422337412834167,8.477913856506348
0.9513764977455139,8.482672691345215
0.9472866654396057,8.487137794494629
0.9402139782905579,8.495869636535645
0.9315380454063416,8.502213478088379
0.9454375505447388,8.504302978515625
0.9375565052032471,8.500845909118652
0.958246111869812,8.493962287902832
0.9456959962844849,8.483275413513184
0.9418577551841736,8.473197937011719
0.9647030234336853,8.463333129882812
0.9405335783958435,8.452534675598145
0.9595045447349548,8.441483497619629
0.9296224117279053,8.430336952209473
0.940039873123169,8.41540813446045
0.9419927597045898,8.39820384979248
0.9519764184951782,8.380642890930176
0.9385091662406921,8.36368465423584
0.943303644657135,8.345372200012207
0.9416285157203674,8.33214282989502
0.9495408535003662,8.320621490478516
0.9454742074012756,8.305729866027832
0.9483823776245117,8.29476547241211
0.9451879858970642,8.286957740783691
0.9436401724815369,8.279190063476562
0.9480222463607788,8.27403736114502
0.9489378333091736,8.27243423461914
0.9411153793334961,8.268284797668457
0.9628044962882996,8.26498794555664
0.9429343938827515,8.266276359558105
0.9306459426879883,8.264437675476074
0.9504069089889526,8.263011932373047
0.9596584439277649,8.266814231872559
0.9548031091690063,8.271218299865723
0.9379743933677673,8.276152610778809
0.9435061812400818,8.274367332458496
0.9482446312904358,8.273597717285156
0.9402270913124084,8.274054527282715
0.9517296552658081,8.278841972351074
0.9449442625045776,8.28579044342041
0.9390599727630615,8.291962623596191
0.9571232795715332,8.298236846923828
0.9394711256027222,8.309372901916504
0.9477757215499878,8.31848430633545
0.9470057487487793,8.32656192779541
0.9469955563545227,8.331108093261719
0.9504043459892273,8.330307960510254
0.9475572109222412,8.330704689025879
0.9405015110969543,8.33417797088623
0.940792441368103,8.334887504577637
0.9474495053291321,8.335654258728027
0.9619099497795105,8.33615779876709
0.9364495873451233,8.338896751403809
0.9550219774246216,8.337904930114746
0.9504514932632446,8.334136009216309
0.9528163075447083,8.330252647399902
0.942844033241272,8.325943946838379
0.9384047389030457,8.322882652282715
0.9551704525947571,8.327354431152344
0.9454447031021118,8.336634635925293
0.9578540921211243,8.346245765686035
0.9442859292030334,8.35886287689209
0.949500322341919,8.366297721862793
0.9499940276145935,8.370512962341309
0.9541093111038208,8.37230396270752
0.957497775554657,8.373043060302734
0.9567434787750244,8.374831199645996
0.9526320099830627,8.37707805633545
0.9510666131973267,8.375033378601074
0.9482533931732178,8.371766090393066
0.9490867853164673,8.37111759185791
0.9547815322875977,8.371109962463379
0.9548821449279785,8.371230125427246
0.9593378305435181,8.368843078613281
0.9500174522399902,8.368572235107422
0.949755847454071,8.366364479064941
0.9598638415336609,8.36288070678711
0.9644672274589539,8.360424041748047
0.9463865160942078,8.356452941894531
0.9459840059280396,8.353328704833984
0.9340305328369141,8.344117164611816
0.9511715173721313,8.336101531982422
0.937810480594635,8.331524848937988
0.9484812617301941,8.331915855407715
0.9531725645065308,8.33476734161377
0.9444267153739929,8.336091041564941
0.9574495553970337,8.334733009338379
0.9510228037834167,8.334793090820312
0.961268424987793,8.338329315185547
0.951528787612915,8.342717170715332
0.9631646275520325,8.346542358398438
0.9432680606842041,8.34847354888916
0.9527292251586914,8.35207748413086
0.9575018882751465,8.360777854919434
0.9464560747146606,8.37028980255127
0.9445651173591614,8.378426551818848
0.9499061107635498,8.385846138000488
0.9516825675964355,8.39059066772461
0.9527605772018433,8.39475154876709
0.9538018703460693,8.40079402923584
0.947100043296814,8.409096717834473
0.9507898688316345,8.413867950439453
0.9563466310501099,8.419034004211426
0.9445387125015259,8.423020362854004
0.9411298036575317,8.426441192626953
0.9511758685112,8.431929588317871
0.9571753144264221,8.438836097717285
0.941362202167511,8.44190502166748
0.95542311668396,8.442852020263672
0.9501054883003235,8.444823265075684
0.9566899538040161,8.448685646057129
0.9494035243988037,8.448046684265137
0.9591996669769287,8.446304321289062
0.9413334131240845,8.445040702819824
0.9535850286483765,8.447102546691895
0.9379606246948242,8.451282501220703
0.9384691715240479,8.450470924377441
0.9393271803855896,8.44355297088623
0.9485704898834229,8.437538146972656
0.9548817873001099,8.434538841247559
0.9373437166213989,8.432476997375488
0.9460076093673706,8.429808616638184
0.9523637294769287,8.42600154876709
0.964333176612854,8.424442291259766
0.9515175819396973,8.422846794128418
0.9560229182243347,8.417428016662598
0.935863196849823,8.416255950927734
0.9548395872116089,8.420272827148438
0.9372810125350952,8.425026893615723
0.9565054178237915,8.429612159729004
0.9474683403968811,8.439436912536621
0.9467533230781555,8.450066566467285
0.9526844024658203,8.459572792053223
0.9491506218910217,8.468588829040527
0.9526573419570923,8.48037052154541
0.947421669960022,8.489143371582031
0.944223940372467,8.490592002868652
0.9438647627830505,8.489166259765625
0.935584306716919,8.487621307373047
0.9414854645729065,8.490155220031738
0.9393197298049927,8.492722511291504
0.9573482275009155,8.494135856628418
0.9448312520980835,8.491451263427734
0.9489874243736267,8.484878540039062
0.9482862949371338,8.477478981018066
0.9659183621406555,8.468689918518066
0.9571692943572998,8.460526466369629
0.9500858187675476,8.451186180114746
0.9543018937110901,8.447192192077637
0.9604601860046387,8.443907737731934
0.950211226940155,8.436694145202637
0.9425989389419556,8.428177833557129
0.9428681135177612,8.420340538024902
0.9508655071258545,8.412226676940918
0.9484162926673889,8.406476020812988
0.9451377987861633,8.401366233825684
0.94118332862854,8.394064903259277
0.950660228729248,8.383299827575684
0.9490848779678345,8.37381649017334
0.9558074474334717,8.363066673278809
0.9587841033935547,8.356013298034668
0.9448317885398865,8.349177360534668
0.956911027431488,8.340628623962402
0.9450768232345581,8.3355712890625
0.9540578126907349,8.327094078063965
0.9423452615737915,8.32030963897705
0.951650857925415,8.316224098205566
0.9483379125595093,8.315791130065918
0.9486781358718872,8.316882133483887
0.9599971175193787,8.315312385559082
0.9482605457305908,8.315718650817871
0.9391382932662964,8.314188957214355
0.956760048866272,8.313921928405762
0.9473227858543396,8.314349174499512
0.9461915493011475,8.313915252685547
0.952551007270813,8.312697410583496
0.9515647888183594,8.318053245544434
0.9557054042816162,8.32541561126709
0.9639331102371216,8.331551551818848
0.9530646204948425,8.336007118225098
0.9546431303024292,8.342238426208496
0.9421718716621399,8.344738006591797
0.9533833265304565,8.346820831298828
0.9412391185760498,8.352333068847656
0.9337576031684875,8.355507850646973
0.9536021947860718,8.360297203063965
0.9513338804244995,8.366005897521973
0.9369903802871704,8.372862815856934
0.9462799429893494,8.380871772766113
0.9679317474365234,8.384696006774902
0.9519811272621155,8.386685371398926
0.9560006856918335,8.384753227233887
0.9651274085044861,8.380959510803223
0.9497649669647217,8.378211975097656
0.9511674642562866,8.37473201751709
0.9465897679328918,8.367766380310059
0.9465587735176086,8.358330726623535
0.9469392895698547,8.351914405822754
0.9604417085647583,8.34658432006836
0.951667308807373,8.340737342834473
0.941816508769989,8.335880279541016
0.9489378333091736,8.335036277770996
0.9501211047172546,8.335739135742188
0.9569398760795593,8.338134765625
0.9483240246772766,8.342968940734863
0.9436706900596619,8.346829414367676
0.9451252222061157,8.350541114807129
0.9535393714904785,8.348506927490234
0.960645318031311,8.351059913635254
0.9540441036224365,8.3522367477417
0.9486027956008911,8.357878684997559
0.9469682574272156,8.364274024963379
0.9581606388092041,8.36797046661377
0.9410237073898315,8.375094413757324
0.9563128352165222,8.38342571258545
0.9509291648864746,8.387383460998535
0.9613326787948608,8.388484954833984
0.960854172706604,8.392243385314941
0.951285719871521,8.393580436706543
0.9506268501281738,8.393033027648926
0.9549037218093872,8.388632774353027
0.9609712362289429,8.384647369384766
0.9414807558059692,8.379515647888184
0.9533247947692871,8.37890338897705
0.9613527059555054,8.375630378723145
0.9460259079933167,8.369635581970215
0.9607146978378296,8.362101554870605
0.9526093006134033,8.355368614196777
0.9471940994262695,8.349766731262207
0.9482869505882263,8.347862243652344
0.946143388748169,8.348854064941406
0.9577013254165649,8.350757598876953
0.9601926207542419,8.350407600402832
0.9513593316078186,8.349162101745605
0.9637977480888367,8.347031593322754
0.9495989084243774,8.344036102294922
0.9482184052467346,8.344836235046387
0.9522650241851807,8.343771934509277
0.9564380645751953,8.341614723205566
0.9358023405075073,8.339875221252441
0.9551020264625549,8.336620330810547
0.9630310535430908,8.330506324768066
0.9548817873001099,8.325461387634277
0.947367787361145,8.322776794433594
0.9632909893989563,8.31711483001709
0.9469223618507385,8.31312084197998
0.9485276937484741,8.311984062194824
0.9524505734443665,8.311575889587402
0.9541458487510681,8.31135082244873
0.9571287631988525,8.314215660095215
0.9523630142211914,8.31717586517334
0.9480436444282532,8.319561004638672
0.9489359855651855,8.321433067321777
0.9610366821289062,8.320023536682129
0.9556921720504761,8.319328308105469
0.9563052654266357,8.313765525817871
0.9555089473724365,8.308964729309082
0.9569599032402039,8.302406311035156
0.9606407284736633,8.299687385559082
0.9568344950675964,8.298656463623047
0.9336668252944946,8.295933723449707
0.9475895166397095,8.29226016998291
0.9329414963722229,8.292222023010254
0.9518074989318848,8.288277626037598
0.9454967379570007,8.28305435180664
0.9460690021514893,8.275450706481934
0.9474987983703613,8.26742935180664
0.9560220241546631,8.257294654846191
0.9469089508056641,8.250351905822754
0.9609645009040833,8.243033409118652
0.9495489001274109,8.23774242401123
0.9340624809265137,8.236992835998535
0.9394378066062927,8.239189147949219
0.9492537975311279,8.242015838623047
0.960293173789978,8.243587493896484
0.9445754289627075,8.243620872497559
0.9455849528312683,8.244499206542969
0.9356995820999146,8.24776840209961
0.9617454409599304,8.252058982849121
0.948585033416748,8.258605003356934
0.9474522471427917,8.267983436584473
0.9683638215065002,8.273009300231934
0.949700653553009,8.276317596435547
0.9565982818603516,8.27748966217041
0.9467955231666565,8.279776573181152
0.9512733817100525,8.281624794006348
0.9532338976860046,8.28250789642334
0.9502339959144592,8.281678199768066
0.95411217212677,8.282282829284668
0.932593047618866,8.285813331604004
0.954350471496582,8.284687995910645
0.9486549496650696,8.28402042388916
0.953167200088501,8.280961036682129
0.9356565475463867,8.27877140045166
0.9501087069511414,8.280402183532715
0.9361512064933777,8.285017967224121
0.9662776589393616,8.291733741760254
0.9547713398933411,8.298851013183594
0.9561382532119751,8.305327415466309
0.9344730377197266,8.314034461975098
0.9458328485488892,8.319427490234375
0.9418414235115051,8.328194618225098
0.9557660222053528,8.342530250549316
0.953399121761322,8.356390953063965
0.9601030945777893,8.365469932556152
0.946380615234375,8.378874778747559
0.9486575722694397,8.384980201721191
0.9630078077316284,8.388510704040527
0.9531368017196655,8.396101951599121
0.9379994869232178,8.4069242477417
0.9438976645469666,8.414977073669434
0.957892119884491,8.421624183654785
0.9507825374603271,8.427369117736816
0.9475755095481873,8.433724403381348
0.9464259147644043,8.438200950622559
0.946002185344696,8.438836097717285
0.956250786781311,8.441287994384766
0.9412821531295776,8.444790840148926
0.9469501376152039,8.446822166442871
0.9422977566719055,8.451168060302734
0.9522123336791992,8.451849937438965
0.9563100934028625,8.454743385314941
0.9593542814254761,8.45432186126709
0.9478219151496887,8.450450897216797
0.9523370265960693,8.451857566833496
0.9285649657249451,8.453788757324219
0.9462063312530518,8.457618713378906
0.9550138115882874,8.461441993713379
0.9303681254386902,8.4663724899292
0.9587927460670471,8.468308448791504
0.9289335608482361,8.466975212097168
0.9509069919586182,8.46920108795166
0.9532630443572998,8.469483375549316
0.9508378505706787,8.467423439025879
0.9461165070533752,8.463966369628906
0.9505784511566162,8.459807395935059
0.9485640525817871,8.459977149963379
0.9446557760238647,8.454270362854004
0.9655219316482544,8.446232795715332
0.9468364715576172,8.442418098449707
0.948853075504303,8.438126564025879
0.9532532691955566,8.433838844299316
0.9477041959762573,8.429814338684082
0.9484381079673767,8.424439430236816
0.9454817175865173,8.420100212097168
0.9524847865104675,8.415749549865723
0.953599750995636,8.414570808410645
0.9590634107589722,8.40761661529541
0.9567974805831909,8.400444984436035
0.9480729699134827,8.393109321594238
0.9529281854629517,8.384940147399902
0.9502637982368469,8.380428314208984
0.960962176322937,8.373459815979004
0.9394556879997253,8.369149208068848
0.9564177989959717,8.36868953704834
0.9440736770629883,8.368062019348145
0.9581387042999268,8.371642112731934
0.952434241771698,8.37619400024414
0.9520862698554993,8.37945556640625
0.9448412656784058,8.38199234008789
0.9456824660301208,8.384971618652344
0.9555908441543579,8.383370399475098
0.9579750895500183,8.382891654968262
0.9459030628204346,8.384308815002441
0.9481921792030334,8.386414527893066
0.9515206217765808,8.392224311828613
0.9441356062889099,8.397080421447754
0.9393036961555481,8.400300025939941
0.9546027779579163,8.404526710510254
0.9649402499198914,8.406079292297363
0.9321023225784302,8.407418251037598
0.9479156732559204,8.404671669006348
0.9455052614212036,8.40102481842041
0.9425062537193298,8.396366119384766
0.9656795263290405,8.390301704406738
0.934914231300354,8.383193016052246
0.9584726095199585,8.375835418701172
0.9527208805084229,8.368279457092285
0.9520426988601685,8.358468055725098
0.963235080242157,8.349959373474121
0.9504330158233643,8.344871520996094
0.9366269111633301,8.339430809020996
0.9436194896697998,8.335221290588379
0.9438840746879578,8.32997989654541
0.9523679614067078,8.329195976257324
0.9488372802734375,8.32274341583252
0.9591732025146484,8.312274932861328
0.9552069306373596,8.306258201599121
0.9417651891708374,8.299126625061035
0.9523347616195679,8.297209739685059
0.934860110282898,8.292241096496582
0.9528002738952637,8.28705883026123
0.9529936909675598,8.283791542053223
0.9458128809928894,8.283463478088379
0.949715793132782,8.283894538879395
0.9523211717605591,8.287887573242188
0.9475098252296448,8.291213989257812
0.9424048066139221,8.295455932617188
0.9507673978805542,8.30040454864502
0.9550955891609192,8.303160667419434
0.9436851739883423,8.307282447814941
0.9425936341285706,8.316079139709473
0.9573373794555664,8.32398509979248
0.9615148305892944,8.32877254486084
0.95268714427948,8.330168724060059
0.9598912596702576,8.331317901611328
0.9377890825271606,8.32962703704834
0.9622136950492859,8.32489013671875
0.9544232487678528,8.321041107177734
0.9548763036727905,8.319987297058105
0.9507821202278137,8.32071590423584
0.9488129615783691,8.324873924255371
0.9549587965011597,8.32767391204834
0.9477269649505615,8.329506874084473
0.9380638599395752,8.332245826721191
0.9604193568229675,8.332836151123047
0.9537152051925659,8.334816932678223
0.9568403959274292,8.33790111541748
0.947683572769165,8.339305877685547
0.9509176015853882,8.341687202453613
0.9422093629837036,8.345420837402344
0.9451407194137573,8.343550682067871
0.9619532823562622,8.34310245513916
0.9418349266052246,8.344700813293457
0.9627685546875,8.342068672180176
0.9595693349838257,8.338713645935059
0.9357141852378845,8.337557792663574
0.9562132954597473,8.336148262023926
0.9624846577644348,8.338217735290527
0.9582825899124146,8.342253684997559
0.9553503394126892,8.342743873596191
0.9342431426048279,8.345107078552246
0.9453843235969543,8.344791412353516
0.942629337310791,8.342227935791016
0.9545226693153381,8.339430809020996
0.9339468479156494,8.33741283416748
0.9499862790107727,8.340605735778809
0.9481212496757507,8.339402198791504
0.9582823514938354,8.338642120361328
0.9438602924346924,8.341460227966309
0.9460445046424866,8.34375286102295
0.9458677768707275,8.34859848022461
0.9454433917999268,8.351242065429688
0.9490166902542114,8.353934288024902
0.9597204923629761,8.35531234741211
0.9520289897918701,8.354117393493652
0.9401189684867859,8.35068130493164
0.949852466583252,8.351035118103027
0.9449374675750732,8.355280876159668
0.9491691589355469,8.360374450683594
0.9551188945770264,8.363381385803223
0.943087637424469,8.365311622619629
0.9560855031013489,8.363472938537598
0.9609154462814331,8.357003211975098
0.9507951736450195,8.354653358459473
0.9594824314117432,8.349799156188965
0.9525259137153625,8.342957496643066
0.9642237424850464,8.338326454162598
0.945223331451416,8.335373878479004
0.9491931796073914,8.333199501037598
0.9470463991165161,8.330702781677246
0.9592424035072327,8.329651832580566
0.9465535879135132,8.326004981994629
0.950931966304779,8.3181791305542
0.9411543607711792,8.3097562789917
0.9499509334564209,8.299185752868652
0.9541622996330261,8.286571502685547
0.9448928236961365,8.274125099182129
0.9580315947532654,8.260420799255371
0.9542819857597351,8.24919605255127
0.9471647143363953,8.239480018615723
0.9490870833396912,8.226688385009766
0.9553841948509216,8.223846435546875
0.9490594863891602,8.21890926361084
0.9619798064231873,8.216168403625488
0.9532588124275208,8.214241981506348
0.9442204833030701,8.208354949951172
0.9578077793121338,8.202157020568848
0.9553779363632202,8.197471618652344
0.9617942571640015,8.191516876220703
0.950687050819397,8.186295509338379
0.9427116513252258,8.181130409240723
0.9599131345748901,8.178496360778809
0.9498242139816284,8.179991722106934
0.9525520205497742,8.182979583740234
0.9508569836616516,8.18481159210205
0.9493175745010376,8.187561988830566
0.9524816274642944,8.1931734085083
0.9575620293617249,8.198516845703125
0.9494693875312805,8.197714805603027
0.9510990381240845,8.194769859313965
0.9507662653923035,8.191946983337402
0.9493723511695862,8.191108703613281
0.9460561871528625,8.18835163116455
0.9641117453575134,8.189239501953125
0.954348623752594,8.191336631774902
0.9460772275924683,8.193861961364746
0.9571008682250977,8.194073677062988
0.9485189914703369,8.196982383728027
0.9524989128112793,8.203207969665527
0.9443075060844421,8.2059326171875
0.9577680230140686,8.208545684814453
0.9565552473068237,8.210602760314941
0.9447522759437561,8.209068298339844
0.9529359936714172,8.205178260803223
0.9472298622131348,8.201937675476074
0.9625462293624878,8.197193145751953
0.9499426484107971,8.193573951721191
0.948311448097229,8.189711570739746
0.9595140218734741,8.188673973083496
0.949806272983551,8.185126304626465
0.9606742262840271,8.184417724609375
0.955737292766571,8.180732727050781
0.9501655697822571,8.17971134185791
0.9412994384765625,8.176947593688965
0.9557201862335205,8.176697731018066
0.9594097137451172,8.174790382385254
0.9593536853790283,8.173972129821777
0.9418767690658569,8.174034118652344
0.9531469345092773,8.172343254089355
0.9411734342575073,8.170018196105957
0.9473315477371216,8.167984962463379
0.9534566402435303,8.168227195739746
0.9537448287010193,8.172416687011719
0.9585267901420593,8.181977272033691
0.9495298862457275,8.193930625915527
0.9469110369682312,8.20516586303711
0.9581344127655029,8.213128089904785
0.9517778158187866,8.218262672424316
0.9561089873313904,8.224842071533203
0.9465464353561401,8.230281829833984
0.9470523595809937,8.230265617370605
0.9403703212738037,8.229866027832031
0.9458096623420715,8.22928524017334
0.9387331604957581,8.227578163146973
0.9541696310043335,8.22367000579834
0.9551125168800354,8.216850280761719
0.9451873898506165,8.208420753479004
0.945606529712677,8.203436851501465
0.9548024535179138,8.201563835144043
0.960589587688446,8.200904846191406
0.9591415524482727,8.200697898864746
0.9582746028900146,8.20343017578125
0.9564517736434937,8.197956085205078
0.9520018696784973,8.193537712097168
0.9501954317092896,8.186202049255371
0.954865574836731,8.178727149963379
0.9476110339164734,8.169936180114746
0.9530006647109985,8.164104461669922
0.9499896168708801,8.161090850830078
0.9576740264892578,8.150933265686035
0.9548748135566711,8.143196105957031
0.9581608176231384,8.136404991149902
0.9497900009155273,8.130378723144531
0.9392185211181641,8.123213768005371
0.9460694789886475,8.112914085388184
0.9428563117980957,8.10250186920166
0.9544140696525574,8.098332405090332
0.9377548098564148,8.09409236907959
0.9519636631011963,8.089177131652832
0.9566056132316589,8.088942527770996
0.9627135396003723,8.090682983398438
0.9497167468070984,8.092120170593262
0.947793185710907,8.091700553894043
0.9397850036621094,8.093184471130371
0.9557317495346069,8.094796180725098
0.9505608677864075,8.093705177307129
0.9546600580215454,8.09572982788086
0.9451047778129578,8.097729682922363
0.9599549770355225,8.098959922790527
0.963628888130188,8.104100227355957
0.9532384276390076,8.109763145446777
0.9458850622177124,8.110908508300781
0.9615130424499512,8.110589027404785
0.9580513834953308,8.110810279846191
0.9537203311920166,8.112801551818848
0.9486742615699768,8.117926597595215
0.9469773769378662,8.122010231018066
0.9483596086502075,8.1254243850708
0.9488595724105835,8.129515647888184
0.9533990621566772,8.134076118469238
0.9590710401535034,8.134620666503906
0.9595955610275269,8.133681297302246
0.9647170901298523,8.132392883300781
0.9437417984008789,8.131183624267578
0.945460319519043,8.131363868713379
0.944728434085846,8.13008975982666
0.9546238780021667,8.126827239990234
0.9567228555679321,8.12320613861084
0.9556766748428345,8.117384910583496
0.9666575193405151,8.113750457763672
0.9556050896644592,8.110686302185059
0.9546019434928894,8.110106468200684
0.9618194103240967,8.111568450927734
0.9462703466415405,8.113875389099121
0.9485699534416199,8.116543769836426
0.9445048570632935,8.11661148071289
0.9556504487991333,8.11825180053711
0.9343087673187256,8.122275352478027
0.956102728843689,8.124454498291016
0.9495507478713989,8.129471778869629
0.9598578810691833,8.134612083435059
0.9589977264404297,8.140137672424316
0.9378052949905396,8.142647743225098
0.939020574092865,8.146408081054688
0.9642230272293091,8.149409294128418
0.9528176784515381,8.15072250366211
0.955451488494873,8.157195091247559
0.9574625492095947,8.166301727294922
0.9439396858215332,8.1729097366333
0.9613824486732483,8.1800537109375
0.9477371573448181,8.186484336853027
0.9616461396217346,8.197400093078613
0.9496634602546692,8.21097469329834
0.9494951963424683,8.22630786895752
0.9519821405410767,8.242341041564941
0.9492375254631042,8.25411605834961
0.954769492149353,8.265259742736816
0.9456389546394348,8.276511192321777
0.953654944896698,8.286980628967285
0.9391605854034424,8.296833992004395
0.9499863982200623,8.30428409576416
0.9473315477371216,8.309842109680176
0.9384196996688843,8.3186616897583
0.9500918984413147,8.32070255279541
0.9509277939796448,8.325203895568848
0.952277421951294,8.329505920410156
0.9609650373458862,8.335182189941406
0.9575492143630981,8.34284496307373
0.9447916746139526,8.347609519958496
0.9529105424880981,8.353035926818848
0.9504621028900146,8.359896659851074
0.9530177712440491,8.369500160217285
0.9445891976356506,8.381058692932129
0.9584401249885559,8.393898963928223
0.9467616677284241,8.403511047363281
0.9510505199432373,8.41129207611084
0.9419969320297241,8.411667823791504
0.962238073348999,8.411833763122559
0.9573362469673157,8.410499572753906
0.9576179385185242,8.411704063415527
0.9559355974197388,8.411559104919434
0.9375644326210022,8.412758827209473
0.9558096528053284,8.416393280029297
0.9540571570396423,8.41886043548584
0.9475299119949341,8.418025016784668
0.9646036624908447,8.414786338806152
0.9464362859725952,8.410988807678223
0.9467734098434448,8.403525352478027
0.9579349756240845,8.393799781799316
0.9578548073768616,8.382718086242676
0.9574323892593384,8.374062538146973
0.9389292001724243,8.368607521057129
0.935709536075592,8.36485767364502
0.953315794467926,8.358074188232422
0.9549519419670105,8.34792709350586
0.9441779851913452,8.33521556854248
0.9529157876968384,8.325325012207031
0.9507215023040771,8.320090293884277
0.9602000117301941,8.317509651184082
0.9451481699943542,8.31903076171875
0.9423298835754395,8.324189186096191
0.9678329229354858,8.328423500061035
0.9458756446838379,8.330206871032715
0.9491785168647766,8.334644317626953
0.9512129426002502,8.336562156677246
0.937280535697937,8.333449363708496
0.9391704201698303,8.326447486877441
0.9543046951293945,8.317646980285645
0.952027440071106,8.305625915527344
0.9470506906509399,8.295829772949219
0.9435670375823975,8.28621768951416
0.9478357434272766,8.27112102508545
0.9542898535728455,8.25799560546875
0.9499379396438599,8.250244140625
0.9567442536354065,8.245970726013184
0.9626973271369934,8.240462303161621
0.9559338688850403,8.238404273986816
0.9500834941864014,8.233627319335938
0.9537379741668701,8.226009368896484
0.9527906775474548,8.218367576599121
0.9514949321746826,8.215237617492676
0.9594175219535828,8.21188735961914
0.9427600502967834,8.204941749572754
0.955256462097168,8.201966285705566
0.9351880550384521,8.199261665344238
0.9568015336990356,8.19948673248291
0.9532472491264343,8.197793006896973
0.9501487016677856,8.193702697753906
0.9529996514320374,8.19045352935791
0.9658090472221375,8.185521125793457
0.9497184753417969,8.181979179382324
0.9470083117485046,8.18027114868164
0.9308558106422424,8.18033504486084
0.9585810303688049,8.177715301513672
0.9603137373924255,8.174666404724121
0.9498499035835266,8.170016288757324
0.9472734332084656,8.164656639099121
0.9509174227714539,8.1579008102417
0.9511904716491699,8.153468132019043
0.9433431625366211,8.151957511901855
0.9556859731674194,8.150664329528809
0.9440203309059143,8.147087097167969
0.952428936958313,8.138489723205566
0.9458125829696655,8.131560325622559
0.9535173773765564,8.12353515625
0.9539437294006348,8.115002632141113
0.9520232677459717,8.104202270507812
0.9511597156524658,8.095831871032715
0.9472512006759644,8.08945083618164
0.9528575539588928,8.083779335021973
0.9468196630477905,8.07889175415039
0.958195686340332,8.070979118347168
0.9445276856422424,8.065995216369629
0.9455447196960449,8.065953254699707
0.9567402005195618,8.060074806213379
0.9522528052330017,8.056214332580566
0.9472713470458984,8.05782413482666
0.9531216025352478,8.05935001373291
0.9547557830810547,8.064201354980469
0.9623048901557922,8.069510459899902
0.9459513425827026,8.07366943359375
0.9447245001792908,8.076043128967285
0.9557018876075745,8.073725700378418
0.9537314176559448,8.069062232971191
0.9409754276275635,8.059060096740723
0.9397865533828735,8.047867774963379
0.9436808824539185,8.03768539428711
0.9402291178703308,8.028491020202637
0.951824426651001,8.020922660827637
0.9567313194274902,8.019912719726562
0.9413400888442993,8.018184661865234
0.9550330638885498,8.014777183532715
0.9540008306503296,8.00655460357666
0.9536142349243164,7.996516704559326
0.9482189416885376,7.9913554191589355
0.944260835647583,7.98089599609375
0.9397032856941223,7.973277568817139
0.9506359100341797,7.967560291290283
0.9510663747787476,7.962978839874268
0.9530574679374695,7.957546710968018
0.9491671919822693,7.953242778778076
0.9567494988441467,7.951278209686279
0.9488931894302368,7.951636791229248
0.9642183780670166,7.955184459686279
0.96565842628479,7.958621501922607
0.9474525451660156,7.963577747344971
0.9589834809303284,7.967338562011719
0.9607762694358826,7.97011137008667
0.9573363661766052,7.972641468048096
0.9558167457580566,7.975142955780029
0.9587042927742004,7.978329181671143
0.9564623832702637,7.982685089111328
0.9533175230026245,7.991394519805908
0.9571734070777893,7.998000621795654
0.9617018103599548,8.003769874572754
0.9394336938858032,8.008599281311035
0.951994776725769,8.011017799377441
0.953603208065033,8.012264251708984
0.9621769189834595,8.012948036193848
0.9621742367744446,8.016213417053223
0.9506433606147766,8.01788330078125
0.9522532224655151,8.019569396972656
0.956186056137085,8.023453712463379
0.9517431259155273,8.029358863830566
0.9609845876693726,8.035115242004395
0.959413468837738,8.04379653930664
0.9547170400619507,8.056092262268066
0.9483911395072937,8.062789916992188
0.9575408101081848,8.069451332092285
0.9479554891586304,8.077349662780762
0.9392989873886108,8.083270072937012
0.9448005557060242,8.09091567993164
0.9435245990753174,8.098435401916504
0.9596746563911438,8.11043643951416
0.9432531595230103,8.120841026306152
0.9557198882102966,8.128336906433105
0.9677612781524658,8.137635231018066
0.9628849625587463,8.1458740234375
0.9455001354217529,8.155060768127441
0.9525482654571533,8.159745216369629
0.9524217844009399,8.161772727966309
0.950363278388977,8.159544944763184
0.9589056968688965,8.156514167785645
0.9660082459449768,8.153755187988281
0.9469841718673706,8.15311336517334
0.9485571384429932,8.154587745666504
0.9512868523597717,8.160088539123535
0.9504519701004028,8.16439151763916
0.9626972675323486,8.168506622314453
0.9425488710403442,8.175239562988281
0.9480181932449341,8.174248695373535
0.9574305415153503,8.169551849365234
0.9503462314605713,8.165143013000488
0.95256108045578,8.160017967224121
0.9600619673728943,8.154801368713379
0.9576171040534973,8.153789520263672
0.9545149803161621,8.1527738571167
0.953764796257019,8.154280662536621
0.9439500570297241,8.154707908630371
0.9488894939422607,8.15579605102539
0.9497559666633606,8.157059669494629
0.953534722328186,8.162619590759277
0.9524530172348022,8.170023918151855
0.9394341111183167,8.176299095153809
0.9474593997001648,8.179970741271973
0.9493958353996277,8.186476707458496
0.9618732333183289,8.192116737365723
0.9501205086708069,8.19956111907959
0.9522393345832825,8.205565452575684
0.9507044553756714,8.209827423095703
0.9536536335945129,8.211997985839844
0.9520664811134338,8.210281372070312
0.9587056636810303,8.208699226379395
0.955568790435791,8.209485054016113
0.954792320728302,8.212197303771973
0.94822758436203,8.218029022216797
0.9511966109275818,8.220860481262207
0.9441441297531128,8.221519470214844
0.9700151085853577,8.225836753845215
0.9620380401611328,8.230815887451172
0.9451711773872375,8.235539436340332
0.9487109184265137,8.240768432617188
0.9620370864868164,8.243590354919434
0.9487308263778687,8.246947288513184
0.9674211144447327,8.25198745727539
0.9530200362205505,8.262553215026855
0.9630008935928345,8.270989418029785
0.9539288878440857,8.27727222442627
0.9577694535255432,8.279168128967285
0.9572676420211792,8.277195930480957
0.9494276642799377,8.275544166564941
0.9540969133377075,8.270476341247559
0.9626787304878235,8.26232624053955
0.9375525116920471,8.2560453414917
0.9606274366378784,8.250601768493652
0.9577131867408752,8.245010375976562
0.9503059983253479,8.239592552185059
0.9493684768676758,8.229662895202637
0.9562051892280579,8.219932556152344
0.9437288641929626,8.213446617126465
0.9508266448974609,8.208575248718262
0.9547920227050781,8.199859619140625
0.946361780166626,8.196450233459473
0.959714949131012,8.187176704406738
0.9445642828941345,8.181563377380371
0.9455054998397827,8.175780296325684
0.9607189297676086,8.171914100646973
0.9580457210540771,8.168697357177734
0.9600587487220764,8.167860984802246
0.9665554165840149,8.16756534576416
0.952309787273407,8.163308143615723
0.9602503776550293,8.158392906188965
0.9487355947494507,8.153212547302246
0.9463300704956055,8.143380165100098
0.9668644070625305,8.130294799804688
0.951278805732727,8.116649627685547
0.9577206373214722,8.10616683959961
0.9583905339241028,8.10136890411377
0.9631893038749695,8.094862937927246
0.9611610174179077,8.08803653717041
0.9627935886383057,8.082961082458496
0.9346843361854553,8.07863712310791
0.9468108415603638,8.073990821838379
0.9576907157897949,8.075547218322754
0.9539286494255066,8.076424598693848
0.9447062015533447,8.0804443359375
0.9513005614280701,8.08639907836914
0.9604731798171997,8.099433898925781
0.9549131989479065,8.11269474029541
0.950493574142456,8.124924659729004
0.952252209186554,8.137557029724121
0.957856297492981,8.149364471435547
0.9455064535140991,8.157761573791504
0.9510436654090881,8.16810131072998
0.9410308003425598,8.18271541595459
0.9472156167030334,8.199710845947266
0.9578427672386169,8.2093505859375
0.9522388577461243,8.218390464782715
0.9701284766197205,8.223437309265137
0.947694718837738,8.226655006408691
0.962735116481781,8.227705955505371
0.9546898007392883,8.229183197021484
0.9575422406196594,8.228466987609863
0.9549899101257324,8.226371765136719
0.9493748545646667,8.220673561096191
0.9435267448425293,8.212383270263672
0.9549444317817688,8.205035209655762
0.9492449760437012,8.201783180236816
0.9384615421295166,8.197845458984375
0.9361509680747986,8.189127922058105
0.9571805000305176,8.180386543273926
0.9654927253723145,8.17436695098877
0.953241229057312,8.165207862854004
0.9520529508590698,8.15589427947998
0.9586498737335205,8.15101146697998
0.9559951424598694,8.142998695373535
0.9455522298812866,8.13498592376709
0.9524059891700745,8.127774238586426
0.9622232913970947,8.120909690856934
0.9574182629585266,8.115632057189941
0.9612147212028503,8.109946250915527
0.9505718350410461,8.110098838806152
0.9515044689178467,8.113941192626953
0.9435660243034363,8.116645812988281
0.9539622068405151,8.121845245361328
0.9652093648910522,8.130488395690918
0.9604370594024658,8.136231422424316
0.9469558000564575,8.136421203613281
0.9625823497772217,8.13558578491211
0.9575477242469788,8.13833236694336
0.9482170343399048,8.141951560974121
0.9547914862632751,8.143250465393066
0.9420527815818787,8.144477844238281
0.9497994184494019,8.147083282470703
0.9412246346473694,8.146798133850098
0.9571791291236877,8.148605346679688
0.9577966332435608,8.14733600616455
0.9567483067512512,8.144303321838379
0.9509466886520386,8.142251014709473
0.9494277238845825,8.141716957092285
0.9409851431846619,8.140952110290527
0.9423537254333496,8.140384674072266
0.9519132971763611,8.143181800842285
0.9664008617401123,8.135468482971191
0.9405710697174072,8.123611450195312
0.9483880996704102,8.118067741394043
0.9557843804359436,8.112008094787598
0.9492619037628174,8.107504844665527
0.9470237493515015,8.101250648498535
0.955185055732727,8.099971771240234
0.932417631149292,8.101441383361816
0.946479856967926,8.104531288146973
0.9624357223510742,8.107909202575684
0.9507805705070496,8.109795570373535
0.9631502032279968,8.110405921936035
0.9557917714118958,8.111709594726562
0.950552761554718,8.112060546875
0.9452891945838928,8.109137535095215
0.9465600252151489,8.099193572998047
0.9404737949371338,8.089959144592285
0.956159234046936,8.075386047363281
0.9495121836662292,8.062478065490723
0.9535911083221436,8.048386573791504
0.9538255333900452,8.034069061279297
0.9529703259468079,8.025310516357422
0.9565284252166748,8.020834922790527
0.9549768567085266,8.016948699951172
0.9449530839920044,8.009552001953125
0.9572778344154358,7.9984354972839355
0.9639759063720703,7.990372180938721
0.9534722566604614,7.987190246582031
0.9567393064498901,7.983715534210205
0.9282398819923401,7.981373310089111
0.9496428370475769,7.9783244132995605
0.950495183467865,7.9753031730651855
0.9474338293075562,7.975265979766846
0.9538687467575073,7.973926067352295
0.9590098261833191,7.975285053253174
0.9474501609802246,7.97310209274292
0.9438580274581909,7.968883514404297
0.9471727013587952,7.961868762969971
0.959369957447052,7.956898212432861
0.9576369524002075,7.952641010284424
0.9569832682609558,7.946045398712158
0.9473538994789124,7.946464538574219
0.9489749670028687,7.947678089141846
0.9551116228103638,7.951122760772705
0.9481403827667236,7.958499431610107
0.9581530690193176,7.962425708770752
0.9473657608032227,7.965977191925049
0.9545268416404724,7.970768451690674
0.9451184868812561,7.971394062042236
0.9600671529769897,7.972594738006592
0.9653176069259644,7.977901935577393
0.9463884234428406,7.979084491729736
0.9531204700469971,7.978145122528076
0.9323797821998596,7.979626178741455
0.9483851790428162,7.978321075439453
0.9544062614440918,7.977066516876221
0.9461753964424133,7.978274822235107
0.9597945809364319,7.982571125030518
0.950931191444397,7.984676837921143
0.9590716361999512,7.993209362030029
0.9533216953277588,8.00225830078125
0.9579554796218872,8.013729095458984
0.9563637375831604,8.01904010772705
0.9473302364349365,8.025191307067871
0.9580544829368591,8.031096458435059
0.9641837477684021,8.040053367614746
0.9459447264671326,8.050026893615723
0.9517808556556702,8.056671142578125
0.9379420876502991,8.067938804626465
0.9655255079269409,8.080390930175781
0.938913881778717,8.091118812561035
0.9374403953552246,8.104018211364746
0.9376670718193054,8.116608619689941
0.945489227771759,8.1279935836792
0.9642478227615356,8.143052101135254
0.9683316946029663,8.158026695251465
0.9477912187576294,8.175246238708496
0.9449344873428345,8.18820858001709
0.948635995388031,8.200335502624512
0.954791784286499,8.205470085144043
0.9465213418006897,8.209122657775879
0.9642832279205322,8.21583080291748
0.9586309194564819,8.223719596862793
0.9577522277832031,8.229022026062012
0.9676823616027832,8.23355770111084
0.9546867609024048,8.237143516540527
0.9575031995773315,8.242522239685059
0.9561962485313416,8.248974800109863
0.9572145342826843,8.255555152893066
0.9559394717216492,8.263211250305176
0.9437627792358398,8.267949104309082
0.9558120965957642,8.268671989440918
0.9417747259140015,8.266739845275879
0.9492266178131104,8.26180648803711
0.9617939591407776,8.259906768798828
0.960087776184082,8.260916709899902
0.9579434394836426,8.263152122497559
0.9577780961990356,8.262358665466309
0.9593749046325684,8.259072303771973
0.95726078748703,8.25216007232666
0.9421589374542236,8.250419616699219
0.9538586735725403,8.240970611572266
0.9532856345176697,8.231184959411621
0.9516999125480652,8.224074363708496
0.9640786647796631,8.219099998474121
0.9648450613021851,8.218186378479004
0.9514243006706238,8.217911720275879
0.9500902891159058,8.214262962341309
0.9543941617012024,8.208846092224121
0.9514549970626831,8.204367637634277
0.9588100910186768,8.19933032989502
0.952447235584259,8.191679954528809
0.9555855989456177,8.178406715393066
0.9566183090209961,8.166903495788574
0.9552459716796875,8.156143188476562
0.9465523362159729,8.143177032470703
0.9526762366294861,8.131865501403809
0.9478834271430969,8.120881080627441
0.9516980648040771,8.114912986755371
0.9530690908432007,8.108002662658691
0.9510622620582581,8.099377632141113
0.9501628875732422,8.092074394226074
0.9667115211486816,8.086699485778809
0.9491044282913208,8.084761619567871
0.9553000926971436,8.085030555725098
0.9604061245918274,8.089775085449219
0.9580073356628418,8.098694801330566
0.9444389343261719,8.107718467712402
0.946132481098175,8.116393089294434
0.965469241142273,8.123469352722168
0.9658424854278564,8.131999969482422
0.950056791305542,8.137804985046387
0.9640365839004517,8.147201538085938
0.960084080696106,8.156107902526855
0.936822772026062,8.159488677978516
0.9570586681365967,8.164530754089355
0.9461144208908081,8.163612365722656
0.9572239518165588,8.162264823913574
0.9621583223342896,8.160503387451172
0.9534088969230652,8.162137031555176
0.955795168876648,8.163780212402344
0.9437906742095947,8.16942310333252
0.9440644979476929,8.172760009765625
0.9640734195709229,8.176230430603027
0.9598115086555481,8.180957794189453
0.9477661848068237,8.182433128356934
0.9484513998031616,8.18204402923584
0.9583309292793274,8.182929039001465
0.9627214074134827,8.184615135192871
0.9634099006652832,8.188857078552246
0.9535983800888062,8.194636344909668
0.9606118202209473,8.205391883850098
0.9514100551605225,8.214539527893066
0.9504948258399963,8.21936321258545
0.9476144909858704,8.222296714782715
0.9531668424606323,8.22292423248291
0.9451793432235718,8.223114967346191
0.957407534122467,8.224539756774902
0.9508283138275146,8.229268074035645
0.9471437931060791,8.237357139587402
0.9400926828384399,8.24425983428955
0.9584661722183228,8.25196361541748
0.9556909203529358,8.259780883789062
0.9530371427536011,8.266961097717285
0.9523746371269226,8.276238441467285
0.9560500383377075,8.285003662109375
0.9550694227218628,8.28756332397461
0.9526589512825012,8.291519165039062
0.9504252672195435,8.290576934814453
0.9588965177536011,8.286407470703125
0.9586912393569946,8.284130096435547
0.9576224088668823,8.283295631408691
0.9644297957420349,8.283173561096191
0.9536683559417725,8.28572940826416
0.9496907591819763,8.291176795959473
0.9558197259902954,8.297721862792969
0.9599617123603821,8.306316375732422
0.9559911489486694,8.312294006347656
0.9547418355941772,8.322165489196777
0.9475805759429932,8.330631256103516
0.9414435625076294,8.338855743408203
0.942351222038269,8.340929985046387
0.9603276252746582,8.339218139648438
0.9359526634216309,8.336612701416016
0.943783164024353,8.329873085021973
0.9696118831634521,8.321473121643066
0.9674942493438721,8.313289642333984
0.9557249546051025,8.306242942810059
0.9526073932647705,8.296784400939941
0.9580041766166687,8.286556243896484
0.9479385614395142,8.275543212890625
0.9580975770950317,8.270926475524902
0.9462452530860901,8.271462440490723
0.9568684101104736,8.27298641204834
0.9496157169342041,8.280495643615723
0.9482367038726807,8.287227630615234
0.9453821182250977,8.294157981872559
0.950791597366333,8.301368713378906
0.9534313082695007,8.305113792419434
0.9480819702148438,8.307181358337402
0.9603708982467651,8.309250831604004
0.9665848016738892,8.31206226348877
0.9509040117263794,8.317168235778809
0.9576472640037537,8.31793212890625
0.9661225080490112,8.320125579833984
0.970291256904602,8.318984031677246
0.9446049332618713,8.31677532196045
0.9639713764190674,8.313937187194824
0.9453275203704834,8.307236671447754
0.9479259848594666,8.299422264099121
0.9499942064285278,8.291145324707031
0.9499532580375671,8.28466796875
0.9680070877075195,8.280120849609375
0.9442256689071655,8.273693084716797
0.9569603800773621,8.26258373260498
0.949642539024353,8.256075859069824
0.9414735436439514,8.243363380432129
0.9731348752975464,8.235127449035645
0.9639865756034851,8.228652000427246
0.9561370611190796,8.221424102783203
0.9495252370834351,8.218006134033203
0.9508604407310486,8.216362953186035
0.9586272239685059,8.214287757873535
0.9594975709915161,8.215033531188965
0.9467380046844482,8.215245246887207
0.9669144153594971,8.215964317321777
0.9501464366912842,8.215401649475098
0.9576720595359802,8.212047576904297
0.9612933993339539,8.211770057678223
0.967028796672821,8.217825889587402
0.956001877784729,8.224876403808594
0.9606389999389648,8.230091094970703
0.9535301923751831,8.228668212890625
0.9657391309738159,8.227828025817871
0.9613392353057861,8.22818374633789
0.9518817663192749,8.227555274963379
0.952958881855011,8.234251976013184
0.9436159729957581,8.242135047912598
0.9617020487785339,8.244918823242188
0.9554845690727234,8.244705200195312
0.9606620669364929,8.242595672607422
0.9466408491134644,8.236766815185547
0.9517652988433838,8.232894897460938
0.9548247456550598,8.229195594787598
0.947474479675293,8.226691246032715
0.963613748550415,8.223776817321777
0.9576863646507263,8.217268943786621
0.9467176795005798,8.208441734313965
0.9517035484313965,8.199650764465332
0.9543854594230652,8.196511268615723
0.9564802050590515,8.191790580749512
0.9571025371551514,8.184029579162598
0.9638183116912842,8.174053192138672
0.9519892930984497,8.164835929870605
0.9456258416175842,8.1566162109375
0.9476872086524963,8.147795677185059
0.9486529231071472,8.138516426086426
0.9477989673614502,8.133743286132812
0.9580426812171936,8.128350257873535
0.9528704881668091,8.120522499084473
0.9647108912467957,8.114203453063965
0.942380428314209,8.108966827392578
0.9613698720932007,8.105101585388184
0.9622466564178467,8.10104751586914
0.9414150714874268,8.098114967346191
0.958069920539856,8.091414451599121
0.9591519832611084,8.085211753845215
0.9367784261703491,8.0828275680542
0.9522380232810974,8.082447052001953
0.951907217502594,8.077441215515137
0.951312243938446,8.075079917907715
0.9451009035110474,8.07155704498291
0.9513169527053833,8.070321083068848
0.9556124806404114,8.073310852050781
0.9521573781967163,8.075489044189453
0.9521986246109009,8.075701713562012
0.95369952917099,8.077811241149902
0.9583655595779419,8.084460258483887
0.9510149955749512,8.092635154724121
0.9580901861190796,8.099056243896484
0.9547873139381409,8.106891632080078
0.9569624662399292,8.110869407653809
0.9433735609054565,8.115508079528809
0.9448790550231934,8.120665550231934
0.9667822122573853,8.120902061462402
0.9486198425292969,8.120369911193848
0.9540975689888,8.120001792907715
0.956951379776001,8.1195650100708
0.9496756792068481,8.117838859558105
0.9558743238449097,8.116446495056152
0.9493563771247864,8.112015724182129
0.9535699486732483,8.109274864196777
0.9589053988456726,8.10576343536377
0.9467403888702393,8.102012634277344
0.9599320888519287,8.09957218170166
0.9660778045654297,8.098538398742676
0.9680608510971069,8.097617149353027
0.9534426927566528,8.100144386291504
0.9563896059989929,8.100205421447754
0.957243800163269,8.101353645324707
0.9434483051300049,8.105793952941895
0.9435301423072815,8.113070487976074
0.9635616540908813,8.121158599853516
0.9629915952682495,8.131590843200684
0.9610996246337891,8.142337799072266
0.9533791542053223,8.153152465820312
0.9383170008659363,8.165459632873535
0.9626142382621765,8.17663288116455
0.9381523132324219,8.185685157775879
0.9538838863372803,8.194342613220215
0.9622151851654053,8.200955390930176
0.9590363502502441,8.207634925842285
0.9556384086608887,8.211777687072754
0.9362607002258301,8.217281341552734
0.9482601284980774,8.22182559967041
0.953849732875824,8.228655815124512
0.953403115272522,8.240296363830566
0.9605425000190735,8.251633644104004
0.9611935615539551,8.259209632873535
0.9418577551841736,8.269038200378418
0.9635981321334839,8.274872779846191
0.9524029493331909,8.285689353942871
0.9435995817184448,8.293150901794434
0.9494978189468384,8.293122291564941
0.9588870406150818,8.287976264953613
0.9523375630378723,8.28479290008545
0.9525599479675293,8.284714698791504
0.9440526962280273,8.283642768859863
0.9609946608543396,8.281079292297363
0.9566530585289001,8.277365684509277
0.9678970575332642,8.278336524963379
0.9526634216308594,8.279994010925293
0.9402838349342346,8.276200294494629
0.9569185972213745,8.268097877502441
0.9600495100021362,8.258383750915527
0.9552749395370483,8.249455451965332
0.9533886313438416,8.239559173583984
0.9569621682167053,8.231490135192871
0.9604862332344055,8.225040435791016
0.9505606293678284,8.218390464782715
0.9440577030181885,8.213553428649902
0.949540913105011,8.209794044494629
0.9535207152366638,8.206111907958984
0.9576886892318726,8.203728675842285
0.961543083190918,8.199211120605469
0.9650108218193054,8.195967674255371
0.959613561630249,8.194563865661621
0.9604525566101074,8.192244529724121
0.9456810355186462,8.195000648498535
0.9503704905509949,8.19796371459961
0.9595293998718262,8.20407772064209
0.9497393369674683,8.208111763000488
0.9558542966842651,8.21233081817627
0.9627081155776978,8.21634578704834
0.9579745531082153,8.220913887023926
0.9601523280143738,8.22642993927002
0.9661833047866821,8.229340553283691
0.9576255083084106,8.231303215026855
0.9604787826538086,8.230856895446777
0.96161288022995,8.232878684997559
0.9577608108520508,8.237610816955566
0.9477711319923401,8.239531517028809
0.9609465599060059,8.237442970275879
0.9432516694068909,8.237303733825684
0.9469767212867737,8.235209465026855
0.9533427953720093,8.232246398925781
0.942688524723053,8.230347633361816
0.9466276168823242,8.229659080505371
0.9467148780822754,8.231101036071777
0.9468286037445068,8.231708526611328
0.9560366868972778,8.234076499938965
0.9527297019958496,8.235013008117676
0.9416035413742065,8.240212440490723
0.9587253332138062,8.2442045211792
0.9475711584091187,8.24771499633789
0.9383430480957031,8.245015144348145
0.951008677482605,8.243880271911621
0.944595992565155,8.24138355255127
0.9455868601799011,8.241092681884766
0.9625223278999329,8.241463661193848
0.9522895812988281,8.244036674499512
0.9506746530532837,8.244232177734375
0.9683365225791931,8.243549346923828
0.9504882097244263,8.243905067443848
0.9615882635116577,8.244892120361328
0.962243378162384,8.249468803405762
0.9579342007637024,8.253195762634277
0.93855881690979,8.255558013916016
0.9501506090164185,8.258843421936035
0.9425008296966553,8.25916576385498
0.9459983706474304,8.260802268981934
0.9622013568878174,8.262167930603027
0.9466220140457153,8.258696556091309
0.9502509236335754,8.255812644958496
0.9579876661300659,8.255021095275879
0.9466326236724854,8.25100040435791
0.9352261424064636,8.250252723693848
0.9581096172332764,8.245898246765137
0.9510291218757629,8.241297721862793
0.9434880614280701,8.239142417907715
0.93899005651474,8.233570098876953
0.9638516902923584,8.225415229797363
0.9595035314559937,8.220955848693848
0.9561960697174072,8.214064598083496
0.9584773182868958,8.206084251403809
0.9612849354743958,8.197773933410645
0.9617403745651245,8.19429874420166
0.954528272151947,8.191983222961426
0.9570299983024597,8.192238807678223
0.9605045318603516,8.1954927444458
0.9548871517181396,8.195231437683105
0.9495396018028259,8.193720817565918
0.9632807374000549,8.193573951721191
0.9552260637283325,8.195403099060059
0.9704437255859375,8.1954927444458
0.9468078017234802,8.194831848144531
0.9631310105323792,8.193058013916016
0.94803786277771,8.19399642944336
0.9516506195068359,8.197986602783203
0.9635327458381653,8.201098442077637
0.9629741311073303,8.205172538757324
0.9638797640800476,8.209040641784668
0.9681956171989441,8.2116117477417
0.9549795389175415,8.215560913085938
0.9490021467208862,8.221491813659668
0.9608287811279297,8.2288236618042
0.9492048621177673,8.23370361328125
0.9549344778060913,8.238224029541016
0.9299194812774658,8.239798545837402
0.9598705768585205,8.249421119689941
0.9494031667709351,8.25258731842041
0.9547756910324097,8.255467414855957
0.9533822536468506,8.258910179138184
0.9619432687759399,8.264878273010254
0.9497259259223938,8.269733428955078
0.9651139974594116,8.277161598205566
0.9489293694496155,8.286698341369629
0.943979024887085,8.295344352722168
0.9491692781448364,8.301350593566895
0.9521291851997375,8.30454158782959
0.953453779220581,8.30288028717041
0.9378641843795776,8.30446720123291
0.962242841720581,8.305956840515137
0.949550211429596,8.30660629272461
0.9547265768051147,8.303521156311035
0.9552676677703857,8.300644874572754
0.9555016160011292,8.295090675354004
0.9590559601783752,8.289916038513184
0.9539205431938171,8.284647941589355
0.9444500207901001,8.277169227600098
0.9529623985290527,8.272225379943848
0.9456149935722351,8.267251014709473
0.9541681408882141,8.268698692321777
0.9589288830757141,8.27346134185791
0.9454857110977173,8.27791976928711
0.9573338031768799,8.27810287475586
0.9607115387916565,8.277251243591309
0.9568742513656616,8.278512001037598
0.9444195628166199,8.282966613769531
0.9622411131858826,8.285945892333984
0.9466408491134644,8.285224914550781
0.9547939896583557,8.283431053161621
0.949813723564148,8.27784252166748
0.9572702646255493,8.270272254943848
0.9484301805496216,8.262175559997559
0.9605377912521362,8.252127647399902
0.9511016011238098,8.23934268951416
0.9423572421073914,8.22649097442627
0.9566079378128052,8.2160062789917
0.9556836485862732,8.211775779724121
0.9640765190124512,8.206687927246094
0.9451757073402405,8.205952644348145
0.9637764096260071,8.204219818115234
0.9459192752838135,8.208647727966309
0.9480248689651489,8.211560249328613
0.9515730738639832,8.210549354553223
0.9467365741729736,8.207286834716797
0.949550211429596,8.20145034790039
0.9493598341941833,8.198844909667969
0.9507474303245544,8.195416450500488
0.9604126214981079,8.190424919128418
0.9592933654785156,8.185526847839355
0.9552184343338013,8.18067455291748
0.9574434757232666,8.174728393554688
0.9442465901374817,8.167335510253906
0.9651392698287964,8.162139892578125
0.9542016983032227,8.159217834472656
0.9531402587890625,8.15750503540039
0.9565664529800415,8.157135963439941
0.957233190536499,8.15758991241455
0.9503027200698853,8.156270027160645
0.9589540362358093,8.154952049255371
0.9497087001800537,8.1542387008667
0.958631157875061,8.15463638305664
0.9577715992927551,8.152538299560547
0.9447770118713379,8.151118278503418
0.9491276144981384,8.152091026306152
0.9502606391906738,8.14795207977295
0.9512755274772644,8.145286560058594
0.9491920471191406,8.143631935119629
0.964791476726532,8.141745567321777
0.9660405516624451,8.14258861541748
0.9572399854660034,8.145103454589844
0.9513928890228271,8.148716926574707
0.9567112922668457,8.148110389709473
0.9608476161956787,8.1489896774292
0.9529645442962646,8.150863647460938
0.9513494372367859,8.150054931640625
0.9599953889846802,8.151287078857422
0.9577388167381287,8.144906044006348
0.9465336203575134,8.139838218688965
0.9575273394584656,8.138648986816406
0.9431307911872864,8.137737274169922
0.9580073356628418,8.139870643615723
0.952754557132721,8.140746116638184
0.9524676203727722,8.136676788330078
0.9564360976219177,8.13293170928955
0.9574390053749084,8.126656532287598
0.9588729739189148,8.120417594909668
0.9342293739318848,8.116924285888672
0.9477718472480774,8.109131813049316
0.9573335647583008,8.105281829833984
0.9481186270713806,8.1012601852417
0.9577808380126953,8.094603538513184
0.9595673680305481,8.091948509216309
0.9472604393959045,8.09427547454834
0.9619646072387695,8.095161437988281
0.952548086643219,8.098790168762207
0.9551344513893127,8.1017484664917
0.9527701735496521,8.104414939880371
0.9516684412956238,8.106402397155762
0.9530349969863892,8.114762306213379
0.9631729125976562,8.119729042053223
0.9586496353149414,8.12230396270752
0.9600225687026978,8.127287864685059
0.9622804522514343,8.136603355407715
0.9554504156112671,8.145256996154785
0.9524485468864441,8.154242515563965
0.9562444090843201,8.170859336853027
0.9613037109375,8.187336921691895
0.9620053768157959,8.205864906311035
0.9432324767112732,8.223092079162598
0.932969331741333,8.23641586303711
0.9490017294883728,8.250625610351562
0.9503200054168701,8.261425971984863
0.9631481766700745,8.27399730682373
0.9540596008300781,8.280030250549316
0.9700908660888672,8.286375999450684
0.9565446972846985,8.290143013000488
0.9550586342811584,8.290375709533691
0.9503384232521057,8.29543399810791
0.9555817246437073,8.301960945129395
0.9526690244674683,8.310920715332031
0.9510332942008972,8.317395210266113
0.9503054022789001,8.319519996643066
0.9416199326515198,8.319687843322754
0.9569514989852905,8.318988800048828
0.9515151381492615,8.317740440368652
0.9561988711357117,8.30925464630127
0.9563327431678772,8.301337242126465
0.960987389087677,8.296706199645996
0.9434868693351746,8.290091514587402
0.9406360983848572,8.286688804626465
0.9666205048561096,8.286856651306152
0.9449911117553711,8.288707733154297
0.9598562121391296,8.294037818908691
0.9440602660179138,8.296784400939941
0.9511913657188416,8.297842979431152
0.9517120718955994,8.300501823425293
0.9551829695701599,8.303362846374512
0.9522446393966675,8.303572654724121
0.9491262435913086,8.301665306091309
0.9627857208251953,8.301554679870605
0.9530036449432373,8.303223609924316
0.9527671337127686,8.308201789855957
0.9541306495666504,8.313965797424316
0.9405152201652527,8.314598083496094
0.9660632014274597,8.316375732421875
0.9477099180221558,8.316197395324707
0.9559168815612793,8.315979957580566
0.9477097988128662,8.313607215881348
0.959658145904541,8.306530952453613
0.9395327568054199,8.298100471496582
0.950209379196167,8.28505802154541
0.9570745825767517,8.273090362548828
0.9540992975234985,8.266129493713379
0.9497794508934021,8.257946014404297
0.95726478099823,8.249825477600098
0.960822343826294,8.243790626525879
0.9657791256904602,8.235660552978516
0.9523712992668152,8.224956512451172
0.9543442130088806,8.211297035217285
0.966975212097168,8.196755409240723
0.9587342143058777,8.183966636657715
0.963557243347168,8.173666954040527
0.9655755162239075,8.165555000305176
0.9647442698478699,8.158004760742188
0.9375743865966797,8.146315574645996
0.9528466463088989,8.138894081115723
0.9613626003265381,8.135963439941406
0.9550421237945557,8.135647773742676
0.9597876667976379,8.139044761657715
0.9585017561912537,8.140645027160645
0.9562203884124756,8.143012046813965
0.9465955495834351,8.14364242553711
0.942912757396698,8.148756980895996
0.9548247456550598,8.152785301208496
0.9476830959320068,8.159485816955566
0.9534491896629333,8.16358470916748
0.9463753700256348,8.16976547241211
0.954849123954773,8.174454689025879
0.9647659659385681,8.181466102600098
0.960073709487915,8.187850952148438
0.9590335488319397,8.188490867614746
0.9530717730522156,8.190967559814453
0.9594687223434448,8.192641258239746
0.9539809226989746,8.196629524230957
0.9563754796981812,8.194374084472656
0.9495672583580017,8.194003105163574
0.9576336741447449,8.188786506652832
0.9556081891059875,8.182799339294434
0.9434930682182312,8.18502140045166
0.9481363296508789,8.19090747833252
0.9606428742408752,8.196515083312988
0.9505939483642578,8.203337669372559
0.9526945352554321,8.210238456726074
0.9440147876739502,8.214402198791504
0.9496749639511108,8.220959663391113
0.9470369219779968,8.225330352783203
0.9477038979530334,8.226868629455566
0.9529248476028442,8.228255271911621
0.9590957760810852,8.235774040222168
0.9541070461273193,8.240225791931152
0.9506675601005554,8.249184608459473
0.9654913544654846,8.255228996276855
0.9561694860458374,8.260298728942871
0.9657033681869507,8.263777732849121
0.9590283632278442,8.268370628356934
0.9446823596954346,8.27422046661377
0.9529498219490051,8.27596378326416
0.9598566293716431,8.281970024108887
0.9546635746955872,8.28447437286377
0.9539040327072144,8.28480052947998
0.9552138447761536,8.2898530960083
0.9532412886619568,8.294035911560059
0.957885205745697,8.298455238342285
0.9533238410949707,8.30169677734375
0.9519789218902588,8.305041313171387
0.9523738622665405,8.303753852844238
0.9476132988929749,8.302356719970703
0.9520415663719177,8.302653312683105
0.9534026384353638,8.304144859313965
0.9569106101989746,8.306307792663574
0.9522885680198669,8.306934356689453
0.9463204741477966,8.302735328674316
0.9498323798179626,8.293463706970215
0.9532548785209656,8.281937599182129
0.9475692510604858,8.26950454711914
0.9534156322479248,8.259345054626465
0.9534575939178467,8.251300811767578
0.9635433554649353,8.238030433654785
0.937394917011261,8.229752540588379
0.9522883892059326,8.229933738708496
0.9486987590789795,8.225037574768066
0.9600571990013123,8.219056129455566
0.9445464611053467,8.212576866149902
0.9567704796791077,8.205231666564941
0.9499406814575195,8.199538230895996
0.9451392889022827,8.192070007324219
0.9523172378540039,8.186434745788574
0.9454067945480347,8.180339813232422
0.9571548700332642,8.175972938537598
0.9589483737945557,8.172553062438965
0.9422599673271179,8.172377586364746
0.9578351378440857,8.171844482421875
0.9612123370170593,8.173445701599121
0.9466354250907898,8.177891731262207
0.9564212560653687,8.18465805053711
0.9616236090660095,8.192340850830078
0.9484043717384338,8.197266578674316
0.9586983323097229,8.201416969299316
0.9536720514297485,8.205395698547363
0.9569715261459351,8.209065437316895
0.9471352100372314,8.214051246643066
0.952656090259552,8.223697662353516
0.9336962103843689,8.227676391601562
0.9648513793945312,8.230284690856934
0.9600794911384583,8.233769416809082
0.9544020891189575,8.231446266174316
0.949932873249054,8.227520942687988
0.9551979303359985,8.227763175964355
0.9470404386520386,8.228363037109375
0.952739953994751,8.230422973632812
0.9651183485984802,8.225661277770996
0.9573330879211426,8.22042179107666
0.943222165107727,8.21288013458252
0.9685063362121582,8.20501708984375
0.9561552405357361,8.19867992401123
0.9590569734573364,8.190902709960938
0.9582614302635193,8.188115119934082
0.9532418847084045,8.184279441833496
0.9572581052780151,8.185032844543457
0.9577670693397522,8.183388710021973
0.9621785879135132,8.181679725646973
0.9625455141067505,8.178309440612793
0.9708354473114014,8.17702579498291
0.9529640674591064,8.178833961486816
0.9492953419685364,8.182433128356934
0.9480969905853271,8.183070182800293
0.9433621764183044,8.185108184814453
0.953715980052948,8.184803009033203
0.9456039667129517,8.18045711517334
0.9659878015518188,8.177985191345215
0.9648484587669373,8.176536560058594
0.9596685767173767,8.177688598632812
0.9525600671768188,8.176484107971191
0.9533997178077698,8.174429893493652
0.9538378715515137,8.174469947814941
0.9517785310745239,8.175467491149902
0.952741801738739,8.178292274475098
0.9556926488876343,8.180671691894531
0.9530616402626038,8.184219360351562
0.9511576294898987,8.188223838806152
0.9512307047843933,8.191819190979004
0.9519831538200378,8.19307804107666
0.9468866586685181,8.191176414489746
0.9511081576347351,8.187722206115723
0.9530104994773865,8.184735298156738
0.9598587155342102,8.18664264678955
0.9584165811538696,8.190566062927246
0.961735188961029,8.191939353942871
0.9582120180130005,8.189936637878418
0.9428406953811646,8.189064979553223
0.9482247829437256,8.186654090881348
0.9350410103797913,8.187453269958496
0.9540615081787109,8.189299583435059
0.9487550854682922,8.192516326904297
0.9505863785743713,8.198334693908691
0.9551875591278076,8.200840950012207
0.9565513730049133,8.204815864562988
0.9486722946166992,8.213778495788574
0.9437696933746338,8.219843864440918
0.9656062126159668,8.223616600036621
0.9430490732192993,8.228486061096191
0.9601446986198425,8.233433723449707
0.9423296451568604,8.23607349395752
0.9421474933624268,8.235343933105469
0.9493393301963806,8.229622840881348
0.9455829858779907,8.222456932067871
0.9529291987419128,8.213306427001953
0.9598671793937683,8.199440002441406
0.959872841835022,8.184226989746094
0.964360773563385,8.167386054992676
0.9470081925392151,8.149127006530762
0.9578665494918823,8.13352108001709
0.9629408121109009,8.119172096252441
0.9525076150894165,8.104568481445312
0.9608062505722046,8.090073585510254
0.9381103515625,8.072421073913574
0.9637546539306641,8.052647590637207
0.9500563144683838,8.033679008483887
0.9501879215240479,8.01640796661377
0.9549590349197388,8.000819206237793
0.9552679657936096,7.9816813468933105
0.9630688428878784,7.967144012451172
0.956943929195404,7.95601224899292
0.9550278186798096,7.9507365226745605
0.9560744166374207,7.942008972167969
0.9601494073867798,7.935051441192627
0.9456967711448669,7.925541400909424
0.9612756967544556,7.919322967529297
0.9547168612480164,7.9138641357421875
0.9605955481529236,7.909603595733643
0.9518074989318848,7.903060436248779
0.9582886099815369,7.895408630371094
0.9594811797142029,7.890438079833984
0.9653422236442566,7.886184215545654
0.9596859216690063,7.884399890899658
0.9573128819465637,7.88157320022583
0.9634155035018921,7.882056713104248
0.9376640915870667,7.8826985359191895
0.9539352655410767,7.877780914306641
0.9376476407051086,7.8759379386901855
0.9434138536453247,7.870289325714111
0.9610729217529297,7.8652262687683105
0.9507505297660828,7.861758708953857
0.9542971253395081,7.861270427703857
0.9481816291809082,7.8590006828308105
0.9541175961494446,7.858139514923096
0.9549667835235596,7.855736255645752
0.950768768787384,7.854111194610596
0.952046275138855,7.850539684295654
0.951244056224823,7.853591442108154
0.9521047472953796,7.854782581329346
0.9451731443405151,7.854088306427002
0.9501681923866272,7.851074695587158
0.9600806832313538,7.845824718475342
0.9554397463798523,7.84098482131958
0.9587374329566956,7.836605548858643
0.9524456262588501,7.831318378448486
0.9526926875114441,7.826530933380127
0.9474178552627563,7.822868824005127
0.9532287120819092,7.817905902862549
0.9368547201156616,7.815582752227783
0.9577462077140808,7.812218189239502
0.9492487907409668,7.811172962188721
0.9475225210189819,7.813080310821533
0.9682701230049133,7.818390369415283
0.9454984664916992,7.827526569366455
0.9537779092788696,7.834824085235596
0.9629784822463989,7.841247081756592
0.9581350684165955,7.847076892852783
0.9439835548400879,7.850009441375732
0.9476134181022644,7.851559162139893
0.95820152759552,7.849948406219482
0.9634588956832886,7.8504719734191895
0.9536604285240173,7.852234363555908
0.9528935551643372,7.85526704788208
0.9538379311561584,7.85917329788208
0.9620797038078308,7.864959239959717
0.9544526934623718,7.871506214141846
0.9518480896949768,7.877808094024658
0.9528719782829285,7.884280681610107
0.9534075260162354,7.887630939483643
0.9466550946235657,7.889346599578857
0.9544486999511719,7.889580249786377
0.9549121856689453,7.894054412841797
0.9534801244735718,7.893893718719482
0.9449171423912048,7.895339488983154
0.9590993523597717,7.894885540008545
0.9535568952560425,7.892750263214111
0.9469403028488159,7.887234210968018
0.9593501091003418,7.8798136711120605
0.950185239315033,7.871810436248779
0.9534615874290466,7.866234302520752
0.9619753360748291,7.863117694854736
0.951673686504364,7.861324310302734
0.9490373134613037,7.857689380645752
0.964266300201416,7.856049060821533
0.9557653069496155,7.85581636428833
0.9574609398841858,7.859630107879639
0.9519604444503784,7.860901355743408
0.9602100253105164,7.859416484832764
0.9498936533927917,7.859103679656982
0.9529387950897217,7.861213684082031
0.9498795866966248,7.860836029052734
0.955954909324646,7.861164569854736
0.9437012672424316,7.862560749053955
0.9508723020553589,7.8676676750183105
0.9581329226493835,7.874457836151123
0.9607869982719421,7.8878254890441895
0.9518057107925415,7.9040303230285645
0.952387809753418,7.923770904541016
0.9479523301124573,7.939429759979248
0.9505793452262878,7.951904773712158
0.9592186212539673,7.965515613555908
0.9455961585044861,7.976855754852295
0.932365894317627,7.9829325675964355
0.9455655217170715,7.984668254852295
0.9501568078994751,7.986370086669922
0.9555464386940002,7.988933086395264
0.9504207372665405,7.992862701416016
0.9558801054954529,7.998936176300049
0.9574712514877319,8.001646995544434
0.957770824432373,8.004708290100098
0.9513456225395203,8.005095481872559
0.953414797782898,8.007716178894043
0.964672863483429,8.010849952697754
0.9504126310348511,8.017670631408691
0.9535183906555176,8.026347160339355
0.9632066488265991,8.035163879394531
0.9696243405342102,8.043033599853516
0.9569154381752014,8.052703857421875
0.9613611102104187,8.062928199768066
0.9605796933174133,8.075149536132812
0.9534989595413208,8.08351993560791
0.9587332010269165,8.091919898986816
0.9625346660614014,8.101824760437012
0.9593576788902283,8.112225532531738
0.959795355796814,8.120308876037598
0.9547706842422485,8.131463050842285
0.9537836313247681,8.140389442443848
0.9599777460098267,8.154644012451172
0.9502752423286438,8.165093421936035
0.9520821571350098,8.173352241516113
0.9344508647918701,8.181220054626465
0.9532856941223145,8.190674781799316
0.9475616216659546,8.198044776916504
0.9595949053764343,8.206757545471191
0.9494928121566772,8.21362018585205
0.9513682723045349,8.219776153564453
0.9517832398414612,8.225762367248535
0.9512367248535156,8.227904319763184
0.9555655717849731,8.223954200744629
0.9536361694335938,8.225691795349121
0.9398989677429199,8.221558570861816
0.9487345218658447,8.214234352111816
0.9361401796340942,8.202790260314941
0.9604249000549316,8.193511962890625
0.9519290924072266,8.186297416687012
0.9560571908950806,8.178973197937012
0.9534139037132263,8.168976783752441
0.9521337747573853,8.158677101135254
0.9565545320510864,8.151022911071777
0.9604494571685791,8.146834373474121
0.9544228315353394,8.144757270812988
0.9556356072425842,8.140198707580566
0.9593753814697266,8.141544342041016
0.9489439129829407,8.140296936035156
0.9564434885978699,8.137145042419434
0.9478591084480286,8.133442878723145
0.9523237943649292,8.12409496307373
0.9490629434585571,8.112483024597168
0.962619423866272,8.103096008300781
0.9541507959365845,8.096470832824707
0.9568670988082886,8.086760520935059
0.9578916430473328,8.082846641540527
0.9508109092712402,8.077445030212402
0.9661654829978943,8.073454856872559
0.9598146677017212,8.068327903747559
0.964658796787262,8.061720848083496
0.9617676138877869,8.05629825592041
0.9530901312828064,8.052094459533691
0.9614982008934021,8.04835033416748
0.9528068900108337,8.044432640075684
0.9508769512176514,8.040556907653809
0.9613844156265259,8.033905982971191
0.951869547367096,8.034340858459473
0.9629181623458862,8.033252716064453
0.9579821825027466,8.03147029876709
0.9590042233467102,8.028443336486816
0.9577208161354065,8.022248268127441
0.9610856175422668,8.017752647399902
0.959137499332428,8.01888370513916
0.9557355642318726,8.01856517791748
0.9463935494422913,8.018611907958984
0.9540660381317139,8.021400451660156
0.9561720490455627,8.024636268615723
0.9507715106010437,8.02868938446045
0.9401878118515015,8.027422904968262
0.9521933197975159,8.025422096252441
0.9397695064544678,8.025287628173828
0.9486537575721741,8.018546104431152
0.9527230858802795,8.008307456970215
0.9566478729248047,7.999309062957764
0.9567140936851501,7.989638805389404
0.949185848236084,7.9815592765808105
0.9545392990112305,7.972950458526611
0.9586141109466553,7.962352275848389
0.9527706503868103,7.959273815155029
0.951991856098175,7.9584269523620605
0.9554598927497864,7.960556507110596
0.9568902850151062,7.9650349617004395
0.9596686959266663,7.970302104949951
0.9530110359191895,7.976067066192627
0.9625985622406006,7.9798359870910645
0.9407196044921875,7.983940124511719
0.9551921486854553,7.9868388175964355
0.9606238007545471,7.985499858856201
0.9502535462379456,7.98237943649292
0.9546268582344055,7.978329181671143
0.9516022205352783,7.972660541534424
0.9642138481140137,7.972991466522217
0.9422225952148438,7.973099231719971
0.9516826868057251,7.970996856689453
0.9463992118835449,7.970058917999268
0.9470506906509399,7.964859485626221
0.9716423749923706,7.962479114532471
0.9489833116531372,7.958858966827393
0.9481040239334106,7.954932689666748
0.9469423294067383,7.952201843261719
0.9513911008834839,7.9530558586120605
0.9449450969696045,7.957027912139893
0.9597657918930054,7.9625630378723145
0.9487388134002686,7.969871997833252
0.9597491025924683,7.978409290313721
0.9614436626434326,7.9857707023620605
0.9453577995300293,7.9903178215026855
0.9490399360656738,7.993896961212158
0.938836932182312,7.992905139923096
0.9580343961715698,7.9886932373046875
0.954179048538208,7.985759735107422
0.9686293601989746,7.988265514373779
0.9482582211494446,7.992251873016357
0.9668057560920715,7.99776029586792
0.954376220703125,8.00454330444336
0.9512243270874023,8.008406639099121
0.9534878730773926,8.015944480895996
0.9630610942840576,8.022067070007324
0.9570282697677612,8.026579856872559
0.9626266360282898,8.033616065979004
0.9524860978126526,8.040492057800293
0.9530608654022217,8.04391860961914
0.9448745846748352,8.043122291564941
0.9455657601356506,8.039982795715332
0.946284294128418,8.036380767822266
0.9508664011955261,8.030380249023438
0.9523584842681885,8.03027057647705
0.9594457149505615,8.026732444763184
0.9534747004508972,8.02337646484375
0.9566977024078369,8.015448570251465
0.9541029930114746,8.009778022766113
0.9579809904098511,8.003483772277832
0.9512816071510315,7.992977619171143
0.945125162601471,7.987678050994873
0.9602078795433044,7.9821696281433105
0.9428985714912415,7.97959566116333
0.9553729295730591,7.977210521697998
0.9599999189376831,7.976081371307373
0.9569985866546631,7.976653575897217
0.9560708403587341,7.977027416229248
0.9597082734107971,7.978203296661377
0.9611878395080566,7.981533050537109
0.9525244832038879,7.985145092010498
0.9604328870773315,7.989719867706299
0.9622284173965454,7.994720935821533
0.9548592567443848,7.993778705596924
0.9650694727897644,7.9900736808776855
0.9565144777297974,7.98781156539917
0.9573853611946106,7.989348888397217
0.9385989904403687,7.987147808074951
0.9637666344642639,7.98360013961792
0.9561703205108643,7.978076457977295
0.95930415391922,7.977645397186279
0.9468930959701538,7.979686260223389
0.9413114190101624,7.974377155303955
0.9562503695487976,7.964015960693359
0.9491998553276062,7.955753803253174
0.9680894613265991,7.947529315948486
0.9526323676109314,7.9451985359191895
0.9432793259620667,7.938969135284424
0.9528433084487915,7.934895038604736
0.9487965703010559,7.931572437286377
0.9607953429222107,7.926909923553467
0.9581068158149719,7.922176837921143
0.9577157497406006,7.916259288787842
0.9473142027854919,7.9083333015441895
0.9490585327148438,7.900112628936768
0.9461959600448608,7.895457744598389
0.9616712927818298,7.894424915313721
0.9441803097724915,7.896103382110596
0.954433262348175,7.8996124267578125
0.9564008116722107,7.9016499519348145
0.9587647318840027,7.9011311531066895
0.9459413886070251,7.901451110839844
0.9579770565032959,7.898181438446045
0.9530839920043945,7.893436431884766
0.96433424949646,7.88700532913208
0.961554765701294,7.883372783660889
0.9576272368431091,7.883846759796143
0.9479525089263916,7.883671283721924
0.9422287940979004,7.8830790519714355
0.959413468837738,7.882431507110596
0.9550266265869141,7.882232189178467
0.9496590495109558,7.880737781524658
0.9537535905838013,7.8826069831848145
0.9471225738525391,7.885887622833252
0.9672227501869202,7.892852783203125
0.9567852020263672,7.896674633026123
0.9437770843505859,7.900245189666748
0.9646928310394287,7.903701305389404
0.9575340747833252,7.905654430389404
0.9575831890106201,7.909392833709717
0.9501515626907349,7.912827014923096
0.9615278244018555,7.92048978805542
0.948576807975769,7.924442291259766
0.9524540305137634,7.930591106414795
0.9633334875106812,7.9410176277160645
0.957057774066925,7.951644420623779
0.9566066265106201,7.95939302444458
0.9419762492179871,7.96600341796875
0.9531948566436768,7.9733357429504395
0.9581805467605591,7.976311206817627
0.9579832553863525,7.974915027618408
0.9598187804222107,7.973906993865967
0.9557150602340698,7.971477031707764
0.9500207901000977,7.973263263702393
0.9504667520523071,7.971721172332764
0.9641934633255005,7.966804504394531
0.9480642676353455,7.9663310050964355
0.9432923197746277,7.966251850128174
0.9545373916625977,7.967586040496826
0.9530600309371948,7.968250751495361
0.9498447775840759,7.965801239013672
0.9469907879829407,7.959808349609375
0.9547687768936157,7.9536356925964355
0.9481782913208008,7.947803497314453
0.9482620358467102,7.944015979766846
0.9435696601867676,7.941688060760498
0.9565815329551697,7.942046642303467
0.9562506675720215,7.942908763885498
0.946900486946106,7.942245960235596
0.9475135803222656,7.945983409881592
0.9485896825790405,7.949439525604248
0.951433002948761,7.954349040985107
0.957538902759552,7.963341236114502
0.965909481048584,7.969662189483643
0.9646584987640381,7.977783203125
0.9521074891090393,7.987468242645264
0.9554080963134766,7.995334148406982
0.9567802548408508,8.001160621643066
0.9423655271530151,8.008918762207031
0.9674434661865234,8.014510154724121
0.9547951221466064,8.02288818359375
0.9516896605491638,8.030386924743652
0.9533976912498474,8.034736633300781
0.9535350203514099,8.038641929626465
0.9444390535354614,8.04457950592041
0.9469528794288635,8.051899909973145
0.9533930420875549,8.053694725036621
0.9482216238975525,8.05346393585205
0.9596952795982361,8.047707557678223
0.9510127305984497,8.048470497131348
0.9586824774742126,8.050597190856934
0.9616559147834778,8.051939964294434
0.9472334980964661,8.049046516418457
0.9556058645248413,8.046157836914062
0.9507361650466919,8.046478271484375
0.9530844688415527,8.040949821472168
0.9462905526161194,8.033698081970215
0.9487289786338806,8.022880554199219
0.9466697573661804,8.012505531311035
0.9528759717941284,7.9966206550598145
0.9593093991279602,7.984798908233643
0.9627159833908081,7.972079753875732
0.9593150019645691,7.954535961151123
0.9482907652854919,7.940654277801514
0.9612023234367371,7.928325176239014
0.9536120891571045,7.91475248336792
0.957291305065155,7.907859802246094
0.9641886353492737,7.905319690704346
0.9487472772598267,7.904289722442627
0.960148274898529,7.904948711395264
0.9560830593109131,7.906731128692627
0.9479489326477051,7.909996509552002
0.9447680711746216,7.9140238761901855
0.9660577774047852,7.916358470916748
0.9449952244758606,7.921222686767578
0.9561400413513184,7.930660724639893
0.9558364152908325,7.944026470184326
0.9658430218696594,7.954784870147705
0.9668799042701721,7.961764812469482
0.9516240358352661,7.966724872589111
0.9517446160316467,7.973945140838623
0.9488679766654968,7.9804463386535645
0.9470234513282776,7.985180377960205
0.9646274447441101,7.9910502433776855
0.947704553604126,7.997191905975342
0.9581030011177063,8.004085540771484
0.9497383832931519,8.006194114685059
0.9516528844833374,8.01340103149414
0.9596191048622131,8.021153450012207
0.9428873062133789,8.026198387145996
0.948002815246582,8.033347129821777
0.9613940715789795,8.039536476135254
0.9564751982688904,8.040892601013184
0.9506909847259521,8.040892601013184
0.947291910648346,8.03317642211914
0.9523432850837708,8.023906707763672
0.944668173789978,8.014092445373535
0.9517216682434082,8.002270698547363
0.9688620567321777,7.990085124969482
0.9621515274047852,7.979995250701904
0.9478938579559326,7.969871997833252
0.959208607673645,7.964728832244873
0.9521846175193787,7.9650492668151855
0.9566064476966858,7.963534832000732
0.9506620764732361,7.963547229766846
0.959945023059845,7.965301036834717
0.9562209844589233,7.967872142791748
0.9521844983100891,7.969890117645264
0.9449450969696045,7.968177318572998
0.9532030820846558,7.965190410614014
0.9541015625,7.9669036865234375
0.9509689807891846,7.971648693084717
0.9628086090087891,7.973469257354736
0.9566548466682434,7.981400012969971
0.9530733227729797,7.984138011932373
0.9569851756095886,7.988154888153076
0.949218213558197,7.9930644035339355
0.9464626312255859,7.9936909675598145
0.9550277590751648,7.991939067840576
0.9580479860305786,7.997073650360107
0.9517151713371277,7.998889446258545
0.9470561146736145,8.002705574035645
0.9520220756530762,8.005839347839355
0.9551520943641663,8.004828453063965
0.9659534096717834,8.002720832824707
0.9514904022216797,8.004314422607422
0.9642753601074219,8.002305030822754
0.9540805816650391,7.999061107635498
0.9582136273384094,7.9961700439453125
0.9523241519927979,7.991565227508545
0.9593071341514587,7.9914631843566895
0.9521816968917847,7.9943695068359375
0.9658931493759155,7.997883319854736
0.9632326364517212,8.003556251525879
0.9534845352172852,8.004351615905762
0.9589599370956421,8.006977081298828
0.9537497758865356,8.003334999084473
0.9525084495544434,7.999927520751953
0.9560494422912598,7.994433879852295
0.9554532170295715,7.987881183624268
0.954205334186554,7.981734752655029
0.9536646008491516,7.981547832489014
0.9450109004974365,7.987019062042236
0.949719250202179,7.992359161376953
0.9591173529624939,7.995998859405518
0.9625245928764343,7.997791767120361
0.963965654373169,7.996894359588623
0.9605506658554077,7.996658802032471
0.95413738489151,7.994900226593018
0.9554257392883301,7.992457866668701
0.9555212259292603,7.988967418670654
0.9507295489311218,7.985793590545654
0.9491485953330994,7.98067045211792
0.9609712362289429,7.975928783416748
0.9642224311828613,7.973723888397217
0.9390080571174622,7.968185901641846
0.9520856142044067,7.9580769538879395
0.9460858106613159,7.951190948486328
0.9590885043144226,7.944179058074951
0.9671676754951477,7.941944599151611
0.9599395990371704,7.940933704376221
0.9447306990623474,7.941379070281982
0.9651565551757812,7.944640636444092
0.9558740854263306,7.946815013885498
0.9581257104873657,7.9482808113098145
0.9624682664871216,7.951340198516846
0.9501982927322388,7.954521179199219
0.9557937383651733,7.953929424285889
0.9541354179382324,7.955475330352783
0.9519270658493042,7.958877086639404
0.9554292559623718,7.960632801055908
0.9626791477203369,7.961784839630127
0.9502773880958557,7.9621806144714355
0.9555186629295349,7.961338520050049
0.949935793876648,7.958293437957764
0.9599879384040833,7.954586505889893
0.9597317576408386,7.949378490447998
0.9556923508644104,7.9474945068359375
0.9578115344047546,7.94413423538208
0.9656739830970764,7.937061786651611
0.9618276357650757,7.935519695281982
0.9505241513252258,7.938095569610596
0.9533107280731201,7.944530487060547
0.956824004650116,7.9489827156066895
0.9573847055435181,7.951663494110107
0.9633055925369263,7.9573445320129395
0.9390012621879578,7.9650349617004395
0.9635425209999084,7.976078033447266
0.9712736010551453,7.986861705780029
0.9539079070091248,7.999179840087891
0.9541561007499695,8.008606910705566
0.961353063583374,8.016533851623535
0.9513455033302307,8.025237083435059
0.9561193585395813,8.0281400680542
0.9464982151985168,8.027731895446777
0.964080810546875,8.029070854187012
0.9572828412055969,8.03204345703125
0.9497126340866089,8.029648780822754
0.9526509046554565,8.029029846191406
0.9543173313140869,8.032505989074707
0.949358344078064,8.037131309509277
0.9611847400665283,8.045100212097168
0.9483850598335266,8.051009178161621
0.9535512924194336,8.06120777130127
0.9445948600769043,8.072464942932129
0.9560835361480713,8.07384204864502
0.9594560861587524,8.075453758239746
0.9462536573410034,8.08297061920166
0.9390401840209961,8.0896635055542
0.9513221979141235,8.097973823547363
0.9580656886100769,8.104914665222168
0.960913896560669,8.11049747467041
0.957322359085083,8.11533260345459
0.9616823196411133,8.115483283996582
0.9445991516113281,8.113587379455566
0.949148416519165,8.108814239501953
0.9637690782546997,8.103631019592285
0.9556038975715637,8.095427513122559
0.9433386921882629,8.089882850646973
0.9593126177787781,8.082474708557129
0.9532244801521301,8.077201843261719
0.9620353579521179,8.073941230773926
0.9640086889266968,8.069296836853027
0.9573184251785278,8.06377124786377
0.9572519063949585,8.06316089630127
0.9452399015426636,8.06619930267334
0.9614056944847107,8.068425178527832
0.9562936425209045,8.073554992675781
0.9535109400749207,8.078463554382324
0.9580843448638916,8.080841064453125
0.9591217041015625,8.082542419433594
0.9667177796363831,8.087983131408691
0.9534217119216919,8.09085750579834
0.9637247920036316,8.086067199707031
0.9573705792427063,8.08376407623291
0.9625102281570435,8.081206321716309
0.945013165473938,8.08156967163086
0.9569250345230103,8.077391624450684
0.9580727219581604,8.076355934143066
0.9561391472816467,8.074116706848145
0.9564448595046997,8.072007179260254
0.9591248035430908,8.074783325195312
0.9488983154296875,8.078621864318848
0.9446254968643188,8.082904815673828
0.9616630673408508,8.08455753326416
0.9609842300415039,8.089997291564941
0.9588261246681213,8.09145736694336
0.9499708414077759,8.093995094299316
0.957545816898346,8.096476554870605
0.9560218453407288,8.10025691986084
0.954643189907074,8.099647521972656
0.9404040575027466,8.094468116760254
0.969505250453949,8.095538139343262
0.9675613045692444,8.10010814666748
0.9615154266357422,8.106486320495605
0.9615091681480408,8.112715721130371
0.9567868709564209,8.120697975158691
0.9613932371139526,8.130454063415527
0.9572412967681885,8.143402099609375
0.9605560898780823,8.156554222106934
0.9510013461112976,8.16849422454834
0.9506435394287109,8.182562828063965
0.9442471861839294,8.192049980163574
0.9559202194213867,8.20211124420166
0.9503151774406433,8.212603569030762
0.9514749646186829,8.219929695129395
0.9571096897125244,8.218621253967285
0.9537476301193237,8.220005989074707
0.9551413059234619,8.222137451171875
0.9560633897781372,8.219375610351562
0.9429612755775452,8.214599609375
0.940291702747345,8.205513954162598
0.953960657119751,8.194774627685547
0.9611897468566895,8.187272071838379
0.9573877453804016,8.185362815856934
0.9325110912322998,8.179718971252441
0.9389866590499878,8.17596435546875
0.9528698921203613,8.169723510742188
0.9507627487182617,8.158817291259766
0.9659404754638672,8.146422386169434
0.9660277366638184,8.136994361877441
0.9598563313484192,8.130599975585938
0.9595827460289001,8.127270698547363
0.9367918968200684,8.122481346130371
0.9624910950660706,8.12065601348877
0.9532015323638916,8.11898422241211
0.9671540260314941,8.114826202392578
0.9604249000549316,8.112360954284668
0.9562294483184814,8.111449241638184
0.9546706676483154,8.106364250183105
0.9488174319267273,8.09789752960205
0.955964982509613,8.089008331298828
0.9600464701652527,8.08199691772461
0.9561538100242615,8.076889991760254
0.9633581638336182,8.07209300994873
0.9510788917541504,8.066695213317871
0.9480240345001221,8.06131649017334
0.958095371723175,8.057068824768066
0.9481030106544495,8.056824684143066
0.9570002555847168,8.05672550201416
0.9623057842254639,8.050052642822266
0.9545593857765198,8.044516563415527
0.9507752060890198,8.037398338317871
0.946539044380188,8.036850929260254
0.9649741053581238,8.039549827575684
0.9463964700698853,8.045413970947266
0.957515299320221,8.051716804504395
0.9459908604621887,8.06002140045166
0.9589853882789612,8.066145896911621
0.9606856107711792,8.077149391174316
0.9707854390144348,8.087196350097656
0.9539939761161804,8.09334659576416
0.9413944482803345,8.095803260803223
0.9540084600448608,8.105361938476562
0.9413983821868896,8.115105628967285
0.9529593586921692,8.12279987335205
0.9533858299255371,8.13028621673584
0.9643805027008057,8.13485050201416
0.9395639896392822,8.141875267028809
0.9529236555099487,8.142341613769531
0.9602304100990295,8.144011497497559
0.9600784778594971,8.142375946044922
0.9643765091896057,8.137466430664062
0.9470147490501404,8.131896018981934
0.9559653997421265,8.127562522888184
0.9373834729194641,8.121771812438965
0.95847088098526,8.1217041015625
0.961034893989563,8.124430656433105
0.9588435888290405,8.126580238342285
0.9498718976974487,8.128124237060547
0.9620411396026611,8.132233619689941
0.952455461025238,8.136155128479004
0.9447382092475891,8.137863159179688
0.9479665756225586,8.14388656616211
0.963769257068634,8.149086952209473
0.9707039594650269,8.151291847229004
0.9460120797157288,8.15172290802002
0.957470715045929,8.152403831481934
0.9436851739883423,8.158245086669922
0.9571712017059326,8.162914276123047
0.9546501636505127,8.164069175720215
0.962173342704773,8.16708755493164
0.9706058502197266,8.166141510009766
0.9577464461326599,8.166179656982422
0.9532372951507568,8.162921905517578
0.9563533663749695,8.162680625915527
0.9629974365234375,8.157557487487793
0.9590612053871155,8.150237083435059
0.95348060131073,8.143099784851074
0.9463459849357605,8.139925956726074
0.948610246181488,8.138355255126953
0.954275369644165,8.136733055114746
0.9641265869140625,8.137534141540527
0.9635109901428223,8.137381553649902
0.9559861421585083,8.136436462402344
0.9514526724815369,8.131957054138184
0.9722952842712402,8.122246742248535
0.9612627625465393,8.116822242736816
0.951582670211792,8.114899635314941
0.9538169503211975,8.115050315856934
0.9624123573303223,8.11612606048584
0.9652824997901917,8.115859031677246
0.9517312049865723,8.113200187683105
0.9489865899085999,8.108376502990723
0.9535672664642334,8.101619720458984
0.9600479602813721,8.09280014038086
0.9472296237945557,8.081297874450684
0.9561551809310913,8.070672035217285
0.9628238677978516,8.064258575439453
0.9605972766876221,8.060423851013184
0.9474552273750305,8.05420970916748
0.9580173492431641,8.045666694641113
0.9577453136444092,8.038372039794922
0.9485711455345154,8.03201675415039
0.9418224692344666,8.02513599395752
0.9579805135726929,8.020408630371094
0.9524905681610107,8.017292022705078
0.961931586265564,8.011962890625
0.9455420970916748,8.003524780273438
0.9499462842941284,7.99530029296875
0.9522355198860168,7.981101989746094
0.9591426849365234,7.966759204864502
0.9556229114532471,7.954922199249268
0.9551770687103271,7.94230318069458
0.9488529562950134,7.929592609405518
0.9390776753425598,7.922286510467529
0.9544208645820618,7.915881633758545
0.9508308172225952,7.9105000495910645
0.9449011087417603,7.904399394989014
0.9589990973472595,7.899840831756592
0.952009916305542,7.891525745391846
0.9612748622894287,7.890960216522217
0.9567591547966003,7.89180326461792
0.9588222503662109,7.891147613525391
0.9494205713272095,7.887523651123047
0.95790034532547,7.877597332000732
0.9509633183479309,7.8637166023254395
0.9536638259887695,7.849524974822998
0.9601573944091797,7.837120532989502
0.964930534362793,7.827308177947998
0.9542438387870789,7.823452472686768
0.9580006003379822,7.8206257820129395
0.9627880454063416,7.820739269256592
0.9496105909347534,7.8244853019714355
0.9591748714447021,7.826572895050049
0.9503238201141357,7.826350688934326
0.9615678191184998,7.829288959503174
0.9600383639335632,7.831733703613281
0.9602502584457397,7.834705829620361
0.9595674276351929,7.838729381561279
0.9663583040237427,7.8394389152526855
0.9515639543533325,7.844475269317627
0.9524067044258118,7.851372241973877
0.937260091304779,7.861389636993408
0.9571870565414429,7.870438098907471
0.9539211988449097,7.88108491897583
0.9608460664749146,7.889400005340576
0.960141658782959,7.896228313446045
0.9567808508872986,7.904403209686279
0.9505764245986938,7.9177327156066895
0.9580408930778503,7.926609039306641
0.9558082818984985,7.938582897186279
0.9617194533348083,7.946648120880127
0.9498722553253174,7.954192638397217
0.9618125557899475,7.96046781539917
0.9486808180809021,7.967377185821533
0.963471531867981,7.977257251739502
0.9530271887779236,7.983771800994873
0.9554578065872192,7.992199420928955
0.9612902998924255,8.001694679260254
0.945076584815979,8.011160850524902
0.9461092948913574,8.01916217803955
0.9417064189910889,8.030661582946777
0.9559195637702942,8.039822578430176
0.9554926156997681,8.046967506408691
0.9576877951622009,8.052132606506348
0.9513670206069946,8.057022094726562
0.9519121050834656,8.063251495361328
0.9522398710250854,8.069090843200684
0.949846625328064,8.070456504821777
0.9510043263435364,8.07680606842041
0.9610937237739563,8.081806182861328
0.9601792097091675,8.085801124572754
0.9606328010559082,8.09375
0.9441535472869873,8.099991798400879
0.9663795232772827,8.105971336364746
0.9521632790565491,8.114203453063965
0.958997905254364,8.125924110412598
0.947263240814209,8.134795188903809
0.9572893977165222,8.14176082611084
0.9650053977966309,8.149678230285645
0.9414535164833069,8.159445762634277
0.9544565677642822,8.168953895568848
0.9516240358352661,8.177802085876465
0.9547681212425232,8.188603401184082
0.9504390358924866,8.199273109436035
0.9590169191360474,8.207660675048828
0.948806643486023,8.215582847595215
0.9653279781341553,8.220255851745605
0.949966311454773,8.220722198486328
0.9556530117988586,8.222855567932129
0.945957362651825,8.223113059997559
0.9430150389671326,8.22055435180664
0.953073263168335,8.217692375183105
0.9508843421936035,8.211814880371094
0.9558567404747009,8.200242042541504
0.9590966105461121,8.190899848937988
0.9603792428970337,8.182297706604004
0.9526430368423462,8.170153617858887
0.9513298869132996,8.153639793395996
0.9548759460449219,8.138678550720215
0.9468363523483276,8.124724388122559
0.9516310691833496,8.117415428161621
0.9477336406707764,8.114171028137207
0.9550054669380188,8.113709449768066
0.9520219564437866,8.11335277557373
0.9639247059822083,8.116957664489746
0.9519863128662109,8.119744300842285
0.9502440690994263,8.120535850524902
0.9615481495857239,8.12118911743164
0.9483072757720947,8.120039939880371
0.9579002261161804,8.116415977478027
0.947565495967865,8.113656044006348
0.9509743452072144,8.110206604003906
0.9523352384567261,8.105976104736328
0.9478681683540344,8.101258277893066
0.9578344225883484,8.098224639892578
0.9523428082466125,8.097634315490723
0.9563284516334534,8.09815502166748
0.9454304575920105,8.099571228027344
0.967324435710907,8.099696159362793
0.9551194310188293,8.101317405700684
0.9513561129570007,8.104331970214844
0.9572752118110657,8.107059478759766
0.9566757082939148,8.111027717590332
0.9511487483978271,8.11523151397705
0.9517241716384888,8.118880271911621
0.9580796957015991,8.122303009033203
0.971291720867157,8.12757396697998
0.957566499710083,8.133318901062012
0.958076536655426,8.139289855957031
0.9522336721420288,8.144085884094238
0.9615402817726135,8.152337074279785
0.9645254611968994,8.16156005859375
0.966852068901062,8.168197631835938
0.9491445422172546,8.1747465133667
0.9558904767036438,8.178900718688965
0.9578949213027954,8.184292793273926
0.9657235145568848,8.19062328338623
0.9628850221633911,8.20016860961914
0.9589201807975769,8.207352638244629
0.953532874584198,8.216191291809082
0.9491555094718933,8.221894264221191
0.9566698670387268,8.227383613586426
0.9519992470741272,8.229315757751465
0.9587223529815674,8.232924461364746
0.9617458581924438,8.233490943908691
0.95167076587677,8.23061466217041
0.9619975686073303,8.225410461425781
0.9516162872314453,8.218459129333496
0.9569496512413025,8.210320472717285
0.9449533820152283,8.20142650604248
0.9532994627952576,8.193584442138672
0.9623778462409973,8.18259048461914
0.9586522579193115,8.171853065490723
0.9599927067756653,8.161330223083496
0.93818199634552,8.148484230041504
0.9534025192260742,8.134421348571777
0.9560210704803467,8.120101928710938
0.9494220614433289,8.104382514953613
0.9554749131202698,8.085548400878906
0.9619044065475464,8.068856239318848
0.9556600451469421,8.053062438964844
0.9607309699058533,8.039320945739746
0.959655225276947,8.023236274719238
0.9458707571029663,8.006028175354004
0.9602118730545044,7.996173858642578
0.9566887617111206,7.989555358886719
0.94159996509552,7.9895100593566895
0.9571496248245239,7.990855693817139
0.9526580572128296,7.997150897979736
0.9578822255134583,8.004036903381348
0.9536361694335938,8.01002025604248
0.9583689570426941,8.015854835510254
0.9606760740280151,8.023751258850098
0.9598773121833801,8.029544830322266
0.9637225866317749,8.036837577819824
0.9653666019439697,8.041618347167969
0.9545065760612488,8.04624080657959
0.9612714052200317,8.057961463928223
0.9591955542564392,8.070755958557129
0.9570530652999878,8.082862854003906
0.9528141617774963,8.09328556060791
0.9632096290588379,8.100482940673828
0.9526775479316711,8.10640811920166
0.9438292980194092,8.112692832946777
0.9615217447280884,8.120250701904297
0.9577979445457458,8.129345893859863
0.9518523216247559,8.12955093383789
0.9559756517410278,8.129042625427246
0.9630515575408936,8.124022483825684
0.9538065791130066,8.11899471282959
0.9536995887756348,8.1182222366333
0.9564921855926514,8.118514060974121
0.9659949541091919,8.111895561218262
0.9597212076187134,8.108196258544922
0.9574230909347534,8.10054874420166
0.959317684173584,8.092293739318848
0.9496313333511353,8.087489128112793
0.9657238721847534,8.085511207580566
0.9734576940536499,8.080260276794434
0.9538518190383911,8.075776100158691
0.9407340288162231,8.075455665588379
0.9619929790496826,8.075478553771973
0.9608096480369568,8.08035659790039
0.9608384370803833,8.08606243133545
0.9466733336448669,8.094927787780762
0.952264130115509,8.100613594055176
0.9636573195457458,8.104784965515137
0.9466035962104797,8.115428924560547
0.954868733882904,8.120903015136719
0.9430553913116455,8.130687713623047
0.9712070226669312,8.138253211975098
0.9577617645263672,8.145604133605957
0.9541383981704712,8.15004825592041
0.9479372501373291,8.1541166305542
0.9454196691513062,8.162579536437988
0.9712717533111572,8.166297912597656
0.9474103450775146,8.170421600341797
0.9622997641563416,8.170947074890137
0.9553516507148743,8.167759895324707
0.9595060348510742,8.16164493560791
0.9438858032226562,8.155524253845215
0.9550103545188904,8.153709411621094
0.9451304078102112,8.147988319396973
0.964912474155426,8.137804985046387
0.9559420943260193,8.126936912536621
0.9578288197517395,8.119221687316895
0.9611462950706482,8.114027976989746
0.9584201574325562,8.116738319396973
0.9542865753173828,8.121184349060059
0.9589176177978516,8.122410774230957
0.9467737078666687,8.124053001403809
0.9565781354904175,8.119315147399902
0.9647830724716187,8.117423057556152
0.9539315700531006,8.11532211303711
0.9613121747970581,8.111335754394531
0.9634706377983093,8.109274864196777
0.9498034119606018,8.104933738708496
0.9556155204772949,8.101828575134277
0.9655026197433472,8.096407890319824
0.946412205696106,8.088348388671875
0.966168999671936,8.086223602294922
0.9463300108909607,8.08811092376709
0.9620565176010132,8.089224815368652
0.96479332447052,8.090110778808594
0.9579273462295532,8.09375
0.9495096206665039,8.09816837310791
0.9640776515007019,8.101387977600098
0.9452715516090393,8.102150917053223
0.9486009478569031,8.097495079040527
0.9578091502189636,8.095765113830566
0.9434893727302551,8.089179039001465
0.9397233724594116,8.085654258728027
0.9493510723114014,8.081287384033203
0.9673750400543213,8.078784942626953
0.9605685472488403,8.075969696044922
0.9605460166931152,8.07421588897705
0.9603807926177979,8.070942878723145
0.9603164196014404,8.069377899169922
0.9663844108581543,8.065878868103027
0.9490442276000977,8.060481071472168
0.9609308242797852,8.058621406555176
0.9556415677070618,8.055541038513184
0.9611057639122009,8.048338890075684
0.9557318091392517,8.04076099395752
0.9458922147750854,8.033644676208496
0.9519043564796448,8.024493217468262
0.9555402994155884,8.01397705078125
0.9486697316169739,8.006241798400879
0.9665865898132324,8.000320434570312
0.9523640275001526,8.001236915588379
0.957542896270752,7.995994567871094
0.9572198987007141,7.995254993438721
0.9536961913108826,7.993808269500732
0.957464337348938,7.992023944854736
0.9609889388084412,7.991889476776123
0.9650294184684753,7.985954284667969
0.9540848731994629,7.976551055908203
0.9516330361366272,7.965641498565674
0.9554057121276855,7.952208995819092
0.9588449597358704,7.936783313751221
0.9660046100616455,7.924679279327393
0.9334554672241211,7.912715435028076
0.9601768255233765,7.900753498077393
0.9576592445373535,7.890625476837158
0.9559228420257568,7.885283946990967
0.9533946514129639,7.876952648162842
0.9541193842887878,7.872410297393799
0.9659924507141113,7.862682819366455
0.9567015171051025,7.853465557098389
0.9602577686309814,7.848998546600342
0.9589734673500061,7.844634532928467
0.9668583273887634,7.84224271774292
0.9479398727416992,7.84385347366333
0.9565799832344055,7.845977306365967
0.9515947699546814,7.846568584442139
0.9563525319099426,7.850570201873779
0.9555155634880066,7.857638835906982
0.9564045667648315,7.863979816436768
0.9559600353240967,7.869595050811768
0.9520769119262695,7.873240947723389
0.965490460395813,7.879242420196533
0.9586942791938782,7.885368824005127
0.9570369720458984,7.8924407958984375
0.95224529504776,7.903857707977295
0.9572674036026001,7.916305065155029
0.9547731280326843,7.928242206573486
0.9611675143241882,7.940871715545654
0.9651718139648438,7.956779956817627
0.9649920463562012,7.972801208496094
0.9601806998252869,7.985549449920654
0.9590764045715332,7.997218608856201
0.9687176942825317,8.006781578063965
0.9607924818992615,8.013474464416504
0.9507192373275757,8.022232055664062
0.950039267539978,8.024279594421387
0.9626674652099609,8.0248384475708
0.963437020778656,8.02343463897705
0.9399091005325317,8.024476051330566
0.9525722861289978,8.024565696716309
0.9598960876464844,8.028218269348145
0.9491482973098755,8.034226417541504
0.9495992660522461,8.04232120513916
0.9405326843261719,8.04862117767334
0.9635611176490784,8.052264213562012
0.9571586847305298,8.056601524353027
0.942070722579956,8.063884735107422
0.9536861181259155,8.072503089904785
0.9562716484069824,8.083006858825684
0.955720067024231,8.09234619140625
0.9531006217002869,8.100096702575684
0.9543278217315674,8.10448932647705
0.9574909806251526,8.108242988586426
0.9509401321411133,8.110190391540527
0.9660708904266357,8.1090087890625
0.9541205167770386,8.10799789428711
0.9602604508399963,8.104693412780762
0.9487947225570679,8.10306453704834
0.9450283646583557,8.099342346191406
0.9397209882736206,8.098029136657715
0.941071629524231,8.09134292602539
0.9580199122428894,8.083423614501953
0.9523401260375977,8.071768760681152
0.9575338363647461,8.058159828186035
0.949583888053894,8.040164947509766
0.9548342227935791,8.02426528930664
0.9490911960601807,8.008697509765625
0.94775390625,7.995345592498779
0.9575040340423584,7.9825968742370605
0.9430996179580688,7.9682698249816895
0.959493100643158,7.95524263381958
0.958667516708374,7.943649768829346
0.9410433769226074,7.936828136444092
0.9621354341506958,7.932636737823486
0.9439781904220581,7.926429271697998
0.9601501226425171,7.919059753417969
0.9592657089233398,7.909092426300049
0.9595954418182373,7.898804187774658
0.9559054970741272,7.889186382293701
0.9536796808242798,7.8851094245910645
0.9576700925827026,7.883224964141846
0.9535439014434814,7.881714344024658
0.9550960063934326,7.881073474884033
0.9586552381515503,7.877769947052002
0.9544991850852966,7.871566295623779
0.955962598323822,7.866466999053955
0.9667344093322754,7.861885070800781
0.9580211043357849,7.859131336212158
0.9515584707260132,7.857624530792236
0.9580235481262207,7.857028484344482
0.9526869654655457,7.860366344451904
0.9446871876716614,7.869774341583252
0.9596888422966003,7.880347728729248
0.9403681755065918,7.894729137420654
0.9568766355514526,7.9036407470703125
0.96236652135849,7.915798187255859
0.9585239887237549,7.931419849395752
0.9634267687797546,7.950809001922607
0.9543797373771667,7.967616558074951
0.9504876732826233,7.983077526092529
0.9568880796432495,7.998031139373779
0.9587917327880859,8.009552001953125
0.9541282057762146,8.018424034118652
0.9464302659034729,8.02724552154541
0.9659600853919983,8.03259563446045
0.9629532098770142,8.038079261779785
0.9519417881965637,8.04675579071045
0.9623320698738098,8.051619529724121
0.9639493227005005,8.055399894714355
0.9543036818504333,8.056903839111328
0.9602639079093933,8.057223320007324
0.9578816294670105,8.057888984680176
0.962692379951477,8.059402465820312
0.9548341035842896,8.064969062805176
0.9680152535438538,8.068352699279785
0.9615676403045654,8.07117748260498
0.9479279518127441,8.0743408203125
0.9642645120620728,8.081574440002441
0.9514725208282471,8.085753440856934
0.9655709862709045,8.093239784240723
0.9446976780891418,8.097519874572754
0.9617628455162048,8.103177070617676
0.9527351260185242,8.108173370361328
0.9672636389732361,8.119587898254395
0.9449729323387146,8.131712913513184
0.9624770879745483,8.139708518981934
0.952926754951477,8.149935722351074
0.9471160769462585,8.159317970275879
0.9498522281646729,8.165336608886719
0.9537823796272278,8.172931671142578
0.9637782573699951,8.183724403381348
0.9539911150932312,8.192344665527344
0.9596310257911682,8.195769309997559
0.9616721868515015,8.195656776428223
0.9478129148483276,8.198058128356934
0.95863276720047,8.19710922241211
0.9601359963417053,8.19596004486084
0.9549111723899841,8.19864273071289
0.9647350907325745,8.201876640319824
0.9558036923408508,8.205260276794434
0.9537938237190247,8.205893516540527
0.9488577246665955,8.208022117614746
0.963219404220581,8.211811065673828
0.9635255336761475,8.217057228088379
0.9583668112754822,8.216553688049316
0.9421048164367676,8.214869499206543
0.9566305875778198,8.205147743225098
0.9671527147293091,8.192069053649902
0.9685239195823669,8.178465843200684
0.945229709148407,8.163308143615723
0.9606587886810303,8.15155029296875
0.9559248089790344,8.13672161102295
0.9598580598831177,8.121743202209473
0.9658430218696594,8.1028470993042
0.9612894058227539,8.081097602844238
0.9632397890090942,8.059927940368652
0.9642208814620972,8.034198760986328
0.9608190655708313,8.013415336608887
0.9506434202194214,7.996093273162842
0.9521631598472595,7.975864887237549
0.9464350938796997,7.955024242401123
0.9609343409538269,7.94273042678833
0.9486202001571655,7.937118053436279
0.9527891874313354,7.926772594451904
0.9483357667922974,7.916587829589844
0.9551656246185303,7.906734943389893
0.9607458114624023,7.896949291229248
