fidelity,pulse_duration
0.47705352306365967,32.9233283996582
0.4964427351951599,32.93180465698242
0.5215849280357361,32.93161392211914
0.5342376828193665,32.940975189208984
0.5535788536071777,32.96022033691406
0.589468240737915,32.97637939453125
0.5945997834205627,32.99271011352539
0.6040661334991455,33.011138916015625
0.63245689868927,33.02509689331055
0.6562070250511169,33.03181076049805
0.6673422455787659,33.03879165649414
0.646099328994751,33.043148040771484
0.6992075443267822,33.048492431640625
0.7143171429634094,33.04897689819336
0.7155749797821045,33.047088623046875
0.7181666493415833,33.043670654296875
0.6993327140808105,33.038055419921875
0.7173863053321838,33.033756256103516
0.7250707149505615,33.0307502746582
0.713397741317749,33.024444580078125
0.7006604671478271,33.0204963684082
0.7233856916427612,33.01580810546875
0.7458939552307129,33.01247024536133
0.72431480884552,33.01189041137695
0.7536170482635498,33.013423919677734
0.7497612833976746,33.01596450805664
0.7531397938728333,33.0173454284668
0.7412081360816956,33.02334213256836
0.751590371131897,33.03122329711914
0.7509903311729431,33.03854751586914
0.7313359975814819,33.040496826171875
0.7524002194404602,33.04568099975586
0.7735453248023987,33.05043411254883
0.7676229476928711,33.054988861083984
0.7665143013000488,33.05877685546875
0.7676767110824585,33.05950927734375
0.7652871608734131,33.059329986572266
0.786749005317688,33.05728530883789
0.7863799333572388,33.058990478515625
0.7645462155342102,33.0594367980957
0.7630198001861572,33.061153411865234
0.7665988802909851,33.064117431640625
0.783320426940918,33.067596435546875
0.812248945236206,33.07674026489258
0.7883394956588745,33.084293365478516
0.803536593914032,33.09262466430664
0.7859633564949036,33.10009765625
0.7884491682052612,33.10359573364258
0.7741828560829163,33.098114013671875
0.7699179649353027,33.09763717651367
0.7933900356292725,33.09000015258789
0.7701092958450317,33.083431243896484
0.7883503437042236,33.075130462646484
0.7912830114364624,33.06425476074219
0.7649352550506592,33.05440902709961
0.786532461643219,33.047607421875
0.7975976467132568,33.04155349731445
0.7679442763328552,33.03538513183594
0.8000171184539795,33.02456283569336
0.7911168932914734,33.012725830078125
0.8026461005210876,33.00299072265625
0.7829558253288269,32.99446487426758
0.8011997938156128,32.98751449584961
0.7788755893707275,32.976261138916016
0.7842246890068054,32.9678955078125
0.8025901317596436,32.96394729614258
0.7832683324813843,32.962039947509766
0.808307409286499,32.96285629272461
0.7776772975921631,32.96549987792969
0.8082233667373657,32.969303131103516
0.8074310421943665,32.96607971191406
0.7951086759567261,32.96333312988281
0.7901592254638672,32.96036148071289
0.8128078579902649,32.956058502197266
0.8034339547157288,32.95490646362305
0.8083149790763855,32.95174789428711
0.8070529699325562,32.95440673828125
0.777025580406189,32.94876480102539
0.7781823873519897,32.936031341552734
0.788671612739563,32.92610549926758
0.7950189709663391,32.912139892578125
0.7919849753379822,32.890987396240234
0.8030812740325928,32.87783432006836
0.8159231543540955,32.86221694946289
0.8052419424057007,32.847225189208984
0.8178508281707764,32.83565902709961
0.8006685376167297,32.82698440551758
0.8183587789535522,32.820560455322266
0.792288601398468,32.81907653808594
0.8210253715515137,32.816707611083984
0.7880130410194397,32.8156852722168
0.7644671201705933,32.81033706665039
0.8136923313140869,32.80585861206055
0.7976417541503906,32.803951263427734
0.8176785707473755,32.80239486694336
0.7994757890701294,32.80302810668945
0.815532922744751,32.793819427490234
0.8073299527168274,32.78684616088867
0.8208399415016174,32.78215408325195
0.7778148651123047,32.78316116333008
0.7989370822906494,32.78236770629883
0.7801031470298767,32.784786224365234
0.815880298614502,32.790740966796875
0.784210205078125,32.791748046875
0.7933990359306335,32.79473876953125
0.7969626188278198,32.790348052978516
0.807560920715332,32.7916374206543
0.8013425469398499,32.78759765625
0.8106473684310913,32.78525161743164
0.8047019243240356,32.79233169555664
0.7979214787483215,32.79631042480469
0.7758359313011169,32.80043411254883
0.82806396484375,32.808536529541016
0.8271234631538391,32.81879806518555
0.7939866185188293,32.82687759399414
0.7910141944885254,32.83430099487305
0.8230461478233337,32.84950637817383
0.7885404229164124,32.8657112121582
0.803787350654602,32.872745513916016
0.808538556098938,32.87954330444336
0.801016092300415,32.88669204711914
0.7978048920631409,32.89703369140625
0.8216893672943115,32.90571212768555
0.807620108127594,32.913089752197266
0.8084409832954407,32.92781066894531
0.8233604431152344,32.93912124633789
0.8063272833824158,32.948055267333984
0.8067654371261597,32.95713424682617
0.8333964347839355,32.95930480957031
0.8311504125595093,32.95542907714844
0.8033831119537354,32.94999313354492
0.8079733848571777,32.94459533691406
0.8349656462669373,32.93924331665039
0.8043822646141052,32.9387092590332
0.8001797199249268,32.941287994384766
0.8359432220458984,32.936580657958984
0.8193593621253967,32.927852630615234
0.7977896332740784,32.91627883911133
0.8176690936088562,32.9077033996582
0.7997995615005493,32.89614486694336
0.7882019877433777,32.88956069946289
0.8130684494972229,32.88190841674805
0.8178790807723999,32.87385559082031
0.8112654685974121,32.86587142944336
0.8194072246551514,32.85546875
0.80515456199646,32.84311294555664
0.8166777491569519,32.8328742980957
0.8091223835945129,32.82430648803711
0.8052462935447693,32.81802749633789
0.7847928404808044,32.80941390991211
0.8025610446929932,32.80402755737305
0.826054573059082,32.7933235168457
0.8232947587966919,32.79092025756836
0.7746767997741699,32.7876091003418
0.8278637528419495,32.7820930480957
0.80485999584198,32.774600982666016
0.8268616795539856,32.76560592651367
0.7998207211494446,32.76028823852539
0.8433440923690796,32.75357437133789
0.8023325204849243,32.740299224853516
0.8088737726211548,32.727657318115234
0.8067810535430908,32.72111129760742
0.8370378613471985,32.71858596801758
0.8439528346061707,32.71113967895508
0.8087677359580994,32.70830154418945
0.8115826845169067,32.70271301269531
0.8382880687713623,32.69915771484375
0.8261284232139587,32.691471099853516
0.8257747888565063,32.6823844909668
0.8245207667350769,32.67751693725586
0.798010528087616,32.676326751708984
0.8164119124412537,32.67171859741211
0.8096209168434143,32.663883209228516
0.8131927847862244,32.663272857666016
0.8052069544792175,32.6684455871582
0.81064772605896,32.67958068847656
0.8078803420066833,32.68814468383789
0.8287276029586792,32.69404602050781
0.8164274096488953,32.69969177246094
0.805978536605835,32.703678131103516
0.8266788125038147,32.71065139770508
0.7970109581947327,32.724063873291016
0.8139066100120544,32.73807144165039
0.8231651782989502,32.74954605102539
0.8268466591835022,32.75640869140625
0.7987115979194641,32.76487731933594
0.8004207015037537,32.77994155883789
0.7683008313179016,32.7839469909668
0.8047565817832947,32.78580093383789
0.8022022843360901,32.78891372680664
0.835250198841095,32.78752136230469
0.8157026171684265,32.79754638671875
0.7994452118873596,32.80368423461914
0.8189852237701416,32.82000732421875
0.8032693266868591,32.83995056152344
0.8269615173339844,32.84824752807617
0.811793863773346,32.852176666259766
0.8339189291000366,32.85463333129883
0.832240104675293,32.858280181884766
0.8039013743400574,32.87092590332031
0.816937267780304,32.873966217041016
0.807663083076477,32.87656021118164
0.8507992029190063,32.875301361083984
0.8153856992721558,32.872676849365234
0.8089259266853333,32.868045806884766
0.8247341513633728,32.858551025390625
0.8035802841186523,32.84408950805664
0.8237313628196716,32.83182144165039
0.8092729449272156,32.8209114074707
0.8231844902038574,32.80888366699219
0.8247371912002563,32.799129486083984
0.8109254240989685,32.78828430175781
0.820412278175354,32.779327392578125
0.8173449039459229,32.772640228271484
0.8020308613777161,32.764312744140625
0.7946027517318726,32.75326919555664
0.8095213770866394,32.73773193359375
0.8186941742897034,32.722625732421875
0.8198140263557434,32.70930862426758
0.7993491888046265,32.700801849365234
0.8239110112190247,32.69985580444336
0.8018048405647278,32.68997573852539
0.8145841360092163,32.684024810791016
0.8134419322013855,32.68044662475586
0.8369628190994263,32.67496871948242
0.8317534923553467,32.66941833496094
0.8231039047241211,32.66501235961914
0.8274812698364258,32.662723541259766
0.8415149450302124,32.66853713989258
0.826251745223999,32.66806411743164
0.8221744894981384,32.669254302978516
0.8191273808479309,32.67001724243164
0.8116966485977173,32.66889572143555
0.8116390109062195,32.66464614868164
0.8210271000862122,32.663639068603516
0.8109161853790283,32.659000396728516
0.8000534772872925,32.650726318359375
0.8211005330085754,32.638973236083984
0.8125075697898865,32.62376403808594
0.8200059533119202,32.60247802734375
0.82414311170578,32.58707809448242
0.8186777830123901,32.573760986328125
0.8098700046539307,32.55661392211914
0.8464821577072144,32.544677734375
0.8200258016586304,32.53971481323242
0.825576901435852,32.534915924072266
0.8409624695777893,32.52719497680664
0.8054704666137695,32.52009582519531
0.8419353365898132,32.51141357421875
0.8108100891113281,32.50077438354492
0.8227484226226807,32.48811721801758
0.7881318926811218,32.476043701171875
0.8071227073669434,32.479122161865234
0.7996144890785217,32.48592758178711
0.8379746079444885,32.491607666015625
0.8126561045646667,32.50229263305664
0.8243116736412048,32.514923095703125
0.8107305765151978,32.520416259765625
0.7943019270896912,32.51804733276367
0.8380153179168701,32.521331787109375
0.835263729095459,32.52419662475586
0.840518593788147,32.52761459350586
0.8415711522102356,32.53109359741211
0.8069015145301819,32.53738784790039
0.8498294353485107,32.54984664916992
0.8464971780776978,32.561397552490234
0.8203479051589966,32.56321716308594
0.8273114562034607,32.56573486328125
0.820902407169342,32.56777572631836
0.8337316513061523,32.572601318359375
0.8192012310028076,32.573368072509766
0.8325842022895813,32.5734977722168
0.8418841361999512,32.57484817504883
0.8144803643226624,32.5704460144043
0.8073877692222595,32.56321716308594
0.8269010782241821,32.556888580322266
0.8369425535202026,32.547916412353516
0.8492332100868225,32.538814544677734
0.8111609220504761,32.53388977050781
0.8358049988746643,32.53910446166992
0.8167197704315186,32.55123519897461
0.8336917757987976,32.55361557006836
0.8258116245269775,32.55915451049805
0.8668854832649231,32.574371337890625
0.8212787508964539,32.578399658203125
0.8384794592857361,32.58646011352539
0.7978939414024353,32.59040832519531
0.8005278706550598,32.59152603149414
0.8293908834457397,32.597869873046875
0.8278453946113586,32.601802825927734
0.8229812383651733,32.605838775634766
0.8312593698501587,32.60971450805664
0.8309571146965027,32.6106071472168
0.836807906627655,32.6058349609375
0.8190992474555969,32.605892181396484
0.8372675180435181,32.61101150512695
0.8205647468566895,32.608402252197266
0.8294729590415955,32.60531234741211
0.8281909227371216,32.5972900390625
0.8428000211715698,32.58926773071289
0.8218399286270142,32.577999114990234
0.8202657699584961,32.57888412475586
0.8409990668296814,32.579349517822266
0.8380978107452393,32.58369064331055
0.8482866287231445,32.58233642578125
0.8242226243019104,32.584346771240234
0.8233484625816345,32.58790969848633
0.8406950235366821,32.58743667602539
0.8200037479400635,32.58466720581055
0.8448458909988403,32.580352783203125
0.8443657159805298,32.576656341552734
0.7999030947685242,32.575687408447266
0.8116980791091919,32.57297897338867
0.8446167707443237,32.57773208618164
0.8381108045578003,32.58210372924805
0.8083473443984985,32.58224105834961
0.8205198049545288,32.578792572021484
0.8154074549674988,32.56600570678711
0.8522955775260925,32.54792404174805
0.8117226958274841,32.52743148803711
0.8415043950080872,32.507083892822266
0.8210433125495911,32.48533630371094
0.8328340649604797,32.46944046020508
0.8277130126953125,32.46131896972656
0.8237725496292114,32.4506950378418
0.8306733965873718,32.45256423950195
0.8236802816390991,32.460750579833984
0.8031532764434814,32.4608039855957
0.7940197587013245,32.45924758911133
0.8412603139877319,32.45834732055664
0.8355452418327332,32.4652214050293
0.84068763256073,32.4737548828125
0.8275702595710754,32.48482131958008
0.8193825483322144,32.48847579956055
0.8420558571815491,32.4903564453125
0.8193751573562622,32.48957443237305
0.8192769289016724,32.48628234863281
0.8658784031867981,32.48947525024414
0.804667055606842,32.48802185058594
0.8114391565322876,32.49628829956055
0.8461671471595764,32.505130767822266
0.8174429535865784,32.50608444213867
0.826208233833313,32.51601791381836
0.8379570841789246,32.53156661987305
0.8251441717147827,32.549007415771484
0.8196033835411072,32.56907653808594
0.8308553695678711,32.58187484741211
0.826174259185791,32.58395004272461
0.8177298307418823,32.58908462524414
0.8071186542510986,32.586795806884766
0.8312932848930359,32.590755462646484
0.8161008954048157,32.5913200378418
0.8284789323806763,32.58502197265625
0.8235774040222168,32.57012939453125
0.8426297903060913,32.55080795288086
0.8360782861709595,32.53536605834961
0.8323938846588135,32.52871322631836
0.8348227143287659,32.51789855957031
0.8290558457374573,32.51557540893555
0.828366219997406,32.51731491088867
0.8364440202713013,32.50822830200195
0.8252072930335999,32.50712203979492
0.8046015501022339,32.50400161743164
0.8302512764930725,32.50204086303711
0.8408514857292175,32.49799728393555
0.8370257019996643,32.50050354003906
0.8405761122703552,32.508392333984375
0.8260987997055054,32.507938385009766
0.8203694224357605,32.50440979003906
0.8328813910484314,32.5016975402832
0.8439556956291199,32.5032844543457
0.8446279764175415,32.50490188598633
0.814471960067749,32.50968551635742
0.8573495745658875,32.507869720458984
0.853050708770752,32.506805419921875
0.8193192481994629,32.50674819946289
0.8177964687347412,32.505924224853516
0.8247300386428833,32.500850677490234
0.8598160743713379,32.4981689453125
0.8270211219787598,32.489383697509766
0.8221423029899597,32.48194885253906
0.8406131267547607,32.471981048583984
0.8347545862197876,32.4567756652832
0.8287476897239685,32.442134857177734
0.8123906850814819,32.43210220336914
0.8269818425178528,32.41254806518555
0.8475651741027832,32.39712142944336
0.8411356210708618,32.38752365112305
0.8106664419174194,32.37503433227539
0.824675977230072,32.36515808105469
0.8419376611709595,32.36166000366211
0.8212016820907593,32.36164855957031
0.8473818898200989,32.36204147338867
0.8455714583396912,32.36197280883789
0.8367806673049927,32.356868743896484
0.8313623666763306,32.345211029052734
0.8320748805999756,32.34608840942383
0.8120496273040771,32.35152053833008
0.8435468077659607,32.360408782958984
0.8266986608505249,32.36506271362305
0.8259658813476562,32.37001037597656
0.8458927273750305,32.37324142456055
0.8415207266807556,32.3863525390625
0.809235692024231,32.38766098022461
0.8374777436256409,32.38169860839844
0.8233715891838074,32.36988830566406
0.8398614525794983,32.35417175292969
0.8361532688140869,32.33662033081055
0.8117978572845459,32.31907272338867
0.8331550359725952,32.30839157104492
0.8245024085044861,32.281681060791016
0.8334728479385376,32.26212692260742
0.8221635818481445,32.246036529541016
0.8362565040588379,32.221744537353516
0.8222118616104126,32.20180130004883
0.813731849193573,32.18057632446289
0.8365548849105835,32.16617965698242
0.826158881187439,32.15718078613281
0.8281270861625671,32.15127182006836
0.8070062398910522,32.14664077758789
0.8296400308609009,32.145809173583984
0.8226357698440552,32.1443977355957
0.8329417109489441,32.14228820800781
0.8452190160751343,32.14039611816406
0.8478701710700989,32.136417388916016
0.8225414752960205,32.13443374633789
0.8330525159835815,32.123748779296875
0.8327677249908447,32.11455154418945
0.8392743468284607,32.09816360473633
0.8576650619506836,32.081302642822266
0.8219004273414612,32.05942153930664
0.8295522332191467,32.03646469116211
0.8188876509666443,32.02206039428711
0.8163923025131226,32.014163970947266
0.8337159156799316,32.009578704833984
0.8560037612915039,31.998594284057617
0.8314337134361267,31.99366569519043
0.8462531566619873,31.98417854309082
0.8328838348388672,31.970457077026367
0.8430474996566772,31.949251174926758
0.8330052495002747,31.92930793762207
0.8422727584838867,31.904085159301758
0.8054310083389282,31.88349723815918
0.8243325352668762,31.870161056518555
0.8345155119895935,31.856935501098633
0.8367176055908203,31.841829299926758
0.8505697846412659,31.823579788208008
0.8299989104270935,31.80500602722168
0.8461561799049377,31.79069709777832
0.8102267980575562,31.778261184692383
0.8292371034622192,31.771848678588867
0.8283926248550415,31.757829666137695
0.8326873183250427,31.734634399414062
0.8356040120124817,31.70850944519043
0.812987208366394,31.688539505004883
0.848749041557312,31.664976119995117
0.8597725033760071,31.643171310424805
0.8235583901405334,31.617734909057617
0.8273261189460754,31.601072311401367
0.8436410427093506,31.59553337097168
0.8589538335800171,31.590089797973633
0.8217695355415344,31.582429885864258
0.8263005018234253,31.582748413085938
0.833896279335022,31.585494995117188
0.8398474454879761,31.59745979309082
0.8259385228157043,31.612791061401367
0.8391119837760925,31.629228591918945
0.8288168907165527,31.640531539916992
0.8409467935562134,31.652891159057617
0.8210057020187378,31.662324905395508
0.8441575765609741,31.667327880859375
0.85671067237854,31.67524528503418
0.8489739894866943,31.672574996948242
0.8304844498634338,31.671659469604492
0.8536068797111511,31.679414749145508
0.833457350730896,31.686647415161133
0.8428463339805603,31.692903518676758
0.8256993293762207,31.701601028442383
0.842706561088562,31.701906204223633
0.8159076571464539,31.684022903442383
0.8264824151992798,31.665498733520508
0.8360447287559509,31.648496627807617
0.814447283744812,31.639066696166992
0.8273543119430542,31.63983154296875
0.8442054390907288,31.633207321166992
0.835161030292511,31.61976432800293
0.8586869239807129,31.60667610168457
0.8156207799911499,31.597196578979492
0.8613986968994141,31.593046188354492
0.8373087048530579,31.591203689575195
0.8511037230491638,31.592496871948242
0.8348411917686462,31.593767166137695
0.8262135982513428,31.593156814575195
0.8316706418991089,31.5921630859375
0.8592790365219116,31.588029861450195
0.8182194232940674,31.584684371948242
0.8123869895935059,31.581972122192383
0.8529331684112549,31.579694747924805
0.8361958861351013,31.577543258666992
0.8504163026809692,31.570650100708008
0.823448121547699,31.57029914855957
0.8497933149337769,31.571868896484375
0.8447321057319641,31.57666015625
0.8566581010818481,31.582426071166992
0.8402631282806396,31.585494995117188
0.8063977956771851,31.582914352416992
0.8295398354530334,31.578020095825195
0.8421262502670288,31.577253341674805
0.8625260591506958,31.563188552856445
0.8533927202224731,31.550935745239258
0.8496904373168945,31.535493850708008
0.8445839881896973,31.514326095581055
0.8362430334091187,31.494234085083008
0.8602567911148071,31.48200798034668
0.8527234792709351,31.485809326171875
0.8405858278274536,31.492826461791992
0.8364855647087097,31.500211715698242
0.8220242261886597,31.502273559570312
0.8215482234954834,31.510164260864258
0.8480031490325928,31.515043258666992
0.846160352230072,31.516847610473633
0.843927800655365,31.509078979492188
0.8262847065925598,31.505460739135742
0.8473162651062012,31.502439498901367
0.8326171040534973,31.496213912963867
0.8375838398933411,31.48582649230957
0.8560065031051636,31.480573654174805
0.8540337681770325,31.478288650512695
0.8533117175102234,31.47926139831543
0.8515686988830566,31.468429565429688
0.8646228909492493,31.455263137817383
0.8577222228050232,31.437894821166992
0.8538551926612854,31.426240921020508
0.8289303183555603,31.405805587768555
0.8264010548591614,31.390382766723633
0.8637581467628479,31.380414962768555
0.848167896270752,31.363523483276367
0.8707848787307739,31.343259811401367
0.8584258556365967,31.325838088989258
0.8442395925521851,31.302244186401367
0.8418068885803223,31.284639358520508
0.8404466509819031,31.27418327331543
0.8382189273834229,31.259737014770508
0.8220242857933044,31.237211227416992
0.8252511024475098,31.219221115112305
0.826964795589447,31.19087028503418
0.8432371616363525,31.165708541870117
0.8540350198745728,31.14155387878418
0.8678733110427856,31.116853713989258
0.8486645817756653,31.087587356567383
0.8369048833847046,31.058549880981445
0.8621888756752014,31.039518356323242
0.8489354252815247,31.02946662902832
0.832893967628479,31.02971076965332
0.8634337782859802,31.028139114379883
0.8229274153709412,31.017562866210938
0.850088894367218,31.016145706176758
0.8647234439849854,31.015958786010742
0.8491108417510986,31.009641647338867
0.8732060790061951,31.010225296020508
0.838212251663208,31.002046585083008
0.857154369354248,31.012514114379883
0.8727647066116333,31.022550582885742
0.8560883402824402,31.024978637695312
0.8573452234268188,31.02177619934082
0.8401468396186829,31.02967643737793
0.8424273729324341,31.040254592895508
0.8357519507408142,31.04557991027832
0.83689284324646,31.044404983520508
0.8667977452278137,31.042144775390625
0.8541601896286011,31.037752151489258
0.8391292691230774,31.041337966918945
0.8695367574691772,31.037004470825195
0.8702678084373474,31.032575607299805
0.8468116521835327,31.027740478515625
0.826449990272522,31.022920608520508
0.8443548679351807,31.020631790161133
0.8439708948135376,31.007368087768555
0.8443191647529602,31.007003784179688
0.8483983278274536,31.006834030151367
0.8608251810073853,31.00501823425293
0.855682373046875,30.99976921081543
0.8659593462944031,30.992353439331055
0.8348923921585083,30.981948852539062
0.8537389039993286,30.959394454956055
0.8592610359191895,30.940568923950195
0.8489899039268494,30.92658805847168
0.8449739217758179,30.922056198120117
0.8479374647140503,30.914306640625
0.8710968494415283,30.905885696411133
0.8373789191246033,30.900362014770508
0.8715518712997437,30.894670486450195
0.8508766889572144,30.890291213989258
0.8546412587165833,30.884763717651367
0.8543421030044556,30.88047981262207
0.8705689907073975,30.878477096557617
0.8692116737365723,30.873167037963867
0.8400276899337769,30.872892379760742
0.8570362329483032,30.876142501831055
0.8445242643356323,30.876955032348633
0.8487916588783264,30.882722854614258
0.8774502873420715,30.889081954956055
0.8433696031570435,30.90106201171875
0.8644972443580627,30.915464401245117
0.8499077558517456,30.93199348449707
0.8660603165626526,30.946287155151367
0.8569773435592651,30.962614059448242
0.8590447902679443,30.975919723510742
0.8758038878440857,30.979860305786133
0.8383662700653076,30.97953987121582
0.8513376712799072,30.979764938354492
0.8605595231056213,30.972410202026367
0.84443598985672,30.973848342895508
0.8575487732887268,30.980606079101562
0.8454767465591431,30.98304557800293
0.843501627445221,30.99824333190918
0.8371586203575134,31.005022048950195
0.8541204929351807,31.01263427734375
0.8281281590461731,31.028581619262695
0.8509107232093811,31.044889450073242
0.852648138999939,31.06312370300293
0.8423391580581665,31.077163696289062
0.8469266891479492,31.090085983276367
0.8449426293373108,31.098600387573242
0.8417925834655762,31.095109939575195
0.8474302291870117,31.0899658203125
0.8464723825454712,31.08289909362793
0.8725214600563049,31.067794799804688
0.8347119092941284,31.055482864379883
0.8560634255409241,31.04515266418457
0.8553711771965027,31.042129516601562
0.83829265832901,31.042726516723633
0.8686066269874573,31.045167922973633
0.8638272881507874,31.053983688354492
0.8479312062263489,31.065855026245117
0.8624367713928223,31.075712203979492
0.8379420042037964,31.07769775390625
0.8644278049468994,31.076189041137695
0.8554993271827698,31.07899284362793
0.8380265235900879,31.085447311401367
0.8454877734184265,31.092714309692383
0.8642890453338623,31.10224723815918
0.8590952157974243,31.105039596557617
0.8462127447128296,31.104917526245117
0.8337059020996094,31.099578857421875
0.8460277318954468,31.08349609375
0.8638490438461304,31.066648483276367
0.8216771483421326,31.04429817199707
0.8497607707977295,31.026430130004883
0.8363677263259888,31.009859085083008
0.8385106921195984,30.99860954284668
0.8729828596115112,30.973447799682617
0.8543027639389038,30.949827194213867
0.846743106842041,30.931655883789062
0.8715628385543823,30.904205322265625
0.8559545874595642,30.884428024291992
0.8635290265083313,30.865615844726562
0.858315110206604,30.840805053710938
0.8605889081954956,30.818159103393555
0.8394832015037537,30.794736862182617
0.8425678014755249,30.776809692382812
0.8581386804580688,30.761125564575195
0.8484445810317993,30.750288009643555
0.8581252694129944,30.741193771362305
0.8665422201156616,30.72856330871582
0.861546516418457,30.713424682617188
0.8468750715255737,30.690935134887695
0.8500347137451172,30.66050910949707
0.8600728511810303,30.64140510559082
0.8697741031646729,30.623777389526367
0.8643780946731567,30.60896110534668
0.8468748331069946,30.5908203125
0.8354585766792297,30.579008102416992
0.8737009167671204,30.565092086791992
0.8547653555870056,30.55021858215332
0.8619495630264282,30.526491165161133
0.8651559352874756,30.49427604675293
0.8376431465148926,30.465927124023438
0.8386332392692566,30.451248168945312
0.854396402835846,30.43171501159668
0.8888368606567383,30.408601760864258
0.8486413359642029,30.383420944213867
0.8607518076896667,30.35637092590332
0.8542355298995972,30.32347297668457
0.8897048234939575,30.290803909301758
0.8481722474098206,30.261201858520508
0.8509007096290588,30.238542556762695
0.8667680025100708,30.211973190307617
0.879129946231842,30.187166213989258
0.8579884171485901,30.161806106567383
0.8330336213111877,30.135923385620117
0.8677417635917664,30.107328414916992
0.8737653493881226,30.091798782348633
0.858295202255249,30.074766159057617
0.8413727283477783,30.060287475585938
0.8385869860649109,30.050554275512695
0.863214910030365,30.04615592956543
0.852183997631073,30.029693603515625
0.8631765246391296,30.012250900268555
0.8465172648429871,29.995820999145508
0.8478243350982666,29.973356246948242
0.864940881729126,29.950666427612305
0.8661686778068542,29.926881790161133
0.8554668426513672,29.897523880004883
0.8627054691314697,29.87571907043457
0.8596823215484619,29.856046676635742
0.8604496121406555,29.83112907409668
0.8632298111915588,29.80894660949707
0.8898780345916748,29.800825119018555
0.8547043204307556,29.788454055786133
0.8551511764526367,29.779815673828125
0.8775593042373657,29.780855178833008
0.8551028370857239,29.776124954223633
0.8615076541900635,29.769929885864258
0.8504323363304138,29.765993118286133
0.8806596398353577,29.772737503051758
0.8555657863616943,29.78541374206543
0.8550081849098206,29.79619026184082
0.8452484607696533,29.804033279418945
0.8900811672210693,29.80018424987793
0.8288114666938782,29.803449630737305
0.8658488392829895,29.805402755737305
0.8408589363098145,29.807802200317383
0.8525469303131104,29.808382034301758
0.8696750402450562,29.79878044128418
0.8566687107086182,29.788389205932617
0.8665598034858704,29.787168502807617
0.852408230304718,29.790571212768555
0.8820980787277222,29.796098709106445
0.8752502799034119,29.794326782226562
0.8897729516029358,29.788881301879883
0.8472548127174377,29.789274215698242
0.8743590116500854,29.786771774291992
0.8475890159606934,29.779664993286133
0.8592400550842285,29.774049758911133
0.8700153827667236,29.762372970581055
0.8539413809776306,29.754056930541992
0.8509300947189331,29.743375778198242
0.861093282699585,29.735349655151367
0.8542126417160034,29.72886848449707
0.8517218828201294,29.719148635864258
0.8371351361274719,29.710996627807617
0.8721190094947815,29.70073127746582
0.8864712119102478,29.688783645629883
0.8760486841201782,29.675535202026367
0.8676400184631348,29.665468215942383
0.8575876951217651,29.65130615234375
0.8423528671264648,29.644990921020508
0.8453891277313232,29.638959884643555
0.8698374629020691,29.634002685546875
0.8594477772712708,29.625425338745117
0.8473100662231445,29.623397827148438
0.8593040704727173,29.61766242980957
0.8718210458755493,29.607938766479492
0.8527163863182068,29.605817794799805
0.8625826239585876,29.610090255737305
0.8659026622772217,29.615755081176758
0.8534442186355591,29.618253707885742
0.8764495849609375,29.618223190307617
0.8772760629653931,29.621492385864258
0.8688833117485046,29.62617301940918
0.8761178255081177,29.628583908081055
0.8515383005142212,29.628252029418945
0.84308260679245,29.631166458129883
0.8708992004394531,29.629854202270508
0.8592304587364197,29.629152297973633
0.8702268004417419,29.620847702026367
0.8689349293708801,29.609758377075195
0.8492462038993835,29.59190559387207
0.8647831082344055,29.58314323425293
0.8893106579780579,29.576078414916992
0.8618104457855225,29.573442459106445
0.8397557139396667,29.564374923706055
0.8617233037948608,29.565980911254883
0.8824809193611145,29.567689895629883
0.8701627254486084,29.566299438476562
0.8674936890602112,29.570615768432617
0.8363169431686401,29.572019577026367
0.8655795454978943,29.577253341674805
0.835397481918335,29.59358024597168
0.8612411022186279,29.612184524536133
0.8418370485305786,29.64033317565918
0.8520731329917908,29.668397903442383
0.8572573661804199,29.698698043823242
0.8577956557273865,29.734437942504883
0.8783305883407593,29.761640548706055
0.8701262474060059,29.79176139831543
0.8783718347549438,29.813173294067383
0.8731645345687866,29.839323043823242
0.8703910112380981,29.852689743041992
0.8505481481552124,29.856416702270508
0.8533072471618652,29.861879348754883
0.8539881706237793,29.862884521484375
0.8583742380142212,29.861326217651367
0.8316475749015808,29.854707717895508
0.8702449798583984,29.843111038208008
0.8512683510780334,29.835771560668945
0.8508872985839844,29.830781936645508
0.8515382409095764,29.813875198364258
0.8492399454116821,29.791471481323242
0.8635774850845337,29.772611618041992
0.8503802418708801,29.75132942199707
0.8755029439926147,29.726808547973633
0.8545392751693726,29.706117630004883
0.8844325542449951,29.688886642456055
0.8456408977508545,29.675216674804688
0.8621344566345215,29.670198440551758
0.8804620504379272,29.667783737182617
0.84511399269104,29.671140670776367
0.8806148767471313,29.679441452026367
0.8659109473228455,29.673799514770508
0.8601139783859253,29.665740966796875
0.872376561164856,29.660097122192383
0.8477287292480469,29.6617431640625
0.8763867020606995,29.672365188598633
0.8764318823814392,29.676300048828125
0.839750349521637,29.677274703979492
0.8594189286231995,29.678865432739258
0.8599135875701904,29.68852424621582
0.8584827184677124,29.700395584106445
0.8371825218200684,29.708253860473633
0.8659296631813049,29.724027633666992
0.8344157934188843,29.740018844604492
0.8650469183921814,29.75334358215332
0.8846876621246338,29.757429122924805
0.8334612250328064,29.760591506958008
0.8550436496734619,29.765718460083008
0.8543376922607422,29.769681930541992
0.8668311238288879,29.773591995239258
0.875873327255249,29.779083251953125
0.8753092885017395,29.78813362121582
0.8605067729949951,29.79777717590332
0.8696747422218323,29.818952560424805
0.8518074750900269,29.830717086791992
0.8592278361320496,29.83729362487793
0.8826133608818054,29.84526252746582
0.8675976991653442,29.850252151489258
0.8455585241317749,29.853227615356445
0.8556561470031738,29.857709884643555
0.8751668930053711,29.867856979370117
0.8707160353660583,29.879365921020508
0.8852471113204956,29.885740280151367
0.8666802644729614,29.895795822143555
0.8288806676864624,29.90001106262207
0.8676333427429199,29.902997970581055
0.8658723831176758,29.90452766418457
0.8673756122589111,29.907670974731445
0.8767565488815308,29.910398483276367
0.8851338624954224,29.913633346557617
0.87116539478302,29.91035270690918
0.8698694705963135,29.902313232421875
0.8635651469230652,29.899869918823242
0.8625380396842957,29.90428352355957
0.8689337968826294,29.905899047851562
0.842278003692627,29.90571403503418
0.8750662803649902,29.89906120300293
0.8609454035758972,29.876070022583008
0.8578962087631226,29.86151123046875
0.8601536154747009,29.844770431518555
0.8758488297462463,29.836610794067383
0.8555642366409302,29.834444046020508
0.8820466995239258,29.828475952148438
0.8633427619934082,29.82768440246582
0.8736903667449951,29.83732795715332
0.8437473177909851,29.830108642578125
0.863961398601532,29.82737922668457
0.863685667514801,29.819154739379883
0.850165605545044,29.809843063354492
0.8625099062919617,29.808929443359375
0.8676570653915405,29.812929153442383
0.8457412123680115,29.822843551635742
0.889430046081543,29.834566116333008
0.8767562508583069,29.844026565551758
0.8657403588294983,29.860198974609375
0.8785518407821655,29.871156692504883
0.8539726138114929,29.881181716918945
0.8602657914161682,29.892152786254883
0.8852009773254395,29.903486251831055
0.8535033464431763,29.913312911987305
0.8525323867797852,29.924924850463867
0.8676174283027649,29.931718826293945
0.8809630870819092,29.933149337768555
0.8804275989532471,29.92359733581543
0.8555331230163574,29.926572799682617
0.8647565841674805,29.931852340698242
0.8684501647949219,29.928316116333008
0.8620994687080383,29.923433303833008
0.8753402233123779,29.920944213867188
0.8520546555519104,29.92768669128418
0.8597875833511353,29.932111740112305
0.8519929647445679,29.939241409301758
0.8589330315589905,29.94395637512207
0.8570293188095093,29.952775955200195
0.8614926934242249,29.953508377075195
0.8928619027137756,29.954591751098633
0.8506579399108887,29.954252243041992
0.8720613121986389,29.958269119262695
0.862298309803009,29.96088981628418
0.8527836799621582,29.95509147644043
0.8617062568664551,29.941999435424805
0.8514367938041687,29.928054809570312
0.859097957611084,29.927549362182617
0.8655232191085815,29.927263259887695
0.8554481863975525,29.914731979370117
0.8671823143959045,29.912355422973633
0.8525386452674866,29.909181594848633
0.8778890371322632,29.908597946166992
0.8631134033203125,29.9207763671875
0.8495780825614929,29.938720703125
0.8463073968887329,29.952302932739258
0.8607832789421082,29.959550857543945
0.8576399087905884,29.957901000976562
0.8532276153564453,29.945039749145508
0.8548474311828613,29.934492111206055
0.8612868785858154,29.916948318481445
0.8507335782051086,29.900999069213867
0.839948832988739,29.883195877075195
0.8438397645950317,29.867353439331055
0.8579161763191223,29.852251052856445
0.84395432472229,29.83723258972168
0.8679807186126709,29.8272705078125
0.8830876350402832,29.81348991394043
0.8749918937683105,29.804672241210938
0.8565561771392822,29.79658317565918
0.8943712115287781,29.795442581176758
0.834687352180481,29.78626823425293
0.8522698283195496,29.782732009887695
0.8589600324630737,29.787874221801758
0.8429998159408569,29.790773391723633
0.8515006303787231,29.777128219604492
0.8290374279022217,29.761137008666992
0.8358922600746155,29.74437141418457
0.8719155788421631,29.72514533996582
0.8684373497962952,29.693143844604492
0.8485205173492432,29.666763305664062
0.8697280883789062,29.657426834106445
0.8489843010902405,29.649290084838867
0.8428602814674377,29.639986038208008
0.8607341051101685,29.632966995239258
0.8569123148918152,29.61616325378418
0.8545482754707336,29.591890335083008
0.851869523525238,29.563570022583008
0.8536359071731567,29.53272819519043
0.8554763793945312,29.501008987426758
0.8890216946601868,29.473909378051758
0.8603487014770508,29.458646774291992
0.8593564033508301,29.441102981567383
0.8800485134124756,29.415163040161133
0.8340467810630798,29.40687370300293
0.8574647903442383,29.402997970581055
0.8623559474945068,29.398391723632812
0.8606441020965576,29.404436111450195
0.8657413125038147,29.41724967956543
0.8598189353942871,29.43739128112793
0.8758153915405273,29.45985221862793
0.8601961135864258,29.479612350463867
0.8449975848197937,29.496976852416992
0.8720065355300903,29.519350051879883
0.8499722480773926,29.54002571105957
0.8663172125816345,29.551057815551758
0.8527215719223022,29.564924240112305
0.8450537919998169,29.585342407226562
0.8539971709251404,29.591672897338867
0.8590829372406006,29.594770431518555
0.8726551532745361,29.610139846801758
0.863820493221283,29.61921501159668
0.8872057199478149,29.629945755004883
0.8559872508049011,29.642656326293945
0.8647935390472412,29.652097702026367
0.8725505471229553,29.66667366027832
0.8471012711524963,29.692110061645508
0.8594712615013123,29.712705612182617
0.8607431650161743,29.732694625854492
0.843567430973053,29.7447509765625
0.8581990003585815,29.763761520385742
0.8567509651184082,29.78571891784668
0.8466582298278809,29.806581497192383
0.9021605849266052,29.827116012573242
0.8769821524620056,29.842451095581055
0.8394232392311096,29.861833572387695
0.8769514560699463,29.872617721557617
0.8780212998390198,29.895429611206055
0.8620680570602417,29.92237663269043
0.8609594106674194,29.964555740356445
0.8559944033622742,29.988161087036133
0.859447181224823,30.013216018676758
0.8597388863563538,30.033632278442383
0.8847244381904602,30.056806564331055
0.8717602491378784,30.071775436401367
0.8699542880058289,30.094270706176758
0.8644667863845825,30.116926193237305
0.8613100051879883,30.13153076171875
0.87159264087677,30.132749557495117
0.8804315328598022,30.136064529418945
0.8560455441474915,30.156797409057617
0.8714438080787659,30.177045822143555
0.8616346716880798,30.196699142456055
0.8564521670341492,30.216779708862305
0.8667281270027161,30.23516845703125
0.8545719385147095,30.250654220581055
0.8790665864944458,30.2716064453125
0.8789011240005493,30.302385330200195
0.8774589896202087,30.33006477355957
0.8653668761253357,30.354001998901367
0.8547806143760681,30.379545211791992
0.8575767278671265,30.39832878112793
0.8642842173576355,30.406431198120117
0.8722951412200928,30.409502029418945
0.8567867875099182,30.41370964050293
0.864288866519928,30.418458938598633
0.829990565776825,30.41191291809082
0.8531755805015564,30.403989791870117
0.8835717439651489,30.395170211791992
0.854248046875,30.394315719604492
0.8761945962905884,30.374284744262695
0.8759540915489197,30.36488151550293
0.8650751709938049,30.354768753051758
0.871780514717102,30.344999313354492
0.8754245042800903,30.337419509887695
0.8543515205383301,30.324281692504883
0.8501198887825012,30.31196403503418
0.8845781087875366,30.30482292175293
0.8649730682373047,30.297346115112305
0.8690463900566101,30.291322708129883
0.8538498282432556,30.282564163208008
0.8480873107910156,30.272798538208008
0.8534203767776489,30.263837814331055
0.8402876853942871,30.255159378051758
0.8599781394004822,30.240524291992188
0.843977689743042,30.235090255737305
0.8840031623840332,30.223556518554688
0.8770155906677246,30.211423873901367
0.8542349338531494,30.207033157348633
0.8737906813621521,30.197660446166992
0.8808332681655884,30.18498420715332
0.8812447190284729,30.174467086791992
0.88316810131073,30.159423828125
0.8727239370346069,30.143356323242188
0.8540692329406738,30.12761116027832
0.8443658947944641,30.114015579223633
0.8704641461372375,30.105741500854492
0.8636507987976074,30.10569953918457
0.8515903949737549,30.11387825012207
0.8631477355957031,30.120241165161133
0.8680877685546875,30.122377395629883
0.8642306923866272,30.132097244262695
0.8572713136672974,30.14781379699707
0.8668015003204346,30.160764694213867
0.8459408283233643,30.177717208862305
0.8819789290428162,30.191099166870117
0.8470784425735474,30.201539993286133
0.868711531162262,30.219804763793945
0.855202317237854,30.238523483276367
0.848418653011322,30.25401496887207
0.8926701545715332,30.262697219848633
0.8531491160392761,30.274919509887695
0.8546164631843567,30.279401779174805
0.8707054257392883,30.294553756713867
0.8620334267616272,30.307558059692383
0.8423029184341431,30.316984176635742
0.8489807844161987,30.326658248901367
0.867808997631073,30.337312698364258
0.8768637180328369,30.346681594848633
0.8645327091217041,30.361234664916992
0.8730955123901367,30.368013381958008
0.8562294244766235,30.373567581176758
0.8585534691810608,30.381208419799805
0.8778003454208374,30.399324417114258
0.8740431070327759,30.412641525268555
0.8546865582466125,30.414731979370117
0.8604177236557007,30.405473709106445
0.8951441049575806,30.393232345581055
0.8558681607246399,30.383512496948242
0.88730388879776,30.367704391479492
0.8670562505722046,30.346025466918945
0.840384304523468,30.321134567260742
0.8670920729637146,30.299531936645508
0.8490653038024902,30.279081344604492
0.8713974952697754,30.262388229370117
0.8581328988075256,30.24049186706543
0.8257288932800293,30.223527908325195
0.8687642812728882,30.212095260620117
0.8718759417533875,30.194992065429688
0.8882092833518982,30.178037643432617
0.8641583919525146,30.159074783325195
0.856115460395813,30.146684646606445
0.880264937877655,30.121091842651367
0.8641747236251831,30.102338790893555
0.8568692207336426,30.082399368286133
0.8597699999809265,30.056852340698242
0.868471086025238,30.024534225463867
0.8587840795516968,30.003995895385742
0.8440345525741577,29.98954963684082
0.8727414608001709,29.971189498901367
0.8541789650917053,29.957761764526367
0.8512305021286011,29.953413009643555
0.8587692975997925,29.940061569213867
0.8566188216209412,29.91986083984375
0.8715265989303589,29.900346755981445
0.8423814177513123,29.888275146484375
0.870485782623291,29.887361526489258
0.853396475315094,29.885297775268555
0.8462706804275513,29.880292892456055
0.8733449578285217,29.868101119995117
0.8664757013320923,29.859403610229492
0.8447290658950806,29.8541259765625
0.8598767518997192,29.840425491333008
0.8613765239715576,29.817399978637695
0.8679386377334595,29.798309326171875
0.8649900555610657,29.781797409057617
0.8718114495277405,29.771848678588867
0.8822382688522339,29.773101806640625
0.8770620822906494,29.769498825073242
0.8561022281646729,29.76268196105957
0.8572831749916077,29.75291633605957
0.8390704393386841,29.74272346496582
0.848351776599884,29.743440628051758
0.8733815550804138,29.751371383666992
0.8676056861877441,29.760988235473633
0.8720512986183167,29.760099411010742
0.8497928977012634,29.755586624145508
0.8659405708312988,29.75233268737793
0.8554397225379944,29.744295120239258
0.8695247769355774,29.74348258972168
0.8414844870567322,29.744630813598633
0.8841562867164612,29.73436164855957
0.8688094019889832,29.719205856323242
0.8691263198852539,29.70189094543457
0.8602585196495056,29.686155319213867
0.8725053668022156,29.677244186401367
0.8767381310462952,29.669374465942383
0.8849841952323914,29.659879684448242
0.8472961783409119,29.644254684448242
0.875531017780304,29.636568069458008
0.8701413869857788,29.625337600708008
0.87008136510849,29.61311149597168
0.8803727626800537,29.595685958862305
0.8599486351013184,29.581315994262695
0.8844881653785706,29.56443977355957
0.8569362759590149,29.555435180664062
0.8827112913131714,29.542177200317383
0.8545591235160828,29.532575607299805
0.8517782688140869,29.533720016479492
0.8821096420288086,29.531862258911133
0.8573504090309143,29.533571243286133
0.8633313775062561,29.544950485229492
0.8651660084724426,29.564088821411133
0.8619549870491028,29.584470748901367
0.8744052648544312,29.605363845825195
0.8506845235824585,29.61781120300293
0.8385467529296875,29.627962112426758
0.8755794763565063,29.63026237487793
0.8589058518409729,29.643369674682617
0.8589857816696167,29.652341842651367
0.8655524253845215,29.657760620117188
0.8590778112411499,29.657926559448242
0.8530359268188477,29.65069580078125
0.883849024772644,29.64818000793457
0.8525416851043701,29.641599655151367
0.8703029751777649,29.628982543945312
0.8524696230888367,29.609708786010742
0.8614020943641663,29.594877243041992
0.8822956085205078,29.579923629760742
0.8658750057220459,29.55598258972168
0.860275149345398,29.524198532104492
0.8316240310668945,29.497495651245117
0.888091504573822,29.477678298950195
0.863255500793457,29.454343795776367
0.8426640033721924,29.429304122924805
0.8672464489936829,29.41511344909668
0.8813676834106445,29.39976692199707
0.8579670190811157,29.389925003051758
0.8688716292381287,29.37403678894043
0.8820034861564636,29.355894088745117
0.8849653005599976,29.341936111450195
0.8671519756317139,29.321687698364258
0.8757510781288147,29.30889892578125
0.8547112941741943,29.295534133911133
0.8579515218734741,29.28898811340332
0.8943083882331848,29.278257369995117
0.8549199104309082,29.276853561401367
0.8705856800079346,29.28144645690918
0.8607500791549683,29.280790328979492
0.8752557039260864,29.285737991333008
0.8391541838645935,29.300386428833008
0.8645808100700378,29.305055618286133
0.853337287902832,29.30999755859375
0.8568985462188721,29.315977096557617
0.8677099347114563,29.321043014526367
0.8571958541870117,29.326387405395508
0.8637226819992065,29.331113815307617
0.8641053438186646,29.33534049987793
0.8655268549919128,29.34477424621582
0.8689254522323608,29.347200393676758
0.862775981426239,29.34870719909668
0.8890291452407837,29.350645065307617
0.8646568059921265,29.358243942260742
0.8654029369354248,29.372541427612305
0.8660898804664612,29.378280639648438
0.8580612540245056,29.390886306762695
0.8792548775672913,29.40618896484375
0.871157169342041,29.41889762878418
0.8674185872077942,29.434053421020508
0.8712191581726074,29.444059371948242
0.854088544845581,29.452302932739258
0.8773560523986816,29.466798782348633
0.8465124368667603,29.481351852416992
0.8590023517608643,29.49400520324707
0.8564833998680115,29.517549514770508
0.8779165744781494,29.53559684753418
0.8518562316894531,29.54937744140625
0.8722057342529297,29.566255569458008
0.8389278054237366,29.573488235473633
0.8527071475982666,29.585615158081055
0.8548089265823364,29.58824348449707
0.855070948600769,29.584531784057617
0.8640646934509277,29.577116012573242
0.8761223554611206,29.57383918762207
0.8547531366348267,29.574079513549805
0.8730361461639404,29.560930252075195
0.873526930809021,29.551240921020508
0.8598936200141907,29.55134391784668
0.877337634563446,29.556535720825195
0.8953419923782349,29.562517166137695
0.8665857315063477,29.567594528198242
0.8655772805213928,29.56468391418457
0.8507657051086426,29.559995651245117
0.8620034456253052,29.556306838989258
0.8550933599472046,29.55640983581543
0.8749300241470337,29.565507888793945
0.8464318513870239,29.575422286987305
0.8378697633743286,29.577848434448242
0.8722776174545288,29.584928512573242
0.845731258392334,29.58582878112793
0.8626730442047119,29.585538864135742
0.847774863243103,29.597135543823242
0.8806090354919434,29.604570388793945
0.8530517816543579,29.618772506713867
0.8817645907402039,29.62556266784668
0.8686279058456421,29.63795280456543
0.8511543869972229,29.66252326965332
0.8742699027061462,29.679521560668945
0.8739337921142578,29.717851638793945
0.8695012331008911,29.758115768432617
0.8660049438476562,29.793241500854492
0.8605728149414062,29.82288932800293
0.8559442758560181,29.85328483581543
0.8633254170417786,29.892866134643555
0.856809139251709,29.93336296081543
0.8623220324516296,29.95860481262207
0.8700523376464844,29.978776931762695
0.8667731881141663,29.998857498168945
0.8757791519165039,30.02387809753418
0.8671350479125977,30.05211067199707
0.8536588549613953,30.080385208129883
0.8563212156295776,30.106306076049805
0.876632809638977,30.125776290893555
0.842059850692749,30.137054443359375
0.8582473397254944,30.141355514526367
0.8452231884002686,30.146623611450195
0.8733699321746826,30.164350509643555
0.8476781249046326,30.16691780090332
0.8494415879249573,30.154966354370117
0.8758223652839661,30.158689498901367
0.8659941554069519,30.159517288208008
0.8505823612213135,30.162216186523438
0.8707333207130432,30.163969039916992
0.8534551858901978,30.168500900268555
0.8615038394927979,30.179929733276367
0.8688881397247314,30.188173294067383
0.878768265247345,30.20067024230957
0.8684579133987427,30.21354866027832
0.8532817959785461,30.22059440612793
0.8614867925643921,30.230466842651367
0.860314667224884,30.229509353637695
0.8775452375411987,30.222017288208008
0.8625026345252991,30.20353889465332
0.8604040741920471,30.179704666137695
0.8649216294288635,30.156435012817383
0.8805913925170898,30.13823127746582
0.8575575351715088,30.119245529174805
0.8836023807525635,30.112092971801758
0.8552711606025696,30.10603141784668
0.854656457901001,30.086942672729492
0.8726423978805542,30.069000244140625
0.871495246887207,30.051069259643555
0.8709943890571594,30.032960891723633
0.8598647713661194,30.02055549621582
0.8543453216552734,30.015993118286133
0.8726707100868225,30.00993537902832
0.8625406622886658,30.006925582885742
0.8741140961647034,29.995071411132812
0.8665639162063599,29.989471435546875
0.8570336103439331,29.980024337768555
0.8852576017379761,29.972368240356445
0.8738752603530884,29.973100662231445
0.8631941676139832,29.971803665161133
0.8508535623550415,29.971128463745117
0.8669439554214478,29.978330612182617
0.8728243708610535,29.98497200012207
0.8597198724746704,29.99150276184082
0.8539460897445679,29.991422653198242
0.8569421172142029,29.998321533203125
0.8570190668106079,29.997098922729492
0.8809662461280823,29.997926712036133
0.8666771054267883,29.99566650390625
0.8148418068885803,29.997238159179688
0.8607276082038879,29.991315841674805
0.8923825621604919,29.981138229370117
0.877606987953186,29.9774169921875
0.8487843871116638,29.964876174926758
0.8717327117919922,29.947647094726562
0.8596044182777405,29.934511184692383
0.8941073417663574,29.926958084106445
0.8737794160842896,29.919618606567383
0.8707167506217957,29.907045364379883
0.8687365055084229,29.89866828918457
0.8656138181686401,29.875471115112305
0.8502140641212463,29.859556198120117
0.8662143349647522,29.837114334106445
0.8464345335960388,29.81572151184082
0.8506432771682739,29.798372268676758
0.8808394074440002,29.774015426635742
0.8460601568222046,29.750642776489258
0.8493728637695312,29.71076774597168
0.8677914142608643,29.672452926635742
0.848700225353241,29.641756057739258
0.8754687309265137,29.608842849731445
0.8555669784545898,29.574739456176758
0.8669345378875732,29.549013137817383
0.874130129814148,29.525327682495117
0.8849307298660278,29.505495071411133
0.8564905524253845,29.488706588745117
0.8735982179641724,29.47279167175293
0.8722764253616333,29.45197868347168
0.8588271737098694,29.438234329223633
0.8582004308700562,29.430570602416992
0.8573992848396301,29.421632766723633
0.8604893088340759,29.41465950012207
0.8595962524414062,29.408063888549805
0.8375563621520996,29.396638870239258
0.8692578077316284,29.388444900512695
0.8710476756095886,29.376005172729492
0.8514834642410278,29.365842819213867
0.8605605959892273,29.359588623046875
0.8759613037109375,29.347749710083008
0.8772408962249756,29.337678909301758
0.8576635718345642,29.324430465698242
0.8570337295532227,29.306119918823242
0.8568918704986572,29.3001708984375
0.8743861317634583,29.297256469726562
0.8603935837745667,29.284269332885742
0.8610857725143433,29.270444869995117
0.862395167350769,29.263063430786133
0.8786839842796326,29.262189865112305
0.8625500202178955,29.255704879760742
0.8733862042427063,29.246549606323242
0.882196843624115,29.227876663208008
0.8725751638412476,29.201677322387695
0.8619399070739746,29.184389114379883
0.8718709349632263,29.169843673706055
0.8515656590461731,29.154024124145508
0.8466662168502808,29.147077560424805
0.8682639598846436,29.137346267700195
0.8817727565765381,29.12480354309082
0.8779411315917969,29.107099533081055
0.8509508967399597,29.085020065307617
0.860192596912384,29.06471061706543
0.896567165851593,29.050172805786133
0.8411698341369629,29.035612106323242
0.8466106057167053,29.015823364257812
0.8875256180763245,28.993379592895508
0.8785563111305237,28.978288650512695
0.8650124073028564,28.960725784301758
0.8503435850143433,28.949186325073242
0.8542217016220093,28.93263053894043
0.900737464427948,28.91752815246582
0.8519209027290344,28.893888473510742
0.8493367433547974,28.86170768737793
0.8817281126976013,28.831438064575195
0.8761734366416931,28.80418586730957
0.835002064704895,28.78346061706543
0.8759945034980774,28.763381958007812
0.866014838218689,28.753828048706055
0.8518677949905396,28.75025749206543
0.8583964109420776,28.75617790222168
0.8564914464950562,28.756040573120117
0.8643086552619934,28.757875442504883
0.862884521484375,28.756349563598633
0.8697164058685303,28.76397705078125
0.8767914772033691,28.775896072387695
0.8552415370941162,28.783050537109375
0.8456165790557861,28.7763671875
0.8582795262336731,28.77421760559082
0.871669352054596,28.772356033325195
0.863390326499939,28.773862838745117
0.8736394047737122,28.778688430786133
0.872807502746582,28.779312133789062
0.8498609066009521,28.78117561340332
0.8659550547599792,28.79707145690918
0.8487358689308167,28.81110954284668
0.8605175018310547,28.82493782043457
0.871651291847229,28.82603645324707
0.863125205039978,28.835220336914062
0.8695852160453796,28.828428268432617
0.8508791327476501,28.830411911010742
0.8502114415168762,28.82396125793457
0.8637740015983582,28.813322067260742
0.8559452891349792,28.80766487121582
0.8554898500442505,28.802169799804688
0.8621028661727905,28.801801681518555
0.8680494427680969,28.804838180541992
0.8540149927139282,28.806089401245117
0.8738457560539246,28.80406379699707
0.8811351656913757,28.80067253112793
0.8690359592437744,28.802400588989258
0.8686069846153259,28.792524337768555
0.8650391697883606,28.788114547729492
0.8537310361862183,28.786470413208008
0.8798269033432007,28.787290573120117
0.8621697425842285,28.784395217895508
0.868614673614502,28.781389236450195
0.8887576460838318,28.777372360229492
0.8717150688171387,28.772294998168945
0.8592104911804199,28.764284133911133
0.8701239824295044,28.75823974609375
0.8578338623046875,28.765897750854492
0.8924641013145447,28.775358200073242
0.8496158719062805,28.781953811645508
0.8606092929840088,28.799070358276367
0.8719332218170166,28.80632209777832
0.8750342726707458,28.816984176635742
0.8881888389587402,28.821073532104492
0.8703656196594238,28.827486038208008
0.8561194539070129,28.823514938354492
0.8918258547782898,28.818025588989258
0.8722130656242371,28.820066452026367
0.8724918365478516,28.810575485229492
0.8833218216896057,28.80714225769043
0.8750868439674377,28.79986572265625
0.8695957660675049,28.793073654174805
0.8721333146095276,28.788057327270508
0.8661434054374695,28.77977180480957
0.8659002780914307,28.767332077026367
0.8618692755699158,28.756452560424805
0.8605530858039856,28.735946655273438
0.8760771751403809,28.715314865112305
0.8588423728942871,28.704484939575195
0.8787887096405029,28.702634811401367
0.8788098096847534,28.709531784057617
0.8571047782897949,28.72596549987793
0.874006986618042,28.74482536315918
0.8725978136062622,28.752302169799805
0.8735373020172119,28.754911422729492
0.8911017179489136,28.749799728393555
0.8653717637062073,28.743318557739258
0.8509775400161743,28.730623245239258
0.8560972809791565,28.721101760864258
0.8510023951530457,28.71922492980957
0.8750494122505188,28.709733963012695
0.8739159107208252,28.708768844604492
0.8532385230064392,28.709335327148438
0.8711883425712585,28.707063674926758
0.8873515725135803,28.702192306518555
0.8664478659629822,28.689760208129883
0.8522359132766724,28.67411994934082
0.8685958385467529,28.658754348754883
0.8719244003295898,28.65196418762207
0.8537496328353882,28.63801383972168
0.9013400673866272,28.621156692504883
0.8479470014572144,28.603212356567383
0.8609307408332825,28.585542678833008
0.8704209327697754,28.577699661254883
0.8866523504257202,28.56525993347168
0.8682714700698853,28.55406379699707
0.8750851154327393,28.5517578125
0.8718741536140442,28.554933547973633
0.8780425786972046,28.558835983276367
0.8858684301376343,28.558378219604492
0.844904363155365,28.56657600402832
0.8564006090164185,28.564775466918945
0.8829175233840942,28.561952590942383
0.8559114933013916,28.562395095825195
0.869663655757904,28.563079833984375
0.8693950772285461,28.542404174804688
0.8723880648612976,28.521482467651367
0.8531597256660461,28.499738693237305
0.8725524544715881,28.481050491333008
0.8791468739509583,28.45530891418457
0.8922054171562195,28.428422927856445
0.8608393669128418,28.40056037902832
0.8683232665061951,28.384870529174805
0.859770655632019,28.37428092956543
0.8764628171920776,28.359621047973633
0.8627541065216064,28.350614547729492
0.8793189525604248,28.344038009643555
0.8675383925437927,28.350099563598633
0.8833403587341309,28.373106002807617
0.8519179224967957,28.392118453979492
0.8820716738700867,28.402254104614258
0.8571324348449707,28.412813186645508
0.8692865371704102,28.426206588745117
0.8535293936729431,28.443452835083008
0.8544851541519165,28.459516525268555
0.8419708609580994,28.477571487426758
0.8657816052436829,28.50029182434082
0.856332540512085,28.530820846557617
0.832728385925293,28.5467529296875
0.8829983472824097,28.557477951049805
0.8759484887123108,28.563871383666992
0.8567485809326172,28.571413040161133
0.8635473847389221,28.58662223815918
0.8682311773300171,28.606645584106445
0.8601707220077515,28.617490768432617
0.8641791343688965,28.629697799682617
0.8434521555900574,28.637969970703125
0.8391786813735962,28.64387321472168
0.8759182691574097,28.646516799926758
0.8732941746711731,28.653078079223633
0.8648916482925415,28.667451858520508
0.86693274974823,28.683439254760742
0.8626362681388855,28.68663215637207
0.8521981835365295,28.690340042114258
0.8394476771354675,28.698211669921875
0.8754673004150391,28.702024459838867
0.8434152603149414,28.699678421020508
0.8557257652282715,28.696413040161133
0.876125693321228,28.687349319458008
0.8792080879211426,28.675630569458008
0.8553333282470703,28.67310905456543
0.8672263622283936,28.675783157348633
0.878971517086029,28.66815185546875
0.853560745716095,28.657136917114258
0.8452312350273132,28.65980339050293
0.8441924452781677,28.669525146484375
0.8835397362709045,28.672395706176758
0.8830537796020508,28.677337646484375
0.8500992655754089,28.678754806518555
0.8724199533462524,28.672697067260742
0.8624178171157837,28.66645622253418
0.8608836531639099,28.660093307495117
0.8543011546134949,28.65467643737793
0.8579409122467041,28.648439407348633
0.8677682876586914,28.630342483520508
0.8790187239646912,28.622804641723633
0.8776678442955017,28.604795455932617
0.8683359622955322,28.589323043823242
0.8808000087738037,28.574691772460938
0.8749136328697205,28.566083908081055
0.8867997527122498,28.547456741333008
0.8776667714118958,28.537931442260742
0.8442622423171997,28.527311325073242
0.8783017992973328,28.51780891418457
0.8749343752861023,28.511960983276367
0.8584681749343872,28.51136589050293
0.8773725032806396,28.501358032226562
0.8782444596290588,28.49119758605957
0.8735878467559814,28.47412109375
0.8880272507667542,28.461915969848633
0.8452298641204834,28.43907356262207
0.8543639779090881,28.414642333984375
0.8673150539398193,28.401596069335938
0.8547247648239136,28.38426399230957
0.8569632768630981,28.370939254760742
0.8789166808128357,28.35960578918457
0.8534576296806335,28.355527877807617
0.8459528088569641,28.338529586791992
0.8626341819763184,28.32243537902832
0.8627356886863708,28.318204879760742
0.8427221775054932,28.313261032104492
0.8863071799278259,28.310548782348633
0.8693002462387085,28.313081741333008
0.8840864896774292,28.308382034301758
0.8748153448104858,28.31450080871582
0.8730206489562988,28.313596725463867
0.8610203862190247,28.309934616088867
0.8665683269500732,28.317106246948242
0.8787071704864502,28.321012496948242
0.84855055809021,28.320600509643555
0.8617603182792664,28.31611442565918
0.8711299896240234,28.308046340942383
0.8688840270042419,28.298431396484375
0.8682138323783875,28.291318893432617
0.864404559135437,28.285829544067383
0.8723181486129761,28.280929565429688
0.8818401098251343,28.267671585083008
0.8747336864471436,28.259796142578125
0.876326322555542,28.25739860534668
0.8597074151039124,28.257112503051758
0.8732568025588989,28.261198043823242
0.8590797781944275,28.269895553588867
0.8791165947914124,28.280046463012695
0.8513733148574829,28.288434982299805
0.8552281260490417,28.293794631958008
0.8892586827278137,28.29267692565918
0.8626142740249634,28.29039192199707
0.8502063155174255,28.289793014526367
0.8733198642730713,28.287094116210938
0.8616917133331299,28.289125442504883
0.8640789985656738,28.28803825378418
0.83597731590271,28.286455154418945
0.8796519041061401,28.278669357299805
0.8627934455871582,28.266496658325195
0.8549572825431824,28.252199172973633
0.8829557299613953,28.234758377075195
0.8671797513961792,28.217470169067383
0.8277274370193481,28.207841873168945
0.860673189163208,28.186307907104492
0.8582094311714172,28.16059684753418
0.8676289916038513,28.13676643371582
0.8807632923126221,28.119157791137695
0.8675174713134766,28.105669021606445
0.8467185497283936,28.103090286254883
0.8668988347053528,28.108427047729492
0.847529411315918,28.112747192382812
0.8744857907295227,28.114046096801758
0.8841918706893921,28.119565963745117
0.8670029640197754,28.123262405395508
0.8765718936920166,28.11363410949707
0.8601462244987488,28.09642219543457
0.8656119704246521,28.071928024291992
0.8675898313522339,28.055025100708008
0.8694678544998169,28.04185676574707
0.8778318166732788,28.02714729309082
0.8577576875686646,28.018739700317383
0.8648298382759094,28.01030158996582
0.8429346084594727,27.99693489074707
0.8540126085281372,27.980987548828125
0.8265881538391113,27.967546463012695
0.8600194454193115,27.949357986450195
0.879106879234314,27.934358596801758
0.8798604011535645,27.91075325012207
0.8683189749717712,27.894681930541992
0.8648701310157776,27.880720138549805
0.8949504494667053,27.880491256713867
0.8743786215782166,27.877836227416992
0.8857361078262329,27.885438919067383
0.8597208857536316,27.892560958862305
0.836249828338623,27.906938552856445
0.9013891220092773,27.919099807739258
0.8729998469352722,27.925580978393555
0.8568015098571777,27.927339553833008
0.8638008236885071,27.929838180541992
0.8681288361549377,27.939363479614258
0.8671715259552002,27.947629928588867
0.8758093118667603,27.946413040161133
0.8729969263076782,27.947572708129883
0.8644556999206543,27.950803756713867
0.8759779334068298,27.95549201965332
0.8643450736999512,27.966428756713867
0.852170467376709,27.972745895385742
0.8674089908599854,27.979570388793945
0.8708877563476562,27.987730026245117
0.8670075535774231,27.994901657104492
0.8821985721588135,27.992918014526367
0.8691292405128479,27.989133834838867
0.8736669421195984,27.985090255737305
0.8622254133224487,27.98927116394043
0.8699532747268677,27.987119674682617
0.8893877863883972,27.97886848449707
0.8829942941665649,27.979841232299805
0.8735937476158142,27.989046096801758
0.8668909072875977,27.999574661254883
0.8537523150444031,28.005859375
0.8488261699676514,28.01911735534668
0.8413963913917542,28.037107467651367
0.8790068626403809,28.056533813476562
0.8703924417495728,28.087373733520508
0.8597754240036011,28.108488082885742
0.8812416195869446,28.12860107421875
0.8462555408477783,28.154268264770508
0.874025285243988,28.167543411254883
0.8793845176696777,28.186418533325195
0.8672975897789001,28.206022262573242
0.8824227452278137,28.235200881958008
0.8609880208969116,28.260194778442383
0.8772342205047607,28.27471923828125
0.8902381658554077,28.293210983276367
0.880418062210083,28.303926467895508
0.8546259999275208,28.314363479614258
0.8799898028373718,28.332277297973633
0.8763781785964966,28.354093551635742
0.8774946928024292,28.375791549682617
0.849550187587738,28.394865036010742
0.8668693900108337,28.413240432739258
0.8583292365074158,28.42909049987793
0.8459532260894775,28.442747116088867
0.8605296015739441,28.452486038208008
0.8859286904335022,28.464372634887695
0.8718733191490173,28.475786209106445
0.8529221415519714,28.482633590698242
0.8711753487586975,28.488525390625
0.8784181475639343,28.496856689453125
0.8844501376152039,28.504179000854492
0.8616577386856079,28.50391960144043
0.8780885338783264,28.512786865234375
0.8692293763160706,28.523466110229492
0.8768120408058167,28.52314567565918
0.8702409267425537,28.517728805541992
0.859412431716919,28.528322219848633
0.8653192520141602,28.533891677856445
0.8734599947929382,28.543657302856445
0.8382001519203186,28.550018310546875
0.8636748194694519,28.56068229675293
0.8622125387191772,28.564529418945312
0.8847556710243225,28.561189651489258
0.8561075329780579,28.558683395385742
0.867662250995636,28.545438766479492
0.8611951470375061,28.534164428710938
0.8659980297088623,28.540586471557617
0.8736494779586792,28.540189743041992
0.8585878610610962,28.539918899536133
0.863921046257019,28.53782844543457
0.8679757714271545,28.53630256652832
0.8653615117073059,28.528165817260742
0.8923197984695435,28.513259887695312
0.8477071523666382,28.50196647644043
0.8556021451950073,28.493879318237305
0.8668739199638367,28.481351852416992
0.8761275410652161,28.467714309692383
0.8433398008346558,28.455324172973633
0.8554325103759766,28.447938919067383
0.8543182611465454,28.443071365356445
0.8568565249443054,28.453489303588867
0.8522820472717285,28.469480514526367
0.8647494912147522,28.475736618041992
0.8645795583724976,28.475221633911133
0.8726562857627869,28.474123001098633
0.8569030165672302,28.468904495239258
0.875417947769165,28.461196899414062
0.8727450370788574,28.453763961791992
0.8660710453987122,28.457014083862305
0.8881276249885559,28.455718994140625
0.8388115167617798,28.45521354675293
0.8884367346763611,28.457456588745117
0.846524715423584,28.462614059448242
0.8631908297538757,28.467849731445312
0.8730528950691223,28.472227096557617
0.8703936338424683,28.481294631958008
0.8723505735397339,28.473783493041992
0.8588114976882935,28.460630416870117
0.8514238595962524,28.451568603515625
0.8652368187904358,28.44502067565918
0.8581178784370422,28.43800163269043
0.8491447567939758,28.43171501159668
0.8634896278381348,28.412870407104492
0.8679420948028564,28.396848678588867
0.8746206760406494,28.376909255981445
0.8625991940498352,28.365568161010742
0.8675431609153748,28.361480712890625
0.8383651375770569,28.347780227661133
0.853575587272644,28.341569900512695
0.8561861515045166,28.341184616088867
0.8856064081192017,28.335098266601562
0.8754496574401855,28.336164474487305
0.8782150149345398,28.332948684692383
0.8558502197265625,28.337934494018555
0.8681251406669617,28.330751419067383
0.8818361759185791,28.324844360351562
0.8546344637870789,28.331771850585938
0.8567379713058472,28.349000930786133
0.8794439435005188,28.35807991027832
0.8947396278381348,28.369306564331055
0.8556995987892151,28.37775993347168
0.8816759586334229,28.385711669921875
0.8464319705963135,28.383970260620117
0.8639150857925415,28.396757125854492
0.8356060981750488,28.402894973754883
0.8571315407752991,28.403032302856445
0.8721963763237,28.406476974487305
0.8826671838760376,28.404600143432617
0.8696141242980957,28.398317337036133
0.8717813491821289,28.393964767456055
0.8699958920478821,28.388704299926758
0.8554257750511169,28.375274658203125
0.843981146812439,28.361860275268555
0.8431262969970703,28.34581184387207
0.8757312893867493,28.333833694458008
0.8794324994087219,28.322982788085938
0.8708553314208984,28.322324752807617
0.8817582130432129,28.323240280151367
0.8758547902107239,28.321683883666992
0.8624178767204285,28.323545455932617
0.8775951266288757,28.320356369018555
0.8678581714630127,28.323026657104492
0.8467057943344116,28.316804885864258
0.8741400241851807,28.31434440612793
0.8481872081756592,28.305374145507812
0.8534282445907593,28.290498733520508
0.846015453338623,28.266645431518555
0.8602001070976257,28.24293327331543
0.8679084777832031,28.222091674804688
0.871608316898346,28.199018478393555
0.8712970614433289,28.182374954223633
0.8749291300773621,28.16706657409668
0.8705965280532837,28.155454635620117
0.8617238998413086,28.14665412902832
0.8860132098197937,28.135408401489258
0.8624682426452637,28.121828079223633
0.8756213188171387,28.118789672851562
0.8801153302192688,28.112993240356445
0.8674626350402832,28.111356735229492
0.864911675453186,28.108522415161133
0.8666517734527588,28.092191696166992
0.8877609372138977,28.075288772583008
0.8707693219184875,28.058839797973633
0.8671060800552368,28.04633903503418
0.864307165145874,28.028093338012695
0.8553041219711304,28.010454177856445
0.8656814694404602,28.005342483520508
0.8650864958763123,28.001375198364258
0.8723607063293457,28.005414962768555
0.8701884150505066,28.007659912109375
0.834391713142395,28.008577346801758
0.8737165331840515,28.01123046875
0.8678867220878601,28.007719039916992
0.8699080348014832,28.007295608520508
0.871056854724884,28.003755569458008
0.8549852967262268,28.005949020385742
0.8645711541175842,28.011991500854492
0.8843592405319214,28.008710861206055
0.8697068691253662,27.99888801574707
0.8484680652618408,27.979398727416992
0.8660485744476318,27.959379196166992
0.883879542350769,27.94737434387207
0.8583194017410278,27.930814743041992
0.840080201625824,27.914443969726562
0.8743724822998047,27.90153694152832
0.8728631734848022,27.887086868286133
0.8696072697639465,27.87025260925293
0.873132586479187,27.857419967651367
0.8806134462356567,27.845354080200195
0.8672873973846436,27.833223342895508
0.8613825440406799,27.82304573059082
0.8577917218208313,27.811141967773438
0.8825110793113708,27.795106887817383
0.857878565788269,27.772048950195312
0.8747087717056274,27.749174118041992
0.8761448860168457,27.723344802856445
0.8735217452049255,27.70734977722168
0.8530846834182739,27.690855026245117
0.8631435632705688,27.66679573059082
0.8750197887420654,27.63743782043457
0.8666663765907288,27.606645584106445
0.855201005935669,27.584854125976562
0.8751651048660278,27.562238693237305
0.8564097285270691,27.531755447387695
0.8568515777587891,27.51219367980957
0.8657100796699524,27.498201370239258
0.8858120441436768,27.479646682739258
0.854472279548645,27.463546752929688
0.8539560437202454,27.459810256958008
0.8578356504440308,27.446870803833008
0.8772880434989929,27.438474655151367
0.8580185770988464,27.42957878112793
0.8700409531593323,27.419172286987305
0.8581882119178772,27.416170120239258
0.8573505878448486,27.416091918945312
0.8558985590934753,27.420366287231445
0.85056072473526,27.4259033203125
0.8796960115432739,27.433897018432617
0.869590163230896,27.44744873046875
0.8545617461204529,27.456148147583008
0.8793407678604126,27.460100173950195
0.8899787664413452,27.458602905273438
0.8698811531066895,27.456987380981445
0.8486537933349609,27.45244026184082
0.8851710557937622,27.453828811645508
0.850766658782959,27.448240280151367
0.878445565700531,27.44453239440918
0.8702490925788879,27.443544387817383
0.8836697936058044,27.437284469604492
0.8763958215713501,27.430099487304688
0.8723034858703613,27.421205520629883
0.8691010475158691,27.412839889526367
0.8496603965759277,27.404829025268555
0.8704842329025269,27.392499923706055
0.8705637454986572,27.39240837097168
0.8831900358200073,27.395082473754883
0.8624269962310791,27.407913208007812
0.8741567730903625,27.414812088012695
0.8896083831787109,27.41926383972168
0.8735051155090332,27.425230026245117
0.8611212968826294,27.423433303833008
0.8697928786277771,27.42912483215332
0.8700309991836548,27.437498092651367
0.8749650120735168,27.452314376831055
0.8638019561767578,27.470624923706055
0.8478232622146606,27.487565994262695
0.8865436911582947,27.49742317199707
0.8916388750076294,27.508745193481445
0.8626581430435181,27.515199661254883
0.8645095825195312,27.525697708129883
0.8859226703643799,27.531435012817383
0.8936830163002014,27.532686233520508
0.8630275726318359,27.528060913085938
0.8664949536323547,27.50831413269043
0.8493979573249817,27.500471115112305
0.8782257437705994,27.484466552734375
0.862837553024292,27.467161178588867
0.8690487742424011,27.449783325195312
0.8855240941047668,27.42393684387207
0.8522517085075378,27.400236129760742
0.8629852533340454,27.37605094909668
0.8366336822509766,27.355531692504883
0.8574776649475098,27.334882736206055
0.84886234998703,27.315324783325195
0.8709762096405029,27.295698165893555
0.8796325922012329,27.28144645690918
0.8670651912689209,27.27052116394043
0.855884850025177,27.256059646606445
0.8745087385177612,27.248964309692383
0.8827099800109863,27.24138069152832
0.8431434035301208,27.232622146606445
0.8718987703323364,27.214738845825195
0.8672425150871277,27.196165084838867
0.8464191555976868,27.18287467956543
0.8897099494934082,27.15948486328125
0.8883441090583801,27.131166458129883
0.8666269779205322,27.10270881652832
0.8613588809967041,27.08015251159668
0.8751811981201172,27.060165405273438
0.8719262480735779,27.039201736450195
0.8886818289756775,27.015626907348633
0.8487110137939453,26.997438430786133
0.8731088042259216,26.975252151489258
0.8717761635780334,26.959501266479492
0.8761759996414185,26.948118209838867
0.8843265175819397,26.935762405395508
0.8829398155212402,26.927400588989258
0.8526371717453003,26.919157028198242
0.8664325475692749,26.910127639770508
0.8852799534797668,26.901399612426758
0.8785380721092224,26.890731811523438
0.8802241683006287,26.870882034301758
0.8701885342597961,26.852460861206055
0.8741009831428528,26.833101272583008
0.8741904497146606,26.818906784057617
0.8665106296539307,26.803071975708008
0.876916229724884,26.784147262573242
0.881381094455719,26.759519577026367
0.8789129853248596,26.743574142456055
0.8716127276420593,26.725568771362305
0.884441077709198,26.716201782226562
0.8980509638786316,26.715166091918945
0.8573195338249207,26.718841552734375
0.8848530650138855,26.723936080932617
0.8888083100318909,26.737485885620117
0.856475293636322,26.742002487182617
0.8736907243728638,26.744779586791992
0.8749561309814453,26.74241828918457
0.8605408668518066,26.733366012573242
0.8623459339141846,26.724349975585938
0.8807911276817322,26.708677291870117
0.8540345430374146,26.683286666870117
0.8664727210998535,26.65263557434082
0.884270429611206,26.618589401245117
0.8511936068534851,26.58043098449707
0.8875625729560852,26.542478561401367
0.8654488325119019,26.505035400390625
0.8664161562919617,26.462141036987305
0.8598414063453674,26.421598434448242
0.8506696820259094,26.398359298706055
0.8547881841659546,26.380342483520508
0.8797410726547241,26.366304397583008
0.8726994395256042,26.358001708984375
0.8652068376541138,26.353208541870117
0.8616588711738586,26.344266891479492
0.902067244052887,26.33018684387207
0.8536293506622314,26.324644088745117
0.8539497256278992,26.322145462036133
0.8673116564750671,26.308046340942383
0.8566837310791016,26.293458938598633
0.8779724836349487,26.279890060424805
0.8508760333061218,26.26197624206543
0.873207688331604,26.25489616394043
0.8751198053359985,26.252702713012695
0.8621609210968018,26.24458122253418
0.8736847639083862,26.238222122192383
0.8651565313339233,26.237241744995117
0.8653630614280701,26.234861373901367
0.8812754154205322,26.237119674682617
0.8523290157318115,26.230546951293945
0.8511600494384766,26.23371696472168
0.8572580814361572,26.233110427856445
0.8937332034111023,26.236268997192383
0.8644347190856934,26.236650466918945
0.8780320286750793,26.244524002075195
0.868155837059021,26.241411209106445
0.8583781719207764,26.243974685668945
0.8461345434188843,26.25071907043457
0.8584152460098267,26.261825561523438
0.8782727122306824,26.265928268432617
0.8663104772567749,26.26934814453125
0.8727606534957886,26.269010543823242
0.8620787262916565,26.263704299926758
0.8735275864601135,26.255327224731445
0.8802847266197205,26.254806518554688
0.8742266893386841,26.25309944152832
0.8604758977890015,26.246915817260742
0.8615012168884277,26.239595413208008
0.8822907209396362,26.23997688293457
0.8912279605865479,26.238996505737305
0.8636749982833862,26.23060417175293
0.8710005283355713,26.23060417175293
0.8601450324058533,26.227401733398438
0.8843251466751099,26.22559928894043
0.8819915056228638,26.227567672729492
0.8629095554351807,26.22834587097168
0.8725319504737854,26.23063850402832
0.8667896389961243,26.223772048950195
0.8715417385101318,26.20884895324707
0.8831459283828735,26.19560432434082
0.8824872970581055,26.182283401489258
0.845698356628418,26.16685676574707
0.8738534450531006,26.152315139770508
0.894329309463501,26.142745971679688
0.8830912709236145,26.134292602539062
0.8813166618347168,26.124406814575195
0.8940908908843994,26.105741500854492
0.8560211658477783,26.087387084960938
0.8468797206878662,26.071256637573242
0.8679079413414001,26.052003860473633
0.875187873840332,26.02467155456543
0.8394448757171631,25.998428344726562
0.8783911466598511,25.984739303588867
0.8701382875442505,25.98015022277832
0.875903308391571,25.972932815551758
0.859525203704834,25.97144889831543
0.8719559907913208,25.974061965942383
0.874895453453064,25.977540969848633
0.8687301278114319,25.978212356567383
0.8811955451965332,25.9852294921875
0.893409788608551,25.995973587036133
0.8810410499572754,26.004209518432617
0.8566616773605347,26.004072189331055
0.864585816860199,26.00782585144043
0.8592787981033325,26.011014938354492
0.8647862672805786,26.00611686706543
0.8952236175537109,26.004043579101562
0.8687293529510498,25.995161056518555
0.8786371350288391,25.986284255981445
0.8364835381507874,25.979581832885742
0.8715574145317078,25.96550178527832
0.8619431853294373,25.957548141479492
0.8733109831809998,25.95121955871582
0.8785383701324463,25.949277877807617
0.8824859261512756,25.946775436401367
0.8766270279884338,25.942140579223633
0.8667636513710022,25.93928337097168
0.8730461597442627,25.926191329956055
0.8849692940711975,25.92473030090332
0.8864160776138306,25.93272590637207
0.8583826422691345,25.935287475585938
0.8573463559150696,25.953279495239258
0.8646171689033508,25.978864669799805
0.8808218836784363,25.997209548950195
0.8606722354888916,26.024381637573242
0.8782487511634827,26.049222946166992
0.8608875870704651,26.05793571472168
0.87047278881073,26.070051193237305
0.868709921836853,26.088529586791992
0.8587103486061096,26.10443115234375
0.8724682331085205,26.12159538269043
0.869879961013794,26.136411666870117
0.8755600452423096,26.140302658081055
0.8722356557846069,26.147415161132812
0.853828489780426,26.150938034057617
0.8760900497436523,26.155912399291992
0.8676319718360901,26.151247024536133
0.8786686658859253,26.158567428588867
0.8672808408737183,26.154508590698242
0.9003307223320007,26.138364791870117
0.8890945315361023,26.134977340698242
0.8739838600158691,26.133256912231445
0.8741374015808105,26.131547927856445
0.8665705919265747,26.12934684753418
0.8759108781814575,26.11280632019043
0.8570635914802551,26.119874954223633
0.8665769696235657,26.128923416137695
0.858431875705719,26.129182815551758
0.8738796710968018,26.125368118286133
0.8907222747802734,26.118104934692383
0.8531239032745361,26.10676383972168
0.8869225978851318,26.09144401550293
0.8653927445411682,26.083467483520508
0.8618047833442688,26.07606315612793
0.8601399064064026,26.073732376098633
0.8704887628555298,26.058229446411133
0.8764858245849609,26.037870407104492
0.8758375644683838,26.008771896362305
0.8909062147140503,25.988431930541992
0.872958779335022,25.97418212890625
0.8662710189819336,25.968233108520508
0.8824903964996338,25.954240798950195
0.8571875691413879,25.936311721801758
0.8664763569831848,25.925535202026367
0.8802581429481506,25.909990310668945
0.8618689775466919,25.89775276184082
0.8546520471572876,25.891340255737305
0.9019542932510376,25.885560989379883
0.8715217709541321,25.876802444458008
0.8831783533096313,25.877058029174805
0.8744891881942749,25.881654739379883
0.9045716524124146,25.87440299987793
0.8793213367462158,25.872026443481445
0.8530493378639221,25.878522872924805
0.8632140755653381,25.884565353393555
0.8713504672050476,25.886991500854492
0.8698765635490417,25.897050857543945
0.8749005198478699,25.90406608581543
0.8720390796661377,25.909788131713867
0.8507680296897888,25.90473747253418
0.8730913996696472,25.893587112426758
0.869518518447876,25.880430221557617
0.8715002536773682,25.869050979614258
0.8568317890167236,25.850553512573242
0.8737472891807556,25.841569900512695
0.8701611161231995,25.833223342895508
0.8778336644172668,25.812013626098633
0.8709331154823303,25.78150749206543
0.8576392531394958,25.75273323059082
0.8766686320304871,25.732038497924805
0.8747045993804932,25.702455520629883
0.8773830533027649,25.671571731567383
0.8729194402694702,25.645235061645508
0.8528920412063599,25.62721061706543
0.8683288097381592,25.601911544799805
0.8887348771095276,25.568206787109375
0.8693512678146362,25.54753875732422
0.8487939834594727,25.525999069213867
0.8632867336273193,25.493513107299805
0.8748226165771484,25.46870231628418
0.8636240363121033,25.444746017456055
0.897458553314209,25.426359176635742
0.8662550449371338,25.40800666809082
0.8643640875816345,25.39661979675293
0.8767646551132202,25.380826950073242
0.8732682466506958,25.366127014160156
0.8821146488189697,25.354415893554688
0.8978449702262878,25.346006393432617
0.8676049113273621,25.334028244018555
0.8615283966064453,25.329729080200195
0.8790334463119507,25.32554817199707
0.8928329944610596,25.328584671020508
0.8787092566490173,25.332155227661133
0.8839718103408813,25.33898162841797
0.880635678768158,25.34943962097168
0.8934996128082275,25.36180305480957
0.8613844513893127,25.374483108520508
0.8578529357910156,25.387056350708008
0.8603589534759521,25.401548385620117
0.8818107843399048,25.415931701660156
0.8963136672973633,25.430559158325195
0.8689690232276917,25.440610885620117
0.8667262196540833,25.43928337097168
0.8756247758865356,25.437593460083008
0.8841515183448792,25.44068145751953
0.8636989593505859,25.443315505981445
0.8538328409194946,25.454835891723633
0.8779972791671753,25.471498489379883
0.8740158677101135,25.484296798706055
0.860666036605835,25.501447677612305
0.8722348809242249,25.51447868347168
0.875363290309906,25.516281127929688
0.8628615140914917,25.512969970703125
0.8748235106468201,25.501070022583008
0.8715082406997681,25.4881591796875
0.8931236267089844,25.482450485229492
0.8478477001190186,25.482816696166992
0.8707595467567444,25.488691329956055
0.8482657670974731,25.495729446411133
0.8543869256973267,25.501039505004883
0.8908816576004028,25.50178337097168
0.8736277222633362,25.499284744262695
0.8691365122795105,25.503889083862305
0.8898773193359375,25.506254196166992
0.9015690684318542,25.50602912902832
0.8730220794677734,25.51038360595703
0.8864277601242065,25.51630401611328
0.8760598301887512,25.51609992980957
0.8768559694290161,25.522214889526367
0.8674459457397461,25.52601432800293
0.8794158697128296,25.524354934692383
0.8804298639297485,25.525850296020508
0.8797259330749512,25.52818489074707
0.8821300864219666,25.532258987426758
0.8701896071434021,25.526443481445312
0.8827831745147705,25.522003173828125
0.8756618499755859,25.518037796020508
0.8703465461730957,25.515153884887695
0.8712418079376221,25.513460159301758
0.8691953420639038,25.51484489440918
0.8780316114425659,25.522966384887695
0.865671694278717,25.51298713684082
0.8817697763442993,25.50855827331543
0.8718162775039673,25.502897262573242
0.8419274091720581,25.509138107299805
0.879418671131134,25.524019241333008
0.8729562759399414,25.538602828979492
0.8817867636680603,25.560346603393555
0.8502592444419861,25.567686080932617
0.8872818350791931,25.574235916137695
0.8769757151603699,25.57878875732422
0.8760980367660522,25.57554817199707
0.8737396597862244,25.575395584106445
0.8846628665924072,25.575227737426758
0.8548687696456909,25.572721481323242
0.8951506018638611,25.5679931640625
0.8711526393890381,25.564619064331055
0.8757609128952026,25.56414031982422
0.8844772577285767,25.559343338012695
0.8759047985076904,25.55494499206543
0.8732035756111145,25.549009323120117
0.8711520433425903,25.546098709106445
0.8667365908622742,25.529695510864258
0.8692144155502319,25.513795852661133
0.8835640549659729,25.49614715576172
0.8581863641738892,25.49156379699707
0.8818981647491455,25.490646362304688
0.8628775477409363,25.500045776367188
0.8828939199447632,25.500333786010742
0.886508584022522,25.499845504760742
0.853529155254364,25.50056266784668
0.8743097186088562,25.503725051879883
0.8685871958732605,25.50701904296875
0.879039466381073,25.523618698120117
0.871680736541748,25.533159255981445
0.858647346496582,25.53746223449707
0.8694784045219421,25.5384521484375
0.8577028512954712,25.541215896606445
0.8855556845664978,25.533998489379883
0.8932735919952393,25.52379035949707
0.8792042136192322,25.505510330200195
0.8660048246383667,25.495912551879883
0.8598659038543701,25.492095947265625
0.8687506318092346,25.484224319458008
0.8854082822799683,25.481401443481445
0.9003485441207886,25.470481872558594
0.8909708857536316,25.45789909362793
0.8963839411735535,25.43943977355957
0.8544111847877502,25.428773880004883
0.8580925464630127,25.40672492980957
0.8959155678749084,25.37877082824707
0.8818536400794983,25.3543701171875
0.8576063513755798,25.337282180786133
0.8581048250198364,25.320833206176758
0.859859824180603,25.299772262573242
0.8543803691864014,25.28730583190918
0.8687540292739868,25.27842903137207
0.8820707201957703,25.270490646362305
0.8832296133041382,25.255342483520508
0.8794578909873962,25.24042510986328
0.8524320125579834,25.225862503051758
0.8867673873901367,25.224470138549805
0.8673601150512695,25.228269577026367
0.8873306512832642,25.228849411010742
0.8729562759399414,25.226255416870117
0.8529132604598999,25.221603393554688
0.8708929419517517,25.21992301940918
0.8760495781898499,25.23274040222168
0.8851175904273987,25.247453689575195
0.897925853729248,25.256925582885742
0.8696094155311584,25.265596389770508
0.8925139904022217,25.27252960205078
0.8802193403244019,25.282005310058594
0.8883652091026306,25.28577423095703
0.8750052452087402,25.285614013671875
0.859860360622406,25.28410530090332
0.873356819152832,25.28004264831543
0.8726113438606262,25.282196044921875
0.8754861354827881,25.266557693481445
0.8769785761833191,25.254411697387695
0.885037899017334,25.232210159301758
0.8700252175331116,25.210098266601562
0.8739928007125854,25.19096565246582
0.8626810908317566,25.177330017089844
0.8846401572227478,25.165388107299805
0.8779569864273071,25.160642623901367
0.8603323698043823,25.152936935424805
0.8693080544471741,25.14258575439453
0.8605825901031494,25.14068603515625
0.8663161396980286,25.147705078125
0.8687453866004944,25.14702033996582
0.8686063885688782,25.150163650512695
0.8815021514892578,25.14946746826172
0.8593490719795227,25.146970748901367
0.8627456426620483,25.139249801635742
0.8685170412063599,25.13328742980957
0.8803696036338806,25.12590217590332
0.8736335039138794,25.11701202392578
0.8685144186019897,25.112503051757812
0.8529317378997803,25.10405158996582
0.8688493967056274,25.096235275268555
0.8676393628120422,25.08421516418457
0.8815370798110962,25.078691482543945
0.8640679717063904,25.07899284362793
0.8761716485023499,25.083860397338867
0.8743101954460144,25.088838577270508
0.8388900756835938,25.09844970703125
0.897720217704773,25.11552619934082
0.8781112432479858,25.138460159301758
0.8623958230018616,25.158729553222656
0.8826906085014343,25.170942306518555
0.8770053386688232,25.177549362182617
0.8576672077178955,25.176939010620117
0.8960295915603638,25.16900634765625
0.8662651777267456,25.157365798950195
0.875735342502594,25.14678955078125
0.868506133556366,25.135480880737305
0.8771228790283203,25.113691329956055
0.8501583933830261,25.089780807495117
0.8684430122375488,25.061811447143555
0.8891623020172119,25.035001754760742
0.8928462266921997,24.998186111450195
0.882422685623169,24.969053268432617
0.8525574207305908,24.935447692871094
0.8675570487976074,24.908430099487305
0.8814729452133179,24.887880325317383
0.8907858729362488,24.87629508972168
0.8702748417854309,24.863832473754883
0.8851062059402466,24.85713005065918
0.8792551159858704,24.852081298828125
0.8921025395393372,24.851213455200195
0.8633816242218018,24.844709396362305
0.8806977272033691,24.82984161376953
0.8773113489151001,24.820833206176758
0.8713590502738953,24.809038162231445
0.8845410346984863,24.81280517578125
0.8510892391204834,24.815473556518555
0.8582944869995117,24.820859909057617
0.8603176474571228,24.821006774902344
0.8884224891662598,24.820783615112305
0.8864731788635254,24.833478927612305
0.8738408088684082,24.84857177734375
0.8889254331588745,24.85624885559082
0.8701447248458862,24.866477966308594
0.8742485642433167,24.88599967956543
0.8905000686645508,24.90241813659668
0.8772634863853455,24.914573669433594
0.8760923147201538,24.925691604614258
0.8584447503089905,24.935029983520508
0.8855372071266174,24.94603157043457
0.8638240694999695,24.95948028564453
0.887657642364502,24.967302322387695
0.8710819482803345,24.96734619140625
0.8449220657348633,24.956010818481445
0.8673561215400696,24.93665885925293
0.8652538061141968,24.925636291503906
0.8924911022186279,24.91065216064453
0.8777052760124207,24.905118942260742
0.8740807175636292,24.899152755737305
0.8679696321487427,24.88121223449707
0.8770857453346252,24.872209548950195
0.8774943351745605,24.857023239135742
0.873046338558197,24.849424362182617
0.8740199208259583,24.839109420776367
0.8811051249504089,24.836271286010742
0.8918780088424683,24.838930130004883
0.874891996383667,24.843305587768555
0.8939299583435059,24.83844757080078
0.8709100484848022,24.83515739440918
0.8928716778755188,24.83372688293457
0.8863329887390137,24.834577560424805
0.8767238259315491,24.826820373535156
0.883208692073822,24.819658279418945
0.891928493976593,24.810148239135742
0.890912652015686,24.801223754882812
0.8716299533843994,24.796598434448242
0.8942514657974243,24.79301643371582
0.8685504794120789,24.790504455566406
0.8962299227714539,24.791154861450195
0.8636916875839233,24.790010452270508
0.879921019077301,24.787336349487305
0.8642461895942688,24.777284622192383
0.8862338066101074,24.75984001159668
0.8962002396583557,24.741594314575195
0.8729989528656006,24.726213455200195
0.8883109092712402,24.70686149597168
0.8916162252426147,24.677505493164062
0.8705732822418213,24.653989791870117
0.8475639224052429,24.636613845825195
0.8781378269195557,24.62370491027832
0.8978132605552673,24.614051818847656
0.8825909495353699,24.603010177612305
0.8837250471115112,24.594541549682617
0.8877819776535034,24.59703254699707
0.8690308332443237,24.602766036987305
0.8751727938652039,24.61309814453125
0.8658809065818787,24.62531852722168
0.8723530173301697,24.632707595825195
0.8640102744102478,24.641569137573242
0.8857474327087402,24.647050857543945
0.8891195058822632,24.657882690429688
0.8949794173240662,24.66326904296875
0.8882613182067871,24.664857864379883
0.8575856685638428,24.672380447387695
0.8903318047523499,24.67704963684082
0.8656180500984192,24.675199508666992
0.8925618529319763,24.67071533203125
0.8536352515220642,24.669191360473633
0.8685959577560425,24.663841247558594
0.8872722387313843,24.670198440551758
0.9004727602005005,24.680940628051758
0.8655905723571777,24.69892692565918
0.8838467001914978,24.717592239379883
0.8769931793212891,24.733978271484375
0.8932704329490662,24.758405685424805
0.8774127960205078,24.78120231628418
0.86130690574646,24.795747756958008
0.8609903454780579,24.805862426757812
0.8918421268463135,24.816102981567383
0.8591549396514893,24.825136184692383
0.8697918057441711,24.832870483398438
0.8686534762382507,24.833784103393555
0.8905889987945557,24.829086303710938
0.8572685122489929,24.830156326293945
0.879126787185669,24.83753204345703
0.8839064240455627,24.84562873840332
0.8573304414749146,24.85243034362793
0.8795549869537354,24.852067947387695
0.8890882730484009,24.855606079101562
0.8807786107063293,24.86595344543457
0.8806477189064026,24.871416091918945
0.88169926404953,24.893049240112305
0.8703629374504089,24.901308059692383
0.8819890022277832,24.907743453979492
0.8912746906280518,24.917030334472656
0.8959517478942871,24.92637825012207
0.8652637600898743,24.93309211730957
0.8557989001274109,24.929872512817383
0.8777832984924316,24.922304153442383
0.8702311515808105,24.91783905029297
0.8863686323165894,24.927093505859375
0.8817009925842285,24.931669235229492
0.8696119785308838,24.928863525390625
0.8499811291694641,24.920303344726562
0.8805912733078003,24.929603576660156
0.8712986707687378,24.940248489379883
0.8686642646789551,24.946870803833008
0.8847520351409912,24.960451126098633
0.870171844959259,24.969558715820312
0.8807111382484436,24.972412109375
0.8732089996337891,24.97455596923828
0.8567915558815002,24.986082077026367
0.8938427567481995,24.991437911987305
0.8825510740280151,24.985809326171875
0.8677060008049011,24.993349075317383
0.8701127767562866,25.000083923339844
0.8709379434585571,25.002195358276367
0.874171793460846,25.00468635559082
0.8695011138916016,25.008880615234375
0.8605343699455261,25.003326416015625
0.8869501352310181,24.990568161010742
0.8858298063278198,24.975120544433594
0.8832414746284485,24.968324661254883
0.8948199152946472,24.956880569458008
0.8932257890701294,24.941221237182617
0.8760806322097778,24.940122604370117
0.874327540397644,24.95195198059082
0.8842384815216064,24.95911979675293
0.865081250667572,24.97412872314453
0.879635214805603,24.983139038085938
0.8702400922775269,24.99247932434082
0.8618403077125549,24.997556686401367
0.8776868581771851,24.99018096923828
0.8767476677894592,24.994794845581055
0.882870078086853,24.999082565307617
0.8722672462463379,25.004539489746094
0.877249002456665,25.00621223449707
0.8649747967720032,25.01301383972168
0.8781065940856934,25.01710319519043
0.8811053037643433,25.025484085083008
0.8752877712249756,25.02937126159668
0.874839186668396,25.020444869995117
0.8709831237792969,25.004167556762695
0.8906601667404175,24.977983474731445
0.8791796565055847,24.953163146972656
0.8774569034576416,24.93500518798828
0.8666057586669922,24.931678771972656
0.8586276173591614,24.922224044799805
0.8730168342590332,24.91954231262207
0.8641177415847778,24.91101837158203
0.8683909177780151,24.90318489074707
0.8516961932182312,24.902997970581055
0.8692297339439392,24.901655197143555
0.8740239143371582,24.903831481933594
0.862886905670166,24.902847290039062
0.8923938870429993,24.889768600463867
0.8672522306442261,24.878400802612305
0.8593069911003113,24.86903190612793
0.8841581344604492,24.84882926940918
0.8879806995391846,24.826200485229492
0.8910632133483887,24.806577682495117
0.8793193697929382,24.78782844543457
0.8823423385620117,24.757627487182617
0.8608432412147522,24.721174240112305
0.8659546375274658,24.691804885864258
0.869965136051178,24.677915573120117
0.8758743405342102,24.66285514831543
0.8605042695999146,24.65882682800293
0.8610351085662842,24.661455154418945
0.8659461736679077,24.665266036987305
0.8786765933036804,24.672758102416992
0.8461833000183105,24.68359375
0.8781607151031494,24.708831787109375
0.8630347847938538,24.731782913208008
0.8580294251441956,24.75767707824707
0.8782765865325928,24.779495239257812
0.8764677047729492,24.807310104370117
0.8630928993225098,24.834571838378906
0.8814879059791565,24.855623245239258
0.8670130372047424,24.870622634887695
0.8912249803543091,24.893644332885742
0.8678591847419739,24.914888381958008
0.8978885412216187,24.937623977661133
0.8549801111221313,24.963132858276367
0.8869664669036865,24.98902130126953
0.8446705341339111,25.011781692504883
0.863286018371582,25.039304733276367
0.8803273439407349,25.062517166137695
0.8580533862113953,25.087379455566406
0.893521785736084,25.10954475402832
0.8624237179756165,25.139009475708008
0.8581382036209106,25.143999099731445
0.8698776960372925,25.143526077270508
0.8815981149673462,25.140365600585938
0.8783568143844604,25.145912170410156
0.87873774766922,25.14924430847168
0.869983434677124,25.150896072387695
0.8698964715003967,25.157869338989258
0.8632209897041321,25.168123245239258
0.8742361068725586,25.176666259765625
0.8663855791091919,25.18896484375
0.8883852362632751,25.19843292236328
0.8903473019599915,25.205673217773438
0.8723556995391846,25.211097717285156
0.873258113861084,25.211153030395508
0.8754567503929138,25.218629837036133
0.8747599720954895,25.224702835083008
0.8657060861587524,25.225563049316406
0.8747329115867615,25.233797073364258
0.8765594363212585,25.225242614746094
0.8832793831825256,25.205965042114258
0.8929799199104309,25.203386306762695
0.8633277416229248,25.209564208984375
0.8789873123168945,25.2125244140625
0.8788666725158691,25.214506149291992
0.8421425819396973,25.216964721679688
0.8725358843803406,25.22797393798828
0.852035403251648,25.23603630065918
0.8733260631561279,25.25029182434082
0.862781286239624,25.262697219848633
0.8787516951560974,25.272260665893555
0.848255455493927,25.27043342590332
0.8672893047332764,25.268028259277344
0.8743825554847717,25.26793098449707
0.8863717317581177,25.272199630737305
0.8904252052307129,25.27607536315918
0.8672416806221008,25.28070831298828
0.8817962408065796,25.27998161315918
0.8758605122566223,25.274629592895508
0.87090665102005,25.256803512573242
0.8819265961647034,25.23853874206543
0.8999436497688293,25.230192184448242
0.8891618847846985,25.212785720825195
0.8914210200309753,25.198286056518555
0.8801974654197693,25.19035530090332
0.8798699975013733,25.187456130981445
0.8752753138542175,25.187395095825195
0.883449375629425,25.195615768432617
0.8734791278839111,25.201982498168945
0.8890738487243652,25.205564498901367
0.8787964582443237,25.20301628112793
0.8832646012306213,25.200254440307617
0.8859898447990417,25.200349807739258
0.8581942319869995,25.202125549316406
0.8814291954040527,25.211015701293945
0.8653000593185425,25.21571159362793
0.8843990564346313,25.219194412231445
0.8652136325836182,25.225242614746094
0.8955130577087402,25.221391677856445
0.8595618009567261,25.212934494018555
0.9070457220077515,25.205568313598633
0.8694714903831482,25.193687438964844
0.8615096211433411,25.19511604309082
0.9018332958221436,25.188871383666992
0.8603577017784119,25.179594039916992
0.8609040379524231,25.173402786254883
0.8628877997398376,25.170488357543945
0.8976665735244751,25.16356086730957
0.863347053527832,25.16663360595703
0.8558850288391113,25.16767692565918
0.8650079965591431,25.17552375793457
0.8709213733673096,25.186948776245117
0.8761399984359741,25.201128005981445
0.8778138160705566,25.217683792114258
0.8932803273200989,25.219160079956055
0.8712159991264343,25.220792770385742
0.8846937417984009,25.22001838684082
0.892838716506958,25.22205924987793
0.8745927810668945,25.21891975402832
0.8826166391372681,25.21833610534668
0.8866966366767883,25.22105598449707
0.8753881454467773,25.22395133972168
0.8467687368392944,25.232606887817383
0.8612594604492188,25.23408317565918
0.8690996170043945,25.232332229614258
0.8886169195175171,25.22882843017578
0.8579019904136658,25.226394653320312
0.8772362470626831,25.227266311645508
0.8465014100074768,25.231056213378906
0.8844103813171387,25.23179817199707
0.8659119606018066,25.234697341918945
0.8964447379112244,25.237144470214844
0.8831039667129517,25.241056442260742
0.9015378952026367,25.239076614379883
0.8871765732765198,25.24028205871582
0.8675171732902527,25.236677169799805
0.8761798739433289,25.235929489135742
0.877712607383728,25.22893524169922
0.8847615122795105,25.214296340942383
0.8950269818305969,25.186967849731445
0.8755649924278259,25.16392707824707
0.8966108560562134,25.144575119018555
0.8846866488456726,25.129911422729492
0.8765024542808533,25.12324333190918
0.8776665925979614,25.111604690551758
0.8698729276657104,25.097261428833008
0.859708845615387,25.089399337768555
0.8904899954795837,25.076128005981445
0.8875200152397156,25.06355094909668
0.8810123801231384,25.054155349731445
0.8866382241249084,25.045272827148438
0.873197615146637,25.025999069213867
0.8730376362800598,25.015092849731445
0.8636511564254761,25.016754150390625
0.8775241374969482,25.028657913208008
0.9084045886993408,25.033784866333008
0.8947643637657166,25.04680061340332
0.8462927341461182,25.055326461791992
0.8796316385269165,25.065689086914062
0.865445613861084,25.076004028320312
0.8751325011253357,25.068870544433594
0.8597753643989563,25.066190719604492
0.8864482641220093,25.058977127075195
0.8984121680259705,25.043195724487305
0.8680510520935059,25.033220291137695
0.8745129108428955,25.02195930480957
0.8551443815231323,25.010984420776367
0.8582664728164673,24.99357795715332
0.8671586513519287,24.9837646484375
0.8829108476638794,24.97380828857422
0.8669444918632507,24.967634201049805
0.8806530237197876,24.96868896484375
0.8520081043243408,24.966110229492188
0.87646484375,24.957857131958008
0.8931262493133545,24.94920539855957
0.8707096576690674,24.94182014465332
0.8419772982597351,24.945356369018555
0.8750954270362854,24.945030212402344
0.8530114889144897,24.94304084777832
0.8837144374847412,24.943986892700195
0.8657723069190979,24.946077346801758
0.8739392757415771,24.95582389831543
0.8938921093940735,24.95384407043457
0.8671896457672119,24.953615188598633
0.8936139941215515,24.950593948364258
0.8873603343963623,24.945466995239258
0.8703728914260864,24.940519332885742
0.8731098771095276,24.926851272583008
0.8664556741714478,24.915910720825195
0.876761257648468,24.898237228393555
0.8675389289855957,24.881486892700195
0.8886557817459106,24.867189407348633
0.8839737176895142,24.861846923828125
0.8713468313217163,24.863889694213867
0.8923071026802063,24.871889114379883
0.8704320192337036,24.880271911621094
0.8774599432945251,24.898954391479492
0.8779347538948059,24.915754318237305
0.859771192073822,24.932310104370117
0.8969066143035889,24.947710037231445
0.8782867193222046,24.96397590637207
0.8841409087181091,24.989503860473633
0.8842852115631104,25.026105880737305
0.8885596990585327,25.05933952331543
0.8727603554725647,25.076810836791992
0.8800016045570374,25.090179443359375
0.9033419489860535,25.103609085083008
0.8980380296707153,25.111961364746094
0.8741195797920227,25.12293815612793
0.8731667995452881,25.137311935424805
0.8523730039596558,25.151166915893555
0.8899738788604736,25.16862678527832
0.8738759756088257,25.183530807495117
0.890579879283905,25.192520141601562
0.862342357635498,25.209123611450195
0.8726850152015686,25.21388053894043
0.8888498544692993,25.21369743347168
0.88039231300354,25.215469360351562
0.8905580639839172,25.21861457824707
0.8763617277145386,25.22117805480957
0.8774352073669434,25.219388961791992
0.8613110184669495,25.212501525878906
0.8795524835586548,25.209495544433594
0.878777801990509,25.193771362304688
0.8658028841018677,25.178022384643555
0.8894598484039307,25.159879684448242
0.8832505941390991,25.134809494018555
0.8897251486778259,25.108640670776367
0.87062668800354,25.095369338989258
0.8757799863815308,25.083955764770508
0.8806807994842529,25.076372146606445
0.8705626726150513,25.067665100097656
0.8664743304252625,25.070188522338867
0.8684664368629456,25.066802978515625
0.8706678152084351,25.05354118347168
0.8795495629310608,25.038070678710938
0.856627345085144,25.024507522583008
0.8598018884658813,25.02429962158203
0.8844132423400879,25.016313552856445
0.8937348127365112,25.00916290283203
0.8788286447525024,24.998613357543945
0.8845542073249817,25.000455856323242
0.8838165998458862,25.000123977661133
0.8622981905937195,24.995140075683594
0.8741534948348999,24.984474182128906
0.8812873363494873,24.984285354614258
0.8993366360664368,24.992734909057617
0.8937057256698608,25.005216598510742
0.8685187101364136,25.020111083984375
0.8951200246810913,25.04307746887207
0.8585957884788513,25.066129684448242
0.8768203854560852,25.092073440551758
0.8728229999542236,25.11286735534668
0.8736025094985962,25.132413864135742
0.8591866493225098,25.144166946411133
0.8467215299606323,25.157243728637695
0.8494614362716675,25.174514770507812
0.8788889646530151,25.193239212036133
0.8821737766265869,25.20356559753418
0.902335524559021,25.211137771606445
0.8641114234924316,25.218793869018555
0.8803055286407471,25.21934700012207
0.8939111828804016,25.225465774536133
0.8679251074790955,25.239992141723633
0.8619015216827393,25.255035400390625
0.8656724095344543,25.26441764831543
0.8846578598022461,25.268587112426758
0.8775123953819275,25.27722930908203
0.8839905261993408,25.285341262817383
0.8670067191123962,25.273893356323242
0.8659614324569702,25.262575149536133
0.8618369698524475,25.25566291809082
0.8559951186180115,25.258522033691406
0.871250331401825,25.263486862182617
0.8812924027442932,25.26548957824707
0.883428692817688,25.270418167114258
0.8745048642158508,25.268831253051758
0.8709361553192139,25.26191520690918
0.8692739009857178,25.260530471801758
0.8626739978790283,25.26124382019043
0.882502019405365,25.266128540039062
0.8802309036254883,25.27794075012207
0.8802058100700378,25.291898727416992
0.8915584683418274,25.29833221435547
0.8718322515487671,25.314165115356445
0.8794242143630981,25.336151123046875
0.8703898191452026,25.351224899291992
0.8580061793327332,25.357236862182617
0.8913756012916565,25.360107421875
0.8802409172058105,25.363630294799805
0.8676608204841614,25.36421012878418
0.8713906407356262,25.370973587036133
0.8739928603172302,25.375261306762695
0.879500687122345,25.38023567199707
0.8914903402328491,25.3880615234375
0.8870819807052612,25.393699645996094
0.8682677745819092,25.401105880737305
0.863627552986145,25.407508850097656
0.870055079460144,25.41374397277832
0.8704839944839478,25.411527633666992
0.8567070364952087,25.401826858520508
0.8655669689178467,25.391340255737305
0.8845831155776978,25.375715255737305
0.8802736401557922,25.355531692504883
0.8616194725036621,25.337602615356445
0.8804011344909668,25.312501907348633
0.877621591091156,25.280500411987305
0.8543652892112732,25.248308181762695
0.8820972442626953,25.23295783996582
0.8908340930938721,25.220359802246094
0.8515418767929077,25.221025466918945
0.9017534852027893,25.219694137573242
0.8722456097602844,25.219236373901367
0.8723326325416565,25.222150802612305
0.8732513785362244,25.223602294921875
0.8704842925071716,25.217300415039062
0.8888930082321167,25.209959030151367
0.8807018995285034,25.193069458007812
0.879118025302887,25.184547424316406
0.8815498352050781,25.176786422729492
0.868061900138855,25.167558670043945
0.8945499062538147,25.157957077026367
0.8785372376441956,25.145767211914062
0.8786192536354065,25.132553100585938
0.8712963461875916,25.12095832824707
0.8840391039848328,25.108705520629883
0.8659577965736389,25.112367630004883
0.8892053365707397,25.120149612426758
0.8648599982261658,25.127988815307617
0.8916064500808716,25.129356384277344
0.8679965138435364,25.134809494018555
0.8562867641448975,25.14435577392578
0.8814657330513,25.15044403076172
0.8676663637161255,25.156251907348633
0.8544214963912964,25.161664962768555
0.8554244041442871,25.163633346557617
0.8706573247909546,25.17216682434082
0.8789573907852173,25.171831130981445
0.8821671605110168,25.172517776489258
0.8699619174003601,25.181640625
0.8942134380340576,25.193540573120117
0.8631309866905212,25.198457717895508
0.887627124786377,25.20672607421875
0.8560583591461182,25.216110229492188
0.8617424964904785,25.21630096435547
0.8702414035797119,25.22352409362793
0.8608956933021545,25.227128982543945
0.8732922077178955,25.233930587768555
0.8819358348846436,25.249204635620117
0.8519339561462402,25.26177215576172
0.8746432065963745,25.27021598815918
0.866239070892334,25.273866653442383
0.8791235685348511,25.263029098510742
0.8658303618431091,25.25342559814453
0.8817445635795593,25.243558883666992
0.861625075340271,25.232933044433594
0.8885480165481567,25.222837448120117
0.8648495674133301,25.212852478027344
0.8677190542221069,25.206315994262695
0.8766950964927673,25.204771041870117
0.8769510388374329,25.20555877685547
0.8871946334838867,25.20948028564453
0.8663892149925232,25.218717575073242
0.8804024457931519,25.225568771362305
0.8801730275154114,25.23017120361328
0.8742889761924744,25.238832473754883
0.892876386642456,25.246767044067383
0.8612306118011475,25.249778747558594
0.8855495452880859,25.23991584777832
0.857305645942688,25.227937698364258
0.8832190036773682,25.217378616333008
0.885840654373169,25.205904006958008
0.8624504804611206,25.180631637573242
0.8744544982910156,25.152616500854492
0.8610845804214478,25.132631301879883
0.8716076612472534,25.132368087768555
0.9027342200279236,25.133026123046875
0.8770485520362854,25.131818771362305
0.8714012503623962,25.12321662902832
0.8665952086448669,25.10984992980957
0.8583459854125977,25.10814094543457
0.89044588804245,25.109046936035156
0.8817784786224365,25.112886428833008
0.8864209055900574,25.12702751159668
0.8608700037002563,25.146894454956055
0.888786256313324,25.16693115234375
0.8832916021347046,25.194215774536133
0.8862394690513611,25.226045608520508
0.8428727984428406,25.260725021362305
0.880000114440918,25.279706954956055
0.8614133596420288,25.288801193237305
0.8711990714073181,25.298093795776367
0.8773994445800781,25.30646514892578
0.8678076267242432,25.315732955932617
0.8840312361717224,25.317689895629883
0.8802692890167236,25.31853485107422
0.8798590302467346,25.318031311035156
0.8761972784996033,25.319978713989258
0.8667724132537842,25.322969436645508
0.8720593452453613,25.317598342895508
0.8766931295394897,25.322097778320312
0.8781977295875549,25.331022262573242
0.8497425317764282,25.330842971801758
0.8701701164245605,25.312990188598633
0.8945595622062683,25.302366256713867
0.8695281147956848,25.30974006652832
0.8702069520950317,25.306669235229492
0.8817212581634521,25.306135177612305
0.8606749773025513,25.305681228637695
0.8829308748245239,25.303373336791992
0.8812544345855713,25.295381546020508
0.887121319770813,25.295560836791992
0.8893078565597534,25.301025390625
0.8719871044158936,25.306785583496094
0.8645926713943481,25.318418502807617
0.8820053935050964,25.338607788085938
0.8606234192848206,25.35090446472168
0.8503842353820801,25.364768981933594
0.8790544271469116,25.385589599609375
0.8629773259162903,25.40380096435547
0.8797904253005981,25.422500610351562
0.8818818926811218,25.44141960144043
0.8861998319625854,25.46522331237793
0.8780338168144226,25.492490768432617
0.8718405365943909,25.52918815612793
0.8734471201896667,25.554405212402344
0.8850352764129639,25.58033561706543
0.8709433674812317,25.597043991088867
0.875808596611023,25.60313606262207
0.8718798756599426,25.60185432434082
0.8734615445137024,25.590349197387695
0.8819867372512817,25.585554122924805
0.8943257331848145,25.58344268798828
0.860018789768219,25.591550827026367
0.8726630806922913,25.604673385620117
0.8810518383979797,25.61754035949707
0.8686224818229675,25.61341667175293
0.8884941339492798,25.616182327270508
0.8716450929641724,25.620622634887695
0.902829647064209,25.608949661254883
0.8643501996994019,25.602155685424805
0.8711369037628174,25.585954666137695
0.8744410872459412,25.577543258666992
0.8834257125854492,25.574464797973633
0.8574597239494324,25.574033737182617
0.8780785799026489,25.58061981201172
0.8686515688896179,25.588258743286133
0.856979250907898,25.582916259765625
0.875891923904419,25.574567794799805
0.8619031310081482,25.559364318847656
0.878747284412384,25.55401611328125
0.8563260436058044,25.551393508911133
0.8873106241226196,25.54728889465332
0.8721922636032104,25.538362503051758
0.8949441313743591,25.52537727355957
0.8666506409645081,25.5152587890625
0.865507185459137,25.512054443359375
0.8805879950523376,25.50849151611328
0.8677959442138672,25.516706466674805
0.8701717853546143,25.527666091918945
0.8815853595733643,25.53849983215332
0.8842214345932007,25.555009841918945
0.8549293279647827,25.567964553833008
0.8787747621536255,25.57982063293457
0.8570213317871094,25.594911575317383
0.859285831451416,25.607393264770508
0.8705540895462036,25.605134963989258
0.8880646228790283,25.597511291503906
0.8770567178726196,25.602462768554688
0.87138831615448,25.59480094909668
0.8616383075714111,25.587358474731445
0.8971339464187622,25.582319259643555
0.8801044821739197,25.578340530395508
0.8936326503753662,25.575700759887695
0.8936372399330139,25.568967819213867
0.8773647546768188,25.557889938354492
0.8630505800247192,25.551836013793945
0.8781396746635437,25.550844192504883
0.8582130670547485,25.546079635620117
0.8686715960502625,25.541017532348633
0.8578827977180481,25.526811599731445
0.8606193661689758,25.516050338745117
0.8907023072242737,25.50566291809082
0.8870556354522705,25.496994018554688
0.8617635369300842,25.485628128051758
0.8614864349365234,25.48430061340332
0.8740244507789612,25.487821578979492
0.8698691129684448,25.488325119018555
0.8704959154129028,25.48858642578125
0.8538625240325928,25.489988327026367
0.8587546944618225,25.499113082885742
0.8634667992591858,25.504549026489258
0.8792788982391357,25.503816604614258
0.8611453175544739,25.499876022338867
0.8633353114128113,25.49378204345703
0.8658289313316345,25.495832443237305
0.8851066827774048,25.48845100402832
0.884299099445343,25.48524284362793
0.8618630170822144,25.476747512817383
0.8770451545715332,25.475059509277344
0.8658894300460815,25.463212966918945
0.876692533493042,25.450212478637695
0.8817931413650513,25.434297561645508
0.8918060660362244,25.423179626464844
0.9009690880775452,25.413969039916992
0.8902255892753601,25.411897659301758
0.86629319190979,25.391572952270508
0.860108494758606,25.373140335083008
0.8616607785224915,25.347610473632812
0.8732006549835205,25.320878982543945
0.8765807747840881,25.29066276550293
0.8716410994529724,25.26268196105957
0.8829740285873413,25.232847213745117
0.8860654830932617,25.211868286132812
0.874545693397522,25.188888549804688
0.8706179857254028,25.155595779418945
0.887858510017395,25.134462356567383
0.8876546621322632,25.11186981201172
0.8870731592178345,25.098737716674805
0.8865165710449219,25.07483673095703
0.8492776155471802,25.04655647277832
0.8778876066207886,25.017066955566406
0.887722373008728,24.987394332885742
0.8785248398780823,24.961244583129883
0.8764719367027283,24.939420700073242
0.8811913728713989,24.922334671020508
0.8920591473579407,24.900068283081055
0.8739048838615417,24.87773323059082
0.8590657114982605,24.863616943359375
0.8739060759544373,24.84388542175293
0.8789211511611938,24.828580856323242
0.8671422004699707,24.818193435668945
0.8912243247032166,24.81416130065918
0.8955103754997253,24.814699172973633
0.8626829385757446,24.814598083496094
0.8789876699447632,24.806901931762695
0.8848190307617188,24.80903434753418
0.879801332950592,24.804018020629883
0.8674278855323792,24.799964904785156
0.8669674396514893,24.80267333984375
0.8519905805587769,24.802078247070312
0.8884678483009338,24.792253494262695
0.8802557587623596,24.794450759887695
0.870173454284668,24.802106857299805
0.9034474492073059,24.81654167175293
0.895263135433197,24.823793411254883
0.8780307173728943,24.823226928710938
0.884102463722229,24.831558227539062
0.8914839625358582,24.84010124206543
0.8802098035812378,24.845170974731445
0.8895969390869141,24.841875076293945
0.8832032084465027,24.832990646362305
0.8700929284095764,24.826616287231445
0.8652119636535645,24.82605743408203
0.9037900567054749,24.827268600463867
0.8865939378738403,24.829999923706055
0.8919056057929993,24.82914924621582
0.8839618563652039,24.83110237121582
0.8814907073974609,24.833127975463867
0.8919751048088074,24.820816040039062
0.8572165369987488,24.807771682739258
0.8906551599502563,24.795228958129883
0.8752429485321045,24.789201736450195
0.8641042709350586,24.780763626098633
0.8861383199691772,24.774873733520508
0.8665258884429932,24.76930046081543
0.8854612112045288,24.753400802612305
0.8668791055679321,24.74360466003418
0.878858208656311,24.73432731628418
0.8498417735099792,24.717317581176758
0.869274377822876,24.699689865112305
0.8846504092216492,24.680618286132812
0.887401282787323,24.669462203979492
0.873620867729187,24.65803337097168
0.8728342652320862,24.653532028198242
0.8919210433959961,24.65434455871582
0.8843721151351929,24.645856857299805
0.8629930019378662,24.642942428588867
0.8753036260604858,24.637800216674805
0.8784410953521729,24.626115798950195
0.8690630197525024,24.614837646484375
0.8930538296699524,24.611906051635742
0.8926519751548767,24.599714279174805
0.8767504692077637,24.59247589111328
0.8703315258026123,24.589658737182617
0.8815348744392395,24.585832595825195
0.871248722076416,24.583494186401367
0.8700359463691711,24.58618927001953
0.8735907077789307,24.584260940551758
0.8741878867149353,24.59736442565918
0.8823421001434326,24.60862922668457
0.8609915971755981,24.620115280151367
0.8772600889205933,24.625152587890625
0.8730495572090149,24.629579544067383
0.8671046495437622,24.63197135925293
0.8855297565460205,24.644676208496094
0.8885784149169922,24.648725509643555
0.8860509395599365,24.6551513671875
0.8696435689926147,24.661949157714844
0.874954104423523,24.653947830200195
0.8561841249465942,24.638368606567383
0.8844497203826904,24.627641677856445
0.8717828989028931,24.61591911315918
0.8674212694168091,24.60284423828125
0.8676258325576782,24.587846755981445
0.8847284913063049,24.596342086791992
0.8527494668960571,24.606689453125
0.9064004421234131,24.617887496948242
0.8775352239608765,24.628908157348633
0.8692409992218018,24.646760940551758
0.8777468204498291,24.65972137451172
0.8684729933738708,24.676027297973633
0.8839274048805237,24.687471389770508
0.8720420598983765,24.69731330871582
0.8715729713439941,24.698015213012695
0.8771776556968689,24.693708419799805
0.8578459024429321,24.682374954223633
0.8846184015274048,24.66828727722168
0.8617984056472778,24.650733947753906
0.8659257888793945,24.628416061401367
0.8795446157455444,24.61674690246582
0.8899809122085571,24.610227584838867
0.8795710206031799,24.604978561401367
0.8672167062759399,24.602266311645508
0.8843679428100586,24.598573684692383
0.8544346690177917,24.602144241333008
0.8777203559875488,24.593505859375
0.8721763491630554,24.579208374023438
0.8745739459991455,24.564268112182617
0.8645235300064087,24.549644470214844
0.8873530626296997,24.532716751098633
0.8636770844459534,24.514863967895508
0.8592146635055542,24.501874923706055
0.8778800964355469,24.489534378051758
0.8923026919364929,24.475481033325195
0.870168149471283,24.458662033081055
0.8732128143310547,24.43549919128418
0.8857261538505554,24.416841506958008
0.8737237453460693,24.388410568237305
0.8533014059066772,24.362546920776367
0.875213086605072,24.34233283996582
0.888752281665802,24.33258819580078
0.8709272146224976,24.321699142456055
0.8811827898025513,24.31144905090332
0.8573358058929443,24.29821014404297
0.8664037585258484,24.29380989074707
0.8778102993965149,24.299440383911133
0.8648005723953247,24.29407501220703
0.904761016368866,24.275545120239258
0.8999294638633728,24.256364822387695
0.8680201768875122,24.227876663208008
0.8567329049110413,24.193132400512695
0.8525333404541016,24.162506103515625
0.8740586638450623,24.139646530151367
0.8815100193023682,24.12066650390625
0.8778370022773743,24.102643966674805
0.8811802864074707,24.083723068237305
0.8816267848014832,24.068191528320312
0.891569197177887,24.058805465698242
0.8775166273117065,24.047391891479492
0.877524733543396,24.039079666137695
0.8897982239723206,24.033323287963867
0.8887856006622314,24.027254104614258
0.8741985559463501,24.024198532104492
0.875741720199585,24.026275634765625
0.8974270224571228,24.034086227416992
0.8818535208702087,24.04759407043457
0.8736704587936401,24.05833625793457
0.8577967882156372,24.064409255981445
0.8529438972473145,24.07292366027832
0.8681250214576721,24.059959411621094
0.8956298232078552,24.050783157348633
0.8703902959823608,24.051088333129883
0.8676632642745972,24.050443649291992
0.8750494122505188,24.060014724731445
0.8718883991241455,24.069761276245117
0.887010931968689,24.071989059448242
0.8835997581481934,24.081636428833008
0.8580591678619385,24.082731246948242
0.8789506554603577,24.071334838867188
0.8655945062637329,24.052885055541992
0.8759406805038452,24.030534744262695
0.8706994652748108,24.014020919799805
0.8867637515068054,23.994295120239258
0.8616265058517456,23.98192024230957
0.8939058780670166,23.974103927612305
0.8627573251724243,23.96327018737793
0.8999195098876953,23.948585510253906
0.8743798732757568,23.931013107299805
0.8979077339172363,23.922101974487305
0.8611533641815186,23.907203674316406
0.8639894723892212,23.884183883666992
0.8880600929260254,23.860872268676758
0.8735268712043762,23.840866088867188
0.8854593634605408,23.81981658935547
0.8788319230079651,23.796812057495117
0.8418189883232117,23.777549743652344
0.8834997415542603,23.753158569335938
0.8615593910217285,23.730684280395508
0.8822412490844727,23.713401794433594
0.8776886463165283,23.696760177612305
0.8856175541877747,23.683698654174805
0.8809937834739685,23.67388153076172
0.8909001350402832,23.664949417114258
0.8803892135620117,23.666048049926758
0.8784182667732239,23.662019729614258
0.8684544563293457,23.659543991088867
0.8521506786346436,23.658506393432617
0.8788772225379944,23.66929817199707
0.8628309965133667,23.673860549926758
0.8710611462593079,23.67095947265625
0.8567684292793274,23.65437126159668
0.8921341896057129,23.6319580078125
0.9011489152908325,23.60554313659668
0.8819154500961304,23.591400146484375
0.881428062915802,23.57160758972168
0.8751477599143982,23.544357299804688
0.8810807466506958,23.51191520690918
0.8769335150718689,23.482236862182617
0.8864408731460571,23.460386276245117
0.8815385103225708,23.445402145385742
0.8669367432594299,23.44061279296875
0.866117537021637,23.439149856567383
0.8675671815872192,23.438936233520508
0.8687455058097839,23.433502197265625
0.8866009712219238,23.425979614257812
0.8814161419868469,23.414339065551758
0.8757575750350952,23.41168212890625
0.8563948273658752,23.403242111206055
0.8922136425971985,23.40104866027832
0.856349527835846,23.394548416137695
0.857111394405365,23.39484405517578
0.8833991885185242,23.395017623901367
0.8683739900588989,23.394819259643555
0.8851400017738342,23.38963508605957
0.8815181851387024,23.38465690612793
0.8541103005409241,23.380592346191406
0.890697181224823,23.372697830200195
0.8669841289520264,23.355649948120117
0.886290431022644,23.34040641784668
0.8650248050689697,23.324995040893555
0.8741912841796875,23.296262741088867
0.8680973649024963,23.278303146362305
0.8714756965637207,23.260164260864258
0.877667248249054,23.23663330078125
0.8619364500045776,23.215852737426758
0.873146653175354,23.203031539916992
0.8740252256393433,23.195646286010742
0.889786422252655,23.196199417114258
0.8843761682510376,23.197660446166992
0.8701716661453247,23.20219612121582
0.8745147585868835,23.200544357299805
0.8851066827774048,23.198320388793945
0.8758187890052795,23.191436767578125
0.8888980150222778,23.189836502075195
0.9097757339477539,23.189542770385742
0.8536472320556641,23.182024002075195
0.8719818592071533,23.17658805847168
0.8965210914611816,23.165163040161133
0.877604067325592,23.152799606323242
0.8902490139007568,23.137754440307617
0.8743171691894531,23.133028030395508
0.8738574981689453,23.129331588745117
0.8866336345672607,23.121625900268555
0.9089820981025696,23.11815643310547
0.8702787160873413,23.12012481689453
0.9125920534133911,23.11412239074707
0.8638590574264526,23.104888916015625
0.8740467429161072,23.11046028137207
0.8779662847518921,23.113502502441406
0.8823391199111938,23.11418914794922
0.8783128261566162,23.120973587036133
0.8892940878868103,23.127296447753906
0.8844893574714661,23.131895065307617
0.8798645734786987,23.135377883911133
0.8744094371795654,23.143739700317383
0.8662663102149963,23.153047561645508
0.8755468726158142,23.160036087036133
0.8809608221054077,23.164106369018555
0.8853362798690796,23.16387939453125
0.8677099347114563,23.157350540161133
0.8969860076904297,23.154279708862305
0.8688589930534363,23.150983810424805
0.8600998520851135,23.148103713989258
0.8951272964477539,23.158369064331055
0.8874771595001221,23.170011520385742
0.8779078722000122,23.17432403564453
0.8847820162773132,23.18535041809082
0.8867548108100891,23.203453063964844
0.8932852149009705,23.2103271484375
0.8925291895866394,23.21489143371582
0.9031029939651489,23.2208251953125
0.8741706609725952,23.228925704956055
0.9015547037124634,23.23664665222168
0.8790349364280701,23.238340377807617
0.8947485685348511,23.240861892700195
0.8850942850112915,23.25463104248047
0.8948833346366882,23.268232345581055
0.8768433928489685,23.29173469543457
0.872741162776947,23.320634841918945
0.8745026588439941,23.34966278076172
0.8981496095657349,23.380516052246094
0.8815052509307861,23.415847778320312
0.8782333135604858,23.444257736206055
0.8835806846618652,23.47663116455078
0.8945530652999878,23.500511169433594
0.8831613659858704,23.51515007019043
0.8798651695251465,23.541048049926758
0.8684524297714233,23.566694259643555
0.8695906400680542,23.59405517578125
0.8769232630729675,23.613950729370117
0.8885244727134705,23.623308181762695
0.9096695184707642,23.63348388671875
0.8607192635536194,23.631498336791992
0.8836928009986877,23.620559692382812
0.9008697867393494,23.614439010620117
0.8780317306518555,23.603910446166992
0.8927029371261597,23.586593627929688
0.8784436583518982,23.58366584777832
0.8836706876754761,23.58775520324707
0.8768770694732666,23.589704513549805
0.8776507377624512,23.579622268676758
0.8862866759300232,23.565370559692383
0.8892567753791809,23.548311233520508
0.8800658583641052,23.536298751831055
0.8999889492988586,23.523300170898438
0.8476005792617798,23.502592086791992
0.882314920425415,23.48534393310547
0.875332236289978,23.470443725585938
0.875221312046051,23.444379806518555
0.9018430709838867,23.41273307800293
0.8855553269386292,23.388168334960938
0.8614746332168579,23.369972229003906
0.8973813056945801,23.35722541809082
0.8729205131530762,23.34211540222168
0.879456102848053,23.317934036254883
0.8672680854797363,23.298032760620117
0.877524733543396,23.274505615234375
0.8853514194488525,23.254379272460938
0.8766742944717407,23.240982055664062
0.8790769577026367,23.23284149169922
0.8978384733200073,23.219497680664062
0.8771200180053711,23.21122932434082
0.8671759963035583,23.200897216796875
0.8839769959449768,23.189863204956055
0.8836498260498047,23.17359161376953
0.8785684704780579,23.160154342651367
0.8935692310333252,23.150245666503906
0.8850203156471252,23.140199661254883
0.8737550973892212,23.132429122924805
0.8851022720336914,23.128843307495117
0.879813551902771,23.12663459777832
0.8956384658813477,23.122299194335938
0.8799591660499573,23.115455627441406
0.887874186038971,23.107603073120117
0.8548564910888672,23.106595993041992
0.8777796030044556,23.11390495300293
0.8577972650527954,23.1175537109375
0.8852847814559937,23.118227005004883
0.8525354862213135,23.11907958984375
0.8824878931045532,23.120573043823242
0.8691571354866028,23.127378463745117
0.8746885657310486,23.134016036987305
0.864998459815979,23.142213821411133
0.8664717674255371,23.152238845825195
0.8822686076164246,23.156949996948242
0.8843644261360168,23.160112380981445
0.8642343282699585,23.170137405395508
0.8566063046455383,23.17869758605957
0.8794052004814148,23.194456100463867
0.8828630447387695,23.214017868041992
0.8863609433174133,23.228178024291992
0.8859871625900269,23.241859436035156
0.870275616645813,23.259233474731445
0.8816999197006226,23.26936149597168
0.8915584087371826,23.28004264831543
0.8769679069519043,23.284029006958008
0.8846845626831055,23.28199005126953
0.8879871964454651,23.27595329284668
0.8759310245513916,23.269193649291992
0.8862676024436951,23.263572692871094
0.8755215406417847,23.247529983520508
0.8829918503761292,23.23008918762207
0.8654705882072449,23.21991729736328
0.8800680637359619,23.208341598510742
0.8942643404006958,23.20860481262207
0.9040817022323608,23.211036682128906
0.866187334060669,23.216581344604492
0.8615567088127136,23.22297477722168
0.8779172897338867,23.229066848754883
0.902172863483429,23.232147216796875
0.8855369091033936,23.24566650390625
0.8871363997459412,23.261152267456055
0.8890957832336426,23.271589279174805
0.8760495185852051,23.277376174926758
0.8803001642227173,23.293046951293945
0.8642774224281311,23.314943313598633
0.8794234395027161,23.333221435546875
0.8887679576873779,23.35417366027832
0.887355387210846,23.380582809448242
0.8763734698295593,23.400285720825195
0.8666394948959351,23.413896560668945
0.8921939730644226,23.43011474609375
0.8951842784881592,23.430971145629883
0.8960838317871094,23.42510986328125
0.8598046898841858,23.423171997070312
0.8857320547103882,23.424989700317383
0.8771875500679016,23.422590255737305
0.8653526902198792,23.425382614135742
0.8834779858589172,23.435274124145508
0.8840005397796631,23.445802688598633
0.8527948260307312,23.45112419128418
0.8680530786514282,23.458589553833008
0.9106860160827637,23.458894729614258
0.8800920248031616,23.462190628051758
0.8756456971168518,23.466840744018555
0.8743382692337036,23.457809448242188
0.882149338722229,23.43889045715332
0.8773754835128784,23.427549362182617
0.8800224661827087,23.40858268737793
0.8966647982597351,23.394285202026367
0.8824838399887085,23.382307052612305
0.8905617594718933,23.36976432800293
0.8803429007530212,23.359392166137695
0.8682597875595093,23.35023307800293
0.8737452030181885,23.339263916015625
0.8975813388824463,23.337553024291992
0.8900878429412842,23.33808708190918
0.8808993697166443,23.32182502746582
0.8518280386924744,23.30225372314453
0.8648682236671448,23.269058227539062
0.8964068293571472,23.23741912841797
0.8815587759017944,23.215238571166992
0.8768292665481567,23.18878936767578
0.8738564252853394,23.170866012573242
0.8849703073501587,23.153226852416992
0.8983903527259827,23.132095336914062
0.877307653427124,23.116487503051758
0.8739810585975647,23.093477249145508
0.8740378022193909,23.070981979370117
0.8623597025871277,23.053789138793945
0.8751852512359619,23.04640007019043
0.890182375907898,23.041236877441406
0.8869146108627319,23.03607940673828
0.8749609589576721,23.033525466918945
0.8858112692832947,23.033479690551758
0.8642830848693848,23.028291702270508
0.8929146528244019,23.02397346496582
0.8859447240829468,23.02147102355957
0.8803275227546692,23.020357131958008
0.8742483854293823,23.007339477539062
0.8915147185325623,22.991453170776367
0.884708046913147,22.981916427612305
0.8643274307250977,22.98175048828125
0.8664612770080566,22.98377799987793
0.8964434862136841,22.991701126098633
0.8529815673828125,23.000831604003906
0.8688705563545227,23.009788513183594
0.8921853303909302,23.020097732543945
0.8982834219932556,23.03577995300293
0.8829543590545654,23.048036575317383
0.8827003240585327,23.05659294128418
0.8778005838394165,23.057342529296875
0.8430683612823486,23.058549880981445
0.8832851648330688,23.055435180664062
0.8754395842552185,23.049476623535156
0.8860375285148621,23.038408279418945
0.8916818499565125,23.029436111450195
0.8712220788002014,23.022214889526367
0.8606134057044983,23.023725509643555
0.8693030476570129,23.021133422851562
0.8869213461875916,23.01093864440918
0.8622178435325623,22.996458053588867
0.8985847234725952,22.98945426940918
0.8937439918518066,22.984376907348633
0.8850978016853333,22.980375289916992
0.8902803659439087,22.980012893676758
0.8868802785873413,22.982940673828125
0.8866701126098633,22.997802734375
0.8943239450454712,23.016218185424805
0.8960175514221191,23.029462814331055
0.8747316598892212,23.040327072143555
0.870765745639801,23.05052947998047
0.8893393278121948,23.055253982543945
0.8799682855606079,23.060165405273438
0.8873188495635986,23.07105255126953
0.8897213935852051,23.07725715637207
0.8747392892837524,23.07939910888672
0.8774616718292236,23.079710006713867
0.8880126476287842,23.076128005981445
0.9063683152198792,23.074689865112305
0.8874987363815308,23.07860565185547
0.8883698582649231,23.075578689575195
0.8626375198364258,23.08094596862793
0.9058331251144409,23.08350944519043
0.8904290199279785,23.082075119018555
0.8792673349380493,23.073060989379883
0.8829212188720703,23.055238723754883
0.8719095587730408,23.037254333496094
0.8691823482513428,23.01649284362793
0.8873064517974854,23.002546310424805
0.8738551735877991,22.99091911315918
0.8712857365608215,22.985563278198242
0.8757845759391785,22.98003387451172
0.8534960150718689,22.977800369262695
0.8812968134880066,22.981277465820312
0.8605970144271851,22.992769241333008
0.8754882216453552,22.99732780456543
0.8854900598526001,22.999906539916992
0.8809680938720703,23.01280403137207
0.8568142652511597,23.01838493347168
0.8793872594833374,23.01072883605957
0.8886127471923828,23.006711959838867
0.8648953437805176,23.007369995117188
0.8892771005630493,22.998762130737305
0.8726930022239685,22.993864059448242
0.889183759689331,22.971677780151367
0.8773431777954102,22.953107833862305
0.8913732767105103,22.931516647338867
0.8986402750015259,22.907936096191406
0.8667958974838257,22.883817672729492
0.871467113494873,22.864717483520508
0.8839715123176575,22.84551239013672
0.8743273615837097,22.83845329284668
0.8798226118087769,22.826017379760742
0.8843827247619629,22.818010330200195
0.8924453258514404,22.814374923706055
0.8765251636505127,22.810697555541992
0.8836301565170288,22.810712814331055
0.8745373487472534,22.820070266723633
0.8903173208236694,22.833131790161133
0.8752492070198059,22.84483528137207
0.861451268196106,22.849332809448242
0.8803359270095825,22.859861373901367
0.8803538680076599,22.869901657104492
0.8966200351715088,22.873746871948242
0.8876555562019348,22.870758056640625
0.8829959630966187,22.876787185668945
0.8758271932601929,22.881044387817383
0.8908829689025879,22.87659454345703
0.8799919486045837,22.878889083862305
0.8809655904769897,22.877195358276367
0.878225564956665,22.873750686645508
0.8769887685775757,22.871719360351562
0.9034385085105896,22.871641159057617
0.8756445646286011,22.872251510620117
0.8734790682792664,22.87293815612793
0.8758758306503296,22.870895385742188
0.8784744143486023,22.860078811645508
0.8726056814193726,22.84745979309082
0.8955992460250854,22.84739875793457
0.8753406405448914,22.843503952026367
0.8712818622589111,22.831632614135742
0.8808121681213379,22.818130493164062
0.8687757253646851,22.81128692626953
0.8946305513381958,22.79829216003418
0.885659396648407,22.785049438476562
0.8825694918632507,22.771604537963867
0.8706790208816528,22.761930465698242
0.893433690071106,22.758882522583008
0.9031939506530762,22.74390983581543
0.8768083453178406,22.731657028198242
0.8769134283065796,22.71360969543457
0.8833057284355164,22.69929313659668
0.8647235035896301,22.673097610473633
0.881729781627655,22.64661979675293
0.8609768748283386,22.623138427734375
0.8726650476455688,22.594820022583008
0.8657059073448181,22.566789627075195
0.9029896259307861,22.53539276123047
0.8659107089042664,22.504621505737305
0.8666338920593262,22.475980758666992
0.8927380442619324,22.440370559692383
0.8913435935974121,22.40675163269043
0.8850046396255493,22.38401985168457
0.8758218288421631,22.361555099487305
0.9061264991760254,22.340913772583008
0.8968985676765442,22.33039665222168
0.8681460618972778,22.317686080932617
0.8744670152664185,22.299802780151367
0.8941434025764465,22.28065299987793
0.8691768646240234,22.27631950378418
0.8693177103996277,22.280683517456055
0.8774405717849731,22.281526565551758
0.87088543176651,22.284086227416992
0.8878626227378845,22.294893264770508
0.8967747688293457,22.304533004760742
0.8776408433914185,22.318845748901367
0.8785090446472168,22.332475662231445
0.8749488592147827,22.33073616027832
0.8791228532791138,22.32166290283203
0.899636447429657,22.321809768676758
0.8914586305618286,22.320924758911133
0.8847280144691467,22.316495895385742
0.8743652701377869,22.301862716674805
0.8750810623168945,22.296388626098633
0.8762228488922119,22.288022994995117
0.8968017101287842,22.269804000854492
0.8904470801353455,22.256898880004883
0.8869421482086182,22.24175262451172
0.8826029896736145,22.21751594543457
0.8525971174240112,22.193422317504883
0.8823480010032654,22.168439865112305
0.8625973463058472,22.15867805480957
0.8778239488601685,22.162492752075195
0.8820157051086426,22.175920486450195
0.8770708441734314,22.187660217285156
0.8844159245491028,22.195417404174805
0.8673527240753174,22.192781448364258
0.8957602977752686,22.189302444458008
0.8896489143371582,22.187681198120117
0.8871656060218811,22.17707633972168
0.8601182699203491,22.163360595703125
0.877461314201355,22.137907028198242
0.8801427483558655,22.109159469604492
0.8995076417922974,22.093461990356445
0.8961565494537354,22.071245193481445
0.865544319152832,22.039796829223633
0.8708072900772095,22.009641647338867
0.8819663524627686,21.978761672973633
0.872863233089447,21.950960159301758
0.8971399664878845,21.93217658996582
0.8659185171127319,21.90654182434082
0.9051687717437744,21.886611938476562
0.8818632364273071,21.869203567504883
0.8870319724082947,21.85687255859375
0.8832686543464661,21.8397216796875
0.8636500835418701,21.82396125793457
0.8971363306045532,21.810136795043945
0.8693751096725464,21.806673049926758
0.8911462426185608,21.801055908203125
0.8888518214225769,21.801973342895508
0.8917546272277832,21.804201126098633
0.895315408706665,21.804868698120117
0.887359082698822,21.808134078979492
0.8869997262954712,21.80475616455078
0.9020634293556213,21.80206298828125
0.8724612593650818,21.805971145629883
0.9089478254318237,21.804197311401367
0.8884178400039673,21.797805786132812
0.8955707550048828,21.78547477722168
0.8788357973098755,21.783159255981445
0.8638673424720764,21.790407180786133
0.8796482682228088,21.800031661987305
0.8861989378929138,21.80937385559082
0.8787616491317749,21.826017379760742
0.880055844783783,21.848434448242188
0.8772507905960083,21.87206268310547
0.8960528373718262,21.896650314331055
0.8929083943367004,21.922456741333008
0.8776994943618774,21.94330596923828
0.87098228931427,21.968412399291992
0.878098726272583,21.98143196105957
0.8654987812042236,21.98887825012207
0.8676683902740479,21.996475219726562
0.8988505005836487,22.004011154174805
0.8821460604667664,22.001466751098633
0.883736252784729,21.996278762817383
0.8828945755958557,21.98998260498047
0.8867547512054443,21.98997688293457
0.8931660652160645,21.981382369995117
0.8990247249603271,21.973649978637695
0.8683087825775146,21.969694137573242
0.88219153881073,21.966140747070312
0.8926387429237366,21.958818435668945
0.8954223990440369,21.95293426513672
0.8920490741729736,21.953153610229492
0.8779177665710449,21.957609176635742
0.8784332871437073,21.95402717590332
0.8987822532653809,21.955278396606445
0.8777951002120972,21.95878791809082
0.8891432881355286,21.96198844909668
0.8767580389976501,21.97398567199707
0.876015841960907,21.9874267578125
0.8614016771316528,22.002504348754883
0.8662049770355225,22.015993118286133
0.88587486743927,22.025636672973633
0.8773431777954102,22.029756546020508
0.8628745079040527,22.02250862121582
0.8858006000518799,22.02110481262207
0.8734118938446045,22.020097732543945
0.8906939029693604,22.01677131652832
0.8555732369422913,22.015535354614258
0.8871669769287109,22.02214241027832
0.879014790058136,22.028989791870117
0.8910412788391113,22.032453536987305
0.8627021908760071,22.031572341918945
0.8940808176994324,22.035646438598633
0.8710489869117737,22.043153762817383
0.8986824750900269,22.05732536315918
0.8752527236938477,22.075544357299805
0.8846496343612671,22.08918571472168
0.8826206922531128,22.090909957885742
0.8701270818710327,22.098878860473633
0.884139895439148,22.107820510864258
0.8720731139183044,22.11347770690918
0.8976919651031494,22.110044479370117
0.8762263655662537,22.104629516601562
0.8957187533378601,22.092180252075195
0.8820905685424805,22.07984733581543
0.8664125800132751,22.063093185424805
0.8852347135543823,22.055458068847656
0.8749057054519653,22.056852340698242
0.9012705087661743,22.05229949951172
0.8819565176963806,22.053253173828125
0.8807387948036194,22.04542350769043
0.8827276825904846,22.04052734375
0.881312906742096,22.04246711730957
0.8805432319641113,22.05009651184082
0.8836751580238342,22.054161071777344
0.8824731707572937,22.055381774902344
0.8916918039321899,22.059690475463867
0.8645310401916504,22.05866241455078
0.8849647045135498,22.048728942871094
0.8722742795944214,22.031068801879883
0.8885350823402405,22.011812210083008
0.8913814425468445,21.990095138549805
0.8711303472518921,21.979490280151367
0.8969676494598389,21.975608825683594
0.8569139838218689,21.975725173950195
0.902622640132904,21.971778869628906
0.8747541308403015,21.968595504760742
0.8764256834983826,21.959779739379883
0.8845906257629395,21.954267501831055
0.8764946460723877,21.948331832885742
0.8961137533187866,21.93937873840332
0.8950912952423096,21.93263053894043
0.899783194065094,21.921079635620117
0.8750650882720947,21.91332244873047
0.8825223445892334,21.906282424926758
0.8973594903945923,21.89818000793457
0.8839500546455383,21.894166946411133
0.8832144737243652,21.894346237182617
0.8783476948738098,21.900571823120117
0.8840517997741699,21.912336349487305
0.8598999381065369,21.929527282714844
0.8742027282714844,21.938936233520508
0.881553053855896,21.934694290161133
0.8930908441543579,21.937400817871094
0.8739063739776611,21.94093132019043
0.8809686899185181,21.946075439453125
0.8745948672294617,21.951311111450195
0.8664145469665527,21.94635772705078
0.8746083974838257,21.93682098388672
0.8791631460189819,21.925703048706055
0.8691931366920471,21.910261154174805
0.8847948312759399,21.902311325073242
0.8692284226417542,21.892396926879883
0.8927922248840332,21.86937141418457
0.8927455544471741,21.849531173706055
0.8973720073699951,21.819841384887695
0.9011861085891724,21.790388107299805
0.8711719512939453,21.765291213989258
0.9054174423217773,21.747499465942383
0.8920923471450806,21.725980758666992
0.8998731970787048,21.71234893798828
0.8909590244293213,21.700986862182617
0.8746695518493652,21.67909049987793
0.8907655477523804,21.660478591918945
0.8782243132591248,21.630861282348633
0.869283139705658,21.605207443237305
0.903255045413971,21.579774856567383
0.8959447145462036,21.562044143676758
0.8847073316574097,21.547426223754883
0.8833432197570801,21.535871505737305
0.854141354560852,21.51830291748047
0.8759964108467102,21.50029182434082
0.8782212138175964,21.493972778320312
0.8743525743484497,21.49163055419922
0.8839050531387329,21.49201774597168
0.9020507335662842,21.499570846557617
0.8738672733306885,21.514314651489258
0.8899562358856201,21.532442092895508
0.886809766292572,21.546541213989258
0.9000539779663086,21.56086540222168
0.8872892260551453,21.57715606689453
0.8646910190582275,21.592134475708008
0.8855106830596924,21.60161018371582
0.8556329011917114,21.603727340698242
0.8740788698196411,21.60474967956543
0.889716625213623,21.60875129699707
0.8646337389945984,21.61271858215332
0.9031153321266174,21.617889404296875
0.8939695358276367,21.626340866088867
0.8788711428642273,21.6246337890625
0.8863560557365417,21.61351203918457
0.8983699083328247,21.59815788269043
0.873932957649231,21.58497428894043
0.8723641037940979,21.56953239440918
0.8894969820976257,21.56257438659668
0.8851763010025024,21.557355880737305
0.885633647441864,21.560503005981445
0.8885934352874756,21.574384689331055
0.8786079287528992,21.58799934387207
0.8773409128189087,21.598691940307617
0.8919782638549805,21.59913444519043
0.9027681350708008,21.60076141357422
0.8683860898017883,21.604644775390625
0.8668779134750366,21.605806350708008
0.8852535486221313,21.61388397216797
0.8712621927261353,21.62336540222168
0.902053952217102,21.639753341674805
0.8852693438529968,21.651689529418945
0.8976536393165588,21.657377243041992
0.8741047978401184,21.659486770629883
0.885904848575592,21.65629768371582
0.8779107928276062,21.645170211791992
0.8993792533874512,21.630521774291992
0.8609905242919922,21.617631912231445
0.8824885487556458,21.597183227539062
0.8765243887901306,21.57264518737793
0.9016588926315308,21.54368782043457
0.8784968852996826,21.518037796020508
0.8789945244789124,21.490373611450195
0.8882812261581421,21.469337463378906
0.883263349533081,21.451005935668945
0.8842452764511108,21.442283630371094
0.8575412034988403,21.43463897705078
0.8822016716003418,21.426530838012695
0.8737248182296753,21.42340850830078
0.8950024843215942,21.420318603515625
0.8815212845802307,21.410234451293945
0.8946393728256226,21.39451789855957
0.8666583895683289,21.38145637512207
0.90900057554245,21.36011505126953
0.8726417422294617,21.339698791503906
0.8864942193031311,21.317794799804688
0.9022506475448608,21.301050186157227
0.8676705360412598,21.282785415649414
0.9076656103134155,21.268110275268555
0.8771018385887146,21.261640548706055
0.8743774890899658,21.25129508972168
0.8680427670478821,21.25139617919922
0.8849973678588867,21.247756958007812
0.891518771648407,21.24248504638672
0.8882845640182495,21.241491317749023
0.8875408172607422,21.233823776245117
0.8822989463806152,21.21876335144043
0.9032267332077026,21.192153930664062
0.8758590817451477,21.167753219604492
0.8728774189949036,21.138578414916992
0.876990020275116,21.10716438293457
0.9062095880508423,21.08006477355957
0.8785531520843506,21.056425094604492
0.9105576872825623,21.0310001373291
0.8931759595870972,21.003511428833008
0.8669499754905701,20.978090286254883
0.9053223133087158,20.955350875854492
0.9013718366622925,20.925142288208008
0.890649676322937,20.895803451538086
0.8709716796875,20.86450958251953
0.8735973834991455,20.83833122253418
0.8801034092903137,20.82188606262207
0.8972199559211731,20.807767868041992
0.8734062910079956,20.79469108581543
0.877204179763794,20.784040451049805
0.8665583729743958,20.777795791625977
0.893833339214325,20.77367401123047
0.8684778213500977,20.765356063842773
0.891534686088562,20.758956909179688
0.8671284914016724,20.746564865112305
0.8953851461410522,20.738981246948242
0.8813999891281128,20.734312057495117
0.8983007073402405,20.72093963623047
0.8859798312187195,20.700456619262695
0.8715431094169617,20.689910888671875
0.8951430320739746,20.67889404296875
0.9101539254188538,20.66863441467285
0.8727107048034668,20.658002853393555
0.8812925815582275,20.64337921142578
0.8874574303627014,20.6339168548584
0.879970908164978,20.626358032226562
0.8922715783119202,20.619916915893555
0.8808243870735168,20.615800857543945
0.8792071342468262,20.608076095581055
0.8859255909919739,20.602811813354492
0.8977814316749573,20.6018009185791
0.8816139101982117,20.600393295288086
0.908661425113678,20.59766387939453
0.8800987601280212,20.59735870361328
0.8868790864944458,20.600549697875977
0.892463207244873,20.6042537689209
0.8826166987419128,20.612672805786133
0.8835521936416626,20.62595558166504
0.9040785431861877,20.644453048706055
0.8940298557281494,20.659841537475586
0.8812967538833618,20.673845291137695
0.8730807304382324,20.67799186706543
0.8873334527015686,20.6844539642334
0.87962806224823,20.690656661987305
0.8834864497184753,20.704221725463867
0.8754822611808777,20.707731246948242
0.878812849521637,20.709083557128906
0.8962224721908569,20.714065551757812
0.8939296007156372,20.720565795898438
0.8904544711112976,20.718050003051758
0.8793421387672424,20.71571922302246
0.8928558230400085,20.710458755493164
0.8876964449882507,20.70545196533203
0.8801313042640686,20.704938888549805
0.8918430805206299,20.704755783081055
0.8796586394309998,20.704011917114258
0.8706074953079224,20.699134826660156
0.8898215889930725,20.69637107849121
0.8762199878692627,20.69294548034668
0.8799579739570618,20.688444137573242
0.8947890400886536,20.68288230895996
0.8818051815032959,20.680692672729492
0.8764100074768066,20.673173904418945
0.8950897455215454,20.66782569885254
0.9103008508682251,20.66545295715332
0.8817686438560486,20.6597900390625
0.8867037296295166,20.66722297668457
0.9095137715339661,20.66950225830078
0.881367027759552,20.665788650512695
0.8861812353134155,20.665725708007812
0.8824660181999207,20.671873092651367
0.8777182698249817,20.66782569885254
0.8908747434616089,20.663894653320312
0.8975405693054199,20.65498161315918
0.8875691890716553,20.655977249145508
0.8715822100639343,20.666410446166992
0.8938106298446655,20.67561912536621
0.8703843951225281,20.6909236907959
0.927283525466919,20.700857162475586
0.8909274935722351,20.708459854125977
0.9009183645248413,20.70069694519043
0.897197961807251,20.701963424682617
0.8980927467346191,20.69691276550293
0.8836923837661743,20.69654655456543
0.890648365020752,20.698097229003906
0.8784127235412598,20.71027183532715
0.8833614587783813,20.722253799438477
0.8706957697868347,20.73591423034668
0.8802229762077332,20.74186897277832
0.870961606502533,20.745786666870117
0.87937331199646,20.746816635131836
0.8804055452346802,20.753080368041992
0.8672369718551636,20.762468338012695
0.8888705968856812,20.7783145904541
0.8991003036499023,20.78633689880371
0.8778148293495178,20.783750534057617
0.8705641031265259,20.786867141723633
0.9013990163803101,20.789321899414062
0.8693338632583618,20.781972885131836
0.872471034526825,20.770341873168945
0.8746688961982727,20.759124755859375
0.9090774655342102,20.74699592590332
0.901238203048706,20.734861373901367
0.8875530362129211,20.72638511657715
0.8871230483055115,20.7163143157959
0.8750989437103271,20.70551300048828
0.8942029476165771,20.69208526611328
0.8913315534591675,20.688613891601562
0.8913047313690186,20.679718017578125
0.8907595872879028,20.675634384155273
0.905351996421814,20.67346954345703
0.8983455896377563,20.67781639099121
0.8884435296058655,20.68193817138672
0.9032418131828308,20.68342399597168
0.8923320770263672,20.69687843322754
0.8870464563369751,20.705446243286133
0.8934704065322876,20.711702346801758
0.8906134366989136,20.7105712890625
0.8825070858001709,20.70482063293457
0.8930898904800415,20.706098556518555
0.8821488618850708,20.704374313354492
0.9048327207565308,20.7031192779541
0.8921037316322327,20.69927406311035
0.8646671772003174,20.6922550201416
0.8889337778091431,20.69390106201172
0.8977274894714355,20.694597244262695
0.8905144333839417,20.69142723083496
0.8738815188407898,20.692319869995117
0.8984101414680481,20.686922073364258
0.8932520151138306,20.686912536621094
0.881528913974762,20.68279266357422
0.8804234862327576,20.685304641723633
0.8798223733901978,20.68067169189453
0.8798588514328003,20.679990768432617
0.8984214663505554,20.671525955200195
0.8997241854667664,20.664411544799805
0.900895357131958,20.65962028503418
0.8972176909446716,20.650026321411133
0.9068813323974609,20.64263343811035
0.9049745202064514,20.639249801635742
0.8943669199943542,20.637250900268555
0.8850669860839844,20.635496139526367
0.8842922449111938,20.63868522644043
0.8922575116157532,20.642946243286133
0.8516489863395691,20.641603469848633
0.883094310760498,20.64457893371582
0.8886795043945312,20.649452209472656
0.8765930533409119,20.652280807495117
0.8755918741226196,20.66234016418457
0.8924502730369568,20.671554565429688
0.8774533271789551,20.67445182800293
0.890299379825592,20.673368453979492
0.883223831653595,20.672544479370117
0.8878177404403687,20.66596794128418
0.8819162845611572,20.65227508544922
0.8942919969558716,20.630834579467773
0.8869878053665161,20.606088638305664
0.8957343101501465,20.59122657775879
0.9023820161819458,20.57562255859375
0.8804354667663574,20.56426429748535
0.886313796043396,20.549354553222656
0.8869302868843079,20.531923294067383
0.8848705291748047,20.51770782470703
0.8805251717567444,20.5025691986084
0.8871918320655823,20.484609603881836
0.8907696604728699,20.469388961791992
0.8866704702377319,20.4543514251709
0.9082725048065186,20.452898025512695
0.8649691343307495,20.44581413269043
0.8899879455566406,20.43329620361328
0.8921054601669312,20.415346145629883
0.8780734539031982,20.39838981628418
0.8639160394668579,20.386777877807617
0.8884516954421997,20.36553955078125
0.8938075304031372,20.339330673217773
0.8997713923454285,20.309938430786133
0.9017513394355774,20.279632568359375
0.8772468566894531,20.24932289123535
0.8858880996704102,20.227312088012695
0.8847929835319519,20.21588706970215
0.8992469310760498,20.20311737060547
0.8905259966850281,20.19277000427246
0.8871449828147888,20.178449630737305
0.8824722766876221,20.16987419128418
0.8790141344070435,20.164533615112305
0.9012996554374695,20.156639099121094
0.8739541172981262,20.149446487426758
0.8837974071502686,20.149614334106445
0.8833047151565552,20.15874481201172
0.8885104656219482,20.161043167114258
0.8797255754470825,20.169233322143555
0.8972928524017334,20.169553756713867
0.8960269689559937,20.169042587280273
0.8809104561805725,20.16753578186035
0.8809940814971924,20.166627883911133
0.8504645228385925,20.1711368560791
0.901495099067688,20.17628288269043
0.8839575052261353,20.177629470825195
0.9017780423164368,20.176362991333008
0.8786972761154175,20.179018020629883
0.888684093952179,20.177261352539062
0.9060891270637512,20.1774845123291
0.9080950021743774,20.172273635864258
0.8918403387069702,20.17292594909668
0.8889284729957581,20.170442581176758
0.8865178227424622,20.169702529907227
0.8998631834983826,20.156219482421875
0.8908283114433289,20.14246368408203
0.8713773488998413,20.13288688659668
0.8953883647918701,20.118684768676758
0.8939660787582397,20.11347770690918
0.8705101013183594,20.105695724487305
0.8916634321212769,20.098642349243164
0.8664129376411438,20.09166717529297
0.8660658597946167,20.08128547668457
0.8749913573265076,20.065706253051758
0.9097247123718262,20.04665184020996
0.8909949064254761,20.026506423950195
0.8665854930877686,20.00311851501465
0.8858959078788757,19.984479904174805
0.8816434741020203,19.964872360229492
0.8931559920310974,19.933855056762695
0.8881784677505493,19.895584106445312
0.905236005783081,19.85538673400879
0.887295126914978,19.820837020874023
0.8685170412063599,19.787155151367188
0.899233877658844,19.759614944458008
0.9027858376502991,19.738866806030273
0.8927739262580872,19.72529411315918
0.9086148738861084,19.716936111450195
0.9023942947387695,19.702714920043945
0.9005882143974304,19.68339729309082
0.8811023831367493,19.661611557006836
0.882420539855957,19.646148681640625
0.8892874121665955,19.635147094726562
0.8982508778572083,19.62493324279785
0.8897891044616699,19.616121292114258
0.8870488405227661,19.608076095581055
0.9033944606781006,19.609819412231445
0.9072486758232117,19.612932205200195
0.8928712606430054,19.614341735839844
0.8734365701675415,19.617219924926758
0.8965697884559631,19.6240234375
0.8924112319946289,19.635461807250977
0.8948335647583008,19.647504806518555
0.889043390750885,19.663312911987305
0.8918967843055725,19.67091178894043
0.9020316004753113,19.665870666503906
0.8923664093017578,19.669401168823242
0.8884446620941162,19.671506881713867
0.8976171612739563,19.67754554748535
0.8727136850357056,19.69122314453125
0.9019010066986084,19.701509475708008
0.8962008357048035,19.703676223754883
0.8820996284484863,19.708288192749023
0.9199612736701965,19.70349884033203
0.8982076644897461,19.69932746887207
0.8939700722694397,19.69444465637207
0.8668320775032043,19.68994903564453
0.8940808773040771,19.692808151245117
0.8774223923683167,19.6855525970459
0.8961342573165894,19.682096481323242
0.8926982283592224,19.67945671081543
0.9008244872093201,19.682838439941406
0.8932421803474426,19.688352584838867
0.8737574219703674,19.69514274597168
0.8903192281723022,19.704994201660156
0.8910616636276245,19.70522117614746
0.8650614619255066,19.713693618774414
0.8697639107704163,19.721717834472656
0.8773314952850342,19.73390007019043
0.9009571075439453,19.742948532104492
0.8835219740867615,19.74951934814453
0.8806445002555847,19.741342544555664
0.8786588907241821,19.73041534423828
0.8884167075157166,19.7166748046875
0.8967971801757812,19.69456672668457
0.8824185132980347,19.67777442932129
0.8870181441307068,19.653921127319336
0.8895226716995239,19.6286678314209
0.8893822431564331,19.613142013549805
0.894428014755249,19.593320846557617
0.9024957418441772,19.571462631225586
0.9096395969390869,19.543466567993164
0.8967005014419556,19.52415657043457
0.8886921405792236,19.500516891479492
0.9045669436454773,19.480911254882812
0.868722140789032,19.462251663208008
0.8882747888565063,19.442296981811523
0.8877439498901367,19.428634643554688
0.910107433795929,19.41218376159668
0.8861644864082336,19.40340232849121
0.882289707660675,19.394468307495117
0.9031779766082764,19.39885139465332
0.8660039305686951,19.40082359313965
0.89582759141922,19.396392822265625
0.8914570212364197,19.39478302001953
0.9083220362663269,19.390317916870117
0.8872523903846741,19.384918212890625
0.8957374691963196,19.38066291809082
0.8924481868743896,19.377031326293945
0.8706861734390259,19.36786651611328
0.882296085357666,19.366483688354492
0.8945111036300659,19.3795223236084
0.905906617641449,19.385011672973633
0.8756571412086487,19.388601303100586
0.8937461376190186,19.395124435424805
0.8764086961746216,19.397485733032227
0.8919625282287598,19.385656356811523
0.8875356912612915,19.381643295288086
0.9126720428466797,19.375879287719727
0.873001754283905,19.371843338012695
0.8842360973358154,19.37660026550293
0.8966166377067566,19.385238647460938
0.8909785747528076,19.3961124420166
0.8949834108352661,19.405332565307617
0.9063244462013245,19.409727096557617
0.8818781971931458,19.411714553833008
0.9056270718574524,19.413122177124023
0.8932680487632751,19.408933639526367
0.8982760906219482,19.41398811340332
0.8890302777290344,19.416475296020508
0.8865244388580322,19.415220260620117
0.8963121175765991,19.407630920410156
0.8954544067382812,19.40704345703125
0.9068847298622131,19.411096572875977
0.9056203961372375,19.406526565551758
0.8944999575614929,19.40528678894043
0.9071149826049805,19.402921676635742
0.9034316539764404,19.39985466003418
0.9126605987548828,19.39654541015625
0.8882135152816772,19.391090393066406
0.8704206943511963,19.389310836791992
0.8967049717903137,19.383493423461914
0.8957958221435547,19.3810977935791
0.889289140701294,19.381494522094727
0.8799200654029846,19.378782272338867
0.8972948789596558,19.381216049194336
0.8987146019935608,19.382307052612305
0.9046738743782043,19.377092361450195
0.8834573030471802,19.379289627075195
0.8745289444923401,19.379051208496094
0.8948671817779541,19.373695373535156
0.8763531446456909,19.35959815979004
0.8918142318725586,19.34581756591797
0.8977521657943726,19.33014678955078
0.9166144132614136,19.318132400512695
0.886989414691925,19.306108474731445
0.8873987197875977,19.298730850219727
0.889211118221283,19.291236877441406
0.903285562992096,19.28645133972168
0.8973658084869385,19.287424087524414
0.8897270560264587,19.282136917114258
0.9024070501327515,19.278425216674805
0.8953660726547241,19.279680252075195
0.8884459733963013,19.276399612426758
0.8818507790565491,19.271589279174805
0.9135630130767822,19.272438049316406
0.8901209831237793,19.274457931518555
0.8846060633659363,19.27247428894043
0.8834771513938904,19.26877784729004
0.8959065675735474,19.254972457885742
0.8937728404998779,19.24052619934082
0.88155198097229,19.22112274169922
0.9006547927856445,19.20543670654297
0.8963451385498047,19.19611167907715
0.89409339427948,19.187681198120117
0.8960535526275635,19.17662239074707
0.8986223340034485,19.169004440307617
0.8781492114067078,19.172880172729492
0.8946966528892517,19.171693801879883
0.8819961547851562,19.168968200683594
0.8847980499267578,19.159067153930664
0.8877594470977783,19.1446475982666
0.9194315671920776,19.13277244567871
0.8915291428565979,19.112197875976562
0.9149158596992493,19.093969345092773
0.882320761680603,19.078643798828125
0.8862345218658447,19.063920974731445
0.8973805904388428,19.04930877685547
0.9020919799804688,19.041166305541992
0.9133114814758301,19.031949996948242
0.8942214846611023,19.020591735839844
0.8905786275863647,19.009504318237305
0.8720124363899231,18.9956111907959
0.8939201235771179,18.98063850402832
0.8888035416603088,18.975496292114258
0.8893009424209595,18.972318649291992
0.895110011100769,18.959182739257812
0.8862977623939514,18.946073532104492
0.8975570201873779,18.936126708984375
0.9162474870681763,18.92329216003418
0.8988281488418579,18.91461753845215
0.8915643095970154,18.911603927612305
0.884666383266449,18.91395378112793
0.8877389430999756,18.906356811523438
0.8844239711761475,18.90180778503418
0.8801136612892151,18.901769638061523
0.8883545398712158,18.903310775756836
0.8717750310897827,18.902772903442383
0.8991949558258057,18.903242111206055
0.892209529876709,18.901216506958008
0.9100298285484314,18.898115158081055
0.9150981903076172,18.896459579467773
0.8923320770263672,18.895811080932617
0.9164385795593262,18.900014877319336
0.8942321538925171,18.89934730529785
0.8672735691070557,18.895719528198242
0.8666063547134399,18.888269424438477
0.873921275138855,18.883567810058594
0.8982909917831421,18.874177932739258
0.882745623588562,18.867935180664062
0.8837239146232605,18.859954833984375
0.8791061043739319,18.85193634033203
0.8848093152046204,18.847536087036133
0.9044514894485474,18.85041046142578
0.9138495326042175,18.85814666748047
0.892085611820221,18.8620548248291
0.9040378332138062,18.872907638549805
0.8992006778717041,18.882871627807617
0.9020853638648987,18.892179489135742
0.899819552898407,18.898712158203125
0.9051511287689209,18.901321411132812
0.8958543539047241,18.90257453918457
0.8855233788490295,18.91145133972168
0.8973528742790222,18.91740608215332
0.8961632251739502,18.92006492614746
0.8954514861106873,18.920021057128906
0.8750794529914856,18.916418075561523
0.9030358791351318,18.917299270629883
0.8954946994781494,18.918014526367188
0.8972426652908325,18.9138126373291
0.8943273425102234,18.895788192749023
0.9010180830955505,18.882156372070312
0.9034432768821716,18.86534309387207
0.9042826294898987,18.851282119750977
0.8787422776222229,18.828893661499023
0.8793192505836487,18.807504653930664
0.8953299522399902,18.783769607543945
0.8994492888450623,18.761903762817383
0.8847687244415283,18.73924446105957
0.876146137714386,18.710466384887695
0.8953424096107483,18.67352867126465
0.9015592932701111,18.63715934753418
0.8982040882110596,18.60069465637207
0.8857342004776001,18.565839767456055
0.8661144971847534,18.530471801757812
0.8821916580200195,18.502046585083008
0.8833469152450562,18.47465705871582
0.9043596982955933,18.441755294799805
0.8948569893836975,18.409555435180664
0.8786966800689697,18.380422592163086
0.8689525127410889,18.3564510345459
0.8900879621505737,18.33359718322754
0.8875157237052917,18.31581687927246
0.8914491534233093,18.300649642944336
0.8890549540519714,18.283315658569336
0.8811479210853577,18.27314567565918
0.8783672451972961,18.257413864135742
0.8870334625244141,18.24102020263672
0.8875350952148438,18.22428321838379
0.9112288951873779,18.210405349731445
0.9026527404785156,18.206392288208008
0.8990881443023682,18.21021270751953
0.9058324694633484,18.205801010131836
0.9015212655067444,18.197725296020508
0.9162237644195557,18.1852970123291
0.884303867816925,18.17803192138672
0.8854489326477051,18.168561935424805
0.8994565010070801,18.163665771484375
0.8948466777801514,18.160003662109375
0.89395672082901,18.162160873413086
0.9003322124481201,18.166915893554688
0.8873418569564819,18.17116355895996
0.8817968964576721,18.184785842895508
0.9206617474555969,18.20305633544922
0.8942747712135315,18.21946144104004
0.8912352323532104,18.23223304748535
0.8916727900505066,18.246599197387695
0.8692983388900757,18.2730655670166
0.8840341567993164,18.305953979492188
0.9172122478485107,18.344390869140625
0.875923752784729,18.36760139465332
0.8819298148155212,18.386674880981445
0.8982522487640381,18.40277862548828
0.8986617922782898,18.42298126220703
0.8725289106369019,18.4312744140625
0.9012264013290405,18.451675415039062
0.8951206207275391,18.468034744262695
0.898245096206665,18.483091354370117
0.8848637342453003,18.491567611694336
0.8642978668212891,18.49739646911621
0.8741667866706848,18.49774169921875
0.8955879211425781,18.488248825073242
0.8951550722122192,18.476778030395508
0.8887251615524292,18.460786819458008
0.8975648283958435,18.445526123046875
0.8947140574455261,18.432924270629883
0.8867473602294922,18.426727294921875
0.8961537480354309,18.41568946838379
0.9048061370849609,18.416494369506836
0.8957138061523438,18.42313575744629
0.8947271108627319,18.42620849609375
0.8972917795181274,18.426300048828125
0.902246356010437,18.42474365234375
0.9046792387962341,18.419801712036133
0.8903683423995972,18.41595458984375
0.8855265974998474,18.404054641723633
0.8900430798530579,18.397554397583008
0.9188783168792725,18.384475708007812
0.8843724727630615,18.365144729614258
0.8934771418571472,18.351179122924805
0.8876572251319885,18.343795776367188
0.8960660696029663,18.332441329956055
0.894794225692749,18.31795310974121
0.8788552284240723,18.305551528930664
0.8897978663444519,18.285676956176758
0.9028540253639221,18.268659591674805
0.8868967294692993,18.24614143371582
0.8868277072906494,18.226675033569336
0.8843814134597778,18.20928192138672
0.907153308391571,18.1964111328125
0.8985083699226379,18.187807083129883
0.9201966524124146,18.17790985107422
0.8849838972091675,18.171655654907227
0.8941386938095093,18.16148567199707
0.8900786638259888,18.153162002563477
0.8926249742507935,18.146848678588867
0.899509072303772,18.141286849975586
0.8963326811790466,18.134328842163086
0.9043976664543152,18.127004623413086
0.901526927947998,18.116910934448242
0.8758624196052551,18.10358238220215
0.9063613414764404,18.090993881225586
0.8833555579185486,18.074506759643555
0.8708161115646362,18.058433532714844
0.9041666984558105,18.044645309448242
0.9000977277755737,18.037748336791992
0.899688720703125,18.00956916809082
0.885682225227356,17.98687171936035
0.8894814848899841,17.967790603637695
0.8929754495620728,17.95284080505371
0.8968067765235901,17.940828323364258
0.9060367345809937,17.931428909301758
0.9072182178497314,17.921125411987305
0.8906848430633545,17.908586502075195
0.8839288949966431,17.89699363708496
0.9322235584259033,17.883668899536133
0.891739010810852,17.872682571411133
0.8859798908233643,17.86402702331543
0.8685983419418335,17.852689743041992
0.8932605385780334,17.83690071105957
0.908079206943512,17.828134536743164
0.8828785419464111,17.823394775390625
0.8921589851379395,17.82390022277832
0.895389199256897,17.819379806518555
0.8823691606521606,17.819473266601562
0.9106138944625854,17.814855575561523
0.9088276624679565,17.811784744262695
0.8880606293678284,17.80837059020996
0.875130295753479,17.801897048950195
0.8654407858848572,17.80088996887207
0.903933048248291,17.79756736755371
0.8911145329475403,17.794893264770508
0.895001232624054,17.79009437561035
0.8987865447998047,17.78898811340332
0.8700979948043823,17.797163009643555
0.890457272529602,17.801542282104492
0.8955255746841431,17.809965133666992
0.9151633977890015,17.815330505371094
0.8505924940109253,17.826269149780273
0.8883050084114075,17.830739974975586
0.9125218391418457,17.8320369720459
0.9068765640258789,17.83390998840332
0.8960235714912415,17.83106803894043
0.8837501406669617,17.827791213989258
0.9011907577514648,17.826278686523438
0.8997750282287598,17.82774543762207
0.89139324426651,17.820486068725586
0.9139081835746765,17.79884147644043
0.8831854462623596,17.773536682128906
0.891193687915802,17.740827560424805
0.8945102095603943,17.711774826049805
0.906491219997406,17.694475173950195
0.9055686593055725,17.678312301635742
0.8916480541229248,17.66478729248047
0.9043372869491577,17.656723022460938
0.886544942855835,17.651071548461914
0.9095238447189331,17.64738655090332
0.8916465640068054,17.65467643737793
0.8935344219207764,17.66938591003418
0.8891382813453674,17.683279037475586
0.879340410232544,17.700407028198242
0.8900575041770935,17.709917068481445
0.8935325145721436,17.72632598876953
0.8987730145454407,17.72810173034668
0.8837259411811829,17.726417541503906
0.8968371152877808,17.722450256347656
0.8987489938735962,17.7200870513916
0.9123965501785278,17.72050666809082
0.8945744633674622,17.728158950805664
0.9003217220306396,17.733427047729492
0.9090200662612915,17.73383140563965
0.8966529369354248,17.732763290405273
0.8905977606773376,17.73017692565918
0.901786208152771,17.72968292236328
0.871220588684082,17.735315322875977
0.8934802412986755,17.740083694458008
0.8835899233818054,17.745656967163086
0.8916394114494324,17.749738693237305
0.8954610824584961,17.74930763244629
0.8827381730079651,17.749183654785156
0.9216723442077637,17.751686096191406
0.9033385515213013,17.758224487304688
0.9186469912528992,17.76215934753418
0.8870455026626587,17.764680862426758
0.9140185117721558,17.768587112426758
0.8923658728599548,17.774856567382812
0.8811346292495728,17.776704788208008
0.8999987244606018,17.775550842285156
0.9066956043243408,17.773900985717773
0.884214460849762,17.777780532836914
0.8871744275093079,17.782865524291992
0.8955594897270203,17.7839412689209
0.9107479453086853,17.788299560546875
0.8817464113235474,17.794408798217773
0.8994941711425781,17.803123474121094
0.8861767053604126,17.801633834838867
0.8940966129302979,17.79913330078125
0.8986119031906128,17.793031692504883
0.9111760258674622,17.789812088012695
0.9062440395355225,17.77765655517578
0.9038777351379395,17.761430740356445
0.8944038152694702,17.752565383911133
0.8998578786849976,17.744638442993164
0.9143029451370239,17.730424880981445
0.8885623812675476,17.714134216308594
0.8858710527420044,17.69947624206543
0.8926137685775757,17.685319900512695
0.8991432785987854,17.66552734375
0.8853465914726257,17.649688720703125
0.8735404014587402,17.644493103027344
0.8973506093025208,17.631277084350586
0.894315779209137,17.61881446838379
0.9036034941673279,17.606294631958008
0.8968125581741333,17.60203742980957
0.8970226645469666,17.596555709838867
0.8889126777648926,17.592199325561523
0.9234275817871094,17.58563995361328
0.9053621292114258,17.575891494750977
0.9074949026107788,17.57692527770996
0.8916117548942566,17.585084915161133
0.8824769258499146,17.59136199951172
0.8977084159851074,17.5936222076416
0.881316602230072,17.60276222229004
0.8936982750892639,17.607139587402344
0.8922178149223328,17.60581398010254
0.894856333732605,17.601030349731445
0.8876445293426514,17.59815216064453
0.8848879337310791,17.5961971282959
0.9137790203094482,17.59907341003418
0.9084322452545166,17.600934982299805
0.9050695896148682,17.59918785095215
0.8754227757453918,17.592561721801758
0.8907535672187805,17.585020065307617
0.8814904689788818,17.578208923339844
0.9023342132568359,17.564773559570312
0.8992094993591309,17.552541732788086
0.8893121480941772,17.543577194213867
0.9074007272720337,17.530946731567383
0.8778586387634277,17.517709732055664
0.8946239948272705,17.504732131958008
0.8805156350135803,17.49357795715332
0.9123846888542175,17.487512588500977
0.8877493739128113,17.479286193847656
0.8955128788948059,17.467912673950195
0.9048622846603394,17.455018997192383
0.8791825175285339,17.447954177856445
0.8926898837089539,17.446199417114258
0.9083569645881653,17.447694778442383
0.8902119398117065,17.449235916137695
0.8950270414352417,17.459306716918945
0.8940331339836121,17.470579147338867
0.8979036808013916,17.478370666503906
0.887976348400116,17.488075256347656
0.8927671313285828,17.49921417236328
0.9074723720550537,17.504404067993164
0.9036064743995667,17.502683639526367
0.8962860107421875,17.493799209594727
0.8804990649223328,17.488744735717773
0.9097378253936768,17.488615036010742
0.8864079713821411,17.496767044067383
0.8868268728256226,17.50037956237793
0.8838954567909241,17.51249122619629
0.8880839943885803,17.522720336914062
0.8856615424156189,17.533926010131836
0.8941539525985718,17.54010009765625
0.9210284352302551,17.553064346313477
0.898162305355072,17.559297561645508
0.898428738117218,17.561246871948242
0.9036654233932495,17.565017700195312
0.8985823392868042,17.570022583007812
0.8965190052986145,17.56709098815918
0.8863707184791565,17.5682315826416
0.8981544971466064,17.567453384399414
0.901191234588623,17.572385787963867
0.9263189435005188,17.57573699951172
0.9140095114707947,17.57695198059082
0.8954139947891235,17.579225540161133
0.9046053886413574,17.584701538085938
0.9096165895462036,17.585660934448242
0.8973491787910461,17.583585739135742
0.8803223371505737,17.584692001342773
0.8916698098182678,17.58806610107422
0.8890971541404724,17.591814041137695
0.9057198166847229,17.597883224487305
0.8746313452720642,17.606332778930664
0.8858669996261597,17.624160766601562
0.8917908072471619,17.64906120300293
0.9049682021141052,17.668169021606445
0.9094471335411072,17.686424255371094
0.9012041091918945,17.698287963867188
0.8997787237167358,17.70646858215332
0.8920734524726868,17.715173721313477
0.9054468870162964,17.71879768371582
0.8852236866950989,17.716535568237305
0.9007998704910278,17.710060119628906
0.8850354552268982,17.708742141723633
0.9093314409255981,17.707231521606445
0.9032123684883118,17.708581924438477
0.9070724844932556,17.711135864257812
0.8701025247573853,17.7131290435791
0.9135048985481262,17.71285057067871
0.9060513377189636,17.711057662963867
0.8856784701347351,17.711198806762695
0.8868480920791626,17.72328758239746
0.9024906754493713,17.73172950744629
0.9006964564323425,17.738494873046875
0.8718954920768738,17.75123405456543
0.9060485363006592,17.756746292114258
0.8798507452011108,17.765579223632812
0.8975311517715454,17.763885498046875
0.9202222228050232,17.754636764526367
0.8881222605705261,17.743057250976562
0.8779981732368469,17.72199821472168
0.9112098217010498,17.701799392700195
0.887522280216217,17.685853958129883
0.8994075655937195,17.666765213012695
0.8957667350769043,17.63991355895996
0.8891751766204834,17.618635177612305
0.8885246515274048,17.596336364746094
0.8817914724349976,17.573869705200195
0.8984841108322144,17.54714012145996
0.8889679908752441,17.526304244995117
0.901566743850708,17.506637573242188
0.8909309506416321,17.489126205444336
0.8932155966758728,17.47002601623535
0.9078583717346191,17.451459884643555
0.870337963104248,17.426712036132812
0.9038690328598022,17.397483825683594
0.9017733335494995,17.372270584106445
0.9048358798027039,17.346132278442383
0.8868918418884277,17.32237434387207
0.894853413105011,17.297456741333008
0.8921810984611511,17.272974014282227
0.8885719776153564,17.258066177368164
0.9006582498550415,17.248933792114258
0.904235303401947,17.239286422729492
0.9022574424743652,17.233932495117188
0.9057794213294983,17.228166580200195
0.9032877087593079,17.224790573120117
0.9057068228721619,17.21356773376465
0.8815046548843384,17.20197296142578
0.879849374294281,17.183273315429688
0.8744207620620728,17.165428161621094
0.9199418425559998,17.148527145385742
0.8935022354125977,17.124834060668945
0.8919762372970581,17.10515594482422
0.9035508036613464,17.096376419067383
0.903694748878479,17.08519172668457
0.8929402232170105,17.06772804260254
0.8910205960273743,17.054365158081055
0.9049561023712158,17.03887176513672
0.9042801856994629,17.02104949951172
0.8904211521148682,17.00345802307129
0.9013419151306152,16.984888076782227
0.91185462474823,16.96980857849121
0.8772053718566895,16.948951721191406
0.8988491296768188,16.928037643432617
0.8972402811050415,16.911392211914062
0.8879949450492859,16.896560668945312
0.8797683119773865,16.874849319458008
0.9030867218971252,16.849586486816406
0.8917606472969055,16.828889846801758
0.8965052366256714,16.809350967407227
0.8935123682022095,16.79511833190918
0.8998541235923767,16.780759811401367
0.8939874172210693,16.764707565307617
0.8984329700469971,16.751066207885742
0.9119516611099243,16.74305534362793
0.9086886644363403,16.738893508911133
0.9020981192588806,16.736318588256836
0.9036414623260498,16.73234748840332
0.9212191104888916,16.72810935974121
0.8945453763008118,16.733861923217773
0.8963470458984375,16.738462448120117
0.9009985327720642,16.743789672851562
0.9102758765220642,16.751253128051758
0.8900155425071716,16.756820678710938
0.9038129448890686,16.756101608276367
0.899451732635498,16.7607479095459
0.9012123346328735,16.77828025817871
0.9099487662315369,16.78999900817871
0.899975061416626,16.807212829589844
0.9030149579048157,16.828882217407227
0.887738049030304,16.8445987701416
0.8854552507400513,16.853185653686523
0.9077843427658081,16.85435676574707
0.9033744931221008,16.855558395385742
0.8994172811508179,16.86061668395996
0.9042485952377319,16.861745834350586
0.8816958069801331,16.86146354675293
0.8813657164573669,16.86585807800293
0.9152207374572754,16.864500045776367
0.9054346680641174,16.861417770385742
0.9020989537239075,16.85863494873047
0.8970803022384644,16.849843978881836
0.9027631878852844,16.839508056640625
0.9029412269592285,16.825666427612305
0.9051845669746399,16.81306266784668
0.909320056438446,16.792024612426758
0.8927322626113892,16.775922775268555
0.8988624215126038,16.75647735595703
0.9168307781219482,16.74379539489746
0.90900719165802,16.742834091186523
0.8843343257904053,16.73724365234375
0.9018207788467407,16.737693786621094
0.8914083242416382,16.737146377563477
0.9064033031463623,16.737550735473633
0.8882851600646973,16.744394302368164
0.9140670895576477,16.7467098236084
0.8940786719322205,16.756216049194336
0.8937929272651672,16.770631790161133
0.8953673839569092,16.790510177612305
0.9038753509521484,16.809524536132812
0.9145650863647461,16.828733444213867
0.882584273815155,16.845916748046875
0.9167327880859375,16.855314254760742
0.898564875125885,16.86420440673828
0.8949474096298218,16.868181228637695
0.894993782043457,16.865617752075195
0.8953519463539124,16.863882064819336
0.9060930013656616,16.85865592956543
0.9039868116378784,16.856725692749023
0.8994455337524414,16.855623245239258
0.8893213272094727,16.859359741210938
0.889500081539154,16.864362716674805
0.8901558518409729,16.866971969604492
0.9103308916091919,16.872255325317383
0.9165685772895813,16.869102478027344
0.8831072449684143,16.865697860717773
0.9065393209457397,16.855974197387695
0.8940867781639099,16.850557327270508
0.9132137298583984,16.84971046447754
0.8964905738830566,16.850114822387695
0.8757160305976868,16.855131149291992
0.8997049927711487,16.86021614074707
0.9031103253364563,16.865400314331055
0.9013462662696838,16.86362648010254
0.9197639226913452,16.86199951171875
0.9055877923965454,16.86930274963379
0.8942566514015198,16.880849838256836
0.9164121747016907,16.888090133666992
0.9181967973709106,16.889863967895508
0.9103504419326782,16.897951126098633
0.8979595899581909,16.901914596557617
0.9038287401199341,16.901762008666992
0.9074779748916626,16.89910888671875
0.9059340953826904,16.89216423034668
0.9000023603439331,16.88271141052246
0.9030881524085999,16.87269401550293
0.8979183435440063,16.865888595581055
0.9199620485305786,16.85550880432129
0.8953174948692322,16.842527389526367
0.8961015939712524,16.829851150512695
0.8954930901527405,16.81828498840332
0.9054503440856934,16.799577713012695
0.8809992074966431,16.776899337768555
0.9204787015914917,16.74385643005371
0.8868021368980408,16.70823860168457
0.9105320572853088,16.674116134643555
0.9059525728225708,16.643869400024414
0.8991729617118835,16.612157821655273
0.9173344373703003,16.58150291442871
0.9079355001449585,16.559926986694336
0.9138772487640381,16.54145050048828
0.9019352197647095,16.5245418548584
0.8854765295982361,16.509763717651367
0.9152584671974182,16.49457550048828
0.9055827856063843,16.488279342651367
0.895938515663147,16.47749137878418
0.8994095921516418,16.467527389526367
0.9013349413871765,16.45179557800293
0.8994001150131226,16.43963050842285
0.905470609664917,16.425626754760742
0.8956205248832703,16.4130916595459
0.9130418300628662,16.414308547973633
0.9090263247489929,16.413772583007812
0.899655818939209,16.41335105895996
0.9090963006019592,16.41124153137207
0.9137411713600159,16.414365768432617
0.8844810724258423,16.41282844543457
0.9193079471588135,16.408493041992188
0.9072874784469604,16.40467071533203
0.9066410660743713,16.401044845581055
0.9099947214126587,16.404022216796875
0.8870190978050232,16.410417556762695
0.8948954939842224,16.40734100341797
0.8981162309646606,16.396211624145508
0.8912606835365295,16.38861846923828
0.8983272314071655,16.381765365600586
0.9000289440155029,16.372835159301758
0.9159723520278931,16.35730743408203
0.8941507339477539,16.342679977416992
0.8981483578681946,16.33278465270996
0.9081517457962036,16.31871223449707
0.905451774597168,16.30620002746582
0.8946442604064941,16.29265022277832
0.8849654197692871,16.281564712524414
0.9150532484054565,16.270360946655273
0.8930057287216187,16.258756637573242
0.8934732675552368,16.243558883666992
0.9098209142684937,16.229707717895508
0.9132865071296692,16.21616554260254
0.9159566164016724,16.20421028137207
0.9046710729598999,16.192773818969727
0.8959209322929382,16.178300857543945
0.9095234870910645,16.16975975036621
0.8985530734062195,16.1658878326416
0.8915835022926331,16.154268264770508
0.9072698950767517,16.13966178894043
0.8993078470230103,16.131650924682617
0.8975480794906616,16.129758834838867
0.8983849883079529,16.12761878967285
0.9026065468788147,16.129671096801758
0.9094504714012146,16.12916374206543
0.8913036584854126,16.12499237060547
0.8768579959869385,16.119918823242188
0.8827859163284302,16.11505889892578
0.9051855206489563,16.105100631713867
0.8797394037246704,16.09290885925293
0.922457218170166,16.073638916015625
0.9052383303642273,16.058996200561523
0.9068987965583801,16.041603088378906
0.897887110710144,16.026132583618164
0.9082727432250977,16.00904655456543
0.9136475920677185,15.992659568786621
0.8916671872138977,15.983010292053223
0.8972213268280029,15.970337867736816
0.9014004468917847,15.955018043518066
0.8996096849441528,15.940863609313965
0.9048340320587158,15.92795467376709
0.914327085018158,15.918540000915527
0.9261425733566284,15.908638000488281
0.8796007633209229,15.903519630432129
0.9051825404167175,15.896737098693848
0.9197145104408264,15.89156436920166
0.8820456266403198,15.890320777893066
0.9000880718231201,15.891404151916504
0.9090670347213745,15.895386695861816
0.9007240533828735,15.903349876403809
0.918205738067627,15.913176536560059
0.9137728214263916,15.925124168395996
0.9200371503829956,15.932212829589844
0.8931930065155029,15.938185691833496
0.909728467464447,15.951446533203125
0.901388943195343,15.960747718811035
0.893123984336853,15.970198631286621
0.9044028520584106,15.978089332580566
0.9214085936546326,15.993134498596191
0.9086287021636963,16.004789352416992
0.8936566710472107,16.01275062561035
0.8774867057800293,16.019792556762695
0.9055903553962708,16.028066635131836
0.8952467441558838,16.036117553710938
0.9208414554595947,16.043119430541992
0.9034295082092285,16.044897079467773
0.8981355428695679,16.044981002807617
0.91047203540802,16.045625686645508
0.9044421911239624,16.04646110534668
0.9096282124519348,16.038915634155273
0.9037020206451416,16.028839111328125
0.9017348289489746,16.01539421081543
0.8965064287185669,16.001035690307617
0.8837234973907471,15.994017601013184
0.9030150175094604,15.986481666564941
0.906423807144165,15.978592872619629
0.893053412437439,15.970855712890625
0.9076985120773315,15.961935997009277
0.9139314889907837,15.949250221252441
0.9032461047172546,15.943046569824219
0.8951979279518127,15.937386512756348
0.9003193378448486,15.932190895080566
0.8971719145774841,15.92360782623291
0.8970991373062134,15.916380882263184
0.8886498212814331,15.910574913024902
0.9121805429458618,15.90017032623291
0.8769596815109253,15.884055137634277
0.8934752941131592,15.863921165466309
0.9110251069068909,15.839690208435059
0.8965790271759033,15.818848609924316
0.8965206146240234,15.79776668548584
0.8886985778808594,15.778456687927246
0.9160510897636414,15.763848304748535
0.9007753133773804,15.755684852600098
0.916828989982605,15.741499900817871
0.8883918523788452,15.729582786560059
0.8980141878128052,15.721940040588379
0.9215517640113831,15.714692115783691
0.9085693359375,15.703071594238281
0.898923397064209,15.698563575744629
0.9175249338150024,15.688232421875
0.8964393138885498,15.675848960876465
0.8848968148231506,15.66079044342041
0.9173004627227783,15.646653175354004
0.909920334815979,15.629852294921875
0.8918924331665039,15.613730430603027
0.8925455212593079,15.598105430603027
0.8941348195075989,15.585151672363281
0.9184210896492004,15.568406105041504
0.9065675139427185,15.543829917907715
0.8946131467819214,15.523239135742188
0.9289560317993164,15.50075626373291
0.9304156303405762,15.488801002502441
0.902414858341217,15.476075172424316
0.9006178379058838,15.466338157653809
0.894349992275238,15.455315589904785
0.8915033340454102,15.444869995117188
0.9038714170455933,15.435967445373535
0.8973066210746765,15.429488182067871
0.9009041786193848,15.422972679138184
0.9136936664581299,15.423903465270996
0.9072263240814209,15.423829078674316
0.9023491144180298,15.424361228942871
0.9224259853363037,15.424241065979004
0.9139693379402161,15.427369117736816
0.9148146510124207,15.432892799377441
0.8958490490913391,15.430647850036621
0.8983489871025085,15.423203468322754
0.8909205198287964,15.421355247497559
0.8980569839477539,15.415993690490723
0.9077280759811401,15.405539512634277
0.916027307510376,15.394745826721191
0.8853652477264404,15.383864402770996
0.8786098957061768,15.376816749572754
0.882291316986084,15.367385864257812
0.9172132015228271,15.358901023864746
0.904228150844574,15.346579551696777
0.8855780959129333,15.334693908691406
0.8983440399169922,15.320931434631348
0.8905026912689209,15.309243202209473
0.9097900390625,15.29982852935791
0.9105275869369507,15.287049293518066
0.9074210524559021,15.270195960998535
0.8964719772338867,15.254127502441406
0.8909071683883667,15.23421573638916
0.8983072638511658,15.221037864685059
0.8977248668670654,15.211424827575684
0.9191380739212036,15.198418617248535
0.9141762852668762,15.186881065368652
0.9128231406211853,15.166718482971191
0.8834410905838013,15.146523475646973
0.9149133563041687,15.129950523376465
0.897842288017273,15.116189002990723
0.8906956315040588,15.107232093811035
0.91193687915802,15.096840858459473
0.919710636138916,15.086502075195312
0.9040064215660095,15.076172828674316
0.9034824967384338,15.070305824279785
0.8989660143852234,15.067505836486816
0.917249321937561,15.062264442443848
0.9020525217056274,15.056800842285156
0.9047757387161255,15.05385684967041
0.9077630043029785,15.047179222106934
0.9134413599967957,15.041085243225098
0.90781170129776,15.032502174377441
0.9192878007888794,15.027168273925781
0.8966835737228394,15.023194313049316
0.8935360312461853,15.02371883392334
0.9066460132598877,15.027937889099121
0.8846247792243958,15.042313575744629
0.8866415023803711,15.053252220153809
0.8985893726348877,15.059524536132812
0.9158732891082764,15.069891929626465
0.9076621532440186,15.07761287689209
0.9126161336898804,15.088547706604004
0.905896782875061,15.101478576660156
0.8968077301979065,15.11167049407959
0.917875349521637,15.121504783630371
0.8940138220787048,15.12833309173584
0.9116930961608887,15.135819435119629
0.9153288006782532,15.139533042907715
0.9082677364349365,15.141257286071777
0.9035090804100037,15.141250610351562
0.8970959782600403,15.142685890197754
0.9065590500831604,15.147011756896973
0.9123523831367493,15.151824951171875
0.9142244458198547,15.150954246520996
0.904874324798584,15.149704933166504
0.9109182357788086,15.147231101989746
0.9086458683013916,15.143913269042969
0.9060205817222595,15.139212608337402
0.9006186723709106,15.135476112365723
0.9053800702095032,15.129654884338379
0.9037027359008789,15.125556945800781
0.907946765422821,15.128548622131348
0.9055711030960083,15.13037109375
0.8890128135681152,15.129714012145996
0.9182921051979065,15.126112937927246
0.9222440719604492,15.119523048400879
0.9000810384750366,15.109886169433594
0.8950878977775574,15.100852966308594
0.9030793309211731,15.09291934967041
0.9069287180900574,15.084426879882812
0.911793053150177,15.072273254394531
0.9004917740821838,15.057557106018066
0.9225850701332092,15.03934383392334
0.9120854139328003,15.026297569274902
0.9120608568191528,15.018975257873535
0.9159953594207764,15.009316444396973
0.9322693943977356,14.998344421386719
0.8976914882659912,14.983160972595215
0.9073167443275452,14.967741966247559
0.9072179198265076,14.955772399902344
0.9130143523216248,14.941534996032715
0.9022819399833679,14.93241024017334
0.9026057720184326,14.925797462463379
0.9085144996643066,14.914671897888184
0.8979950547218323,14.909050941467285
0.9153452515602112,14.897774696350098
0.9080992937088013,14.885130882263184
0.9046938419342041,14.875816345214844
0.90016770362854,14.866860389709473
0.9106993079185486,14.856245994567871
0.914313793182373,14.8443603515625
0.916290283203125,14.824410438537598
0.8992170095443726,14.803383827209473
0.9136638641357422,14.790108680725098
0.9115015268325806,14.778136253356934
0.8854069709777832,14.770440101623535
0.9019822478294373,14.776222229003906
0.9135986566543579,14.772200584411621
0.9035669565200806,14.76210880279541
0.8769369721412659,14.756125450134277
0.9151174426078796,14.753715515136719
0.9087682962417603,14.75528621673584
0.8828514218330383,14.757994651794434
0.9029034376144409,14.757424354553223
0.8933353424072266,14.756857872009277
0.9261949062347412,14.758162498474121
0.8994108438491821,14.756073951721191
0.890052318572998,14.755265235900879
0.8895788192749023,14.758360862731934
0.8905283212661743,14.758286476135254
0.9117371439933777,14.753296852111816
0.9180356860160828,14.749337196350098
0.9065258502960205,14.742478370666504
0.9041458368301392,14.732697486877441
0.9048782587051392,14.71726131439209
0.8937357068061829,14.710800170898438
0.8874175548553467,14.706870079040527
0.9127330183982849,14.701478004455566
0.9052965641021729,14.700797080993652
0.92734694480896,14.702088356018066
0.8986393809318542,14.702383995056152
0.9076933860778809,14.70259952545166
0.9175323843955994,14.69722843170166
0.9104451537132263,14.690529823303223
0.9094099402427673,14.684379577636719
0.9090245962142944,14.679886817932129
0.9035593867301941,14.678420066833496
0.9120570421218872,14.675675392150879
0.893557071685791,14.674338340759277
0.9192010164260864,14.67850399017334
0.928722620010376,14.68112850189209
0.8767812252044678,14.686463356018066
0.8977516889572144,14.680954933166504
0.8940237760543823,14.676926612854004
0.9028030633926392,14.671982765197754
0.8972731828689575,14.670090675354004
0.9016435146331787,14.662826538085938
0.9136491417884827,14.655349731445312
0.9072800874710083,14.650229454040527
0.9054445028305054,14.644257545471191
0.9090068936347961,14.635331153869629
0.9059017300605774,14.62143611907959
0.8943382501602173,14.610442161560059
0.9146324396133423,14.60418701171875
0.8923583030700684,14.597540855407715
0.8997311592102051,14.596344947814941
0.9094598889350891,14.594773292541504
0.9152025580406189,14.591841697692871
0.8992342352867126,14.587082862854004
0.93080735206604,14.585221290588379
0.9070883989334106,14.588652610778809
0.8963462114334106,14.592734336853027
0.9071166515350342,14.595824241638184
0.9063803553581238,14.595986366271973
0.9025989174842834,14.595732688903809
0.8977657556533813,14.592965126037598
0.916925311088562,14.583480834960938
0.9369449615478516,14.57852840423584
0.9027543663978577,14.582854270935059
0.9094758033752441,14.580855369567871
0.8964172601699829,14.579405784606934
0.8940433263778687,14.57681941986084
0.9051554203033447,14.574385643005371
0.9081162810325623,14.571221351623535
0.9237073063850403,14.564393043518066
0.9063013195991516,14.557358741760254
0.8709109425544739,14.550612449645996
0.9185263514518738,14.543089866638184
0.9051650166511536,14.53629207611084
0.8883056640625,14.528565406799316
0.8976752161979675,14.517899513244629
0.9055471420288086,14.50296688079834
0.9079294800758362,14.49129581451416
0.9081048965454102,14.485275268554688
0.9092702865600586,14.482598304748535
0.8743224740028381,14.473235130310059
0.912577748298645,14.461028099060059
0.9055817723274231,14.442526817321777
0.8935109376907349,14.431624412536621
0.9119652509689331,14.421677589416504
0.9040084481239319,14.406111717224121
0.9293009042739868,14.390509605407715
0.921640157699585,14.379677772521973
0.9115872383117676,14.370560646057129
0.917693555355072,14.362931251525879
0.9204252362251282,14.353272438049316
0.9132202863693237,14.342141151428223
0.898838222026825,14.331154823303223
0.9155761003494263,14.324891090393066
0.9105371236801147,14.317887306213379
0.9008136987686157,14.308897972106934
0.9087227582931519,14.304062843322754
0.9124693274497986,14.305047035217285
0.919438898563385,14.306817054748535
0.9149447083473206,14.304734230041504
0.8899018168449402,14.305512428283691
0.893740177154541,14.305542945861816
0.9072896242141724,14.301970481872559
0.9074150323867798,14.301003456115723
0.9039775133132935,14.298598289489746
0.90494704246521,14.298783302307129
0.9094298481941223,14.295271873474121
0.915753185749054,14.293107032775879
0.918637216091156,14.29677677154541
0.8917165398597717,14.301957130432129
0.9267399907112122,14.308754920959473
0.9179027676582336,14.308463096618652
0.9080432653427124,14.308838844299316
0.9106091260910034,14.305314064025879
0.9160207509994507,14.301545143127441
0.9077901840209961,14.300064086914062
0.9172823429107666,14.296929359436035
0.9145883321762085,14.29586124420166
0.899824857711792,14.292915344238281
0.9177247285842896,14.290535926818848
0.8931542634963989,14.287537574768066
0.8964107036590576,14.277792930603027
0.901566743850708,14.268714904785156
0.9164317846298218,14.264633178710938
0.9086037278175354,14.257628440856934
0.9027559757232666,14.256369590759277
0.9175101518630981,14.25429630279541
0.9051559567451477,14.250496864318848
0.9168415069580078,14.239914894104004
0.9086518287658691,14.233338356018066
0.9169214367866516,14.218819618225098
0.8922151923179626,14.205071449279785
0.9162294268608093,14.184967994689941
0.9074756503105164,14.16904354095459
0.9236838221549988,14.15500545501709
0.9072190523147583,14.143967628479004
0.9143906235694885,14.129546165466309
0.9059574604034424,14.116744995117188
0.9157153964042664,14.100007057189941
0.9088677167892456,14.083709716796875
0.9040559530258179,14.065292358398438
0.8862231969833374,14.052733421325684
0.9325548410415649,14.036849021911621
0.8988099694252014,14.019774436950684
0.9234122037887573,14.000044822692871
0.9075652360916138,13.980231285095215
0.9131834506988525,13.961350440979004
0.9148252606391907,13.94454288482666
0.9031914472579956,13.930405616760254
0.9130139350891113,13.91546630859375
0.89826899766922,13.901604652404785
0.9324499368667603,13.88681697845459
0.9192501306533813,13.873970985412598
0.9148561954498291,13.860901832580566
0.9116716384887695,13.853402137756348
0.8920063972473145,13.849671363830566
0.9192332029342651,13.843955039978027
0.9259405136108398,13.836602210998535
0.9423423409461975,13.829184532165527
0.9152851104736328,13.826628684997559
0.9127060174942017,13.821770668029785
0.9139854907989502,13.815827369689941
0.8923929929733276,13.811026573181152
0.8872187733650208,13.800675392150879
0.8993743658065796,13.78756046295166
0.924087405204773,13.776703834533691
0.9034658670425415,13.769570350646973
0.9180901050567627,13.763405799865723
0.9180161356925964,13.761765480041504
0.9191553592681885,13.761689186096191
0.8973091244697571,13.753235816955566
0.9131935834884644,13.744797706604004
0.9101382493972778,13.741227149963379
0.8978084921836853,13.736664772033691
0.9116114377975464,13.728866577148438
0.9075011014938354,13.720107078552246
0.8935428857803345,13.71560001373291
0.9042272567749023,13.713263511657715
0.9178483486175537,13.708831787109375
0.9062647223472595,13.704087257385254
0.9104857444763184,13.69687557220459
0.8977687358856201,13.690672874450684
0.9052810072898865,13.689095497131348
0.9191519618034363,13.688607215881348
0.9187602400779724,13.687186241149902
0.9327608942985535,13.687409400939941
0.9177448153495789,13.687804222106934
0.8925836086273193,13.68465518951416
0.9151992201805115,13.681282997131348
0.9043543338775635,13.675179481506348
0.925390899181366,13.665541648864746
0.9190621972084045,13.65897274017334
0.9079824686050415,13.651358604431152
0.9263101816177368,13.643698692321777
0.9068521857261658,13.634247779846191
0.9076772332191467,13.62703800201416
0.9093571901321411,13.619132995605469
0.9053341150283813,13.614577293395996
0.8994480967521667,13.606245994567871
0.9267839193344116,13.596930503845215
0.903925359249115,13.593596458435059
0.9227913022041321,13.58724308013916
0.9129958152770996,13.583159446716309
0.9180241227149963,13.583464622497559
0.9213366508483887,13.583779335021973
0.9159156084060669,13.58510684967041
0.9120907187461853,13.581368446350098
0.9139267802238464,13.575629234313965
0.9262104034423828,13.565812110900879
0.933308482170105,13.558196067810059
0.9266838431358337,13.549988746643066
0.8986435532569885,13.544966697692871
0.91529780626297,13.532988548278809
0.9140028357505798,13.521330833435059
0.8905900120735168,13.508719444274902
0.9219292998313904,13.490843772888184
0.915237307548523,13.467537879943848
0.9010785818099976,13.451430320739746
0.9069957733154297,13.443373680114746
0.9105038046836853,13.434103965759277
0.8998695015907288,13.430581092834473
0.8985254764556885,13.425658226013184
0.9132265448570251,13.420645713806152
0.8872758746147156,13.410752296447754
0.9312233924865723,13.398438453674316
0.9055433869361877,13.384713172912598
0.9279679656028748,13.372397422790527
0.9400317072868347,13.361473083496094
0.92509925365448,13.353079795837402
0.9074963331222534,13.348237037658691
0.9288125038146973,13.347504615783691
0.9117383360862732,13.344252586364746
0.9049876928329468,13.340035438537598
0.930795431137085,13.339417457580566
0.9014400243759155,13.336570739746094
0.8996396660804749,13.334160804748535
0.8983980417251587,13.332589149475098
0.9321012496948242,13.332427024841309
0.8872007131576538,13.327950477600098
0.8993995189666748,13.320313453674316
0.9093638062477112,13.314292907714844
0.8915137648582458,13.309060096740723
0.9169737696647644,13.298943519592285
0.9310256242752075,13.285653114318848
0.9225656986236572,13.276223182678223
0.9285666346549988,13.271788597106934
0.915374219417572,13.269181251525879
0.9155110716819763,13.274062156677246
0.9191232919692993,13.280892372131348
0.9162440299987793,13.285429954528809
0.9082642793655396,13.290541648864746
0.8996531963348389,13.289353370666504
0.8999224305152893,13.286643028259277
0.9297858476638794,13.286437034606934
0.9114682078361511,13.283621788024902
0.9219832420349121,13.286751747131348
0.9064928293228149,13.28872013092041
0.9247430562973022,13.288102149963379
0.9034717082977295,13.285933494567871
0.9161189198493958,13.283997535705566
0.9165006875991821,13.27805233001709
0.9023841619491577,13.269692420959473
0.9076150059700012,13.264199256896973
0.905695915222168,13.258894920349121
0.9117342829704285,13.25631046295166
0.9263941049575806,13.247925758361816
0.9248417019844055,13.238579750061035
0.9067695140838623,13.223930358886719
0.9149759411811829,13.217400550842285
0.8976981043815613,13.210083961486816
0.925769567489624,13.203292846679688
0.8997865319252014,13.192564964294434
0.9137352705001831,13.183625221252441
0.8999230861663818,13.177079200744629
0.9013975858688354,13.16658878326416
0.9223012328147888,13.15609073638916
0.8919084072113037,13.143988609313965
0.9128991961479187,13.137947082519531
0.8978478908538818,13.125594139099121
0.8943775296211243,13.112364768981934
0.9218201041221619,13.099333763122559
0.9123057723045349,13.084944725036621
0.9120923280715942,13.070816993713379
0.8968410491943359,13.057304382324219
0.914623498916626,13.043190956115723
0.9191807508468628,13.029984474182129
0.9190040826797485,13.016610145568848
0.9165443778038025,13.002434730529785
0.9030343294143677,12.989012718200684
0.9093808531761169,12.977347373962402
0.9311414957046509,12.96279239654541
0.9045083522796631,12.953521728515625
0.8974663615226746,12.943076133728027
0.9021602272987366,12.929749488830566
0.9205594658851624,12.920029640197754
0.8996292352676392,12.909773826599121
0.9295284748077393,12.900208473205566
0.9148004651069641,12.890435218811035
0.9098180532455444,12.877577781677246
0.9122086763381958,12.869208335876465
0.9189026951789856,12.863433837890625
0.9155297875404358,12.862837791442871
0.9110651016235352,12.864333152770996
0.9166979193687439,12.867247581481934
0.9088029265403748,12.870871543884277
0.9080489873886108,12.875411033630371
0.9106242656707764,12.885695457458496
0.8810406923294067,12.894768714904785
0.9217061996459961,12.89853572845459
0.9373797178268433,12.899062156677246
0.9070990681648254,12.898459434509277
0.9057329297065735,12.896300315856934
0.9145843982696533,12.89859676361084
0.9181711673736572,12.903639793395996
0.917861819267273,12.909590721130371
0.9183740019798279,12.914170265197754
0.9170078635215759,12.916138648986816
0.9271324872970581,12.913016319274902
0.9085389375686646,12.908308982849121
0.8922607898712158,12.901512145996094
0.9168870449066162,12.893736839294434
0.9117395877838135,12.888199806213379
0.9146782159805298,12.884331703186035
0.9284289479255676,12.883559226989746
0.8956966400146484,12.884377479553223
0.9175931215286255,12.878607749938965
0.9178757667541504,12.871712684631348
0.9162647724151611,12.864058494567871
0.9262946844100952,12.857499122619629
0.9162706136703491,12.848746299743652
0.9053248167037964,12.845908164978027
0.9196286797523499,12.843184471130371
0.9226647019386292,12.835089683532715
0.8943442106246948,12.824576377868652
0.9251062870025635,12.813040733337402
0.9163106679916382,12.807387351989746
0.9170165061950684,12.805983543395996
0.9245107173919678,12.809470176696777
0.9021666049957275,12.815436363220215
0.916417121887207,12.824820518493652
0.9064719080924988,12.833754539489746
0.9353032112121582,12.844389915466309
0.931453287601471,12.854310035705566
0.9261430501937866,12.864151954650879
0.9125690460205078,12.870184898376465
0.931455671787262,12.87546443939209
0.9158785939216614,12.879088401794434
0.9121252298355103,12.877015113830566
0.9087268114089966,12.873297691345215
0.8996682167053223,12.87319278717041
0.9311331510543823,12.869094848632812
0.9202867150306702,12.866486549377441
0.9100164175033569,12.860877990722656
0.9117624759674072,12.857977867126465
0.9155354499816895,12.852248191833496
0.9061605334281921,12.845612525939941
0.929157018661499,12.83664608001709
0.9196146726608276,12.827576637268066
0.9323399066925049,12.812241554260254
0.9079508781433105,12.803200721740723
0.9069680571556091,12.797649383544922
0.9219844341278076,12.788397789001465
0.904468834400177,12.784736633300781
0.9098125696182251,12.777877807617188
0.9277855753898621,12.77011775970459
0.9186384677886963,12.756041526794434
0.9118541479110718,12.744505882263184
0.9122030735015869,12.729704856872559
0.923078715801239,12.712662696838379
0.9395196437835693,12.700149536132812
0.9191889762878418,12.684172630310059
0.9196918606758118,12.664381980895996
0.925134003162384,12.647571563720703
0.920382022857666,12.632439613342285
0.9086864590644836,12.621024131774902
0.9082412719726562,12.610184669494629
0.9248000383377075,12.602416038513184
0.8982330560684204,12.58823013305664
0.9042453765869141,12.57944107055664
0.9082736372947693,12.571239471435547
0.9228987097740173,12.557448387145996
0.9058838486671448,12.542057037353516
0.9200803637504578,12.528641700744629
0.9061504602432251,12.515425682067871
0.926057755947113,12.503134727478027
0.8987723588943481,12.488826751708984
0.9210345149040222,12.475508689880371
0.8967911005020142,12.462502479553223
0.9077585935592651,12.451506614685059
0.9256362915039062,12.444998741149902
0.9114757776260376,12.44039249420166
0.909248948097229,12.43172550201416
0.9218103885650635,12.42324161529541
0.9159424304962158,12.41739559173584
0.9104658961296082,12.414786338806152
0.9220230579376221,12.410277366638184
0.9133868217468262,12.411484718322754
0.9105974435806274,12.40848159790039
0.9229194521903992,12.401495933532715
0.9218364953994751,12.399093627929688
0.9096461534500122,12.395149230957031
0.9328714609146118,12.395309448242188
0.916425883769989,12.400795936584473
0.9128136038780212,12.40584659576416
0.9140938520431519,12.407227516174316
0.9128197431564331,12.404885292053223
0.9034119844436646,12.396121978759766
0.9155756235122681,12.39316463470459
0.9066048860549927,12.37918472290039
0.8981240391731262,12.361907005310059
0.9070736169815063,12.351853370666504
0.9154460430145264,12.339545249938965
0.9173764586448669,12.328139305114746
0.9160041809082031,12.321198463439941
0.9080897569656372,12.317229270935059
0.9108124375343323,12.310115814208984
0.9132115840911865,12.300407409667969
0.92026686668396,12.292556762695312
0.9179714918136597,12.285836219787598
0.9070962071418762,12.282516479492188
0.9312165379524231,12.275437355041504
0.9039963483810425,12.274186134338379
0.9279202222824097,12.268912315368652
0.9189507961273193,12.263632774353027
0.9136013388633728,12.255016326904297
0.9136802554130554,12.247608184814453
0.9203968644142151,12.242679595947266
0.9106577634811401,12.241263389587402
0.920268177986145,12.239617347717285
0.9166686534881592,12.239014625549316
0.9287806749343872,12.240378379821777
0.9090793132781982,12.242989540100098
0.9277893304824829,12.243468284606934
0.9157391786575317,12.240426063537598
0.9068710803985596,12.240410804748535
0.9268523454666138,12.23581600189209
0.9174906015396118,12.233458518981934
0.9146015048027039,12.230545997619629
0.9163678884506226,12.228355407714844
0.9283364415168762,12.224509239196777
0.9244319796562195,12.221192359924316
0.9191149473190308,12.220176696777344
0.9123601913452148,12.22137451171875
0.9079330563545227,12.225584983825684
0.9235681295394897,12.226508140563965
0.9145646095275879,12.223311424255371
0.9174286723136902,12.218934059143066
0.9132990837097168,12.217423439025879
0.9193291664123535,12.215850830078125
0.9120734333992004,12.218094825744629
0.9180769324302673,12.222320556640625
0.9021444916725159,12.219101905822754
0.9002841114997864,12.21140193939209
0.9093009829521179,12.204789161682129
0.9074159264564514,12.199790954589844
0.9156762361526489,12.191681861877441
0.9280514717102051,12.182007789611816
0.8980395793914795,12.16817569732666
0.9066286683082581,12.159729957580566
0.92217618227005,12.14656925201416
0.9034122824668884,12.142350196838379
0.9085516929626465,12.140189170837402
0.9179160594940186,12.13942813873291
0.9058728814125061,12.141142845153809
0.9276098012924194,12.147629737854004
0.9315741658210754,12.156434059143066
0.9126898050308228,12.171433448791504
0.9083881974220276,12.181649208068848
0.9035170078277588,12.188714027404785
0.9179417490959167,12.187346458435059
0.9131153225898743,12.184823036193848
0.9157178401947021,12.178999900817871
0.9238761067390442,12.173595428466797
0.936080813407898,12.174378395080566
0.9131089448928833,12.172377586364746
0.9251376390457153,12.170126914978027
0.9117797613143921,12.163520812988281
0.9031901955604553,12.154305458068848
0.9173710346221924,12.144889831542969
0.912280797958374,12.139260292053223
0.9293580055236816,12.132888793945312
0.9012082815170288,12.123452186584473
0.907808244228363,12.11053466796875
0.9246522188186646,12.097039222717285
0.8963721990585327,12.087143898010254
0.9174306988716125,12.078070640563965
0.9204381108283997,12.067627906799316
0.9151570796966553,12.06064510345459
0.9105193018913269,12.050629615783691
0.9165402054786682,12.045340538024902
0.9147530198097229,12.04180908203125
0.9173570871353149,12.035957336425781
0.9172847270965576,12.032691955566406
0.9266343712806702,12.019237518310547
0.9265864491462708,12.006691932678223
0.917743444442749,11.998526573181152
0.9251028299331665,11.990340232849121
0.9210177063941956,11.983717918395996
0.9052703976631165,11.972067832946777
0.9139597415924072,11.962935447692871
0.9091209769248962,11.957024574279785
0.9224787950515747,11.950115203857422
0.916616678237915,11.94354248046875
0.9314338564872742,11.933815956115723
0.9187945127487183,11.922000885009766
0.9105956554412842,11.91361141204834
0.9267162084579468,11.899628639221191
0.9159943461418152,11.881049156188965
0.9232199192047119,11.862114906311035
0.9257591962814331,11.846579551696777
0.9129781723022461,11.835891723632812
0.9122732877731323,11.829341888427734
0.9090387225151062,11.82461166381836
0.9122387766838074,11.82834529876709
0.9345779418945312,11.833686828613281
0.9120469689369202,11.840195655822754
0.9081393480300903,11.84124755859375
0.9071321487426758,11.844908714294434
0.9134573340415955,11.84963607788086
0.9122370481491089,11.850929260253906
0.9060786366462708,11.856385231018066
0.9256967306137085,11.863486289978027
0.9225232005119324,11.870110511779785
0.9128330945968628,11.873063087463379
0.9369971752166748,11.873969078063965
0.9119554162025452,11.87131404876709
0.9264427423477173,11.867186546325684
0.9224855899810791,11.867293357849121
0.9188252687454224,11.865286827087402
0.928852915763855,11.86178207397461
0.9051936864852905,11.856217384338379
0.9193285703659058,11.845436096191406
0.9238075613975525,11.83876895904541
0.9269808530807495,11.828255653381348
0.9216172099113464,11.818222045898438
0.9378711581230164,11.806456565856934
0.9282876253128052,11.798476219177246
0.9327477812767029,11.788146018981934
0.8922474384307861,11.77853012084961
0.9287598729133606,11.76889705657959
0.9111084938049316,11.758644104003906
0.9068500995635986,11.749640464782715
0.8998945355415344,11.740306854248047
0.9084180593490601,11.73085880279541
0.9292113184928894,11.716399192810059
0.9153646230697632,11.70633602142334
0.911726713180542,11.696880340576172
0.9105991721153259,11.683648109436035
0.9217296838760376,11.674818992614746
0.9188361167907715,11.669142723083496
0.9339302182197571,11.664603233337402
0.8893555402755737,11.665663719177246
0.912811815738678,11.664549827575684
0.9483982920646667,11.660956382751465
0.9082481861114502,11.65706729888916
0.9282192587852478,11.655610084533691
0.9184100031852722,11.653868675231934
0.9170143008232117,11.653334617614746
0.9160019755363464,11.649863243103027
0.9352180361747742,11.647995948791504
0.9217674732208252,11.64737606048584
0.9148231744766235,11.643685340881348
0.9282407164573669,11.644560813903809
0.9351686239242554,11.645873069763184
0.9234737753868103,11.647446632385254
0.9090632200241089,11.649242401123047
0.9182817935943604,11.651144981384277
0.9143393635749817,11.649303436279297
0.9339538812637329,11.648306846618652
0.903918445110321,11.647185325622559
0.9246423244476318,11.642914772033691
0.9313082695007324,11.636885643005371
0.9294920563697815,11.632332801818848
0.9248436689376831,11.623053550720215
0.9282947182655334,11.614212036132812
0.9204525947570801,11.60855770111084
0.8887203931808472,11.602474212646484
0.9254302382469177,11.594261169433594
0.9312583804130554,11.58652400970459
0.9141337871551514,11.578812599182129
0.9146230220794678,11.569245338439941
0.9239071011543274,11.56064510345459
0.9224646091461182,11.547974586486816
0.9026575088500977,11.533995628356934
0.9236995577812195,11.525589942932129
0.9206453561782837,11.51924991607666
0.9193977117538452,11.515458106994629
0.9039686322212219,11.517711639404297
0.9203823804855347,11.524291038513184
0.914408802986145,11.532258033752441
0.9162020683288574,11.539916038513184
0.9200150966644287,11.545493125915527
0.9411563873291016,11.552535057067871
0.9090288877487183,11.556999206542969
0.9163804054260254,11.559257507324219
0.9216333627700806,11.56130599975586
0.9201050996780396,11.561776161193848
0.9081867337226868,11.566689491271973
0.9401532411575317,11.566956520080566
0.9139426946640015,11.567054748535156
0.9237256646156311,11.565932273864746
0.9205293655395508,11.563933372497559
0.9112915992736816,11.569342613220215
0.9182696342468262,11.567885398864746
0.9317886829376221,11.569602012634277
0.92439204454422,11.575873374938965
0.9293527007102966,11.578845977783203
0.9110050201416016,11.580391883850098
0.9019083976745605,11.581358909606934
0.9067348837852478,11.576285362243652
0.9157221913337708,11.5723876953125
0.9097654819488525,11.56320858001709
0.9250293970108032,11.552505493164062
0.9349287748336792,11.540984153747559
0.9084681868553162,11.528433799743652
0.8944499492645264,11.522785186767578
0.9297648668289185,11.516974449157715
0.9112321138381958,11.50742244720459
0.9105898141860962,11.499062538146973
0.9300698041915894,11.489455223083496
0.9208630323410034,11.480629920959473
0.9081574082374573,11.473237037658691
0.9119085669517517,11.471314430236816
0.9276788234710693,11.468196868896484
0.9215463399887085,11.469330787658691
0.9186885356903076,11.469310760498047
0.9099940061569214,11.473578453063965
0.9078249335289001,11.48024845123291
0.9121337532997131,11.483875274658203
0.8887032866477966,11.481759071350098
0.9386968016624451,11.482489585876465
0.9318707585334778,11.477860450744629
0.9234002232551575,11.472268104553223
0.9134782552719116,11.46148681640625
0.9069006443023682,11.452513694763184
0.9143721461296082,11.445326805114746
0.9127092957496643,11.4381103515625
0.9097937345504761,11.433073997497559
0.9270263910293579,11.422881126403809
0.9072727560997009,11.414791107177734
0.9054469466209412,11.406004905700684
0.9190714359283447,11.395676612854004
0.9186804294586182,11.380645751953125
0.9167847037315369,11.367003440856934
0.9218127131462097,11.353074073791504
0.911594808101654,11.340010643005371
0.9152034521102905,11.324288368225098
0.9139442443847656,11.308960914611816
0.9262507557868958,11.290840148925781
0.9305347800254822,11.27822208404541
0.9099084138870239,11.263175010681152
0.927842378616333,11.249695777893066
0.9303392767906189,11.235739707946777
0.9180757403373718,11.221915245056152
0.9168346524238586,11.210376739501953
0.920146644115448,11.198798179626465
0.9263625741004944,11.183066368103027
0.9342010021209717,11.168747901916504
0.9232567548751831,11.157662391662598
0.9192378520965576,11.144664764404297
0.924557626247406,11.134810447692871
0.9126831293106079,11.124069213867188
0.9228396415710449,11.110321998596191
0.9306550621986389,11.097229957580566
0.901008129119873,11.079482078552246
0.9287312030792236,11.068083763122559
0.9099224209785461,11.055320739746094
0.9237207174301147,11.04386043548584
0.9088488817214966,11.031853675842285
0.9175528287887573,11.022002220153809
0.9143460392951965,11.013733863830566
0.915047824382782,11.009995460510254
0.9396933317184448,11.008429527282715
0.9165171980857849,11.004883766174316
0.9163764715194702,11.005133628845215
0.9193708300590515,11.004950523376465
0.9262646436691284,11.009902000427246
0.9182506799697876,11.012157440185547
0.9224823713302612,11.010924339294434
0.9263625144958496,11.010003089904785
0.9196648001670837,11.010024070739746
0.9174370765686035,11.009113311767578
0.937086820602417,11.002938270568848
0.934263288974762,11.000649452209473
0.9110292196273804,11.00368595123291
0.923114538192749,11.01226806640625
0.9316324591636658,11.02278995513916
0.9086557626724243,11.03110408782959
0.9184372425079346,11.042461395263672
0.9064979553222656,11.050342559814453
0.909694254398346,11.05417537689209
0.9232319593429565,11.059836387634277
0.9347441792488098,11.06577205657959
0.91717529296875,11.07088565826416
0.9139129519462585,11.076272010803223
0.9062299132347107,11.083770751953125
0.9081528782844543,11.093438148498535
0.9189730882644653,11.102217674255371
0.9297287464141846,11.104866981506348
0.9214961528778076,11.106612205505371
0.9094237685203552,11.105925559997559
0.9272222518920898,11.107163429260254
0.9192570447921753,11.108153343200684
0.91105055809021,11.10402774810791
0.9222612380981445,11.101838111877441
0.9131110906600952,11.09897518157959
0.9360120296478271,11.095086097717285
0.915245532989502,11.090554237365723
0.9206079244613647,11.086875915527344
0.9066657423973083,11.079855918884277
0.9240704774856567,11.071029663085938
0.9233705997467041,11.057999610900879
0.9279447793960571,11.047280311584473
0.9121938347816467,11.035561561584473
0.908200740814209,11.025336265563965
0.9096170663833618,11.015410423278809
0.9290986061096191,11.005990028381348
0.9136072993278503,10.998261451721191
0.9099998474121094,10.990981101989746
0.9207471609115601,10.9866943359375
0.9149986505508423,10.980907440185547
0.9086315631866455,10.977115631103516
0.9233579039573669,10.974952697753906
0.9231225252151489,10.972878456115723
0.9189077615737915,10.967162132263184
0.9369411468505859,10.960707664489746
0.9147045612335205,10.95517635345459
0.9095636010169983,10.952239036560059
0.921859860420227,10.954288482666016
0.8982159495353699,10.957657814025879
0.9202959537506104,10.958024024963379
0.9296791553497314,10.956145286560059
0.9240331649780273,10.953079223632812
0.9196502566337585,10.955863952636719
0.9294911623001099,10.957871437072754
0.914732813835144,10.957993507385254
0.9214298725128174,10.957406044006348
0.9113101959228516,10.952752113342285
0.929829478263855,10.947556495666504
0.9253345131874084,10.943205833435059
0.9172779321670532,10.941428184509277
0.9308121204376221,10.939642906188965
0.9291623830795288,10.938529014587402
0.9399006366729736,10.936150550842285
0.9177869558334351,10.93404483795166
0.9125148057937622,10.933371543884277
0.9191967844963074,10.934752464294434
0.9167619347572327,10.937529563903809
0.920156717300415,10.938414573669434
0.933435320854187,10.945771217346191
0.9245195388793945,10.954215049743652
0.9330618977546692,10.959853172302246
0.9312910437583923,10.957589149475098
0.9346779584884644,10.959128379821777
0.9179357886314392,10.958754539489746
0.9088717699050903,10.958632469177246
0.916481614112854,10.95534610748291
0.9292575716972351,10.954230308532715
0.9137120246887207,10.954445838928223
0.921210765838623,10.95272159576416
0.9270530939102173,10.951546669006348
0.933696448802948,10.95150089263916
0.9221103191375732,10.952340126037598
0.9158628582954407,10.952155113220215
0.9287801384925842,10.952157020568848
0.92454594373703,10.95078182220459
0.9321739077568054,10.951340675354004
0.9184943437576294,10.95046329498291
0.9208499193191528,10.953490257263184
0.9076493382453918,10.953925132751465
0.9238715171813965,10.952461242675781
0.9347286224365234,10.94997501373291
0.9094774127006531,10.951834678649902
0.9156986474990845,10.947574615478516
0.9109429121017456,10.939864158630371
0.9268922805786133,10.936074256896973
0.9211820960044861,10.931916236877441
0.925944983959198,10.92977237701416
0.9138709306716919,10.926949501037598
0.9232019186019897,10.921029090881348
0.9218281507492065,10.914383888244629
0.9328882098197937,10.907577514648438
0.9246471524238586,10.904884338378906
0.9419668912887573,10.9036865234375
0.9074764251708984,10.902271270751953
0.9146736860275269,10.895740509033203
0.9298518896102905,10.892350196838379
0.9189420938491821,10.885048866271973
0.9146065711975098,10.874573707580566
0.9310932755470276,10.865456581115723
0.9221110343933105,10.851014137268066
0.926139771938324,10.837592124938965
0.9285417795181274,10.822486877441406
0.9027605056762695,10.807150840759277
0.9223518371582031,10.791932106018066
0.9140494465827942,10.780887603759766
0.9240882396697998,10.769417762756348
0.9280372262001038,10.758724212646484
0.9190783500671387,10.750983238220215
0.9321854710578918,10.738173484802246
0.9291934370994568,10.728211402893066
0.9321203827857971,10.721309661865234
0.9279462099075317,10.719696044921875
0.9215818047523499,10.714850425720215
0.9368268251419067,10.707504272460938
0.9366487860679626,10.701172828674316
0.9177972674369812,10.696220397949219
0.898242712020874,10.696854591369629
0.9156498312950134,10.697188377380371
0.9339366555213928,10.698525428771973
0.9212672710418701,10.698790550231934
0.9157885313034058,10.697081565856934
0.9300919771194458,10.696244239807129
0.9170258045196533,10.700575828552246
0.9385351538658142,10.705620765686035
0.9297631978988647,10.711494445800781
0.9231423139572144,10.713942527770996
0.8985814452171326,10.711831092834473
0.9237288236618042,10.709251403808594
0.9279584884643555,10.708098411560059
0.929233968257904,10.708370208740234
0.9096387624740601,10.710198402404785
0.9224123954772949,10.713479042053223
0.9235401749610901,10.711516380310059
0.9246031045913696,10.708535194396973
0.9135230183601379,10.705158233642578
0.9130163192749023,10.704766273498535
0.9260938167572021,10.698432922363281
0.9319517016410828,10.68826961517334
0.920873761177063,10.679427146911621
0.9329864978790283,10.676041603088379
0.9152423739433289,10.674729347229004
0.9287855625152588,10.674017906188965
0.9233810901641846,10.667487144470215
0.9080308675765991,10.664063453674316
0.928486168384552,10.664624214172363
0.931063711643219,10.663983345031738
0.932743489742279,10.665406227111816
0.909538984298706,10.668168067932129
0.9295198321342468,10.668174743652344
0.9243938326835632,10.667842864990234
0.9067400693893433,10.66640567779541
0.9260877966880798,10.664414405822754
0.9366531372070312,10.660368919372559
0.9378898739814758,10.658225059509277
0.9165629744529724,10.656294822692871
0.9200741052627563,10.655035972595215
0.9260106682777405,10.649754524230957
0.9305907487869263,10.643736839294434
0.922383189201355,10.638943672180176
0.9186781048774719,10.63280200958252
0.9275433421134949,10.630171775817871
0.9255369305610657,10.627821922302246
0.9312652349472046,10.624064445495605
0.9293083548545837,10.61980152130127
0.9195893406867981,10.616909980773926
0.9131841063499451,10.61207103729248
0.9216458201408386,10.603913307189941
0.9384810328483582,10.591866493225098
0.9201341271400452,10.579508781433105
0.9188886284828186,10.57024097442627
0.9401373267173767,10.560741424560547
0.9246978759765625,10.55286693572998
0.9033006429672241,10.547607421875
0.9290153980255127,10.543477058410645
0.9348893165588379,10.543286323547363
0.9158058166503906,10.542469024658203
0.9282065629959106,10.547576904296875
0.930670976638794,10.55090045928955
0.9074186086654663,10.555375099182129
0.926873505115509,10.558951377868652
0.918493926525116,10.563496589660645
0.9232195615768433,10.56851863861084
0.9178212881088257,10.576895713806152
0.9238622188568115,10.583649635314941
0.9173175692558289,10.590132713317871
0.9181590676307678,10.595565795898438
0.9247310161590576,10.601807594299316
0.911471962928772,10.60872745513916
0.938368558883667,10.615273475646973
0.9265981912612915,10.62612247467041
0.9138839244842529,10.635819435119629
0.917154848575592,10.646819114685059
0.9216029644012451,10.658247947692871
0.933842658996582,10.666393280029297
0.9349325895309448,10.678986549377441
0.8955985903739929,10.692954063415527
0.9258400201797485,10.699703216552734
0.9228537082672119,10.707805633544922
0.9247638583183289,10.71193790435791
0.9220339059829712,10.717453002929688
0.9172329306602478,10.722098350524902
0.924862802028656,10.729759216308594
0.9361308217048645,10.735894203186035
0.9485199451446533,10.737716674804688
0.930762529373169,10.737936973571777
0.9288275241851807,10.732430458068848
0.9295490980148315,10.724417686462402
0.9328486323356628,10.717918395996094
0.9330560564994812,10.713913917541504
0.9202409982681274,10.711058616638184
0.923681378364563,10.708418846130371
0.913343071937561,10.705894470214844
0.9152095913887024,10.704926490783691
0.9330634474754333,10.704527854919434
0.9405696392059326,10.702838897705078
0.9264743328094482,10.704100608825684
0.9249223470687866,10.707396507263184
0.9049833416938782,10.71134090423584
0.9266656041145325,10.713479042053223
0.9209603667259216,10.714463233947754
0.9241020679473877,10.715361595153809
0.9116730093955994,10.712096214294434
0.9287269711494446,10.70566463470459
0.9341332316398621,10.698304176330566
0.9366853833198547,10.68597412109375
0.9257376194000244,10.676529884338379
0.9360488057136536,10.671980857849121
0.9417605996131897,10.6657075881958
0.9132301807403564,10.658455848693848
0.9159883260726929,10.651057243347168
0.9279161095619202,10.640835762023926
0.9329566955566406,10.624064445495605
0.9354349970817566,10.61191463470459
0.9296691417694092,10.600111961364746
0.9340546727180481,10.588597297668457
0.9192408919334412,10.57810115814209
0.9281407594680786,10.567073822021484
0.9371458292007446,10.553547859191895
0.9452754259109497,10.539535522460938
0.9239501953125,10.531462669372559
0.9273709058761597,10.522343635559082
0.9262716770172119,10.518157958984375
0.9403176307678223,10.51395320892334
0.9214577674865723,10.510513305664062
0.9203459620475769,10.508767127990723
0.9351316094398499,10.507465362548828
0.9075145721435547,10.508761405944824
0.9249101281166077,10.510933876037598
0.9211351275444031,10.514599800109863
0.9260911345481873,10.5142183303833
0.9150137305259705,10.515769958496094
0.9278926849365234,10.508810997009277
0.9236862063407898,10.505784034729004
0.9378291368484497,10.504998207092285
0.9237750768661499,10.504120826721191
0.9247194528579712,10.50563907623291
0.9401957988739014,10.508700370788574
0.9330726265907288,10.510558128356934
0.9267532825469971,10.514567375183105
0.9203064441680908,10.516341209411621
0.9211885929107666,10.518306732177734
0.9201651811599731,10.516131401062012
0.9436489939689636,10.515717506408691
0.9302213191986084,10.515578269958496
0.9328234195709229,10.514339447021484
0.9091072082519531,10.510605812072754
0.9166378974914551,10.504088401794434
0.9303672909736633,10.500819206237793
0.9279671907424927,10.49930477142334
0.9256590008735657,10.498366355895996
0.9386667013168335,10.49813175201416
0.929385781288147,10.502717018127441
0.9291746020317078,10.503186225891113
0.9322658181190491,10.503177642822266
0.9230262637138367,10.50576114654541
0.9367068409919739,10.510161399841309
0.9209077954292297,10.511474609375
0.9308114647865295,10.512930870056152
0.9321962594985962,10.517767906188965
0.9498217701911926,10.52381420135498
0.9308444857597351,10.525943756103516
0.919426679611206,10.524617195129395
0.9226958155632019,10.523398399353027
0.9311344623565674,10.52021312713623
0.9349569082260132,10.515070915222168
0.9263761043548584,10.51163387298584
0.9398413896560669,10.5078125
0.9327483177185059,10.507107734680176
0.9446593523025513,10.504229545593262
0.9500828981399536,10.498770713806152
0.9222203493118286,10.493439674377441
0.9347907900810242,10.48386287689209
0.941220223903656,10.47765827178955
0.9305707216262817,10.473723411560059
0.9260258674621582,10.46826171875
0.9229071140289307,10.465130805969238
0.9370594024658203,10.460143089294434
0.924891471862793,10.453205108642578
0.916206419467926,10.4489107131958
0.9178024530410767,10.449023246765137
0.9506469964981079,10.444968223571777
0.9259065985679626,10.442133903503418
0.9300004839897156,10.438186645507812
0.9264765977859497,10.431593894958496
0.9072402715682983,10.42452621459961
0.926145613193512,10.421513557434082
0.916411817073822,10.419562339782715
0.9302719235420227,10.420868873596191
0.9229187965393066,10.416675567626953
0.9436805248260498,10.405673027038574
0.926306426525116,10.3968505859375
0.9261976480484009,10.391228675842285
0.9246559143066406,10.387444496154785
0.9294298887252808,10.381576538085938
0.9319859743118286,10.378631591796875
0.9330412149429321,10.381171226501465
0.933444619178772,10.382039070129395
0.9142449498176575,10.381592750549316
0.9409371614456177,10.37738037109375
0.9283410906791687,10.37466812133789
0.9203339219093323,10.374045372009277
0.9316459894180298,10.372271537780762
0.9362587928771973,10.367022514343262
0.9322094321250916,10.359374046325684
0.9326809644699097,10.349788665771484
0.9367083311080933,10.342528343200684
0.9154945611953735,10.339032173156738
0.9267140626907349,10.334808349609375
0.9253571629524231,10.325858116149902
0.9388136267662048,10.320907592773438
0.9266287684440613,10.323052406311035
0.9294158816337585,10.325636863708496
0.9294840693473816,10.333924293518066
0.925739586353302,10.343621253967285
0.953627347946167,10.350846290588379
0.9406780004501343,10.356308937072754
0.9437456130981445,10.358471870422363
0.927413284778595,10.357230186462402
0.9189935922622681,10.358699798583984
0.9161657691001892,10.359222412109375
0.9281636476516724,10.358881950378418
0.9343581199645996,10.360725402832031
0.9206632375717163,10.36428451538086
0.9251850843429565,10.365479469299316
0.9267542958259583,10.369820594787598
0.9347628355026245,10.368449211120605
0.9303762316703796,10.369650840759277
0.9439250230789185,10.372452735900879
0.9245404005050659,10.372946739196777
0.9282822012901306,10.371743202209473
0.922274112701416,10.372435569763184
0.9317299127578735,10.371308326721191
0.931378960609436,10.371125221252441
0.9247546792030334,10.368546485900879
0.9239517450332642,10.360503196716309
0.9285165071487427,10.347957611083984
0.9356935024261475,10.336030006408691
0.9268199801445007,10.324027061462402
0.9162084460258484,10.310286521911621
0.9204266667366028,10.295706748962402
0.944642186164856,10.283082008361816
0.9117677211761475,10.271346092224121
0.9321581125259399,10.256759643554688
0.9487412571907043,10.246556282043457
0.921454131603241,10.231922149658203
0.9234925508499146,10.222662925720215
0.9391089081764221,10.21563720703125
0.9278791546821594,10.208222389221191
0.9454759955406189,10.200297355651855
0.9195697903633118,10.193734169006348
0.9423195719718933,10.190194129943848
0.9181914925575256,10.188849449157715
0.9167367219924927,10.185187339782715
0.9356976747512817,10.18665599822998
0.922091007232666,10.190185546875
0.9178909659385681,10.18918514251709
0.9385790824890137,10.191117286682129
0.9195193648338318,10.191546440124512
0.9220923185348511,10.193589210510254
0.9273706674575806,10.194487571716309
0.928102433681488,10.194151878356934
0.9204474687576294,10.189162254333496
0.9152429699897766,10.184497833251953
0.9107546806335449,10.176514625549316
0.9299089908599854,10.170848846435547
0.9245697259902954,10.161608695983887
0.9221383929252625,10.154770851135254
0.9310645461082458,10.146366119384766
0.924380898475647,10.141517639160156
0.92341548204422,10.135002136230469
0.9410586953163147,10.131360054016113
0.9271310567855835,10.126967430114746
0.9506608843803406,10.126816749572754
0.9377816915512085,10.125774383544922
0.9276227355003357,10.124421119689941
0.9168002009391785,10.117955207824707
0.9252387881278992,10.115826606750488
0.9298617839813232,10.1143159866333
0.9311239719390869,10.11496353149414
0.9345652461051941,10.117573738098145
0.9466707706451416,10.12118148803711
0.9247931241989136,10.121451377868652
0.9197444915771484,10.118877410888672
0.9367214441299438,10.116935729980469
0.9309508800506592,10.116790771484375
0.9266740679740906,10.118289947509766
0.9225727319717407,10.123074531555176
0.9306159019470215,10.126728057861328
0.9338177442550659,10.131081581115723
0.9275197386741638,10.13537311553955
0.9289301633834839,10.140460014343262
0.9237983226776123,10.144721031188965
0.9249777793884277,10.14804744720459
0.915357232093811,10.146336555480957
0.9280309677124023,10.148249626159668
0.932079553604126,10.154074668884277
0.9337446689605713,10.156088829040527
0.9269715547561646,10.160025596618652
0.9178004860877991,10.16586685180664
0.9269207715988159,10.168221473693848
0.9360102415084839,10.165841102600098
0.9338106513023376,10.165295600891113
0.9335070848464966,10.164361000061035
0.9342641830444336,10.169045448303223
0.9456183910369873,10.171488761901855
0.9421716928482056,10.172303199768066
0.9354604482650757,10.1714448928833
0.9233219623565674,10.171455383300781
0.9431273937225342,10.167702674865723
0.9128344058990479,10.160308837890625
0.9351602792739868,10.154930114746094
0.9212244749069214,10.148198127746582
0.924761950969696,10.139010429382324
0.9183737635612488,10.1322603225708
0.9262322187423706,10.127079010009766
0.9440852999687195,10.120613098144531
0.9504331946372986,10.115448951721191
0.9143485426902771,10.110454559326172
0.9352166652679443,10.1029052734375
0.93963623046875,10.093101501464844
0.9324365854263306,10.083224296569824
0.9246507883071899,10.075310707092285
0.9213156700134277,10.067923545837402
0.9403240084648132,10.067702293395996
0.9256556034088135,10.067648887634277
0.9216236472129822,10.067254066467285
0.9239135384559631,10.06287670135498
0.9239844083786011,10.05649185180664
0.9381504058837891,10.051531791687012
0.9257776141166687,10.045875549316406
0.9267230033874512,10.0430908203125
0.920986533164978,10.044013023376465
0.9292761087417603,10.049418449401855
0.9392096996307373,10.055760383605957
0.9211370348930359,10.059562683105469
0.9336234927177429,10.066229820251465
0.9272027611732483,10.073546409606934
0.936542809009552,10.081912994384766
0.927112340927124,10.089692115783691
0.9253013730049133,10.096439361572266
0.9386098384857178,10.102035522460938
0.9025183916091919,10.105926513671875
0.9387319087982178,10.110034942626953
0.9246683716773987,10.111924171447754
0.9340701103210449,10.112061500549316
0.9262987375259399,10.109160423278809
0.9337835907936096,10.108794212341309
0.9155650734901428,10.109036445617676
0.928595781326294,10.104256629943848
0.9380454421043396,10.09967041015625
0.9192427396774292,10.094611167907715
0.9205478429794312,10.093494415283203
0.9231374263763428,10.088349342346191
0.9254556894302368,10.087738990783691
0.9242976903915405,10.0895414352417
0.9224917888641357,10.08939266204834
0.9396792650222778,10.091438293457031
0.9254065155982971,10.093986511230469
0.9224005937576294,10.100537300109863
0.9324098229408264,10.1065034866333
0.9252672791481018,10.110934257507324
0.9208992123603821,10.11728572845459
0.9444130063056946,10.123377799987793
0.9394009113311768,10.133038520812988
0.9202393889427185,10.141938209533691
0.923941969871521,10.146023750305176
0.9469170570373535,10.149993896484375
0.9444944262504578,10.154412269592285
0.9273313879966736,10.161004066467285
0.934020459651947,10.165420532226562
0.9195279479026794,10.171451568603516
0.921603262424469,10.175284385681152
0.9241232872009277,10.178284645080566
0.9461915493011475,10.182295799255371
0.9264441728591919,10.188702583312988
0.9230570793151855,10.190093040466309
0.9315460324287415,10.18955135345459
0.9153649210929871,10.1878662109375
0.94024258852005,10.187080383300781
0.9239505529403687,10.182183265686035
0.9553337693214417,10.173081398010254
0.9408355355262756,10.160140037536621
0.9338868856430054,10.149375915527344
0.9276812672615051,10.135859489440918
0.9289374351501465,10.121044158935547
0.916333019733429,10.107001304626465
0.9345982074737549,10.099366188049316
0.9335136413574219,10.09130859375
0.9256565570831299,10.082625389099121
0.9538432359695435,10.07068920135498
0.9333131313323975,10.059245109558105
0.9367004632949829,10.053040504455566
0.9310852885246277,10.047126770019531
0.9237673878669739,10.045157432556152
0.930779755115509,10.04311466217041
0.9275423288345337,10.040225982666016
0.9357582926750183,10.036738395690918
0.953528881072998,10.032309532165527
0.9266475439071655,10.0314302444458
0.9432189464569092,10.03078556060791
0.9378961324691772,10.034507751464844
0.9276753067970276,10.038333892822266
0.916604220867157,10.040336608886719
0.9407585859298706,10.040909767150879
0.9248562455177307,10.041728019714355
0.9358434081077576,10.042015075683594
0.9433992505073547,10.042980194091797
0.9426417946815491,10.043377876281738
0.9164968729019165,10.044185638427734
0.9330856800079346,10.044516563415527
0.9443215131759644,10.042328834533691
0.9274194240570068,10.038863182067871
0.9402735233306885,10.034001350402832
0.9336222410202026,10.031920433044434
0.9186813235282898,10.028939247131348
0.9162353277206421,10.025275230407715
0.9249312281608582,10.014724731445312
0.919991135597229,10.007935523986816
0.9316331744194031,9.999930381774902
0.9241573810577393,9.99051284790039
0.9373631477355957,9.981860160827637
0.9264178276062012,9.968615531921387
0.9469889402389526,9.955750465393066
0.9327574372291565,9.943599700927734
0.9137238264083862,9.927947998046875
0.9445688724517822,9.911026954650879
0.9242554306983948,9.894749641418457
0.9440135955810547,9.881495475769043
0.9277700185775757,9.86588191986084
0.9405918717384338,9.846869468688965
0.9118151068687439,9.830185890197754
0.9436096549034119,9.815200805664062
0.9219063520431519,9.799210548400879
0.9461874961853027,9.788224220275879
0.9250002503395081,9.779956817626953
0.9357216358184814,9.772273063659668
0.9248813986778259,9.763381004333496
0.934242308139801,9.755036354064941
0.9152293801307678,9.749524116516113
0.9357350468635559,9.741101264953613
0.9159150123596191,9.734122276306152
0.9240299463272095,9.7278470993042
0.935312807559967,9.722832679748535
0.9381615519523621,9.715035438537598
0.942263662815094,9.707340240478516
0.9396491050720215,9.702354431152344
0.926445722579956,9.694769859313965
0.9309338331222534,9.689861297607422
0.9464539885520935,9.686867713928223
0.9296885132789612,9.688279151916504
0.9350263476371765,9.690502166748047
0.9351782202720642,9.695439338684082
0.932513952255249,9.70303726196289
0.9279115200042725,9.709534645080566
0.9327499866485596,9.719992637634277
0.9429906606674194,9.728583335876465
0.9195375442504883,9.734138488769531
0.9250458478927612,9.735779762268066
0.9303287863731384,9.731139183044434
0.9233245849609375,9.725128173828125
0.9304394721984863,9.7156982421875
0.9554906487464905,9.702827453613281
0.9419413805007935,9.688445091247559
0.9269153475761414,9.676323890686035
0.9403265118598938,9.662075996398926
0.9236400127410889,9.651896476745605
0.9273752570152283,9.638192176818848
0.9193941950798035,9.626694679260254
0.9243813753128052,9.61959457397461
0.9461610913276672,9.613266944885254
0.9407581686973572,9.608139991760254
0.9214173555374146,9.605437278747559
0.9276711940765381,9.604942321777344
0.935083270072937,9.602931022644043
0.953973650932312,9.599053382873535
0.9281589984893799,9.598483085632324
0.9443162679672241,9.600096702575684
0.9285348653793335,9.600502967834473
0.9468212127685547,9.605181694030762
0.9355012774467468,9.609599113464355
0.9355934858322144,9.612759590148926
0.9355382323265076,9.617341041564941
0.9213714003562927,9.621100425720215
0.9491328001022339,9.622269630432129
0.9251900911331177,9.617999076843262
0.9399058818817139,9.614940643310547
0.9168708920478821,9.618244171142578
0.9356099367141724,9.623263359069824
0.921687126159668,9.624679565429688
0.9208309054374695,9.624249458312988
0.9126099944114685,9.621315956115723
0.943016767501831,9.617427825927734
0.936528742313385,9.615105628967285
0.9244841933250427,9.609959602355957
0.9223716259002686,9.604680061340332
0.9342542886734009,9.596428871154785
0.9340057373046875,9.587387084960938
0.9301239848136902,9.577462196350098
0.9280422329902649,9.572455406188965
0.932770848274231,9.564690589904785
0.9302953481674194,9.555558204650879
0.9472060203552246,9.54570484161377
0.9180124402046204,9.537428855895996
0.9410062432289124,9.528634071350098
0.9364405274391174,9.519679069519043
0.9508353471755981,9.512724876403809
0.9197098016738892,9.509796142578125
0.9379614591598511,9.510025978088379
0.9387330412864685,9.512149810791016
0.9363803267478943,9.512374877929688
0.9309159517288208,9.515647888183594
0.9449445009231567,9.514533042907715
0.9396896958351135,9.510993003845215
0.9453338980674744,9.507966041564941
0.9434671401977539,9.505322456359863
0.9314797520637512,9.501262664794922
0.9381421208381653,9.501320838928223
0.9376242756843567,9.49950122833252
0.9426860213279724,9.496655464172363
0.9361220598220825,9.492966651916504
0.9389471411705017,9.487149238586426
0.9252395033836365,9.481181144714355
0.9255914688110352,9.478363990783691
0.93686842918396,9.474124908447266
0.9284699559211731,9.469149589538574
0.9294306039810181,9.466385841369629
0.9404623508453369,9.463557243347168
0.9385256767272949,9.461947441101074
0.9387536644935608,9.458781242370605
0.9369957447052002,9.451992988586426
0.9221782684326172,9.446272850036621
0.9285648465156555,9.44303035736084
0.9458835124969482,9.439021110534668
0.9233061671257019,9.435725212097168
0.9361612200737,9.436373710632324
0.9457902312278748,9.438488006591797
0.9354377388954163,9.442503929138184
0.9184541702270508,9.445351600646973
0.9271637201309204,9.445210456848145
0.9225443601608276,9.44404125213623
0.927806556224823,9.445313453674316
0.9297603964805603,9.447127342224121
0.9345855712890625,9.44731616973877
0.9396660923957825,9.453829765319824
0.9379786252975464,9.458767890930176
0.9267364144325256,9.465198516845703
0.9393718838691711,9.469647407531738
0.9413493871688843,9.475647926330566
0.9307928085327148,9.481978416442871
0.9347385168075562,9.491564750671387
0.9282281398773193,9.50224781036377
0.9498564600944519,9.507454872131348
0.9313828945159912,9.51010799407959
0.9323288202285767,9.510079383850098
0.9342175126075745,9.512742042541504
0.9230315089225769,9.517040252685547
0.9448289275169373,9.522452354431152
0.9381638169288635,9.525863647460938
0.9329222440719604,9.529524803161621
0.9337158799171448,9.532845497131348
0.9259649515151978,9.534712791442871
0.9359124302864075,9.54063892364502
0.9368546009063721,9.54636287689209
0.9217545986175537,9.550830841064453
0.9239452481269836,9.556084632873535
0.937166154384613,9.567519187927246
0.9483744502067566,9.576351165771484
0.9358718395233154,9.583606719970703
0.9349482655525208,9.589432716369629
0.9350212216377258,9.591614723205566
0.9364540576934814,9.594658851623535
0.932068943977356,9.59346866607666
0.9388195276260376,9.589553833007812
0.9288017153739929,9.583850860595703
0.9362049102783203,9.57802677154541
0.9287243485450745,9.574028968811035
0.9097307324409485,9.571244239807129
0.9255752563476562,9.567648887634277
0.9469379782676697,9.562260627746582
0.9360785484313965,9.558110237121582
0.9391770958900452,9.551419258117676
0.9192931056022644,9.547806739807129
0.9383668899536133,9.542922019958496
0.9453843832015991,9.542304992675781
0.9237031936645508,9.543166160583496
0.9407041668891907,9.544417381286621
0.9293172359466553,9.53827953338623
0.9372386932373047,9.528244972229004
0.9344609975814819,9.516953468322754
0.935134768486023,9.501336097717285
0.9238185882568359,9.490342140197754
0.9162664413452148,9.481444358825684
0.934134840965271,9.471117973327637
0.9397636651992798,9.461273193359375
0.9253917932510376,9.452486991882324
0.9381904006004333,9.44140338897705
0.9394363164901733,9.431559562683105
0.9279271364212036,9.422410011291504
0.9400827884674072,9.416142463684082
0.9209612607955933,9.412617683410645
0.9237586259841919,9.406745910644531
0.939954400062561,9.402819633483887
0.9344994425773621,9.398295402526855
0.9383719563484192,9.393782615661621
0.9398885369300842,9.390786170959473
0.9315201640129089,9.386191368103027
0.9324550032615662,9.377762794494629
0.9215101003646851,9.371058464050293
0.9358295798301697,9.36586856842041
0.9303104281425476,9.362763404846191
0.94517582654953,9.357901573181152
0.9387083649635315,9.349166870117188
0.933806836605072,9.342326164245605
0.9339714050292969,9.33837890625
0.9417508840560913,9.335160255432129
0.9353169798851013,9.32878589630127
0.9206949472427368,9.322588920593262
0.9176876544952393,9.315777778625488
0.9460024237632751,9.308112144470215
0.9329109787940979,9.304551124572754
0.9330247044563293,9.300212860107422
0.9243816137313843,9.293399810791016
0.9448097944259644,9.286238670349121
0.9430933594703674,9.277481079101562
0.934456467628479,9.272393226623535
0.9395791292190552,9.266955375671387
0.9319334030151367,9.261611938476562
0.9430477023124695,9.255393981933594
0.9401959776878357,9.252738952636719
0.9432947039604187,9.252022743225098
0.9445072412490845,9.248649597167969
0.9407346248626709,9.245147705078125
0.9403672814369202,9.241318702697754
0.9298227429389954,9.23685359954834
0.9419749975204468,9.229022979736328
0.9211764931678772,9.220256805419922
0.9432643055915833,9.213181495666504
0.9366397261619568,9.207568168640137
0.9468855857849121,9.205440521240234
0.9323321580886841,9.204623222351074
0.9185316562652588,9.200936317443848
0.9445109367370605,9.200794219970703
0.9336701035499573,9.199872016906738
0.9312222003936768,9.19909381866455
0.9379541277885437,9.198332786560059
0.9247456789016724,9.193530082702637
0.9370158910751343,9.186898231506348
0.9234647154808044,9.179096221923828
0.9249039888381958,9.170538902282715
0.924409031867981,9.157691955566406
0.9347721338272095,9.140639305114746
0.9384627342224121,9.126830101013184
0.9314078092575073,9.113639831542969
0.9276638627052307,9.10210132598877
0.9405131936073303,9.089455604553223
0.933002769947052,9.077048301696777
0.9275244474411011,9.068604469299316
0.9304524660110474,9.06201457977295
0.9378868341445923,9.059757232666016
0.9359844923019409,9.055866241455078
0.9249060153961182,9.05328369140625
0.952863335609436,9.047257423400879
0.9306130409240723,9.04263973236084
0.9254758358001709,9.035428047180176
0.9294454455375671,9.030077934265137
0.9347153902053833,9.023026466369629
0.9400911927223206,9.013678550720215
0.930061399936676,9.005181312561035
0.9346732497215271,8.999894142150879
0.9390497207641602,8.99634075164795
0.9378792643547058,8.992676734924316
0.9467616677284241,8.988861083984375
0.943864107131958,8.987228393554688
0.9282664060592651,8.985114097595215
0.9254432916641235,8.981406211853027
0.9258531928062439,8.976959228515625
0.9326465725898743,8.973036766052246
0.9401549100875854,8.968890190124512
0.9426127672195435,8.967581748962402
0.9436512589454651,8.970844268798828
0.9343289136886597,8.972861289978027
0.9180105328559875,8.976051330566406
0.9314733743667603,8.982941627502441
0.9246402978897095,8.98833179473877
0.9421326518058777,8.988099098205566
0.9377829432487488,8.988259315490723
0.9196252226829529,8.989897727966309
0.9363176822662354,8.985599517822266
0.9435244202613831,8.982367515563965
0.9385979175567627,8.979500770568848
0.9391834735870361,8.980109214782715
0.9291772842407227,8.982837677001953
0.935833215713501,8.984551429748535
0.9334273934364319,8.986285209655762
0.9372932314872742,8.990158081054688
0.9303009510040283,8.994004249572754
0.9352115988731384,9.001818656921387
0.929448664188385,9.006596565246582
0.9365185499191284,9.012320518493652
0.9540789127349854,9.01728343963623
0.9450517296791077,9.022339820861816
0.9435147643089294,9.029796600341797
0.9380151033401489,9.036079406738281
0.9286879897117615,9.040558815002441
0.9291110634803772,9.048636436462402
0.9390402436256409,9.058215141296387
0.9349546432495117,9.066943168640137
0.9379109144210815,9.0736083984375
0.9362044334411621,9.078892707824707
0.9384753704071045,9.083205223083496
0.9250002503395081,9.088828086853027
0.9427785873413086,9.094595909118652
0.9322018623352051,9.097644805908203
0.9463016986846924,9.098087310791016
0.9483176469802856,9.0943603515625
0.9388136863708496,9.090811729431152
0.9272454380989075,9.08760929107666
0.9416067600250244,9.084728240966797
0.9336884021759033,9.082213401794434
0.9428953528404236,9.07820987701416
0.9246162176132202,9.077849388122559
0.9448147416114807,9.079421997070312
0.9386640787124634,9.082073211669922
0.9366726279258728,9.081199645996094
0.9421805143356323,9.079028129577637
0.9379285573959351,9.077523231506348
0.9242275357246399,9.075103759765625
0.9476998448371887,9.070918083190918
0.9263448119163513,9.066666603088379
0.9384089708328247,9.06435489654541
0.9315586090087891,9.062590599060059
0.9353275299072266,9.060535430908203
0.940599262714386,9.0559663772583
0.94303959608078,9.050834655761719
0.9357051253318787,9.047989845275879
0.9354071021080017,9.04122257232666
0.9299455285072327,9.031073570251465
0.9439495801925659,9.020821571350098
0.9340740442276001,9.010695457458496
0.936493456363678,9.00179386138916
0.9270480275154114,8.99349308013916
0.9363929629325867,8.984883308410645
0.9474103450775146,8.973359107971191
0.9410325884819031,8.965458869934082
0.930574893951416,8.957969665527344
0.9442418813705444,8.951202392578125
0.9240871667861938,8.94555950164795
0.9457498788833618,8.9346342086792
0.9475666284561157,8.92800235748291
0.9221608638763428,8.922592163085938
0.9475650191307068,8.915782928466797
0.9487816095352173,8.911568641662598
0.9397746920585632,8.909811973571777
0.9351305961608887,8.909506797790527
0.9327419996261597,8.914155006408691
0.9307776093482971,8.918877601623535
0.9360129237174988,8.926192283630371
0.9347973465919495,8.934260368347168
0.9447319507598877,8.939972877502441
0.9322356581687927,8.945219993591309
0.9352050423622131,8.949950218200684
0.9240726828575134,8.958057403564453
0.9349324107170105,8.965534210205078
0.9390851259231567,8.970694541931152
0.9430032968521118,8.977797508239746
0.9178810119628906,8.983338356018066
0.9381955862045288,8.987195014953613
0.9527801275253296,8.987414360046387
0.924283504486084,8.989436149597168
0.9378611445426941,8.993308067321777
0.9244645833969116,8.989602088928223
0.9333535432815552,8.985884666442871
0.9451855421066284,8.983039855957031
0.918049693107605,8.97977066040039
0.9433491826057434,8.973971366882324
0.9420598149299622,8.964253425598145
0.9371942281723022,8.954258918762207
0.9507229328155518,8.944375038146973
0.9324529767036438,8.937058448791504
0.9490870833396912,8.933910369873047
0.9270409941673279,8.926898002624512
0.9403210282325745,8.924599647521973
0.9414857029914856,8.922686576843262
0.9288111329078674,8.921402931213379
0.9406912922859192,8.919493675231934
0.9291144013404846,8.916352272033691
0.9373837113380432,8.9166259765625
0.9362730979919434,8.914986610412598
0.9368842244148254,8.918877601623535
0.938364565372467,8.919346809387207
0.934783935546875,8.916434288024902
0.9390496611595154,8.913326263427734
0.9225184917449951,8.910996437072754
0.9398388266563416,8.908294677734375
0.9325013756752014,8.909896850585938
0.9409636855125427,8.912407875061035
0.9320164918899536,8.913504600524902
0.9455858469009399,8.910714149475098
0.918369710445404,8.904967308044434
0.9284963011741638,8.898990631103516
0.9334275126457214,8.891929626464844
0.9486221075057983,8.885407447814941
0.944105863571167,8.881197929382324
0.9264818429946899,8.87903881072998
0.9396321773529053,8.876189231872559
0.9301373362541199,8.87298583984375
0.9394934177398682,8.871711730957031
0.9371534585952759,8.868882179260254
0.9448374509811401,8.865829467773438
0.9334427118301392,8.86231517791748
0.9187018871307373,8.857016563415527
0.9272506833076477,8.850857734680176
0.9343681931495667,8.842026710510254
0.9349927306175232,8.835705757141113
0.9451884031295776,8.828125953674316
0.9490346908569336,8.821555137634277
0.9458926320075989,8.819442749023438
0.9396873116493225,8.81881332397461
0.9268850684165955,8.818400382995605
0.9462814331054688,8.820942878723145
0.9278122782707214,8.82442569732666
0.9376658201217651,8.824126243591309
0.9346511363983154,8.825691223144531
0.9198675751686096,8.828253746032715
0.9405261278152466,8.831551551818848
0.9341852068901062,8.833245277404785
0.9444503784179688,8.835686683654785
0.9425715208053589,8.837294578552246
0.9404034614562988,8.841734886169434
0.9313747882843018,8.84255313873291
0.9465153217315674,8.843031883239746
0.93410325050354,8.844389915466309
0.9433298110961914,8.84310245513916
0.9344043731689453,8.844273567199707
0.9457825422286987,8.844634056091309
0.9557322859764099,8.848877906799316
0.9325937628746033,8.849699974060059
0.936607301235199,8.849251747131348
0.9491461515426636,8.846159934997559
0.9281696081161499,8.844178199768066
0.9374275207519531,8.842988014221191
0.9527796506881714,8.841811180114746
0.9338672757148743,8.841605186462402
0.9431427717208862,8.843169212341309
0.9558045864105225,8.846160888671875
0.9335625171661377,8.850536346435547
0.9392043352127075,8.857354164123535
0.9385249614715576,8.861668586730957
0.9345297813415527,8.867135047912598
0.9414426684379578,8.873852729797363
0.9437263607978821,8.8750581741333
0.943374514579773,8.879637718200684
0.9332566857337952,8.885272026062012
0.9393909573554993,8.888062477111816
0.9477121829986572,8.88698673248291
0.9294742345809937,8.886618614196777
0.944446325302124,8.881817817687988
0.9241236448287964,8.879035949707031
0.9470704793930054,8.873106956481934
0.9398964047431946,8.867569923400879
0.9319732785224915,8.861227989196777
0.9398536682128906,8.857017517089844
0.933236837387085,8.855609893798828
0.9371813535690308,8.854519844055176
0.943631649017334,8.858280181884766
0.9403237700462341,8.859557151794434
0.9521785378456116,8.86136245727539
0.9320597648620605,8.86464786529541
0.9535855650901794,8.867382049560547
0.947248101234436,8.87381649017334
0.9324653148651123,8.880820274353027
0.9276033639907837,8.891922950744629
0.9347721934318542,8.898118019104004
0.9322429895401001,8.903132438659668
0.9342086911201477,8.907675743103027
0.9361434578895569,8.912405967712402
0.9382188320159912,8.917789459228516
0.9466695189476013,8.922778129577637
0.9506908655166626,8.92247486114502
0.9543459415435791,8.920479774475098
0.9361517429351807,8.922139167785645
0.9217593669891357,8.923458099365234
0.9370585083961487,8.923018455505371
0.9372361898422241,8.922616004943848
0.9272750616073608,8.921565055847168
0.9356008172035217,8.920151710510254
0.9445558786392212,8.922125816345215
0.9350693225860596,8.925345420837402
0.930208683013916,8.925366401672363
0.9407119154930115,8.926506996154785
0.9366533160209656,8.932347297668457
0.9351924061775208,8.935718536376953
0.9545796513557434,8.938709259033203
0.9443763494491577,8.942927360534668
0.9379703402519226,8.94649600982666
0.9317144155502319,8.945697784423828
0.9425368905067444,8.944328308105469
0.939965009689331,8.944064140319824
0.9405174255371094,8.946192741394043
0.9338150024414062,8.946406364440918
0.9520549774169922,8.946471214294434
0.9529131650924683,8.946940422058105
0.9264317750930786,8.949592590332031
0.9456804990768433,8.944916725158691
0.927484929561615,8.942429542541504
0.9414218068122864,8.936785697937012
0.9391594529151917,8.9326810836792
0.933302104473114,8.930862426757812
0.9413542747497559,8.925956726074219
0.9401962161064148,8.921582221984863
0.9526338577270508,8.916779518127441
0.9223368763923645,8.910415649414062
0.9556251168251038,8.904675483703613
0.9485543966293335,8.900176048278809
0.9316766262054443,8.897385597229004
0.9417043328285217,8.893542289733887
0.9458982944488525,8.89449405670166
0.9558553099632263,8.898192405700684
0.933806300163269,8.901989936828613
0.9177680611610413,8.907722473144531
0.9365711808204651,8.911609649658203
0.942857563495636,8.91678524017334
0.9363209009170532,8.926090240478516
0.9355982542037964,8.932782173156738
0.9363017678260803,8.941707611083984
0.94979327917099,8.951603889465332
0.9287220239639282,8.959748268127441
0.9253634214401245,8.964985847473145
0.922269344329834,8.969437599182129
0.9342583417892456,8.974198341369629
0.9430526494979858,8.977456092834473
0.9413764476776123,8.979331016540527
0.9457589387893677,8.97509765625
0.9367269277572632,8.970054626464844
0.9213098883628845,8.96953296661377
0.9491245150566101,8.969451904296875
0.936994194984436,8.972321510314941
0.9405960440635681,8.979329109191895
0.9342167377471924,8.983466148376465
0.9478266835212708,8.984442710876465
0.9399096965789795,8.989086151123047
0.9448561072349548,8.993157386779785
0.9328895807266235,8.998761177062988
0.9390869140625,8.999435424804688
0.9350781440734863,8.999777793884277
0.9527336955070496,8.997599601745605
0.9301875829696655,8.99435806274414
0.9300940036773682,8.992737770080566
0.9365163445472717,8.99515438079834
0.946743369102478,8.99311351776123
0.9435189366340637,8.990859031677246
0.9305736422538757,8.986865997314453
0.9378648400306702,8.982799530029297
0.945643424987793,8.974773406982422
0.9348443150520325,8.964285850524902
0.9452316761016846,8.950485229492188
0.9385814070701599,8.939842224121094
0.9235905408859253,8.929718017578125
0.9451537728309631,8.92177677154541
0.945600688457489,8.916630744934082
0.9280823469161987,8.910792350769043
0.9479813575744629,8.899617195129395
0.927299976348877,8.889237403869629
0.9278215169906616,8.879261016845703
0.9454582333564758,8.868297576904297
0.9450491070747375,8.855830192565918
0.9303409457206726,8.844173431396484
0.9346714615821838,8.834229469299316
0.936647355556488,8.831643104553223
0.9470189213752747,8.82834243774414
0.92343670129776,8.830130577087402
0.9375500082969666,8.831528663635254
0.9326627850532532,8.83081340789795
0.9310507774353027,8.832369804382324
0.9446913003921509,8.836910247802734
0.9365615844726562,8.838370323181152
0.9294365644454956,8.838393211364746
0.9375628232955933,8.84011459350586
0.9427108764648438,8.840140342712402
0.9433543682098389,8.841126441955566
0.9424017071723938,8.844521522521973
0.9328482151031494,8.845515251159668
0.9296427965164185,8.839926719665527
0.9494086503982544,8.833641052246094
0.9377802014350891,8.828349113464355
0.9522209167480469,8.823437690734863
0.9475625157356262,8.821372985839844
0.9399591088294983,8.81882095336914
0.9451544880867004,8.811382293701172
0.9498149752616882,8.80437183380127
0.9409183263778687,8.797545433044434
0.936447024345398,8.794146537780762
0.9368281960487366,8.790053367614746
0.9417085647583008,8.789170265197754
0.9382688999176025,8.789542198181152
0.9334166049957275,8.791046142578125
0.9484899044036865,8.789528846740723
0.936792254447937,8.787315368652344
0.9472077488899231,8.789390563964844
0.9195362329483032,8.790131568908691
0.9329869151115417,8.787306785583496
0.9421945810317993,8.783049583435059
0.9394317865371704,8.779732704162598
0.9399925470352173,8.776050567626953
0.9365360736846924,8.77145767211914
0.9504505395889282,8.765799522399902
0.9486047625541687,8.759941101074219
0.9327223896980286,8.758393287658691
0.9388288259506226,8.759114265441895
0.9341756701469421,8.76168155670166
0.9272189736366272,8.761917114257812
0.9457746148109436,8.759779930114746
0.9447814226150513,8.75725269317627
0.9387983083724976,8.753822326660156
0.9474902749061584,8.752045631408691
0.9458691477775574,8.752562522888184
0.9536514282226562,8.755131721496582
0.9337169528007507,8.759830474853516
0.9434213638305664,8.763998985290527
0.9302570819854736,8.765076637268066
0.9304949045181274,8.76616382598877
0.9452257752418518,8.766437530517578
0.9368005394935608,8.765721321105957
0.9492297768592834,8.7678804397583
0.947677731513977,8.768576622009277
0.9372174739837646,8.770417213439941
0.9431740641593933,8.7733793258667
0.9462597966194153,8.776917457580566
0.9333508014678955,8.77878189086914
0.9410041570663452,8.782559394836426
0.9251695275306702,8.78589153289795
0.9372830390930176,8.785266876220703
0.9409136772155762,8.787217140197754
0.9451623558998108,8.784615516662598
0.9493825435638428,8.785433769226074
0.9497352838516235,8.783547401428223
0.9464021921157837,8.784590721130371
0.9498025178909302,8.784173011779785
0.9344334602355957,8.785149574279785
0.9345936179161072,8.784279823303223
0.9339560270309448,8.784873008728027
0.9433940649032593,8.783263206481934
0.9497079849243164,8.781233787536621
0.9521852731704712,8.774555206298828
0.9323947429656982,8.768264770507812
0.9278729557991028,8.760611534118652
0.9298350214958191,8.749935150146484
0.9298333525657654,8.737860679626465
0.9298939108848572,8.727215766906738
0.9411225914955139,8.71738338470459
0.9401872158050537,8.70604419708252
0.9434950351715088,8.694293022155762
0.9208279848098755,8.683724403381348
0.9334943294525146,8.670520782470703
0.937810480594635,8.65844440460205
0.9524736404418945,8.645999908447266
0.9429274201393127,8.635581016540527
0.9325027465820312,8.62794017791748
0.9207924008369446,8.618428230285645
0.9336026906967163,8.607901573181152
0.9383226037025452,8.602561950683594
0.9379973411560059,8.597800254821777
0.9237186908721924,8.595686912536621
0.928259551525116,8.593002319335938
0.9384171962738037,8.590733528137207
0.9356673955917358,8.590041160583496
0.942887544631958,8.59390926361084
0.9288414716720581,8.597987174987793
0.935502827167511,8.601058006286621
0.9370774030685425,8.603592872619629
0.9422321319580078,8.609589576721191
0.9471508860588074,8.61548137664795
0.9396706819534302,8.620514869689941
0.9509721994400024,8.625252723693848
0.9469109177589417,8.630560874938965
0.9511916041374207,8.637003898620605
0.9336182475090027,8.641968727111816
0.9406533241271973,8.644316673278809
0.9435440301895142,8.645072937011719
0.9431427121162415,8.6478910446167
0.9482599496841431,8.650646209716797
0.9088006615638733,8.653519630432129
0.9438466429710388,8.65640926361084
0.9390385746955872,8.65908145904541
0.9450300335884094,8.664921760559082
0.9391487240791321,8.6703519821167
0.9325803518295288,8.670599937438965
0.9395653605461121,8.669730186462402
0.9276362061500549,8.670462608337402
0.9315898418426514,8.671767234802246
0.9285286664962769,8.674254417419434
0.940156877040863,8.679762840270996
0.9412318468093872,8.682900428771973
0.9469122886657715,8.683770179748535
0.9474175572395325,8.682746887207031
0.9368563294410706,8.684223175048828
0.9284771084785461,8.689858436584473
0.9342347383499146,8.693350791931152
0.9577453136444092,8.695377349853516
0.9450950026512146,8.699650764465332
0.9454715251922607,8.699081420898438
0.9374951124191284,8.697563171386719
0.9413654804229736,8.694998741149902
0.9517449140548706,8.689593315124512
0.9372938871383667,8.682721138000488
0.9488965272903442,8.680670738220215
0.9438161849975586,8.679228782653809
0.9538128972053528,8.676612854003906
0.9444942474365234,8.671259880065918
0.9273367524147034,8.664658546447754
0.9484138488769531,8.658185005187988
0.9399062395095825,8.64993667602539
0.9366306066513062,8.645051002502441
0.9505326151847839,8.63841724395752
0.9429343342781067,8.633360862731934
0.9414977431297302,8.631786346435547
0.9345730543136597,8.628070831298828
0.9413967132568359,8.623188972473145
0.9445927739143372,8.618782997131348
0.935195803642273,8.614027976989746
0.940221905708313,8.61011791229248
0.940588116645813,8.60878849029541
0.9339131116867065,8.606266975402832
0.947107195854187,8.599333763122559
0.9453279376029968,8.5927095413208
0.9364564418792725,8.585511207580566
0.9455727338790894,8.582091331481934
0.9350183010101318,8.583170890808105
0.9292404651641846,8.587889671325684
0.9534842371940613,8.591071128845215
0.9291825294494629,8.593287467956543
0.9355310797691345,8.59105396270752
0.9445102214813232,8.5921049118042
0.9385048747062683,8.591992378234863
0.9181724786758423,8.58841609954834
0.9287172555923462,8.583334922790527
0.9367578029632568,8.580048561096191
0.9172481298446655,8.57550048828125
0.9394688010215759,8.571063041687012
0.9383191466331482,8.572361946105957
0.9505194425582886,8.5740966796875
0.9459105730056763,8.576523780822754
0.9501439929008484,8.579760551452637
0.9404652714729309,8.58393383026123
0.9422385692596436,8.590104103088379
0.9520502090454102,8.597857475280762
0.9305897355079651,8.605206489562988
0.9377576112747192,8.613173484802246
0.937536895275116,8.615226745605469
0.9350623488426208,8.620311737060547
0.9417296648025513,8.624126434326172
0.9426385760307312,8.626080513000488
0.9345943331718445,8.633124351501465
0.9482292532920837,8.637656211853027
0.9392341375350952,8.645354270935059
0.930070161819458,8.652329444885254
0.9260121583938599,8.655823707580566
0.9390695095062256,8.657511711120605
0.9319308996200562,8.657607078552246
0.9405208826065063,8.659821510314941
0.9390555620193481,8.65884017944336
0.944454550743103,8.661547660827637
0.9426942467689514,8.666548728942871
0.9497243165969849,8.673087120056152
0.9498628377914429,8.678601264953613
0.9471099972724915,8.68190860748291
0.945959210395813,8.684974670410156
0.9332351684570312,8.685081481933594
0.9406031966209412,8.68563175201416
0.9442498683929443,8.684510231018066
0.9274088144302368,8.682984352111816
0.9340834021568298,8.681321144104004
0.9374929070472717,8.677109718322754
0.939325213432312,8.671000480651855
0.9521312713623047,8.665467262268066
0.9350113868713379,8.65895938873291
0.932819128036499,8.655035972595215
0.9332348108291626,8.65268611907959
0.9527410268783569,8.64755630493164
0.9469504356384277,8.642216682434082
0.9271513223648071,8.636736869812012
0.9311638474464417,8.627326011657715
0.9416394829750061,8.616179466247559
0.9288415908813477,8.602832794189453
0.9359098076820374,8.588274955749512
0.9421828985214233,8.573543548583984
0.9485604166984558,8.55800724029541
0.9454009532928467,8.541977882385254
0.936660647392273,8.527838706970215
0.9382916688919067,8.514583587646484
0.950445294380188,8.504599571228027
0.9325862526893616,8.496806144714355
0.9426671266555786,8.487282752990723
0.9379834532737732,8.480457305908203
0.9485399723052979,8.474190711975098
0.9441845417022705,8.466950416564941
0.948236346244812,8.46069622039795
0.9356135129928589,8.45247745513916
0.9421521425247192,8.444304466247559
0.9436672329902649,8.437119483947754
0.9376469850540161,8.431663513183594
0.9449273943901062,8.427372932434082
0.9431934356689453,8.426289558410645
0.9421260952949524,8.422821998596191
0.9396292567253113,8.42020320892334
0.9489362835884094,8.419604301452637
0.946993887424469,8.419583320617676
0.9386601448059082,8.42158031463623
0.9498050808906555,8.424736976623535
0.9457379579544067,8.430962562561035
0.9386690258979797,8.439154624938965
0.9449093341827393,8.453263282775879
0.9349525570869446,8.46567440032959
0.9416882991790771,8.475098609924316
0.9492018222808838,8.484915733337402
0.9520581364631653,8.492293357849121
0.9439421892166138,8.500210762023926
0.9410600662231445,8.509742736816406
0.9453336000442505,8.515715599060059
0.9559218287467957,8.52138614654541
0.9317535758018494,8.528948783874512
0.9450657367706299,8.533703804016113
0.932114839553833,8.538355827331543
0.9342758059501648,8.542374610900879
0.9421209692955017,8.545890808105469
0.9437848329544067,8.54989242553711
0.9265683889389038,8.553349494934082
0.9410595297813416,8.554156303405762
0.9509705305099487,8.556312561035156
0.9450165629386902,8.558228492736816
0.9421424269676208,8.557883262634277
0.9318227767944336,8.557059288024902
0.9388386011123657,8.561358451843262
0.9496879577636719,8.566479682922363
0.9452686309814453,8.567828178405762
0.9445303678512573,8.568530082702637
0.9396684169769287,8.570609092712402
0.9519001245498657,8.572574615478516
0.944372296333313,8.576704978942871
0.9459458589553833,8.580842018127441
0.9424824714660645,8.585335731506348
0.9573086500167847,8.587967872619629
0.9366148710250854,8.592289924621582
0.9400693774223328,8.592062950134277
0.9448546171188354,8.589140892028809
0.9504102468490601,8.587692260742188
0.9372666478157043,8.586411476135254
0.9453866481781006,8.583446502685547
0.9352418184280396,8.58272647857666
0.9423256516456604,8.583992958068848
0.948445200920105,8.58657455444336
0.9479354619979858,8.589608192443848
0.9240289926528931,8.595826148986816
0.9520021677017212,8.60299015045166
0.9383178949356079,8.60506534576416
0.9316998720169067,8.609450340270996
0.9371206164360046,8.612656593322754
0.9401273727416992,8.614144325256348
0.9513002634048462,8.615269660949707
0.948482871055603,8.617133140563965
0.9491962194442749,8.617423057556152
0.9438953399658203,8.615408897399902
0.9384393692016602,8.613208770751953
0.9555726051330566,8.609227180480957
0.9307219982147217,8.606342315673828
0.9466337561607361,8.602288246154785
0.9524860978126526,8.600838661193848
0.942446231842041,8.600249290466309
0.9450575113296509,8.603919982910156
0.9396821856498718,8.607867240905762
0.9445329904556274,8.607651710510254
0.931505560874939,8.611907958984375
0.9384816884994507,8.616546630859375
0.9503160715103149,8.6223726272583
0.9438931345939636,8.625309944152832
0.9523962140083313,8.629204750061035
0.9492984414100647,8.632514953613281
0.9493216276168823,8.633307456970215
0.9512680768966675,8.635018348693848
0.9377579689025879,8.63503360748291
0.9389808177947998,8.632743835449219
0.9412108659744263,8.624785423278809
0.9500805139541626,8.61838150024414
0.9423828721046448,8.612166404724121
0.9352113604545593,8.604043006896973
0.9466170072555542,8.598162651062012
0.9302386045455933,8.593689918518066
0.9386324286460876,8.586257934570312
0.9487181305885315,8.575623512268066
0.9280048608779907,8.56631851196289
0.9349335432052612,8.556439399719238
0.9440268874168396,8.545487403869629
0.934490442276001,8.536499977111816
0.9388402104377747,8.524224281311035
0.9396002888679504,8.514586448669434
0.9519778490066528,8.505294799804688
0.9595848321914673,8.498467445373535
0.9328390955924988,8.492286682128906
0.9387922286987305,8.483592987060547
0.9439592957496643,8.473298072814941
0.9385460615158081,8.468315124511719
0.9421091675758362,8.464875221252441
0.9408539533615112,8.46243953704834
0.9287804961204529,8.46066665649414
0.9142317771911621,8.46018123626709
0.939603328704834,8.458619117736816
0.9480065107345581,8.464043617248535
0.935084342956543,8.471786499023438
0.939338207244873,8.474796295166016
0.9388596415519714,8.475249290466309
0.9433223009109497,8.477957725524902
0.9360082149505615,8.481558799743652
0.93477863073349,8.486111640930176
0.9359398484230042,8.490571022033691
0.9406790733337402,8.494332313537598
0.942233681678772,8.4943265914917
0.9470585584640503,8.493765830993652
0.9367052316665649,8.493087768554688
0.9396415948867798,8.490994453430176
0.9377991557121277,8.491759300231934
0.9514952301979065,8.493119239807129
0.9426151514053345,8.488619804382324
0.928031861782074,8.483954429626465
0.9431608319282532,8.483529090881348
0.9418393969535828,8.479802131652832
0.9400226473808289,8.476977348327637
0.9431366324424744,8.470756530761719
0.9304991960525513,8.467862129211426
0.9254816174507141,8.458754539489746
0.9215815663337708,8.44882583618164
0.9336928725242615,8.441009521484375
0.940366804599762,8.434203147888184
0.9459516406059265,8.425385475158691
0.9386318922042847,8.416417121887207
0.9463452100753784,8.408040046691895
0.9347538948059082,8.405497550964355
0.9463351368904114,8.402390480041504
0.9464136958122253,8.399632453918457
0.9355995655059814,8.398200035095215
0.9356220960617065,8.396117210388184
0.9371139407157898,8.392172813415527
0.9507740139961243,8.391547203063965
0.939143717288971,8.39459228515625
0.9441328048706055,8.399102210998535
0.9389046430587769,8.404494285583496
0.9452731609344482,8.410677909851074
0.9420985579490662,8.413666725158691
0.9490260481834412,8.419568061828613
0.9357532262802124,8.423565864562988
0.920610785484314,8.425410270690918
0.9339311122894287,8.433631896972656
0.9352765679359436,8.440848350524902
0.9461929798126221,8.448519706726074
0.918104350566864,8.454766273498535
0.9453986287117004,8.4592924118042
0.9301820993423462,8.464652061462402
0.9352503418922424,8.469220161437988
0.9442014694213867,8.465983390808105
0.9283382296562195,8.4672269821167
0.9479048848152161,8.473064422607422
0.9463967680931091,8.479426383972168
0.930184543132782,8.486733436584473
0.9401001930236816,8.491111755371094
0.9371355772018433,8.495311737060547
0.9491137862205505,8.499687194824219
0.9512023329734802,8.501494407653809
0.9426491260528564,8.507080078125
0.9424403309822083,8.514542579650879
0.9314752221107483,8.525057792663574
0.9330970644950867,8.535901069641113
0.9422623515129089,8.54691219329834
0.9351497292518616,8.558353424072266
0.9551333785057068,8.563019752502441
0.9372365474700928,8.566018104553223
0.9469755291938782,8.566383361816406
0.9394702911376953,8.562228202819824
0.9481875896453857,8.56124496459961
0.9440017938613892,8.559601783752441
0.9383121728897095,8.559388160705566
0.9324064254760742,8.562348365783691
0.9375158548355103,8.56588077545166
0.941561758518219,8.572030067443848
0.9381652474403381,8.57984447479248
0.9439095258712769,8.58748722076416
0.9510578513145447,8.59677791595459
0.9546141028404236,8.6045560836792
0.9378681182861328,8.613288879394531
0.9242174029350281,8.624632835388184
0.9425191879272461,8.635051727294922
0.9493067860603333,8.644354820251465
0.9458184242248535,8.650772094726562
0.95795738697052,8.651878356933594
0.950772762298584,8.655219078063965
0.9343944787979126,8.656013488769531
0.9509166479110718,8.659218788146973
0.9517116546630859,8.66086483001709
0.9465145468711853,8.663238525390625
0.9427775144577026,8.661355018615723
0.9425750970840454,8.659191131591797
0.9518195390701294,8.659857749938965
0.9435937404632568,8.658820152282715
0.9530987739562988,8.661614418029785
0.9414299726486206,8.661850929260254
0.9476044178009033,8.663116455078125
0.9426981210708618,8.663944244384766
0.9321790933609009,8.664081573486328
0.9446883201599121,8.660052299499512
0.9473628401756287,8.655592918395996
0.953995406627655,8.650467872619629
0.9484184384346008,8.64382553100586
0.9398578405380249,8.640593528747559
0.9242788553237915,8.640552520751953
0.9342638254165649,8.637078285217285
0.9355775117874146,8.632588386535645
0.9456787109375,8.630027770996094
0.9425923228263855,8.628719329833984
0.9372031688690186,8.629680633544922
0.9323675632476807,8.626608848571777
0.9525882601737976,8.623814582824707
0.9504839181900024,8.620978355407715
0.9344725012779236,8.620657920837402
0.9463626742362976,8.623261451721191
0.9478008151054382,8.62567138671875
0.9349951148033142,8.624567985534668
0.9441073536872864,8.624927520751953
0.9373626708984375,8.627456665039062
0.9477733969688416,8.628239631652832
0.9426473379135132,8.629162788391113
0.9591695070266724,8.632076263427734
0.9392998814582825,8.634440422058105
0.9556124210357666,8.636473655700684
0.9325305223464966,8.635504722595215
0.945568323135376,8.633490562438965
0.9444072246551514,8.630270957946777
0.9410641193389893,8.623711585998535
0.9375113844871521,8.617985725402832
0.9295729398727417,8.60915756225586
0.9430640339851379,8.599506378173828
0.9519259333610535,8.594024658203125
0.9376195073127747,8.592116355895996
0.9343609809875488,8.590643882751465
0.9368058443069458,8.58486557006836
0.9591379165649414,8.583006858825684
0.9440693855285645,8.579731941223145
0.9273344278335571,8.575425148010254
0.9349870681762695,8.57273006439209
0.9524900913238525,8.568440437316895
0.9436124563217163,8.567400932312012
0.9495285749435425,8.569480895996094
0.9408815503120422,8.569157600402832
0.9448951482772827,8.57034969329834
0.9383389949798584,8.575499534606934
0.9496358633041382,8.579483985900879
0.9480115175247192,8.584590911865234
0.9390510320663452,8.591056823730469
0.9528267979621887,8.598335266113281
0.9472429752349854,8.602560997009277
0.9395108819007874,8.603323936462402
0.9568069577217102,8.609463691711426
0.9347890615463257,8.615646362304688
0.9374932050704956,8.619168281555176
0.9319645762443542,8.619484901428223
0.9490631818771362,8.62078857421875
0.9355049729347229,8.618844032287598
0.9460346698760986,8.6149263381958
0.94586181640625,8.611723899841309
0.9508991241455078,8.60765552520752
0.9402636885643005,8.605500221252441
0.9366858601570129,8.607193946838379
0.9453124403953552,8.605814933776855
0.940352737903595,8.604500770568848
0.9390074610710144,8.604798316955566
0.9443451762199402,8.60717487335205
0.9437752962112427,8.606959342956543
0.9628739953041077,8.60379409790039
0.9434023499488831,8.60111141204834
0.9368300437927246,8.598275184631348
0.9478352069854736,8.594788551330566
0.9374020099639893,8.587761878967285
0.9375268220901489,8.580855369567871
0.9452698826789856,8.574356079101562
0.9463194608688354,8.570354461669922
0.9302441477775574,8.56885051727295
0.9454225897789001,8.57226276397705
0.9597781896591187,8.57713794708252
0.9298752546310425,8.580838203430176
0.9494069814682007,8.587638854980469
0.9497786164283752,8.59286880493164
0.9609536528587341,8.599617004394531
0.953574001789093,8.608509063720703
0.9469377994537354,8.620051383972168
0.9437005519866943,8.628775596618652
0.9305980801582336,8.637234687805176
0.9466642737388611,8.642334938049316
0.9546167254447937,8.64415454864502
0.9443850517272949,8.64542293548584
0.9383562803268433,8.645598411560059
0.9473681449890137,8.643465995788574
0.9374545812606812,8.644135475158691
0.9439002871513367,8.641075134277344
0.9459519386291504,8.638670921325684
0.9512922763824463,8.635421752929688
0.9540894031524658,8.63039493560791
0.9351632595062256,8.62749195098877
0.9514363408088684,8.62619686126709
0.9551826119422913,8.626456260681152
0.9382259845733643,8.628315925598145
0.9371556043624878,8.633055686950684
0.9455233216285706,8.634990692138672
0.93375563621521,8.63275146484375
0.9634691476821899,8.628888130187988
0.9589945077896118,8.625748634338379
0.9448608756065369,8.621838569641113
0.9540814161300659,8.621928215026855
0.9414463043212891,8.625462532043457
0.9431795477867126,8.631495475769043
0.9428027868270874,8.63213062286377
0.9414578676223755,8.634282112121582
0.9429559707641602,8.632994651794434
0.9484342336654663,8.634964942932129
0.9422836303710938,8.637272834777832
0.9346123933792114,8.641060829162598
0.9504705667495728,8.639967918395996
0.9492638111114502,8.635695457458496
0.9422780871391296,8.629572868347168
0.9445310235023499,8.621905326843262
0.9350482821464539,8.616847038269043
0.94974684715271,8.61111068725586
0.9345445036888123,8.604560852050781
0.9391240477561951,8.59774112701416
0.9311220645904541,8.590222358703613
0.9406439065933228,8.58337116241455
0.9356536865234375,8.57437801361084
0.9375281929969788,8.566810607910156
0.9330182075500488,8.5573091506958
0.9405823349952698,8.546225547790527
0.937725841999054,8.53089427947998
0.9556962847709656,8.516478538513184
0.9396570324897766,8.503945350646973
0.9498135447502136,8.4907865524292
0.9365131855010986,8.482124328613281
0.9243294596672058,8.47310733795166
0.9356411695480347,8.468135833740234
0.9473022818565369,8.465346336364746
0.930431067943573,8.462525367736816
0.9581251740455627,8.457237243652344
0.938800573348999,8.450369834899902
0.9347245693206787,8.446904182434082
0.9485507607460022,8.447854042053223
0.9335892796516418,8.445242881774902
0.9383609294891357,8.440987586975098
0.9351015090942383,8.437516212463379
0.9303826689720154,8.4304838180542
0.9490456581115723,8.425837516784668
0.9422767162322998,8.420517921447754
0.9429861903190613,8.41366958618164
0.9504966139793396,8.406928062438965
0.9391916394233704,8.400760650634766
0.938281774520874,8.394187927246094
0.9298617839813232,8.389275550842285
0.9455814361572266,8.383088111877441
0.9329866170883179,8.377090454101562
0.9425824284553528,8.372554779052734
0.9560525417327881,8.369487762451172
0.9466121792793274,8.367534637451172
0.9375705718994141,8.367229461669922
0.9333449006080627,8.36676025390625
0.9441625475883484,8.361529350280762
0.9409353733062744,8.361105918884277
0.9472599625587463,8.35819149017334
0.9479752779006958,8.357407569885254
0.9327083826065063,8.356743812561035
0.9490686655044556,8.355910301208496
0.9417036175727844,8.355208396911621
0.9378267526626587,8.355948448181152
0.9456217885017395,8.355164527893066
0.9483017921447754,8.352824211120605
0.951945960521698,8.352316856384277
0.9528378248214722,8.357532501220703
0.9533678889274597,8.361832618713379
0.9247827529907227,8.36643123626709
0.937950074672699,8.365731239318848
0.9372909069061279,8.36397933959961
0.951863706111908,8.36214542388916
0.940362274646759,8.357678413391113
0.9561166763305664,8.356268882751465
0.9454402923583984,8.355998992919922
0.9448339939117432,8.358551979064941
0.9394843578338623,8.364060401916504
0.9492574334144592,8.366591453552246
0.9408335089683533,8.3722505569458
0.9395298361778259,8.377568244934082
0.9547750353813171,8.384453773498535
0.9284663200378418,8.394271850585938
0.9497877359390259,8.403977394104004
0.9558538198471069,8.414422035217285
0.9451040029525757,8.424283027648926
0.933418333530426,8.43175983428955
0.9414501786231995,8.440189361572266
0.949047327041626,8.450108528137207
0.9358028173446655,8.458849906921387
0.9384845495223999,8.469124794006348
0.9496091604232788,8.476143836975098
0.9425199627876282,8.48257064819336
0.9406599402427673,8.489270210266113
0.9610909819602966,8.492453575134277
0.9500759243965149,8.49797534942627
0.9391584396362305,8.50045394897461
0.9471290111541748,8.502850532531738
0.948225736618042,8.504820823669434
0.9528608322143555,8.507262229919434
0.9374756217002869,8.506911277770996
0.9469022154808044,8.50797176361084
0.9397258162498474,8.514756202697754
0.9415737390518188,8.523917198181152
0.9412442445755005,8.53403377532959
0.9384604096412659,8.54051685333252
0.9350548982620239,8.544159889221191
0.9539828300476074,8.545653343200684
0.9470722079277039,8.54670238494873
0.948793888092041,8.549208641052246
0.9462825059890747,8.552372932434082
0.9444432854652405,8.555553436279297
0.9517934918403625,8.557876586914062
0.9458867311477661,8.559723854064941
0.9466046094894409,8.564384460449219
0.9264111518859863,8.571856498718262
0.9416027665138245,8.580414772033691
0.9359751343727112,8.58768367767334
0.9446658492088318,8.590972900390625
0.9453845620155334,8.593643188476562
0.9464247226715088,8.593475341796875
0.9385716915130615,8.587748527526855
0.939533531665802,8.583840370178223
0.9445652961730957,8.577805519104004
0.936402440071106,8.573060035705566
0.942490816116333,8.569390296936035
0.9420745968818665,8.563532829284668
0.957372784614563,8.558365821838379
0.9459018707275391,8.550271034240723
0.9384132027626038,8.54184627532959
0.9510762095451355,8.532881736755371
0.9354391694068909,8.522570610046387
0.9408793449401855,8.512012481689453
0.9579459428787231,8.499735832214355
0.9479700326919556,8.490986824035645
0.930813193321228,8.484095573425293
0.9407951235771179,8.476151466369629
0.921026349067688,8.4703950881958
0.9336283206939697,8.461798667907715
0.9413360953330994,8.455370903015137
0.9452610611915588,8.450644493103027
0.9214655160903931,8.443649291992188
0.9349345564842224,8.43578815460205
0.9444142580032349,8.431838989257812
0.9554663300514221,8.429333686828613
0.9360262751579285,8.423775672912598
0.9511561393737793,8.416899681091309
0.9479479193687439,8.41382122039795
0.9347037076950073,8.416678428649902
0.941520631313324,8.419670104980469
0.9296984672546387,8.424530982971191
0.9590482711791992,8.430726051330566
0.9307107329368591,8.437121391296387
0.9447034001350403,8.447957038879395
0.9335959553718567,8.460150718688965
0.9396138787269592,8.474994659423828
0.9502503871917725,8.485428810119629
0.9414802193641663,8.49585247039795
0.9527561068534851,8.506023406982422
0.9437252879142761,8.515396118164062
0.9568808078765869,8.523247718811035
0.940450131893158,8.528779029846191
0.9415068030357361,8.539015769958496
0.9505747556686401,8.550545692443848
0.9519237875938416,8.563480377197266
0.9380305409431458,8.572978019714355
0.9522543549537659,8.578503608703613
0.9392603635787964,8.586836814880371
0.9336111545562744,8.596428871154785
0.9401209354400635,8.603337287902832
0.9605790376663208,8.613811492919922
0.9504170417785645,8.622112274169922
0.9491073489189148,8.625446319580078
0.9409134387969971,8.626300811767578
0.9366885423660278,8.629162788391113
0.9319816827774048,8.629561424255371
0.9354216456413269,8.630570411682129
0.9439369440078735,8.632633209228516
0.9572106003761292,8.631884574890137
0.9407991766929626,8.635016441345215
0.9275553226470947,8.63730525970459
0.9353140592575073,8.638805389404297
0.9549902081489563,8.639657020568848
0.9438222646713257,8.636683464050293
0.9433568120002747,8.629371643066406
0.9387555122375488,8.623550415039062
0.9528260827064514,8.61723804473877
0.9497588872909546,8.610932350158691
0.9268062710762024,8.606681823730469
0.9435868263244629,8.600425720214844
0.9425280094146729,8.593537330627441
0.9576870799064636,8.589739799499512
0.9518309235572815,8.583518028259277
0.9412230849266052,8.5768461227417
0.9346966743469238,8.567984580993652
0.9427399039268494,8.560164451599121
0.9366191625595093,8.551714897155762
0.9464863538742065,8.547167778015137
0.9476508498191833,8.540741920471191
0.9419217109680176,8.537482261657715
0.9385064244270325,8.534371376037598
0.9472588300704956,8.532135009765625
0.9458876252174377,8.534268379211426
0.9460381865501404,8.536114692687988
0.9447951316833496,8.541760444641113
0.9270423650741577,8.54653263092041
0.9498991370201111,8.549410820007324
0.9447925090789795,8.556144714355469
0.9475551247596741,8.559273719787598
0.9422796964645386,8.56750774383545
0.95035320520401,8.57674789428711
0.9350206851959229,8.58351993560791
0.9348132610321045,8.585289001464844
0.925354540348053,8.583663940429688
0.9384140372276306,8.583527565002441
0.9390200972557068,8.580089569091797
0.95805424451828,8.576813697814941
0.9352920055389404,8.573147773742676
0.9513900876045227,8.5723237991333
0.944499135017395,8.571430206298828
0.9359169006347656,8.574597358703613
0.9526544809341431,8.578063011169434
0.9285162687301636,8.582263946533203
0.9446762800216675,8.587542533874512
0.9468196630477905,8.591858863830566
0.9426698684692383,8.596248626708984
0.929319441318512,8.601543426513672
0.9538123607635498,8.603866577148438
0.9447928071022034,8.60802173614502
0.9472218751907349,8.616227149963379
0.9479854106903076,8.620749473571777
0.9581830501556396,8.61873722076416
0.9498918056488037,8.617913246154785
0.9566004276275635,8.614760398864746
0.9407885074615479,8.61092472076416
0.9447534084320068,8.600638389587402
0.9401472806930542,8.592422485351562
0.9423441886901855,8.583542823791504
0.9488312005996704,8.574091911315918
0.9408127665519714,8.567615509033203
0.9390968084335327,8.56301498413086
0.9338932037353516,8.557659149169922
0.9405900835990906,8.55471420288086
0.932857871055603,8.553635597229004
0.9467566013336182,8.554186820983887
0.9513189196586609,8.557421684265137
0.9427677989006042,8.558180809020996
0.9427143931388855,8.559311866760254
0.9392586946487427,8.558972358703613
0.9290006756782532,8.56115436553955
0.9341377019882202,8.564460754394531
0.9303799867630005,8.568604469299316
0.9517537951469421,8.57572078704834
0.9425193071365356,8.582366943359375
0.9492545127868652,8.588662147521973
0.9508756399154663,8.594940185546875
0.9542504549026489,8.603504180908203
0.9559855461120605,8.614794731140137
0.9353137016296387,8.626347541809082
0.9265561103820801,8.637443542480469
0.946725070476532,8.643593788146973
0.9350064396858215,8.647621154785156
0.9391799569129944,8.650294303894043
0.9378581643104553,8.649863243103027
0.9313170909881592,8.651701927185059
0.9538481831550598,8.65234661102295
0.939128041267395,8.648757934570312
0.9386464357376099,8.646194458007812
0.951645016670227,8.637207984924316
0.9415218234062195,8.62948989868164
0.9474266171455383,8.625144958496094
0.9294220209121704,8.617924690246582
0.9486393332481384,8.610316276550293
0.951147198677063,8.602736473083496
0.9368973970413208,8.593467712402344
0.9563709497451782,8.585745811462402
0.9431885480880737,8.578072547912598
0.9469727873802185,8.573193550109863
0.9523017406463623,8.569037437438965
0.9492200016975403,8.56539535522461
0.9522587060928345,8.567339897155762
0.9435268640518188,8.572463035583496
0.9393749237060547,8.573040008544922
0.9310537576675415,8.5704927444458
0.9429401755332947,8.570967674255371
0.9574392437934875,8.569127082824707
0.954617977142334,8.567362785339355
0.9509601593017578,8.560994148254395
0.9407391548156738,8.556884765625
0.9376310706138611,8.549210548400879
0.9427690505981445,8.538626670837402
0.9481789469718933,8.529526710510254
0.9595381617546082,8.520476341247559
0.9555792808532715,8.509087562561035
0.9377123713493347,8.500443458557129
0.948599636554718,8.487419128417969
0.9498556852340698,8.47513484954834
0.9472435116767883,8.460888862609863
0.9507641196250916,8.44423770904541
0.946803092956543,8.434196472167969
0.9313589334487915,8.426095008850098
0.9515900015830994,8.41531753540039
0.9385749697685242,8.408516883850098
0.935309886932373,8.400436401367188
0.947492778301239,8.39241886138916
0.9537743330001831,8.385972023010254
0.9399963021278381,8.38184642791748
0.9341268539428711,8.376534461975098
0.9465938806533813,8.375553131103516
0.9511314630508423,8.371753692626953
0.9378124475479126,8.368220329284668
0.9515298008918762,8.364935874938965
0.9452889561653137,8.360888481140137
0.9376594424247742,8.359654426574707
0.9382532835006714,8.35940170288086
0.9289174675941467,8.361237525939941
0.9352599382400513,8.36167049407959
0.9502819776535034,8.356406211853027
0.9510685205459595,8.352519989013672
0.9428261518478394,8.346648216247559
0.9481954574584961,8.3433256149292
0.9523266553878784,8.3396577835083
0.9328221082687378,8.338497161865234
0.9456986784934998,8.337662696838379
0.9641990661621094,8.337226867675781
0.9329543113708496,8.339340209960938
0.9537957906723022,8.338661193847656
0.9307235479354858,8.335070610046387
0.9389183521270752,8.333428382873535
0.9423471093177795,8.331986427307129
0.9569292664527893,8.329349517822266
0.9439813494682312,8.325772285461426
0.9514079689979553,8.321037292480469
0.9315137267112732,8.315796852111816
0.9458503723144531,8.3074951171875
0.9515639543533325,8.298737525939941
0.9509312510490417,8.288695335388184
0.9490801095962524,8.282902717590332
0.943590521812439,8.278761863708496
0.9576506614685059,8.274718284606934
0.9414334297180176,8.27166748046875
0.9509285688400269,8.271592140197754
0.9097800850868225,8.272838592529297
0.9452849626541138,8.268950462341309
0.9431216716766357,8.26860523223877
0.9462971687316895,8.269984245300293
0.9433331489562988,8.271289825439453
0.9503698348999023,8.272361755371094
0.9325927495956421,8.27187442779541
0.955520510673523,8.274593353271484
0.94062340259552,8.27831745147705
0.943866491317749,8.281506538391113
0.9427894353866577,8.28751277923584
0.9330452084541321,8.295127868652344
0.9474176168441772,8.297554969787598
0.9389563798904419,8.301056861877441
0.9436250329017639,8.304306983947754
0.9226289391517639,8.311295509338379
0.9422566294670105,8.313941955566406
0.9501754641532898,8.315654754638672
0.9522721767425537,8.31954288482666
0.9379574060440063,8.327529907226562
0.9255831241607666,8.331624031066895
0.9503510594367981,8.327384948730469
0.9440545439720154,8.32870101928711
0.9454284906387329,8.330275535583496
0.9517820477485657,8.329588890075684
0.9472513198852539,8.329010963439941
0.9574661254882812,8.327860832214355
0.9380778074264526,8.327286720275879
0.9370918869972229,8.324618339538574
0.951435387134552,8.323674201965332
0.9402503967285156,8.322108268737793
0.9483425617218018,8.317706108093262
0.9487128257751465,8.312125205993652
0.9526264667510986,8.310288429260254
0.9370027184486389,8.307599067687988
0.9438028335571289,8.302672386169434
0.9468502998352051,8.296492576599121
0.9473955631256104,8.293517112731934
0.9398671984672546,8.290238380432129
0.9390710592269897,8.28635311126709
0.9487767219543457,8.285496711730957
0.9505763053894043,8.288718223571777
0.9365503787994385,8.289345741271973
0.9367461204528809,8.287952423095703
0.9458326101303101,8.285689353942871
0.9531702995300293,8.282784461975098
0.9311844110488892,8.280110359191895
0.9439083337783813,8.279335975646973
0.9370499849319458,8.277409553527832
0.9434903860092163,8.276294708251953
0.9479734897613525,8.273747444152832
0.9427527785301208,8.269963264465332
0.9461402297019958,8.267861366271973
0.9583923816680908,8.261563301086426
0.9322332739830017,8.255219459533691
0.941412091255188,8.252303123474121
0.9488131403923035,8.249480247497559
0.9476737380027771,8.250399589538574
0.9515078663825989,8.254305839538574
0.9527543783187866,8.256400108337402
0.9313243627548218,8.258162498474121
0.9518401622772217,8.260897636413574
0.9480483531951904,8.260451316833496
0.9535207152366638,8.259371757507324
0.9379410743713379,8.257887840270996
0.9432929158210754,8.259800910949707
0.9426983594894409,8.260554313659668
0.9483153820037842,8.257607460021973
0.9487055540084839,8.254271507263184
0.9398931860923767,8.252337455749512
0.9517600536346436,8.255003929138184
0.9283903241157532,8.25715160369873
0.9385145306587219,8.258269309997559
0.9457241892814636,8.260844230651855
0.9411137104034424,8.263577461242676
0.9510799646377563,8.26308536529541
0.943709671497345,8.26212215423584
0.9421267509460449,8.261813163757324
0.9393055438995361,8.262924194335938
0.9434311389923096,8.26990032196045
0.9488386511802673,8.279107093811035
0.9486180543899536,8.286362648010254
0.9348874092102051,8.29156494140625
0.9420467019081116,8.297008514404297
0.9182769060134888,8.302242279052734
0.949253499507904,8.306892395019531
0.9320248365402222,8.314155578613281
0.9432424306869507,8.321842193603516
0.9667676091194153,8.329791069030762
0.941658616065979,8.336135864257812
0.9583360552787781,8.337010383605957
0.9364469051361084,8.342734336853027
0.935283899307251,8.347393989562988
0.9406317472457886,8.34911823272705
0.9518431425094604,8.350289344787598
0.9265754222869873,8.351454734802246
0.9462541341781616,8.349907875061035
0.9365091323852539,8.34754467010498
0.9443748593330383,8.34645938873291
0.9443951845169067,8.348027229309082
0.9463052749633789,8.349019050598145
0.9352424144744873,8.349556922912598
0.9429091215133667,8.346847534179688
0.9271085858345032,8.342769622802734
0.9391036629676819,8.340638160705566
0.938633382320404,8.335976600646973
0.9422840476036072,8.335979461669922
0.9386119246482849,8.33525562286377
0.9473798274993896,8.33130931854248
0.9504414796829224,8.328850746154785
0.9416561722755432,8.325973510742188
0.9456552267074585,8.327587127685547
0.9349058866500854,8.327213287353516
0.9432592988014221,8.322746276855469
0.9538832306861877,8.316448211669922
0.9344908595085144,8.309220314025879
0.9381620287895203,8.299530982971191
0.9443175196647644,8.292223930358887
0.9466742277145386,8.283265113830566
0.9550230503082275,8.277586936950684
0.9504883885383606,8.273552894592285
0.9430090188980103,8.272778511047363
0.9287189245223999,8.270346641540527
0.9483290910720825,8.267569541931152
0.9480393528938293,8.265944480895996
0.9441514015197754,8.262068748474121
0.9542112350463867,8.259631156921387
0.9357160329818726,8.258925437927246
0.9496160745620728,8.2559175491333
0.9505473375320435,8.252025604248047
0.948406994342804,8.24710750579834
0.9484034180641174,8.242145538330078
0.9483587741851807,8.239234924316406
0.9494556188583374,8.23268985748291
0.9601292610168457,8.229872703552246
0.9481375217437744,8.227058410644531
0.9494668841362,8.222321510314941
0.9365444779396057,8.215689659118652
0.9347910284996033,8.210305213928223
0.9491472840309143,8.20931625366211
0.9222128391265869,8.209452629089355
0.9485287666320801,8.20902156829834
0.9484289884567261,8.20760726928711
0.9476892948150635,8.206669807434082
0.95119708776474,8.203782081604004
0.9387674331665039,8.201789855957031
0.9435193538665771,8.198542594909668
0.9420549869537354,8.19736099243164
0.9389402270317078,8.19814682006836
0.941891074180603,8.195231437683105
0.9524216055870056,8.192326545715332
0.9428833723068237,8.189253807067871
0.9491322040557861,8.184268951416016
0.938561201095581,8.176033973693848
0.9416226744651794,8.168585777282715
0.9459260106086731,8.160895347595215
0.9357918500900269,8.151947975158691
0.9368686079978943,8.141938209533691
0.9412758946418762,8.131756782531738
0.9590421915054321,8.129021644592285
0.9535617828369141,8.127835273742676
0.9361575841903687,8.12823486328125
0.9396604895591736,8.126505851745605
0.9496548175811768,8.12717342376709
0.9421712756156921,8.129721641540527
0.9343962073326111,8.131119728088379
0.9558244943618774,8.131278038024902
0.9448460936546326,8.134891510009766
0.9454894065856934,8.142683982849121
0.9410335421562195,8.153046607971191
0.9458602070808411,8.162835121154785
0.9514462351799011,8.171127319335938
0.9527433514595032,8.180155754089355
0.9478919506072998,8.187358856201172
0.9400428533554077,8.198744773864746
0.9523306488990784,8.210665702819824
0.951264500617981,8.224502563476562
0.9367920756340027,8.237560272216797
0.9373115301132202,8.247740745544434
0.945961058139801,8.255248069763184
0.9523330926895142,8.260550498962402
0.9395418167114258,8.266100883483887
0.9381434917449951,8.270936012268066
0.9483303427696228,8.27822208404541
0.9437189102172852,8.2816743850708
0.9384138584136963,8.283818244934082
0.9367707967758179,8.281643867492676
0.9482017755508423,8.276276588439941
0.9486467242240906,8.269991874694824
0.9357220530509949,8.261706352233887
0.9443050026893616,8.25397777557373
0.9520545601844788,8.245232582092285
0.9502682089805603,8.236598014831543
0.949845552444458,8.22573471069336
0.9354828596115112,8.217062950134277
0.9453169703483582,8.204968452453613
0.9527320861816406,8.193734169006348
0.9443989992141724,8.185473442077637
0.9597646594047546,8.178423881530762
0.9472874402999878,8.173605918884277
0.9469969868659973,8.171404838562012
0.9441854953765869,8.17134952545166
0.9400442838668823,8.1746187210083
0.9516028761863708,8.178481101989746
0.927436113357544,8.187300682067871
0.9547032117843628,8.195114135742188
0.949495792388916,8.203230857849121
0.9470844268798828,8.212382316589355
0.9486016631126404,8.2221040725708
0.9448555707931519,8.229534149169922
0.948560357093811,8.23288631439209
0.9520924687385559,8.237086296081543
0.9463443756103516,8.241493225097656
0.9611898064613342,8.245177268981934
0.9449543356895447,8.248414039611816
0.9466915726661682,8.255181312561035
0.9321985840797424,8.260055541992188
0.953793466091156,8.264269828796387
0.932316243648529,8.27099323272705
0.9499574303627014,8.278550148010254
0.9491221308708191,8.284881591796875
0.9488733410835266,8.293475151062012
0.9529634714126587,8.2999906539917
0.9608469009399414,8.307745933532715
0.9374284744262695,8.320812225341797
0.9445386528968811,8.332169532775879
0.9305882453918457,8.346771240234375
0.9474122524261475,8.356449127197266
0.9493523836135864,8.364596366882324
0.9394961595535278,8.369574546813965
0.9363594055175781,8.373851776123047
0.9314665198326111,8.375587463378906
0.9519871473312378,8.371959686279297
0.9438549280166626,8.36788272857666
0.9310773015022278,8.365193367004395
0.9480553865432739,8.361172676086426
0.9494423866271973,8.360827445983887
0.9484168887138367,8.360332489013672
0.9459615349769592,8.360676765441895
0.9358388781547546,8.36093807220459
0.9496357440948486,8.360323905944824
0.9408789873123169,8.36049747467041
0.9396253228187561,8.362517356872559
0.9571738839149475,8.362162590026855
0.922175407409668,8.363327980041504
0.9395358562469482,8.363533973693848
0.9369076490402222,8.366179466247559
0.9535284042358398,8.369584083557129
0.9459789395332336,8.37402057647705
0.9459854364395142,8.371705055236816
0.9466767907142639,8.370057106018066
0.9421482682228088,8.365303039550781
0.9371068477630615,8.361756324768066
0.9511966705322266,8.358787536621094
0.9475591778755188,8.352935791015625
0.9367567896842957,8.349440574645996
0.9494595527648926,8.348252296447754
0.9451624155044556,8.347830772399902
0.9583033323287964,8.348631858825684
0.9475289583206177,8.354877471923828
0.9370362758636475,8.35686206817627
0.94932621717453,8.362167358398438
0.953793466091156,8.366250038146973
0.946042537689209,8.369635581970215
0.9496800303459167,8.372775077819824
0.9532000422477722,8.373322486877441
0.9475923776626587,8.372631072998047
0.9501305818557739,8.369884490966797
0.9536547660827637,8.367408752441406
0.94569993019104,8.371281623840332
0.935600221157074,8.374892234802246
0.9480234980583191,8.380328178405762
0.9543731808662415,8.380236625671387
0.9586538672447205,8.37592601776123
0.9532196521759033,8.37090015411377
0.9490293264389038,8.365425109863281
0.951225996017456,8.356892585754395
0.9374313950538635,8.353049278259277
0.9523157477378845,8.351767539978027
0.9393548965454102,8.353836059570312
0.9521661996841431,8.354523658752441
0.9469628930091858,8.35745906829834
0.9461538195610046,8.365160942077637
0.9479548335075378,8.371321678161621
0.9505136609077454,8.375765800476074
0.9487336874008179,8.37998104095459
0.9571306109428406,8.384549140930176
0.9303691387176514,8.38858699798584
0.9507261514663696,8.394087791442871
0.9468188285827637,8.397643089294434
0.9264998435974121,8.404666900634766
0.9452806711196899,8.403809547424316
0.938339352607727,8.398985862731934
0.9408643841743469,8.392321586608887
0.9509328603744507,8.388435363769531
0.9517894387245178,8.386021614074707
0.9406439065933228,8.38520336151123
0.930667519569397,8.385079383850098
0.9569740295410156,8.385818481445312
0.9442978501319885,8.384712219238281
0.9532778859138489,8.379456520080566
0.9301033020019531,8.37259578704834
0.9448521733283997,8.360268592834473
0.9382291436195374,8.348963737487793
0.928701639175415,8.334982872009277
0.9445636868476868,8.316421508789062
0.9477235078811646,8.298310279846191
0.9339395761489868,8.28347110748291
0.9388553500175476,8.271271705627441
0.9319413304328918,8.259154319763184
0.9413397312164307,8.245697975158691
0.9413953423500061,8.229941368103027
0.9369538426399231,8.218453407287598
0.9405905604362488,8.206988334655762
0.9457441568374634,8.197569847106934
0.9470735192298889,8.189576148986816
0.9479502439498901,8.181897163391113
0.9434322118759155,8.174332618713379
0.9413688778877258,8.172367095947266
0.9457881450653076,8.173277854919434
0.9440097212791443,8.172240257263184
0.9383404850959778,8.171788215637207
0.9483954310417175,8.17133617401123
0.9611576199531555,8.172135353088379
0.9479045271873474,8.173741340637207
0.9537729620933533,8.179503440856934
0.9378300905227661,8.185891151428223
0.9511449933052063,8.192718505859375
0.9454924464225769,8.193543434143066
0.9470112919807434,8.200150489807129
0.9561330080032349,8.204330444335938
0.9407232999801636,8.206191062927246
0.9401105046272278,8.19814682006836
0.9368351101875305,8.194441795349121
0.9572741985321045,8.188773155212402
0.942618727684021,8.186553955078125
0.9448422193527222,8.182215690612793
0.9366408586502075,8.180167198181152
0.9456870555877686,8.1764497756958
0.9383518695831299,8.172869682312012
0.9422261714935303,8.163723945617676
0.9470328688621521,8.15877628326416
0.9362279176712036,8.158272743225098
0.957208514213562,8.157090187072754
0.9491530060768127,8.155261993408203
0.9398941397666931,8.154685020446777
0.9651200175285339,8.154887199401855
0.9481608271598816,8.155587196350098
0.949575662612915,8.155472755432129
0.9413965344429016,8.158629417419434
0.9471243619918823,8.156041145324707
0.9479313492774963,8.15169620513916
0.9388591051101685,8.146251678466797
0.9265871644020081,8.135124206542969
0.9383359551429749,8.1171293258667
0.954487681388855,8.100577354431152
0.9396053552627563,8.085015296936035
0.9409555792808533,8.06993579864502
0.9433993101119995,8.056883811950684
0.932544469833374,8.045838356018066
0.9330422878265381,8.037653923034668
0.9479161500930786,8.026813507080078
0.9416677951812744,8.014838218688965
0.9520546197891235,8.005009651184082
0.9354097843170166,7.997359752655029
0.9551029801368713,7.987450122833252
0.9296226501464844,7.982238292694092
0.9442406892776489,7.977795124053955
0.9370806813240051,7.972862720489502
0.9391273856163025,7.967792510986328
0.9314479827880859,7.964187145233154
0.948344349861145,7.965721607208252
0.9367884397506714,7.965073108673096
0.9560481905937195,7.968525409698486
0.9503678679466248,7.971122741699219
0.945749044418335,7.978030681610107
0.9454794526100159,7.9862895011901855
0.9444761276245117,7.9968342781066895
0.9600105881690979,8.009918212890625
0.9570327401161194,8.022719383239746
0.951164960861206,8.038041114807129
0.9443382024765015,8.051006317138672
0.9444763660430908,8.065079689025879
0.948849618434906,8.077411651611328
0.947661280632019,8.085838317871094
0.9340774416923523,8.096199035644531
0.9520071744918823,8.103589057922363
0.9485298991203308,8.113053321838379
0.9529947638511658,8.122771263122559
0.9209946393966675,8.131500244140625
0.9458044171333313,8.134963035583496
0.9476622939109802,8.134620666503906
0.9385325312614441,8.133098602294922
0.9370138049125671,8.130172729492188
0.9456029534339905,8.12520980834961
0.9328827857971191,8.123635292053223
0.9571929574012756,8.125731468200684
0.9498722553253174,8.128600120544434
0.944439709186554,8.129342079162598
0.9366060495376587,8.130509376525879
0.9365997314453125,8.133210182189941
0.9450092911720276,8.135639190673828
0.947670042514801,8.135907173156738
0.9487181901931763,8.139843940734863
0.943034291267395,8.140674591064453
0.9598615765571594,8.140780448913574
0.950875461101532,8.138875007629395
0.9213220477104187,8.135603904724121
0.9446930885314941,8.134703636169434
0.9348487854003906,8.134403228759766
0.9438331127166748,8.136932373046875
0.9353811144828796,8.141494750976562
0.9467200636863708,8.144211769104004
0.9483997225761414,8.145179748535156
0.9469891786575317,8.143806457519531
0.9381197690963745,8.147503852844238
0.9571000337600708,8.154315948486328
0.9433152079582214,8.160815238952637
0.9448335766792297,8.160948753356934
0.9495943188667297,8.163060188293457
0.9428591728210449,8.164664268493652
0.9414438605308533,8.168265342712402
0.9358692765235901,8.17221736907959
0.953042209148407,8.173606872558594
0.9484285116195679,8.177298545837402
0.9561070203781128,8.181853294372559
0.9438981413841248,8.183320045471191
0.9530136585235596,8.181706428527832
0.9517901539802551,8.182181358337402
0.9399329423904419,8.184616088867188
0.9389500021934509,8.186768531799316
0.955555260181427,8.189312934875488
0.9431184530258179,8.192757606506348
0.9504227638244629,8.193294525146484
0.9470959901809692,8.191307067871094
0.9542022943496704,8.188972473144531
0.9375498294830322,8.189136505126953
0.9347824454307556,8.189136505126953
0.9515427350997925,8.188431739807129
0.9446478486061096,8.187630653381348
0.9605371952056885,8.185386657714844
0.9430109262466431,8.182488441467285
0.9603567719459534,8.18005084991455
0.9434824585914612,8.1787691116333
0.9332835674285889,8.17559814453125
0.94596266746521,8.170109748840332
0.9587708711624146,8.166459083557129
0.9384204745292664,8.164298057556152
0.9483871459960938,8.159893035888672
0.9389424324035645,8.155156135559082
0.9439889192581177,8.157698631286621
0.9563723206520081,8.159676551818848
0.9390954971313477,8.161253929138184
0.9446197748184204,8.160948753356934
0.9437453746795654,8.161429405212402
0.945628821849823,8.158495903015137
0.9567948579788208,8.160483360290527
0.949417769908905,8.161952018737793
0.9251441955566406,8.165297508239746
0.9433436393737793,8.170283317565918
0.9424545168876648,8.171547889709473
0.9503013491630554,8.173747062683105
0.9468761682510376,8.178771018981934
0.9465099573135376,8.184466361999512
0.9438836574554443,8.188971519470215
0.9361960887908936,8.195365905761719
0.9498101472854614,8.201788902282715
0.9418336153030396,8.205079078674316
0.9382670521736145,8.205695152282715
0.9305883646011353,8.203450202941895
0.9335857033729553,8.204718589782715
0.958211362361908,8.20190715789795
0.9619673490524292,8.20052433013916
0.9474344253540039,8.200297355651855
0.9363588094711304,8.19980239868164
0.9533509016036987,8.19614315032959
0.9504284262657166,8.194457054138184
0.9473983645439148,8.196154594421387
0.9505909085273743,8.200278282165527
0.9617806673049927,8.205397605895996
0.9454190731048584,8.211871147155762
0.9407908320426941,8.223296165466309
0.9392059445381165,8.236446380615234
0.945929229259491,8.24857234954834
0.9404160380363464,8.263228416442871
0.9410876631736755,8.273768424987793
0.9475271701812744,8.280354499816895
0.9580404758453369,8.28690242767334
0.9449363946914673,8.289581298828125
0.9493967294692993,8.289322853088379
0.9479799270629883,8.286833763122559
0.9441876411437988,8.283997535705566
0.9457303881645203,8.278518676757812
0.950390100479126,8.275275230407715
0.9635125398635864,8.273388862609863
0.9476121664047241,8.271737098693848
0.9493881464004517,8.271842956542969
0.9425951838493347,8.267578125
0.9445605278015137,8.264023780822754
0.9377645254135132,8.257460594177246
0.9349802732467651,8.253189086914062
0.939347505569458,8.24770450592041
0.9507796764373779,8.23993968963623
0.9402158260345459,8.232077598571777
0.9483392238616943,8.224776268005371
0.9546735286712646,8.217999458312988
0.9482646584510803,8.211356163024902
0.9563480019569397,8.20544147491455
0.9421901106834412,8.202855110168457
0.9382437467575073,8.2015962600708
0.9539901614189148,8.201933860778809
0.9527515172958374,8.206634521484375
0.9393823146820068,8.213644981384277
0.9377549886703491,8.219182014465332
0.9454851150512695,8.229187965393066
0.9564894437789917,8.242347717285156
0.9441574811935425,8.255668640136719
0.9514344930648804,8.26476001739502
0.946121096611023,8.266388893127441
0.9406055212020874,8.270407676696777
0.948468029499054,8.280396461486816
0.9332016706466675,8.290409088134766
0.9437317848205566,8.30004596710205
0.9430022239685059,8.30781078338623
0.9476938843727112,8.311800956726074
0.9551785588264465,8.316828727722168
0.9641653895378113,8.317466735839844
0.9496982097625732,8.317177772521973
0.9424386620521545,8.318053245544434
0.9557227492332458,8.322915077209473
0.9503619074821472,8.322883605957031
0.9341938495635986,8.326577186584473
0.9479573369026184,8.33193302154541
0.9278113842010498,8.332650184631348
0.9507486820220947,8.33365535736084
0.9536484479904175,8.33791732788086
0.9386845827102661,8.339802742004395
0.9519107341766357,8.340970039367676
0.9197160005569458,8.339431762695312
0.9543497562408447,8.338820457458496
0.930817723274231,8.337668418884277
0.9329149723052979,8.33214282989502
0.9344058036804199,8.326691627502441
0.9429454803466797,8.321425437927246
0.9496650695800781,8.317490577697754
0.9435122609138489,8.313396453857422
0.9471668004989624,8.310818672180176
0.9420090913772583,8.313141822814941
0.9473854303359985,8.313735961914062
0.9522878527641296,8.312348365783691
0.9362332820892334,8.310367584228516
0.9467067718505859,8.303750038146973
0.9384007453918457,8.295462608337402
0.9390307664871216,8.289841651916504
0.9478904604911804,8.286483764648438
0.9440712928771973,8.281439781188965
0.9426095485687256,8.27500057220459
0.9529584646224976,8.268107414245605
0.9496983289718628,8.263484954833984
0.953869640827179,8.25937557220459
0.9412485361099243,8.255372047424316
0.9516136646270752,8.252852439880371
0.9440983533859253,8.248757362365723
0.950836718082428,8.246607780456543
0.9417924284934998,8.242033958435059
0.9536481499671936,8.232894897460938
0.9609057307243347,8.223679542541504
0.9384865164756775,8.212185859680176
0.9490082263946533,8.20215892791748
0.9432871341705322,8.194236755371094
0.9437405467033386,8.18323802947998
0.9517968893051147,8.172860145568848
0.9369105100631714,8.163806915283203
0.9423331022262573,8.152909278869629
0.951111376285553,8.144222259521484
0.9527279138565063,8.138083457946777
0.9457166194915771,8.130976676940918
0.9511429071426392,8.12686824798584
0.9441092610359192,8.123199462890625
0.9528259038925171,8.12258243560791
0.9439752697944641,8.117609977722168
0.9473709464073181,8.110549926757812
0.9474701881408691,8.106449127197266
0.9611798524856567,8.097408294677734
0.9475290775299072,8.09277057647705
0.9302743673324585,8.089875221252441
0.9444805979728699,8.08998966217041
0.9494419097900391,8.089691162109375
0.9494655132293701,8.091099739074707
0.9467097520828247,8.091774940490723
0.9537245035171509,8.095772743225098
0.9395927786827087,8.102850914001465
0.9601050615310669,8.112187385559082
0.9390488862991333,8.119407653808594
0.9541229009628296,8.121665000915527
0.9459651112556458,8.128838539123535
0.9501213431358337,8.136198997497559
0.9491249322891235,8.141722679138184
0.9365995526313782,8.144364356994629
0.9403934478759766,8.149776458740234
0.9522565603256226,8.152114868164062
0.9488376975059509,8.157479286193848
0.9658348560333252,8.16750431060791
0.950126588344574,8.179069519042969
0.9435648918151855,8.189704895019531
0.9451345205307007,8.198543548583984
0.9501928091049194,8.206238746643066
0.9610748887062073,8.2118558883667
0.9666944146156311,8.217491149902344
0.9396222829818726,8.226075172424316
0.9594855904579163,8.227355003356934
0.9436723589897156,8.231173515319824
0.9379202723503113,8.233290672302246
0.9492056369781494,8.234456062316895
0.9393128156661987,8.23349380493164
0.9578076601028442,8.227059364318848
0.9557000398635864,8.22164249420166
0.9440510272979736,8.216668128967285
0.9518614411354065,8.21488094329834
0.943218469619751,8.215378761291504
0.9415162801742554,8.216235160827637
0.9554633498191833,8.218238830566406
0.9506673812866211,8.221686363220215
0.9513360261917114,8.223884582519531
0.9484739303588867,8.225341796875
0.9293395280838013,8.225996971130371
0.9414435625076294,8.2247314453125
0.9447571039199829,8.224041938781738
0.9573168158531189,8.2239351272583
0.9589216709136963,8.226546287536621
0.9449632167816162,8.229924201965332
0.9539844393730164,8.2339448928833
0.9517025947570801,8.241459846496582
0.95257169008255,8.24925708770752
0.9378515481948853,8.255608558654785
0.9419502019882202,8.258936882019043
0.9483113288879395,8.263726234436035
0.9409077167510986,8.26590347290039
0.9525392055511475,8.273299217224121
0.9371473789215088,8.280388832092285
0.9496456384658813,8.290637016296387
0.9425650835037231,8.301239967346191
0.9395360350608826,8.31082820892334
0.9427642226219177,8.315295219421387
0.9368857145309448,8.314399719238281
0.9506301879882812,8.313429832458496
0.9341026544570923,8.316119194030762
0.9490031599998474,8.321956634521484
0.9395502805709839,8.324673652648926
0.9431986212730408,8.326981544494629
0.9540424346923828,8.331225395202637
0.9458231329917908,8.332734107971191
0.9320080280303955,8.332664489746094
0.9544747471809387,8.33194637298584
0.9543658494949341,8.329934120178223
0.9388617277145386,8.334822654724121
0.9350205063819885,8.338480949401855
0.9478961229324341,8.343650817871094
0.9485718011856079,8.347357749938965
0.9585731029510498,8.34839153289795
0.9364742636680603,8.352901458740234
0.9344668388366699,8.360603332519531
0.949883759021759,8.367549896240234
0.9394714832305908,8.374629020690918
0.9463996291160583,8.381156921386719
0.9574531316757202,8.38120174407959
0.9316138029098511,8.381815910339355
0.9559427499771118,8.384116172790527
0.9395420551300049,8.387740135192871
0.9441657662391663,8.389629364013672
0.9445822834968567,8.391250610351562
0.9356488585472107,8.388045310974121
0.9579062461853027,8.381632804870605
0.945884644985199,8.376832008361816
0.9482128024101257,8.371981620788574
0.9404407739639282,8.36605453491211
0.9386040568351746,8.360370635986328
0.9399110674858093,8.355480194091797
0.9378740191459656,8.352885246276855
0.9555776119232178,8.35256290435791
0.9469038248062134,8.352889060974121
0.9527845978736877,8.350642204284668
0.9403709769248962,8.346665382385254
0.9476625919342041,8.341464042663574
0.9653728008270264,8.336006164550781
0.9397581219673157,8.333163261413574
0.9369361996650696,8.330031394958496
0.9458838701248169,8.325087547302246
0.9518873691558838,8.321715354919434
0.9495574235916138,8.315105438232422
0.9364607930183411,8.307418823242188
0.937579333782196,8.303940773010254
0.9353116154670715,8.295948028564453
0.937924861907959,8.28972339630127
0.9418006539344788,8.283883094787598
0.9418072700500488,8.274144172668457
0.9547239542007446,8.263779640197754
0.9529687762260437,8.252671241760254
0.9424073696136475,8.243514060974121
0.945693850517273,8.23974609375
0.9334179759025574,8.235335350036621
0.9513171911239624,8.232911109924316
0.9458633661270142,8.230755805969238
0.9580101370811462,8.228623390197754
0.9447298049926758,8.225579261779785
0.9396169781684875,8.221031188964844
0.9411085844039917,8.218941688537598
0.946111261844635,8.215048789978027
0.9482768774032593,8.212998390197754
0.9356749653816223,8.212418556213379
0.9328519105911255,8.213919639587402
0.9502155780792236,8.214499473571777
0.938636064529419,8.208481788635254
0.933737576007843,8.199334144592285
0.9503503441810608,8.190627098083496
0.9328466653823853,8.184042930603027
0.9527164697647095,8.181968688964844
0.9563091993331909,8.179347038269043
0.9492021799087524,8.179465293884277
0.9469471573829651,8.179450035095215
0.9506122469902039,8.17747974395752
0.9452692270278931,8.17620849609375
0.9439003467559814,8.177262306213379
0.9512286186218262,8.181246757507324
0.9423652291297913,8.189068794250488
0.9336192607879639,8.193408012390137
0.9475454092025757,8.193060874938965
0.9622008800506592,8.193556785583496
0.9364900588989258,8.194561958312988
0.9583591222763062,8.192961692810059
0.951314389705658,8.188519477844238
0.9477297067642212,8.188563346862793
0.9477725028991699,8.186638832092285
0.9476240873336792,8.181122779846191
0.9452561140060425,8.18216609954834
0.9518587589263916,8.18067455291748
0.9267240762710571,8.180556297302246
0.9503440856933594,8.180685997009277
0.9363060593605042,8.179732322692871
0.9484282732009888,8.177289009094238
0.9543079137802124,8.178202629089355
0.95651775598526,8.1728515625
0.9515936374664307,8.163405418395996
0.9394939541816711,8.155776023864746
0.9538284540176392,8.146149635314941
0.9424460530281067,8.14093017578125
0.9433270692825317,8.134451866149902
0.948157787322998,8.12873363494873
0.9210705161094666,8.125582695007324
0.9500119090080261,8.12125301361084
0.9485538601875305,8.1178617477417
0.9508826732635498,8.11556339263916
0.9636916518211365,8.11069393157959
0.9429296851158142,8.103919982910156
0.9470235109329224,8.093894004821777
0.9448641538619995,8.083065032958984
0.9263965487480164,8.07469654083252
0.9363395571708679,8.065032005310059
0.9332150816917419,8.057372093200684
0.93731290102005,8.04421329498291
0.9481679797172546,8.028923034667969
0.9452623128890991,8.016483306884766
0.947809100151062,8.006516456604004
0.9475356340408325,7.997223377227783
0.942538857460022,7.990200519561768
0.9526245594024658,7.983788013458252
0.9547663331031799,7.980984210968018
0.9376998543739319,7.975880146026611
0.9422091841697693,7.969303607940674
0.9410272836685181,7.962993144989014
0.9548673629760742,7.954959392547607
0.9536822438240051,7.948726177215576
0.9542338252067566,7.944282531738281
0.9475868940353394,7.940139293670654
0.9399486780166626,7.93815279006958
0.9486428499221802,7.935824871063232
0.9474062919616699,7.932807445526123
0.942875862121582,7.931812763214111
0.9425363540649414,7.932667255401611
0.935352087020874,7.931605815887451
0.9534353017807007,7.9319376945495605
0.9463278651237488,7.933067798614502
0.9409386515617371,7.937564849853516
0.9558296203613281,7.941142559051514
0.9442774653434753,7.946170806884766
0.9487512111663818,7.951430797576904
0.9441678524017334,7.960068225860596
0.9486426115036011,7.969398498535156
0.9399932622909546,7.978759288787842
0.9462217688560486,7.989758014678955
0.9511826634407043,7.996891498565674
0.9532012343406677,8.00182056427002
0.946220874786377,8.004143714904785
0.9343886971473694,8.00295352935791
0.9372521638870239,7.9995198249816895
0.9600687026977539,7.99537992477417
0.9347051978111267,7.9926371574401855
0.9302285313606262,7.990322589874268
0.9394500255584717,7.983943462371826
0.938941240310669,7.977020740509033
0.9489684700965881,7.97050142288208
0.951734721660614,7.960437297821045
0.9572348594665527,7.949081897735596
0.9472069144248962,7.942538738250732
0.9340733289718628,7.938807964324951
0.9512553215026855,7.938422679901123
0.9556448459625244,7.9411773681640625
0.9506320953369141,7.944472789764404
0.9470400810241699,7.952064037322998
0.9452351331710815,7.957950115203857
0.9470340609550476,7.964470386505127
0.9493123888969421,7.9705586433410645
0.9463899731636047,7.977813243865967
0.9601212739944458,7.9856181144714355
0.9623850584030151,7.993187427520752
0.9437206983566284,7.998180389404297
0.9477648138999939,8.004530906677246
0.9462182521820068,8.012554168701172
0.944131076335907,8.018623352050781
0.9461053013801575,8.019577980041504
0.9488128423690796,8.020697593688965
0.9459660649299622,8.0217924118042
0.9489903450012207,8.019659996032715
0.9611866474151611,8.017180442810059
0.9462305903434753,8.016197204589844
0.9411949515342712,8.014756202697754
0.946029007434845,8.01098346710205
0.9421804547309875,8.00715160369873
0.9402797222137451,8.005499839782715
0.9344184994697571,8.002495765686035
0.9382473826408386,8.003296852111816
0.9441988468170166,8.002547264099121
0.9513952136039734,8.005236625671387
0.9635764360427856,8.007256507873535
0.9392840266227722,8.00667667388916
0.9472887516021729,8.008342742919922
0.9501641988754272,8.011974334716797
0.9398937821388245,8.016788482666016
0.954820990562439,8.019217491149902
0.9352395534515381,8.022738456726074
0.9523239135742188,8.025989532470703
0.9479401707649231,8.030119895935059
0.9573236703872681,8.03612232208252
0.9554270505905151,8.042807579040527
0.9407957196235657,8.0488862991333
0.9533134698867798,8.05001163482666
0.9562193751335144,8.049939155578613
0.9428732991218567,8.05172061920166
0.9430186748504639,8.053414344787598
0.9552112221717834,8.05276870727539
0.9497353434562683,8.05318832397461
0.9513423442840576,8.053605079650879
0.9401254057884216,8.054022789001465
0.9383298754692078,8.047924041748047
0.9481777548789978,8.037055015563965
0.9389609694480896,8.02527141571045
0.9325613975524902,8.014718055725098
0.9450240135192871,8.005301475524902
0.9354019165039062,7.999317169189453
0.9454358816146851,7.997421741485596
0.9373751282691956,7.994983673095703
0.9485651254653931,7.991215229034424
0.9409845471382141,7.987880706787109
0.9473769068717957,7.985439777374268
0.9380241632461548,7.982345104217529
0.9478588700294495,7.976471424102783
0.9504984617233276,7.971499919891357
0.9431618452072144,7.966148853302002
0.958309531211853,7.962009429931641
0.9317512512207031,7.957725524902344
0.9463064074516296,7.956225872039795
0.9403741955757141,7.959488391876221
0.9438480734825134,7.964160442352295
0.9423685669898987,7.968608379364014
0.9431030750274658,7.967545032501221
0.9464502930641174,7.969539642333984
0.9521966576576233,7.9712138175964355
0.9527376890182495,7.97420072555542
0.9390315413475037,7.97792387008667
0.9481129050254822,7.977878570556641
0.9333840608596802,7.976341247558594
0.950527548789978,7.972358703613281
0.9354570508003235,7.972442150115967
0.9409427046775818,7.973011493682861
0.956400990486145,7.9734883308410645
0.9422191381454468,7.9723286628723145
0.9520795345306396,7.973476409912109
0.9467875361442566,7.973571300506592
0.9399131536483765,7.97044038772583
0.9451093077659607,7.970444202423096
0.9519876837730408,7.971771717071533
0.9475287795066833,7.976207733154297
0.9420059323310852,7.976607799530029
0.9558361768722534,7.976924419403076
0.942996084690094,7.975784778594971
0.9397132396697998,7.973816394805908
0.9441346526145935,7.970627307891846
0.9448981881141663,7.967349529266357
0.9409956336021423,7.965770244598389
0.9469086527824402,7.964457988739014
0.9469097256660461,7.962428569793701
0.9395878314971924,7.9584269523620605
0.9571215510368347,7.956885814666748
0.9471827745437622,7.957229137420654
0.9451452493667603,7.95784330368042
0.9458706378936768,7.955673694610596
0.9579712152481079,7.955970287322998
0.9465290307998657,7.955475330352783
0.9386192560195923,7.954098224639893
0.9496527910232544,7.953200817108154
0.9491108059883118,7.9511027336120605
0.9381152391433716,7.948356628417969
0.9412593841552734,7.946101665496826
0.9407159090042114,7.945938587188721
0.9346457719802856,7.942505359649658
0.9420043230056763,7.938903331756592
0.9455502033233643,7.934746265411377
0.942114531993866,7.932884216308594
0.9589067697525024,7.934299468994141
0.9369211196899414,7.939582824707031
0.9460573792457581,7.942542552947998
0.9432114362716675,7.9464263916015625
0.94686359167099,7.951018810272217
0.9465304017066956,7.955540180206299
0.938110888004303,7.957911968231201
0.933532178401947,7.959606647491455
0.9477004408836365,7.961280345916748
0.9433711767196655,7.965866565704346
0.9457456469535828,7.970303058624268
0.9469841718673706,7.974815845489502
0.946346640586853,7.981037616729736
0.9469327330589294,7.984248638153076
0.939682126045227,7.989821910858154
0.9348942041397095,7.9945597648620605
0.941523551940918,7.9964680671691895
0.9429451823234558,7.999325275421143
0.9607447385787964,8.001172065734863
0.9382583498954773,8.007134437561035
0.9431387186050415,8.012481689453125
0.941554844379425,8.018391609191895
0.9415702819824219,8.024460792541504
0.9508371353149414,8.027634620666504
0.9431179761886597,8.02981185913086
0.9446585774421692,8.02990436553955
0.9533765316009521,8.02901554107666
0.9501556754112244,8.030112266540527
0.9409615397453308,8.031822204589844
0.946635365486145,8.030695915222168
0.9402400255203247,8.031277656555176
0.9533685445785522,8.027386665344238
0.9500764012336731,8.0230712890625
0.946986198425293,8.017006874084473
0.9391772747039795,8.012490272521973
0.9502420425415039,8.008126258850098
0.9384203553199768,8.005023956298828
0.9488380551338196,8.002104759216309
0.948920726776123,8.001354217529297
0.9527738690376282,8.000114440917969
0.9557349681854248,7.997420787811279
0.9452495574951172,7.996349334716797
0.9683692455291748,7.997501850128174
0.9467017650604248,8.00089168548584
0.9349298477172852,8.002549171447754
0.9576807618141174,8.005696296691895
0.9382416009902954,8.009899139404297
0.9443075656890869,8.012451171875
0.9444402456283569,8.012587547302246
0.9346820116043091,8.012053489685059
0.9461383819580078,8.010540962219238
0.9537539482116699,8.007275581359863
0.9433404803276062,8.003642082214355
0.9446192979812622,7.999858379364014
0.9493453502655029,7.992465972900391
0.9490681290626526,7.984673023223877
0.9477434158325195,7.976764678955078
0.9513969421386719,7.970092296600342
0.9416903257369995,7.965446472167969
0.9276773929595947,7.961456298828125
0.9532287120819092,7.956905364990234
0.9490434527397156,7.9504923820495605
0.9490625262260437,7.94374418258667
0.951687753200531,7.939106464385986
0.954484224319458,7.93621826171875
0.9391745328903198,7.932719707489014
0.9492408037185669,7.930878162384033
0.9330790042877197,7.929175853729248
0.939521312713623,7.924820423126221
0.946508526802063,7.921309947967529
0.9496783018112183,7.916069030761719
0.9508374929428101,7.914700031280518
0.9613817930221558,7.9137959480285645
0.9389559626579285,7.914703845977783
0.9516386985778809,7.9135355949401855
0.9562897682189941,7.9130940437316895
0.9548812508583069,7.9113993644714355
0.9415156841278076,7.9076151847839355
0.9503384232521057,7.903670787811279
0.9515461325645447,7.900863170623779
0.9546297788619995,7.895854949951172
0.9516441822052002,7.892616271972656
0.9525682926177979,7.889167308807373
0.9547656774520874,7.8866353034973145
0.9327614903450012,7.883373737335205
0.9416168332099915,7.876899242401123
0.9553271532058716,7.875812530517578
0.9506325721740723,7.877940654754639
0.9432721138000488,7.881214618682861
0.9503446221351624,7.881862163543701
0.9511855840682983,7.882893085479736
0.9529284238815308,7.886288166046143
0.9459307789802551,7.89009428024292
0.9459386467933655,7.890739440917969
0.9481672644615173,7.894157409667969
0.9482194185256958,7.899033069610596
0.9478359818458557,7.906501293182373
0.9493768215179443,7.914763927459717
0.9486603736877441,7.922855377197266
0.9578518271446228,7.931331634521484
0.9539684653282166,7.942921161651611
0.9446907639503479,7.951866626739502
0.9467926025390625,7.957850933074951
0.9460727572441101,7.961193084716797
0.9376447796821594,7.961452007293701
0.9431276321411133,7.963806629180908
0.9502995014190674,7.9682393074035645
0.9397047162055969,7.969902515411377
0.9459370970726013,7.976150989532471
0.9507253170013428,7.983784198760986
0.9286144971847534,7.989245891571045
0.947483241558075,7.996952533721924
0.9407973885536194,8.001338958740234
0.9576971530914307,8.006028175354004
0.9435863494873047,8.008145332336426
0.9438343048095703,8.008955955505371
0.931178629398346,8.006508827209473
0.9274537563323975,8.003594398498535
0.9525696635246277,8.000441551208496
0.9538580775260925,8.00093936920166
0.9514427781105042,8.001641273498535
0.9497731924057007,8.002392768859863
0.9489728808403015,8.00240421295166
0.9494798183441162,8.002890586853027
0.9444980621337891,8.003899574279785
0.9439528584480286,8.004414558410645
0.945098876953125,8.007102012634277
0.9394684433937073,8.009636878967285
0.9588650465011597,8.01578426361084
0.9392938613891602,8.021141052246094
0.9401007890701294,8.027610778808594
0.9384137988090515,8.034268379211426
0.9535996913909912,8.038336753845215
0.9449841380119324,8.042975425720215
0.9396887421607971,8.044021606445312
0.9414395689964294,8.043822288513184
0.9230601787567139,8.045902252197266
0.9472692608833313,8.048903465270996
0.9522740244865417,8.050442695617676
0.934658944606781,8.054532051086426
0.9460946917533875,8.053744316101074
0.9525275230407715,8.052855491638184
0.9489779472351074,8.053086280822754
0.9563068747520447,8.052689552307129
0.9644040465354919,8.05526351928711
0.9370145201683044,8.057312965393066
0.9515266418457031,8.060382843017578
0.942788302898407,8.062790870666504
0.9450418949127197,8.068520545959473
0.9594606757164001,8.068991661071777
0.9408270716667175,8.070364952087402
0.934093177318573,8.069436073303223
0.9502023458480835,8.067768096923828
0.9494601488113403,8.06482219696045
0.9477026462554932,8.060230255126953
0.9447808861732483,8.057921409606934
0.9387063980102539,8.04778003692627
0.94216388463974,8.037681579589844
0.9560189247131348,8.027950286865234
0.9487476944923401,8.01828670501709
0.9447771906852722,8.010016441345215
0.9522004127502441,7.99741792678833
0.9565295577049255,7.9855875968933105
0.9366390705108643,7.975311756134033
0.9390004277229309,7.962578296661377
0.9691026210784912,7.951465129852295
0.941291332244873,7.945350170135498
0.9425356388092041,7.941486835479736
0.9468585848808289,7.942248821258545
0.9485059976577759,7.941708087921143
0.9453961849212646,7.9427714347839355
0.9516765475273132,7.947329998016357
0.9420610666275024,7.9519124031066895
0.9524033665657043,7.954990386962891
0.9404564499855042,7.956230163574219
0.9564614295959473,7.960758686065674
0.9403191804885864,7.965527057647705
0.9465041160583496,7.967257976531982
0.94102942943573,7.968132495880127
0.949499249458313,7.968754291534424
0.9583094716072083,7.967177867889404
0.9432737231254578,7.969143390655518
0.950034499168396,7.970233917236328
0.9516546130180359,7.971508502960205
0.9381948113441467,7.974879741668701
0.948851466178894,7.9757771492004395
0.9536274075508118,7.973476409912109
0.9349533319473267,7.973983287811279
0.9565430283546448,7.97499418258667
0.939706027507782,7.975082874298096
0.9484964609146118,7.973922252655029
0.9354864358901978,7.975643634796143
0.9383225440979004,7.974315166473389
0.9247950315475464,7.970139026641846
0.9531149864196777,7.96702241897583
0.9531821012496948,7.965713977813721
0.9454989433288574,7.9641265869140625
0.9413508176803589,7.9622650146484375
0.9409491419792175,7.958129405975342
0.9369105696678162,7.950988292694092
0.9427042603492737,7.942684173583984
0.9416124820709229,7.937774181365967
0.934624433517456,7.9332661628723145
0.9567269086837769,7.927791118621826
0.9430997371673584,7.922057628631592
0.9477412700653076,7.91593599319458
0.9407947659492493,7.912658214569092
0.9560509324073792,7.91422700881958
0.9387264251708984,7.917239665985107
0.9431660175323486,7.9142680168151855
0.9501634240150452,7.912795543670654
0.9596167802810669,7.912376403808594
0.946319580078125,7.9116597175598145
0.9284773468971252,7.912631988525391
0.9450100064277649,7.914008617401123
0.9427803754806519,7.912627696990967
0.9414426684379578,7.910598278045654
0.9386222958564758,7.906909465789795
0.946637749671936,7.9019999504089355
0.9554821252822876,7.898242473602295
0.9384567737579346,7.8951029777526855
0.9577533006668091,7.8898234367370605
0.9540926814079285,7.883639812469482
0.9442962408065796,7.883567810058594
0.9351427555084229,7.885837078094482
0.9371023774147034,7.885570526123047
0.9430866241455078,7.882472515106201
0.9372978806495667,7.882880687713623
0.9528806209564209,7.883155345916748
0.9478721618652344,7.887431621551514
0.9390757083892822,7.89097261428833
0.943324863910675,7.889579772949219
0.9438436031341553,7.891911029815674
0.9457939863204956,7.896545886993408
0.9482780694961548,7.901585102081299
0.9390838146209717,7.906769275665283
0.9567562341690063,7.915218353271484
0.9407650828361511,7.922755718231201
0.9341340661048889,7.926743030548096
0.9497312903404236,7.927154064178467
0.9481280446052551,7.929175853729248
0.9444851875305176,7.9350199699401855
0.9534043073654175,7.939785003662109
0.9442801475524902,7.943969249725342
0.9420861601829529,7.952999591827393
0.9395664930343628,7.963451862335205
0.9479101896286011,7.975693225860596
0.945184051990509,7.985358715057373
0.9500321745872498,7.993865489959717
0.950352132320404,7.999202251434326
0.9528998732566833,8.001730918884277
0.939651370048523,8.000598907470703
0.9380406141281128,8.001618385314941
0.9509672522544861,8.000815391540527
0.9489588737487793,8.001875877380371
0.957026481628418,8.002272605895996
0.9498607516288757,8.004170417785645
0.925876796245575,8.006665229797363
0.9512670040130615,8.008075714111328
0.9482779502868652,8.009838104248047
0.9582276344299316,8.012145042419434
0.9406405687332153,8.013667106628418
0.949757993221283,8.010692596435547
0.9481453895568848,8.007233619689941
0.9503583908081055,8.005850791931152
0.9459766149520874,8.004508018493652
0.9473173022270203,8.00558090209961
0.9477527737617493,8.009095191955566
0.9368720054626465,8.011919975280762
0.959954559803009,8.013421058654785
0.946922779083252,8.016013145446777
0.9392873048782349,8.016837120056152
0.9375916123390198,8.01522159576416
0.9560196399688721,8.016047477722168
0.9413015842437744,8.020160675048828
0.9531622529029846,8.025818824768066
0.9438624978065491,8.027321815490723
0.9343884587287903,8.030142784118652
0.9472784399986267,8.029007911682129
0.9414443373680115,8.030243873596191
0.9555639028549194,8.031074523925781
0.9582698345184326,8.03044605255127
0.9527643322944641,8.026897430419922
0.9442535042762756,8.027749061584473
0.9632574915885925,8.028828620910645
0.9488600492477417,8.032563209533691
0.9551196694374084,8.036559104919434
0.9521175622940063,8.036724090576172
0.9410316944122314,8.04100513458252
0.9400467872619629,8.043978691101074
0.9358701109886169,8.049214363098145
0.9545339941978455,8.054068565368652
0.9551073312759399,8.05678653717041
0.937096118927002,8.062119483947754
0.9481825828552246,8.066210746765137
0.9501542448997498,8.068106651306152
0.9544433355331421,8.070893287658691
0.9511023163795471,8.07424259185791
0.9604632258415222,8.076521873474121
0.9417084455490112,8.076506614685059
0.9625188112258911,8.074357032775879
0.9561585783958435,8.070656776428223
0.934059202671051,8.069550514221191
0.9490206837654114,8.068740844726562
0.945073127746582,8.063755989074707
0.9519714117050171,8.063019752502441
0.9467606544494629,8.063640594482422
0.9533995389938354,8.060341835021973
0.9389192461967468,8.05423641204834
0.9499239921569824,8.046647071838379
0.9572088718414307,8.03835391998291
0.952399492263794,8.03355884552002
0.9443832039833069,8.027729034423828
0.9552893042564392,8.019150733947754
0.9513161182403564,8.012027740478516
0.9262780547142029,8.00797176361084
0.9399335980415344,8.001809120178223
0.9423261880874634,7.9998555183410645
0.9353621006011963,8.002140998840332
0.9464486837387085,8.005168914794922
0.9430805444717407,8.009549140930176
0.9603947401046753,8.012641906738281
0.9601241946220398,8.016739845275879
0.9504345655441284,8.020835876464844
0.9463239908218384,8.029328346252441
0.9537297487258911,8.03609848022461
0.9481245279312134,8.045275688171387
0.9515002965927124,8.051362037658691
0.9524515271186829,8.058648109436035
0.943221390247345,8.061993598937988
0.9464086890220642,8.064549446105957
0.9543393850326538,8.068764686584473
0.9415081143379211,8.073226928710938
0.9546363353729248,8.076351165771484
0.9348474144935608,8.08115291595459
0.9556410312652588,8.087966918945312
0.9452599287033081,8.094268798828125
0.9611077308654785,8.099844932556152
0.9570760726928711,8.104812622070312
0.941063642501831,8.107665061950684
0.9544090032577515,8.106616973876953
0.9357258081436157,8.10833740234375
0.9497864842414856,8.106284141540527
0.9405229091644287,8.101733207702637
0.9527464509010315,8.093873023986816
0.9558091759681702,8.083928108215332
0.9362305998802185,8.075028419494629
0.955583930015564,8.06927490234375
0.944085955619812,8.062378883361816
0.9343852996826172,8.060603141784668
0.9495484828948975,8.054850578308105
0.9514243602752686,8.054398536682129
0.9505369067192078,8.055423736572266
0.9362209439277649,8.051873207092285
0.9437181949615479,8.044373512268066
0.9316908717155457,8.040543556213379
0.9514502286911011,8.037941932678223
0.926845908164978,8.036162376403809
0.9575259685516357,8.035460472106934
0.93433678150177,8.0346097946167
0.9509833455085754,8.03812313079834
0.9468417763710022,8.044705390930176
0.95014488697052,8.050066947937012
0.9503012299537659,8.056120872497559
0.9423850178718567,8.0602445602417
0.9499614834785461,8.064980506896973
0.9481815099716187,8.067192077636719
0.9565091133117676,8.064815521240234
0.9429843425750732,8.065264701843262
0.9510619640350342,8.06859302520752
0.9406570792198181,8.073004722595215
0.9547266960144043,8.076445579528809
0.9439689517021179,8.076966285705566
0.9519822001457214,8.076648712158203
0.9541163444519043,8.072829246520996
0.948453426361084,8.072925567626953
0.9486609101295471,8.067343711853027
0.9522179961204529,8.061606407165527
0.946950376033783,8.055403709411621
0.9500281810760498,8.050950050354004
0.951002299785614,8.04903507232666
0.9411635994911194,8.048827171325684
0.9442625641822815,8.045426368713379
0.9346864819526672,8.038678169250488
0.9555966258049011,8.030253410339355
0.9525688290596008,8.022906303405762
0.9406934976577759,8.019112586975098
0.9513431787490845,8.010433197021484
0.948773205280304,8.001290321350098
0.9472785592079163,7.9939117431640625
0.9432518482208252,7.987571716308594
0.9450613856315613,7.979629993438721
0.9412767887115479,7.974598407745361
0.967888593673706,7.969645977020264
0.9393497705459595,7.968018054962158
0.9407123327255249,7.970123767852783
0.955449640750885,7.972682476043701
0.9426752924919128,7.972968578338623
0.9387451410293579,7.976779937744141
0.9588701128959656,7.984222412109375
0.9545943140983582,7.99104642868042
0.9484014511108398,7.997107982635498
0.9567655920982361,8.002448081970215
0.9455161094665527,8.009306907653809
0.9368295073509216,8.016551971435547
0.9509800672531128,8.027487754821777
0.9474097490310669,8.033631324768066
0.9442052245140076,8.034481048583984
0.9541041254997253,8.035502433776855
0.9509301781654358,8.03964900970459
0.9458050727844238,8.043773651123047
0.9365968108177185,8.046913146972656
0.9398975372314453,8.045744895935059
0.9655203223228455,8.040373802185059
0.9560536742210388,8.03977108001709
0.9528751373291016,8.04198169708252
0.9502000212669373,8.039137840270996
0.9457587003707886,8.033522605895996
0.9506579041481018,8.030207633972168
0.9654206037521362,8.02423095703125
0.9523530602455139,8.02280330657959
0.9636531472206116,8.03043270111084
0.9381523132324219,8.038402557373047
0.9528974294662476,8.048507690429688
0.9588283896446228,8.05282211303711
0.9435777068138123,8.058379173278809
0.9455710053443909,8.0658597946167
0.9523573517799377,8.075827598571777
0.9373533129692078,8.084827423095703
0.9501112699508667,8.090351104736328
0.9456600546836853,8.09451675415039
0.9543209075927734,8.099417686462402
0.952933132648468,8.105612754821777
0.9345295429229736,8.116250038146973
0.9459424614906311,8.12143325805664
0.9370009303092957,8.129951477050781
0.9463546872138977,8.134293556213379
0.9506852626800537,8.13323974609375
0.9530563354492188,8.133049964904785
0.9519194960594177,8.12827205657959
0.9449505805969238,8.124541282653809
0.960902750492096,8.116851806640625
0.9617230296134949,8.105063438415527
0.9547115564346313,8.093470573425293
0.9501537084579468,8.082283020019531
0.9472594261169434,8.074559211730957
0.9319743514060974,8.067749977111816
0.956012487411499,8.058745384216309
0.9389218091964722,8.048992156982422
0.9504398703575134,8.041386604309082
0.9500170350074768,8.032505989074707
0.9456045627593994,8.022750854492188
0.9431487321853638,8.014141082763672
0.9449146389961243,8.006197929382324
0.9566341042518616,8.000170707702637
0.9474306702613831,7.993812084197998
0.954020082950592,7.983077526092529
0.9434850811958313,7.972320079803467
0.9484801888465881,7.962169647216797
0.9471864104270935,7.949069976806641
0.9530276656150818,7.936583995819092
0.9628483653068542,7.92842435836792
0.9491408467292786,7.9218220710754395
0.9407076835632324,7.917324542999268
0.9589716196060181,7.9153361320495605
0.9442058801651001,7.913726329803467
0.952389121055603,7.912670612335205
0.9432690143585205,7.910468578338623
0.9559143781661987,7.907741546630859
0.945925235748291,7.908324718475342
0.9379964470863342,7.910476207733154
0.9451444745063782,7.913593769073486
0.9502527713775635,7.915698528289795
0.958969235420227,7.918102741241455
0.9412513375282288,7.921215534210205
0.9414552450180054,7.921623229980469
0.947600781917572,7.9265971183776855
0.9602155685424805,7.934047222137451
0.945203423500061,7.940379619598389
0.9372761249542236,7.944823741912842
0.9448326826095581,7.9513163566589355
0.9429275989532471,7.9567484855651855
0.9381906986236572,7.960072040557861
0.9422842860221863,7.9620890617370605
0.9512897729873657,7.960547924041748
0.9488729238510132,7.958332538604736
0.9382678866386414,7.953296184539795
0.9531470537185669,7.946189880371094
0.9512382745742798,7.937446117401123
0.9378713965415955,7.9291911125183105
0.9357710480690002,7.9247660636901855
0.9473450779914856,7.917389392852783
0.9511072039604187,7.906562805175781
0.9532375335693359,7.895705699920654
0.9497833251953125,7.887256145477295
0.9513027667999268,7.875037670135498
0.935410737991333,7.8667449951171875
0.9554129242897034,7.8586812019348145
0.9453798532485962,7.855873107910156
0.9387205243110657,7.849915027618408
0.9341891407966614,7.845718860626221
0.9423657059669495,7.843044757843018
0.9471701383590698,7.8411946296691895
0.9368782639503479,7.8419036865234375
0.9519510865211487,7.844360828399658
0.9568788409233093,7.8470988273620605
0.9496246576309204,7.851383686065674
0.9402278065681458,7.856250762939453
0.9583773612976074,7.863959789276123
0.9522311687469482,7.8693084716796875
0.9463621377944946,7.8747944831848145
0.9486022591590881,7.877640247344971
0.9583444595336914,7.882442951202393
0.9442937970161438,7.888565540313721
0.950764536857605,7.8949809074401855
0.929336667060852,7.903473377227783
0.9404504299163818,7.912903308868408
0.9392476677894592,7.919956684112549
0.9427785873413086,7.924026966094971
0.944854736328125,7.926769256591797
0.9582921862602234,7.9267802238464355
0.943223774433136,7.9277424812316895
0.9564554691314697,7.927543640136719
0.9504892826080322,7.929203033447266
0.9503658413887024,7.92909574508667
0.9408482909202576,7.928307056427002
0.9438968896865845,7.930023193359375
0.9376872181892395,7.934230327606201
0.946782112121582,7.935966968536377
0.9515272974967957,7.93818998336792
0.9471185207366943,7.940868854522705
0.9474625587463379,7.9449076652526855
0.9476404190063477,7.952026844024658
0.9341750741004944,7.95766019821167
0.9358636140823364,7.963973522186279
0.937092661857605,7.965522289276123
0.9463306665420532,7.960678577423096
0.954322338104248,7.956943988800049
0.9479292631149292,7.956848621368408
0.9546651840209961,7.960631847381592
0.9576324224472046,7.961093425750732
0.9373387694358826,7.9616923332214355
0.9381113052368164,7.9654765129089355
0.9460700154304504,7.96492338180542
0.9463889598846436,7.963860034942627
0.9462037086486816,7.962653636932373
0.9636169075965881,7.957260608673096
0.945090115070343,7.95353364944458
0.9463787078857422,7.948437213897705
0.9303799867630005,7.940612316131592
0.9547683000564575,7.935145854949951
0.9377756714820862,7.9337921142578125
0.9557526111602783,7.932163238525391
0.9417750239372253,7.9289469718933105
0.9490875601768494,7.9270405769348145
0.9547266960144043,7.926085948944092
0.952494204044342,7.925967693328857
0.9478887915611267,7.9229044914245605
0.954869270324707,7.920623302459717
0.9428891539573669,7.919609069824219
0.9553235769271851,7.921119213104248
0.9507155418395996,7.9243693351745605
0.9437937140464783,7.927337169647217
0.9532033801078796,7.928772449493408
0.9429088234901428,7.928581237792969
0.9578604698181152,7.933006763458252
0.9578365087509155,7.936554431915283
0.9461655020713806,7.942509174346924
0.9537400603294373,7.946339130401611
0.9482824206352234,7.948154926300049
0.9547773599624634,7.948436260223389
0.9544695615768433,7.948470592498779
0.9533651471138,7.948802471160889
0.949958086013794,7.947830677032471
0.9430897831916809,7.941691875457764
0.9583701491355896,7.935806751251221
0.9503532648086548,7.932334899902344
0.9454430341720581,7.929183483123779
0.9399372935295105,7.9277262687683105
0.9554917812347412,7.926517963409424
0.9558156132698059,7.928878307342529
0.9460471868515015,7.9315643310546875
0.9283636212348938,7.935481548309326
0.9475260972976685,7.936732769012451
0.9489118456840515,7.937653064727783
0.9431774616241455,7.938518047332764
0.9455423951148987,7.936198711395264
0.9491575956344604,7.935104846954346
0.9446377754211426,7.94166898727417
0.9559208154678345,7.947258472442627
0.9455527067184448,7.950835704803467
0.95241379737854,7.957793712615967
0.9449445605278015,7.969475269317627
0.9440460801124573,7.977127552032471
0.921960175037384,7.976162433624268
0.9405239820480347,7.9704813957214355
0.9506103992462158,7.960831165313721
0.9394046068191528,7.952751636505127
0.9525852203369141,7.94832181930542
0.9573289155960083,7.945377349853516
0.9481077194213867,7.9393229484558105
0.948855996131897,7.9353251457214355
0.9392377138137817,7.929358959197998
0.9409242868423462,7.926120281219482
0.9431427121162415,7.920173168182373
0.9585450887680054,7.912349224090576
0.9459483623504639,7.906818866729736
0.9515348672866821,7.901473522186279
0.9483577013015747,7.896015644073486
0.956078052520752,7.891696929931641
0.9467742443084717,7.887759685516357
0.9419150352478027,7.886974811553955
0.9541445970535278,7.890151500701904
0.945108950138092,7.893867492675781
0.9393649697303772,7.895125865936279
0.9477150440216064,7.896194934844971
0.9412930607795715,7.895598888397217
0.9503072500228882,7.894237995147705
0.9547260999679565,7.896834850311279
0.9534018039703369,7.899490833282471
0.9429565072059631,7.903202533721924
0.9409541487693787,7.910328388214111
0.9629400968551636,7.914883136749268
0.9324693083763123,7.918304920196533
0.9586387276649475,7.918846607208252
0.9565201997756958,7.920482635498047
0.9504220485687256,7.922604084014893
0.9416208863258362,7.929046630859375
0.941494882106781,7.9357757568359375
0.9500437378883362,7.940170764923096
0.9526091814041138,7.943108081817627
0.9513205289840698,7.9481282234191895
0.9519863128662109,7.950431823730469
0.9434878826141357,7.957218647003174
0.9550521373748779,7.962348461151123
0.9226290583610535,7.965465068817139
0.9374668598175049,7.970824718475342
0.9470893144607544,7.9756855964660645
0.9558396339416504,7.978431224822998
0.9481143951416016,7.982612133026123
0.9461159706115723,7.991207599639893
0.9555970430374146,7.998469829559326
0.9534019827842712,8.003589630126953
0.9514175653457642,8.006125450134277
0.9434491991996765,8.012255668640137
0.9480682611465454,8.020709991455078
0.9485898017883301,8.026542663574219
0.9469401240348816,8.03249454498291
0.9512086510658264,8.041581153869629
0.9498745203018188,8.043740272521973
0.9523645639419556,8.048057556152344
0.949057936668396,8.05264949798584
0.9413893818855286,8.059874534606934
0.9370130300521851,8.069212913513184
0.9395545721054077,8.076385498046875
0.9506106972694397,8.08200740814209
0.9446571469306946,8.083927154541016
0.9543453454971313,8.086371421813965
0.9426343441009521,8.084359169006348
0.9436532855033875,8.081679344177246
0.9597136378288269,8.081337928771973
0.947740375995636,8.080367088317871
0.9471843242645264,8.08071231842041
0.9562910199165344,8.084278106689453
0.9457644820213318,8.082691192626953
0.9396713376045227,8.079459190368652
0.9465504884719849,8.079237937927246
0.9501947164535522,8.0795259475708
0.9367215633392334,8.078845024108887
0.9516355991363525,8.08040714263916
0.9549732804298401,8.082195281982422
0.9316684007644653,8.079638481140137
0.9473410248756409,8.072345733642578
0.9390684962272644,8.069680213928223
0.95389324426651,8.068387031555176
0.9492525458335876,8.067460060119629
0.9399595856666565,8.065741539001465
0.9465892314910889,8.063884735107422
0.9423552751541138,8.059670448303223
0.9454342126846313,8.048325538635254
0.947564959526062,8.03680419921875
0.9405660033226013,8.025933265686035
0.9473247528076172,8.016265869140625
0.9395194053649902,8.007022857666016
0.9613620638847351,8.000839233398438
0.9583860039710999,7.9992451667785645
0.9519437551498413,7.998519420623779
0.9471844434738159,7.997726917266846
0.949988067150116,7.994442462921143
0.9424579739570618,7.992969512939453
0.9517775177955627,7.989787578582764
0.9537356495857239,7.983272552490234
0.9511832594871521,7.9763407707214355
0.9461338520050049,7.9671244621276855
0.9393629431724548,7.959716320037842
0.9464059472084045,7.953006267547607
0.9527773261070251,7.950343608856201
0.9574951529502869,7.9445881843566895
0.9463472962379456,7.940208435058594
0.940491795539856,7.932216167449951
0.944848895072937,7.926269054412842
0.9545250535011292,7.920658588409424
0.9354146718978882,7.918647289276123
0.9382843375205994,7.916274547576904
0.9387633800506592,7.915867328643799
0.9550991058349609,7.913185119628906
0.9481894969940186,7.912139415740967
0.9277002811431885,7.9067463874816895
0.9411676526069641,7.903370380401611
0.9507990479469299,7.895328998565674
0.9616171717643738,7.890750408172607
0.9508294463157654,7.888565540313721
0.9494989514350891,7.883388519287109
0.9360989332199097,7.879154682159424
0.9474964141845703,7.874881267547607
0.9504318833351135,7.874225616455078
0.9476943612098694,7.873828887939453
0.9547656774520874,7.87229585647583
0.9499148726463318,7.876857280731201
0.9363111257553101,7.881347179412842
0.941886305809021,7.882636547088623
0.9392825365066528,7.88942289352417
0.9518654942512512,7.899139881134033
0.9301548600196838,7.911162853240967
0.951250433921814,7.919387340545654
0.9421650171279907,7.928084850311279
0.9365280270576477,7.935783386230469
0.9405070543289185,7.940371990203857
0.9368422627449036,7.944766998291016
0.9403587579727173,7.945483684539795
0.9513148069381714,7.94624662399292
0.944130539894104,7.947357654571533
0.9521420001983643,7.952376842498779
0.9354892373085022,7.9575276374816895
0.9591909646987915,7.958652019500732
0.9423317909240723,7.9626617431640625
0.9405645132064819,7.9656147956848145
0.9546029567718506,7.970702648162842
0.948081910610199,7.974368572235107
0.9488591551780701,7.978179931640625
0.9398093223571777,7.985104084014893
0.9402780532836914,7.991973876953125
0.9532338380813599,8.000045776367188
0.9462226629257202,8.003584861755371
0.9559507966041565,8.007691383361816
0.946631908416748,8.008574485778809
0.9428714513778687,8.00719928741455
0.9422307014465332,8.003445625305176
0.9457440972328186,7.9993205070495605
0.9480541348457336,7.9977498054504395
0.9677477478981018,7.994582653045654
0.9307749271392822,7.993350505828857
0.9404813051223755,7.993824481964111
0.9498905539512634,7.993800640106201
0.9479355812072754,7.996955394744873
0.9528449177742004,7.997294902801514
0.940090537071228,7.99766206741333
0.9401715397834778,7.999252796173096
0.9556209444999695,7.996452808380127
0.9484410285949707,7.995518207550049
0.9385863542556763,7.994124889373779
0.94963139295578,7.988754749298096
0.9465484023094177,7.98858642578125
0.9575766324996948,7.98868989944458
0.9493309259414673,7.989525318145752
0.9478963613510132,7.992729663848877
0.9465498924255371,7.995056629180908
0.9502502679824829,7.998470783233643
0.9547935128211975,8.002737998962402
0.9581859707832336,8.008636474609375
0.9488145112991333,8.016380310058594
0.9499194622039795,8.0265531539917
0.9518877267837524,8.033385276794434
0.9518673419952393,8.04311466217041
0.945313036441803,8.054183959960938
0.9476261734962463,8.065430641174316
0.937434732913971,8.075211524963379
0.9507545232772827,8.077849388122559
0.9533236026763916,8.082123756408691
0.9441698789596558,8.088671684265137
0.9620858430862427,8.091071128845215
0.9448109269142151,8.092394828796387
0.9303176403045654,8.099165916442871
0.9365730881690979,8.10570240020752
0.9499475955963135,8.105000495910645
0.9550286531448364,8.099383354187012
0.9598763585090637,8.09677791595459
0.9397125840187073,8.09606647491455
0.9549816846847534,8.095356941223145
0.9341044425964355,8.095295906066895
0.9370731115341187,8.091992378234863
0.9372020959854126,8.082629203796387
0.9398208856582642,8.074490547180176
0.9516331553459167,8.061919212341309
0.9531422853469849,8.050846099853516
0.9523782730102539,8.0400390625
0.9457535743713379,8.0294828414917
0.9515107870101929,8.020936012268066
0.9574472904205322,8.014771461486816
0.9375669956207275,8.010708808898926
0.9532853960990906,8.00637149810791
0.9543922543525696,8.00260066986084
0.953960657119751,8.000473022460938
0.9463831782341003,8.003922462463379
0.9557301998138428,8.006759643554688
0.9501991271972656,8.01126766204834
0.9471337795257568,8.013962745666504
0.9598392248153687,8.01975154876709
0.9497105479240417,8.025910377502441
0.9536532163619995,8.033188819885254
0.9402909278869629,8.040218353271484
0.9301369786262512,8.044693946838379
0.9496459364891052,8.050604820251465
0.9340384602546692,8.056927680969238
0.9573360681533813,8.06252670288086
0.9426742792129517,8.066128730773926
0.9470146298408508,8.067246437072754
0.9456987380981445,8.068879127502441
0.9464981555938721,8.069169044494629
0.9475875496864319,8.068706512451172
0.946497917175293,8.063438415527344
0.9429908990859985,8.058585166931152
0.9354025721549988,8.05175495147705
0.9464074373245239,8.044120788574219
0.9442074298858643,8.037344932556152
0.9464810490608215,8.033461570739746
0.9437655806541443,8.03179931640625
0.9620875120162964,8.030043601989746
0.9371097683906555,8.029583930969238
0.9431740045547485,8.030838966369629
0.9442368149757385,8.027251243591309
0.9580501914024353,8.020621299743652
0.9451198577880859,8.016003608703613
0.9573019742965698,8.0121488571167
0.9654895663261414,8.00887680053711
0.9489222168922424,8.008742332458496
0.9416690468788147,8.011356353759766
0.9419087767601013,8.018531799316406
0.9439035058021545,8.025077819824219
0.9655274748802185,8.024649620056152
0.9424931406974792,8.026165008544922
0.9595906138420105,8.026738166809082
0.9379676580429077,8.02636432647705
0.9361770153045654,8.026359558105469
0.9536179304122925,8.026045799255371
0.9392694234848022,8.025558471679688
0.9429993629455566,8.026398658752441
0.9334826469421387,8.029022216796875
0.959772527217865,8.033265113830566
0.9305599331855774,8.039875030517578
0.950436532497406,8.049548149108887
0.956646203994751,8.059187889099121
0.9484065771102905,8.06975269317627
0.9342429041862488,8.080760955810547
0.9585247039794922,8.088013648986816
0.9472291469573975,8.09084701538086
0.9554939270019531,8.09622859954834
0.940560519695282,8.102843284606934
0.9507924914360046,8.107880592346191
0.9456559419631958,8.115105628967285
0.9322036504745483,8.119643211364746
0.9383714199066162,8.125786781311035
0.954811155796051,8.128125190734863
0.9507633447647095,8.129853248596191
0.9395715594291687,8.131402015686035
0.9449775218963623,8.133912086486816
0.9485758543014526,8.1382474899292
0.9481812119483948,8.139602661132812
0.9533397555351257,8.143303871154785
0.9348443150520325,8.148880958557129
0.9558331966400146,8.157073020935059
0.9514002799987793,8.162238121032715
0.959377646446228,8.16312313079834
0.9513656497001648,8.1633882522583
0.9509634971618652,8.162823677062988
0.9527106285095215,8.165703773498535
0.9390780925750732,8.163683891296387
0.9321480393409729,8.16171932220459
0.9439716339111328,8.158041954040527
0.9581844210624695,8.157784461975098
0.9417531490325928,8.155442237854004
0.936919093132019,8.156126976013184
0.943940281867981,8.160754203796387
0.9532217979431152,8.161856651306152
0.9452835321426392,8.164295196533203
0.9392749667167664,8.164505958557129
0.9315015077590942,8.165432929992676
0.9542011022567749,8.16365909576416
0.9281352758407593,8.157959938049316
0.9396727681159973,8.153626441955566
0.9472740888595581,8.151119232177734
0.9410746693611145,8.149627685546875
0.9601422548294067,8.150553703308105
0.9516687393188477,8.15130615234375
0.9504144787788391,8.155223846435547
0.9437341690063477,8.160277366638184
0.939738392829895,8.163422584533691
0.9371343851089478,8.160300254821777
0.9551753401756287,8.157549858093262
0.9598172903060913,8.158860206604004
0.9522051215171814,8.158463478088379
0.9519447684288025,8.156599998474121
0.9488844871520996,8.157378196716309
0.945434033870697,8.158799171447754
0.9500202536582947,8.15878677368164
0.9599704146385193,8.15651798248291
0.9381884932518005,8.153022766113281
0.942469596862793,8.143052101135254
0.9467847943305969,8.137856483459473
0.9421801567077637,8.134255409240723
0.949235737323761,8.131370544433594
0.9476476907730103,8.134551048278809
0.9553133845329285,8.141236305236816
0.9415872693061829,8.148995399475098
0.9427635073661804,8.155543327331543
0.9513450860977173,8.160395622253418
0.9400967955589294,8.166030883789062
0.9448860287666321,8.168519020080566
0.9432979822158813,8.169086456298828
0.9511245489120483,8.169116973876953
0.9476494193077087,8.16726016998291
0.9361745715141296,8.164118766784668
0.9373267889022827,8.164162635803223
0.9590193629264832,8.161937713623047
0.9521729946136475,8.15787410736084
0.9611422419548035,8.15761661529541
0.9349155426025391,8.155699729919434
0.9387658834457397,8.155632972717285
0.9383029937744141,8.15078067779541
0.9523147344589233,8.146984100341797
0.9553923606872559,8.142253875732422
0.946681797504425,8.135730743408203
0.9491831064224243,8.124579429626465
0.9483467936515808,8.115669250488281
0.9497390985488892,8.10971450805664
0.9507166743278503,8.103203773498535
0.948872447013855,8.096077919006348
0.9401122331619263,8.094286918640137
0.9488725662231445,8.095690727233887
0.9570132493972778,8.093266487121582
0.9499326348304749,8.091141700744629
0.9470462203025818,8.090813636779785
0.9405786395072937,8.08613109588623
0.9506461024284363,8.078083038330078
0.9326602816581726,8.071709632873535
0.947986364364624,8.067788124084473
0.9554885625839233,8.065216064453125
0.9564151167869568,8.063647270202637
0.9518569111824036,8.05832290649414
0.9439775943756104,8.05303955078125
0.9414987564086914,8.044352531433105
0.9441854357719421,8.036940574645996
0.9379633665084839,8.02571964263916
0.9406367540359497,8.009052276611328
0.936240553855896,7.994727611541748
0.9468211531639099,7.983161926269531
0.9469050168991089,7.968417644500732
0.947373628616333,7.951205730438232
0.9408271908760071,7.936565399169922
0.9322901368141174,7.927016735076904
0.9523734450340271,7.918017864227295
0.9455577731132507,7.910979747772217
0.9454609155654907,7.906619548797607
0.9437332153320312,7.900768756866455
0.9595960974693298,7.893951892852783
0.9463548064231873,7.889408111572266
0.9546634554862976,7.889869213104248
0.9521654844284058,7.892737865447998
0.9432805776596069,7.895846843719482
0.9476218223571777,7.897292613983154
0.9486480951309204,7.895554065704346
0.948737382888794,7.889576435089111
0.9399945139884949,7.885604381561279
0.9518258571624756,7.883552074432373
0.9580737352371216,7.883632183074951
0.9471399784088135,7.884697437286377
0.9497113227844238,7.888221263885498
0.9508832693099976,7.8940510749816895
0.9389047622680664,7.898437023162842
0.9442655444145203,7.903632640838623
0.9401100277900696,7.908416748046875
0.9553366899490356,7.916610240936279
0.9395601749420166,7.925297260284424
0.9504467248916626,7.936557769775391
0.9477672576904297,7.947144031524658
0.9412775039672852,7.961093902587891
0.9495726823806763,7.974410533905029
0.9373061656951904,7.984355449676514
0.9455702900886536,7.995041370391846
0.9560763835906982,8.000508308410645
0.9554287791252136,8.001998901367188
0.958659827709198,8.003693580627441
0.9474384188652039,8.006095886230469
0.9452546834945679,8.008658409118652
0.9466855525970459,8.007113456726074
0.9553402662277222,8.00191593170166
0.9480516910552979,7.997161388397217
0.959976077079773,7.996765613555908
0.9417516589164734,7.9918293952941895
0.953880250453949,7.989123821258545
0.9587630033493042,7.98518705368042
0.9404757022857666,7.984058856964111
0.9408490657806396,7.976955890655518
0.9591080546379089,7.972930431365967
0.9484819173812866,7.97227144241333
0.9535521864891052,7.974171161651611
0.9328473210334778,7.977195739746094
0.9322075247764587,7.978096008300781
0.9626975059509277,7.9807820320129395
0.9477219581604004,7.986210346221924
0.9395550489425659,7.993468761444092
0.9656144380569458,7.9985504150390625
0.9523290991783142,8.002190589904785
0.9449466466903687,8.00914478302002
0.9459068179130554,8.019248008728027
0.9500259757041931,8.025927543640137
0.9343472719192505,8.032843589782715
0.9478780031204224,8.038208961486816
0.9523747563362122,8.041739463806152
0.9446300864219666,8.041912078857422
0.9581092596054077,8.044403076171875
0.943312406539917,8.044926643371582
0.9493319988250732,8.044150352478027
0.9437038898468018,8.04207706451416
0.9528328776359558,8.042716026306152
0.9370986223220825,8.03958511352539
0.9456844925880432,8.035975456237793
0.9401850700378418,8.036178588867188
0.9412981271743774,8.039034843444824
0.9464192986488342,8.045787811279297
0.9579553008079529,8.060725212097168
0.9578680396080017,8.07100772857666
0.946835458278656,8.079951286315918
0.9510127902030945,8.088639259338379
0.9380184412002563,8.097773551940918
0.9402052760124207,8.107426643371582
0.9395753741264343,8.116111755371094
0.9509044885635376,8.124022483825684
0.9365946054458618,8.131321907043457
0.9479489922523499,8.135222434997559
0.9493941068649292,8.137402534484863
0.9503812789916992,8.134629249572754
0.9387726783752441,8.13223934173584
0.9421741962432861,8.131501197814941
0.9337202906608582,8.129240989685059
0.9244346618652344,8.122754096984863
0.9366167783737183,8.114409446716309
0.9465340375900269,8.108366966247559
0.9482595920562744,8.104132652282715
0.942358672618866,8.097965240478516
0.9506314396858215,8.09317684173584
0.9545904397964478,8.093017578125
0.932632327079773,8.091780662536621
0.9620580673217773,8.0928316116333
0.9531500339508057,8.090591430664062
0.9386476278305054,8.08725643157959
0.9450092315673828,8.087908744812012
0.9354793429374695,8.087281227111816
0.9506088495254517,8.085578918457031
0.9337690472602844,8.083699226379395
0.9479424357414246,8.079551696777344
0.946546196937561,8.073348045349121
0.9339379072189331,8.06765365600586
0.947860062122345,8.062851905822754
0.9544157981872559,8.054986000061035
0.9479606747627258,8.044838905334473
0.9432467818260193,8.038336753845215
0.9443882703781128,8.033120155334473
0.9449658393859863,8.02502727508545
0.9482812881469727,8.019692420959473
0.9538390636444092,8.016307830810547
0.9351950883865356,8.013752937316895
0.9492149949073792,8.014586448669434
0.9474605321884155,8.016586303710938
0.9437576532363892,8.01321792602539
0.9488815069198608,8.012375831604004
0.9279307723045349,8.008896827697754
0.9521289467811584,8.001265525817871
0.9466126561164856,7.991207599639893
0.9524393081665039,7.982624053955078
0.9623473882675171,7.974257946014404
0.9559668302536011,7.9639201164245605
0.9514733552932739,7.954631805419922
0.9516205191612244,7.949387073516846
0.9418343305587769,7.941917419433594
0.9617440700531006,7.932648181915283
0.9282774329185486,7.921818256378174
0.9494052529335022,7.914658069610596
0.9600542783737183,7.907219409942627
0.9422575235366821,7.904228687286377
0.9450401663780212,7.9037251472473145
0.944689929485321,7.903671741485596
0.9433149695396423,7.902725696563721
0.9353173971176147,7.89906644821167
0.9519785642623901,7.897689342498779
0.9495618343353271,7.8965606689453125
0.9487691521644592,7.892695903778076
0.9415953159332275,7.890246868133545
0.9474427700042725,7.885707378387451
0.9535062909126282,7.881615161895752
0.9377623200416565,7.878384113311768
0.955788791179657,7.875110626220703
0.9535666108131409,7.870070934295654
0.9470040202140808,7.864928722381592
0.9609773755073547,7.861510753631592
0.9390987157821655,7.864932537078857
0.9571202993392944,7.8732147216796875
0.938237190246582,7.882869720458984
0.9300263524055481,7.888329029083252
0.9413762092590332,7.89347505569458
0.9414938688278198,7.897049427032471
0.9466438293457031,7.901561260223389
0.9456369280815125,7.903831481933594
0.954998791217804,7.906890392303467
0.9509820938110352,7.908324718475342
0.9535963535308838,7.9115519523620605
0.9523227214813232,7.9144206047058105
0.9489660263061523,7.9133992195129395
0.9556965231895447,7.9145283699035645
0.9381675720214844,7.916961193084717
0.9391888380050659,7.919525623321533
0.9578211307525635,7.922748565673828
0.9516535401344299,7.924217700958252
0.9543237090110779,7.9267964363098145
0.9467486143112183,7.929737567901611
0.9424821138381958,7.932601451873779
0.9591875076293945,7.934711933135986
0.943320095539093,7.934669017791748
0.9404951333999634,7.936748027801514
0.9446398615837097,7.939380645751953
0.9586650133132935,7.934383869171143
0.9537276029586792,7.931830883026123
0.9498511552810669,7.930945873260498
0.9397684931755066,7.928687572479248
0.9392811059951782,7.928420543670654
0.9498815536499023,7.927306652069092
0.9423829913139343,7.926360607147217
0.9600672721862793,7.922000408172607
0.9507517218589783,7.915909290313721
0.9460165500640869,7.911719799041748
0.9481639862060547,7.907188892364502
0.9385173916816711,7.903529644012451
0.952828049659729,7.898594379425049
0.9447981119155884,7.8935770988464355
0.948787271976471,7.8923115730285645
0.9434062242507935,7.888767719268799
0.9451395869255066,7.888390064239502
0.9458544850349426,7.888523578643799
0.9552649259567261,7.8845744132995605
0.9447758197784424,7.8804545402526855
0.9444641470909119,7.877822399139404
0.9455649256706238,7.875972270965576
0.941978931427002,7.872539043426514
0.9536035060882568,7.870402812957764
0.9427078366279602,7.867172718048096
0.9427455067634583,7.861464977264404
0.9499621987342834,7.8547210693359375
0.9426524639129639,7.849914073944092
0.9411896467208862,7.845287322998047
0.9520889520645142,7.835971832275391
0.9381539225578308,7.831004619598389
0.9473684430122375,7.827526092529297
0.9588610529899597,7.825362682342529
0.950727105140686,7.8243794441223145
0.9578275084495544,7.82387113571167
0.9473856091499329,7.822783946990967
0.9506351351737976,7.819176197052002
0.9372003078460693,7.818805694580078
0.9549404978752136,7.823192119598389
0.9547853469848633,7.8269572257995605
0.949951171875,7.826694011688232
0.938257098197937,7.8281474113464355
0.9397408962249756,7.830509662628174
0.9461613297462463,7.834144115447998
0.9393121600151062,7.84293794631958
0.9539474248886108,7.85064697265625
0.9463067650794983,7.8593058586120605
0.9399880170822144,7.865280628204346
0.9472808241844177,7.8710856437683105
0.9484528303146362,7.874854564666748
0.9460446834564209,7.879828929901123
0.9382760524749756,7.882584095001221
0.9321900606155396,7.884841442108154
0.9516672492027283,7.882945537567139
0.9495013952255249,7.881302356719971
0.948400616645813,7.8843536376953125
0.9404953718185425,7.886383533477783
0.9474267959594727,7.890773296356201
0.9527731537818909,7.894852161407471
0.9386420845985413,7.900013446807861
0.9440829753875732,7.900543212890625
0.9371143579483032,7.901196002960205
0.9518877863883972,7.899719715118408
0.9459113478660583,7.892406940460205
0.9469812512397766,7.883144378662109
0.939174473285675,7.872814178466797
0.952623724937439,7.860438823699951
0.9545256495475769,7.851363658905029
0.9442408084869385,7.842865467071533
0.9358949065208435,7.833977222442627
0.9541010856628418,7.82328462600708
0.9377442002296448,7.8138813972473145
0.94901442527771,7.804896831512451
0.9396253824234009,7.796248912811279
0.9427991509437561,7.787258625030518
0.9363068342208862,7.779139995574951
0.9415850639343262,7.774669170379639
0.9618616104125977,7.772777557373047
0.9443530440330505,7.771679401397705
0.9487906694412231,7.7719340324401855
0.9382056593894958,7.771652698516846
0.943686306476593,7.770897388458252
0.9457735419273376,7.770161151885986
0.9472312331199646,7.774487018585205
0.9461716413497925,7.777099132537842
0.9430970549583435,7.782577037811279
0.9442305564880371,7.788467884063721
0.9559147357940674,7.793368816375732
0.9545092582702637,7.797714710235596
0.9292073249816895,7.803864002227783
0.9382728934288025,7.8155131340026855
0.952255368232727,7.8265380859375
0.9390929341316223,7.834411144256592
0.9302416443824768,7.844829559326172
0.9501280188560486,7.855156421661377
0.9369899034500122,7.868900775909424
0.9459126591682434,7.878052234649658
0.9502127170562744,7.882476329803467
0.9203315377235413,7.890029430389404
0.9472450613975525,7.896800994873047
0.942308247089386,7.903110980987549
0.9515820741653442,7.905231475830078
0.9397637844085693,7.909003734588623
0.936362624168396,7.908462047576904
0.9414892792701721,7.909199237823486
0.9344372749328613,7.911510467529297
0.9483141899108887,7.912356853485107
0.9468926787376404,7.909206390380859
0.9550570249557495,7.908679485321045
0.9390738010406494,7.910801410675049
0.9375432729721069,7.913776874542236
0.9311737418174744,7.914020538330078
0.9522630572319031,7.911536693572998
0.951137125492096,7.909797668457031
0.9517158269882202,7.912868022918701
0.9232656955718994,7.9131011962890625
0.9602205753326416,7.911037921905518
0.9436154365539551,7.9122090339660645
0.9419446587562561,7.91514253616333
0.9389941692352295,7.91386079788208
0.9531509280204773,7.913115978240967
0.9407483339309692,7.9106974601745605
0.9556427597999573,7.907905101776123
0.9285141825675964,7.905430316925049
0.9407466650009155,7.8992838859558105
0.9527099132537842,7.892833232879639
0.9509867429733276,7.887916088104248
0.9432486891746521,7.884795665740967
0.9503093361854553,7.882214069366455
0.9548183083534241,7.87693452835083
0.9435065984725952,7.8721842765808105
0.9508581161499023,7.870083332061768
0.9527589678764343,7.870544910430908
0.9552386999130249,7.872711658477783
0.9464812874794006,7.8761210441589355
0.9560258388519287,7.879223346710205
0.9373065829277039,7.882297039031982
0.9483166933059692,7.887683391571045
0.9510996341705322,7.893859386444092
0.9462795257568359,7.900730133056641
0.9543598890304565,7.906474590301514
0.9548979997634888,7.911387920379639
0.949657142162323,7.9135355949401855
0.9537180066108704,7.917656421661377
0.9474539756774902,7.921688556671143
0.9589487314224243,7.928679943084717
0.945551335811615,7.934733867645264
0.9540027379989624,7.940368175506592
0.9388532638549805,7.9472432136535645
0.9632672071456909,7.952620983123779
0.9475551843643188,7.960380554199219
0.9559580087661743,7.969985485076904
0.9436891674995422,7.972706317901611
0.9499951004981995,7.973464488983154
0.94642573595047,7.973269939422607
0.9433639645576477,7.969833850860596
0.9509729146957397,7.968688488006592
0.9629068374633789,7.9653849601745605
0.9418298602104187,7.960472583770752
0.9493536949157715,7.950603485107422
0.9448216557502747,7.943489074707031
0.9576357007026672,7.940070629119873
0.9593918323516846,7.938384532928467
0.9365772604942322,7.939835071563721
0.9444605112075806,7.943294048309326
0.9572478532791138,7.944118499755859
0.9479386806488037,7.943233013153076
0.9577234387397766,7.942714214324951
0.9517024159431458,7.941299915313721
0.9581713676452637,7.942821502685547
0.9373637437820435,7.942847728729248
0.952407956123352,7.945065021514893
0.959235429763794,7.945854663848877
0.9457184672355652,7.9463887214660645
0.9567215442657471,7.945811748504639
0.953470766544342,7.948974132537842
0.9447841644287109,7.9533610343933105
0.9477837085723877,7.956397533416748
0.9305132031440735,7.955891132354736
0.9553443789482117,7.957923412322998
0.9553737640380859,7.957301616668701
0.9495123028755188,7.9553914070129395
0.9479312896728516,7.9502339363098145
0.9485464096069336,7.94588041305542
0.9390527606010437,7.939728260040283
0.9520382881164551,7.937122821807861
0.9456890821456909,7.937594890594482
0.9382845163345337,7.938126087188721
0.9407143592834473,7.937164306640625
0.9452880620956421,7.936431407928467
0.9477465748786926,7.9361653327941895
0.9556108117103577,7.93265962600708
0.9574454426765442,7.927699565887451
0.9354168176651001,7.922679424285889
0.9412608742713928,7.914981842041016
0.9491463303565979,7.909317493438721
0.9505173563957214,7.904830455780029
0.9476710557937622,7.903984546661377
0.9579066038131714,7.909003734588623
0.9467703104019165,7.913425445556641
0.9290599822998047,7.919918537139893
0.9409013390541077,7.923255920410156
0.9455979466438293,7.922256946563721
0.9336962699890137,7.922302722930908
0.951912522315979,7.920108318328857
0.9384193420410156,7.921089172363281
0.9405801296234131,7.92122220993042
0.9412721395492554,7.921115875244141
0.9393865466117859,7.921344757080078
0.9626293182373047,7.925018787384033
0.9471681118011475,7.92940092086792
0.95023113489151,7.931816577911377
0.9458999633789062,7.9365153312683105
0.945061445236206,7.939010143280029
0.9419152736663818,7.939864635467529
0.9634685516357422,7.943836212158203
0.9570613503456116,7.94804048538208
0.9423289895057678,7.9520792961120605
0.928765058517456,7.962151050567627
0.9477658271789551,7.969634532928467
0.9501214623451233,7.981129169464111
0.9474080801010132,7.988239765167236
0.9429721832275391,7.9979472160339355
0.9416013956069946,8.001898765563965
0.9427507519721985,7.999942302703857
0.9478546380996704,7.997680187225342
0.9600698947906494,7.996670246124268
0.9534200429916382,7.995815277099609
0.9419130086898804,7.998215198516846
0.948380708694458,8.000784873962402
0.9560339450836182,8.001044273376465
0.9357068538665771,8.00204086303711
0.9457167387008667,8.005420684814453
0.9484462141990662,8.0048189163208
0.9482496976852417,8.004096031188965
0.9479154348373413,8.004143714904785
0.9525879621505737,8.000399589538574
0.9511993527412415,7.9973530769348145
0.942559003829956,7.9969329833984375
0.9583269357681274,8.001296997070312
0.9491466283798218,8.008583068847656
0.9459328651428223,8.020306587219238
0.9420408606529236,8.031139373779297
0.9433718919754028,8.038115501403809
0.9500896334648132,8.04172420501709
0.9472060203552246,8.044665336608887
0.954512894153595,8.045822143554688
0.9545310735702515,8.043580055236816
0.9481605291366577,8.03995418548584
0.9546330571174622,8.035674095153809
0.952741265296936,8.028931617736816
0.9362488389015198,8.026840209960938
0.9394601583480835,8.025452613830566
0.9485407471656799,8.020576477050781
0.9423163533210754,8.017090797424316
0.944034993648529,8.010184288024902
0.9520633220672607,8.008544921875
0.9554622173309326,8.006266593933105
0.9447594881057739,8.001008033752441
0.9509132504463196,8.001320838928223
0.9386259317398071,7.997256755828857
0.9536751508712769,7.987793445587158
0.9481140971183777,7.98576021194458
0.9420216083526611,7.985713481903076
0.9425595998764038,7.9847798347473145
0.9446686506271362,7.9834370613098145
0.9478473663330078,7.9837422370910645
0.941198468208313,7.986854076385498
0.9422129988670349,7.991852283477783
0.9501967430114746,7.9960408210754395
0.9276096224784851,8.000166893005371
0.946545422077179,8.000655174255371
0.9396737813949585,7.9999470710754395
0.9525450468063354,7.99766206741333
0.9429501891136169,7.996765613555908
0.9519916772842407,7.990920543670654
0.9395265579223633,7.986015319824219
0.9507297277450562,7.983051300048828
0.9543960690498352,7.9781951904296875
0.9413509964942932,7.9698710441589355
0.945991039276123,7.960937976837158
0.9527463912963867,7.950085163116455
0.9616880416870117,7.937244892120361
0.937920868396759,7.925220966339111
0.9522210359573364,7.911601543426514
0.9558595418930054,7.901164531707764
0.9363679885864258,7.890132427215576
0.9515031576156616,7.881248950958252
0.9457082152366638,7.8755574226379395
0.9517101049423218,7.870911121368408
0.9364048838615417,7.868266582489014
0.9363482594490051,7.8649444580078125
0.9422545433044434,7.858912944793701
0.9585493803024292,7.855773448944092
0.9425188302993774,7.851413249969482
0.9573091268539429,7.8431172370910645
0.9472933411598206,7.837109088897705
0.9486594796180725,7.831760883331299
0.941205620765686,7.826084136962891
0.9573002457618713,7.8220438957214355
0.950897753238678,7.821629047393799
0.9450516700744629,7.815128803253174
0.9414491653442383,7.8095703125
0.9346820116043091,7.805248737335205
0.9511057138442993,7.800449371337891
0.9474588632583618,7.794750690460205
0.9519586563110352,7.788147449493408
0.9541635513305664,7.779548168182373
0.9482226967811584,7.771815776824951
0.9410094618797302,7.770244121551514
0.9433697462081909,7.769477367401123
0.9367570877075195,7.770293712615967
0.9403711557388306,7.7710185050964355
0.9566221237182617,7.7691426277160645
0.9546196460723877,7.7688517570495605
0.9421149492263794,7.76914644241333
0.9476866722106934,7.770958423614502
0.9527136087417603,7.771602630615234
0.9480692744255066,7.773106098175049
0.9464564323425293,7.774326801300049
0.9460352659225464,7.774604320526123
0.9494315981864929,7.779784679412842
0.9590603113174438,7.781521320343018
0.9542657136917114,7.782721996307373
0.9582194089889526,7.784156799316406
0.9548596143722534,7.782646179199219
0.9563934803009033,7.783645153045654
0.9567932486534119,7.784022808074951
0.9516597390174866,7.787083148956299
0.9561583995819092,7.792445659637451
0.9596520066261292,7.796157360076904
0.9502623677253723,7.799797534942627
0.9466296434402466,7.802466869354248
0.9462898373603821,7.8033061027526855
0.9566817879676819,7.804900646209717
0.9383804202079773,7.805927753448486
0.9479164481163025,7.801804065704346
0.9433173537254333,7.800285339355469
0.9365966320037842,7.798243999481201
0.9342047572135925,7.796664714813232
0.9374514818191528,7.796756267547607
0.9430396556854248,7.798283100128174
0.9482452869415283,7.7982258796691895
0.9561763405799866,7.793701648712158
0.9459684491157532,7.788483142852783
0.9431866407394409,7.789047718048096
0.9578287601470947,7.7912983894348145
0.9338352084159851,7.794849872589111
0.9438591003417969,7.797443389892578
0.9451264142990112,7.795203685760498
0.9471181631088257,7.792324542999268
0.9443062543869019,7.793426990509033
0.9645146131515503,7.794112682342529
0.9359599947929382,7.8001017570495605
0.928914487361908,7.808128833770752
0.9431853294372559,7.824927806854248
0.9450333118438721,7.837917804718018
0.949756383895874,7.850406169891357
0.9557698965072632,7.863110065460205
0.9342024326324463,7.873688220977783
0.9462894201278687,7.887126445770264
0.945690393447876,7.900599956512451
0.943282961845398,7.916305065155029
0.9506243467330933,7.932826995849609
0.9634810090065002,7.946987628936768
0.9493533372879028,7.961369037628174
0.9531760215759277,7.97438383102417
0.9378185272216797,7.985991954803467
0.9368016719818115,7.996264934539795
0.9543029069900513,8.005667686462402
0.9482407569885254,8.019522666931152
0.9403166770935059,8.026840209960938
0.9480847120285034,8.032553672790527
0.9560058116912842,8.037049293518066
0.9525123834609985,8.042023658752441
0.9493833184242249,8.046195983886719
0.9426392316818237,8.051506996154785
0.9494143128395081,8.051589012145996
0.9423602223396301,8.048675537109375
0.9442506432533264,8.043045043945312
0.9311648011207581,8.03744125366211
0.9365674257278442,8.030402183532715
0.9467564821243286,8.021232604980469
0.9530239105224609,8.009207725524902
0.956471860408783,7.997722148895264
0.9578773975372314,7.986057758331299
0.950815737247467,7.976840972900391
0.9457927346229553,7.967227458953857
0.9562847018241882,7.957508563995361
0.9492323398590088,7.952938556671143
0.9561550617218018,7.9480366706848145
0.952810525894165,7.939182758331299
0.9541146159172058,7.932013988494873
0.9511027336120605,7.930675029754639
0.951356053352356,7.928314208984375
0.9529775977134705,7.923766613006592
0.9457764625549316,7.919701099395752
0.9480404853820801,7.920044422149658
0.9472018480300903,7.918952465057373
0.9476597905158997,7.919926166534424
0.9618887901306152,7.919735431671143
0.9480130076408386,7.9202423095703125
0.9547504186630249,7.9177165031433105
0.9509539604187012,7.916428089141846
0.9577548503875732,7.911437511444092
0.9522310495376587,7.905612468719482
0.9469333291053772,7.901793956756592
0.9548554420471191,7.897128582000732
0.9364965558052063,7.893215179443359
0.9466105699539185,7.892452716827393
0.9380536079406738,7.890976428985596
0.9487539529800415,7.894230365753174
0.9454984068870544,7.895969390869141
0.9550376534461975,7.896892070770264
0.948887050151825,7.892951488494873
0.941310465335846,7.88676118850708
0.9377049207687378,7.880126476287842
0.9441442489624023,7.877956867218018
0.9423767328262329,7.8785176277160645
0.9556121826171875,7.878516674041748
0.9413166642189026,7.878838062286377
0.9510785341262817,7.877102375030518
0.9561169147491455,7.875259876251221
0.9578668475151062,7.869869232177734
0.959920346736908,7.86822509765625
0.9453011751174927,7.8697896003723145
0.9434074759483337,7.871525287628174
0.9403714537620544,7.872607707977295
0.9552127718925476,7.874209880828857
0.9550543427467346,7.877711772918701
0.9510014653205872,7.8797760009765625
0.9357056021690369,7.884627819061279
0.945170521736145,7.889659881591797
0.952113687992096,7.894568920135498
0.9595085978507996,7.901004314422607
0.9451031684875488,7.909485340118408
0.9649991989135742,7.918545246124268
0.9381874203681946,7.926208972930908
0.938080370426178,7.937171459197998
0.9616566896438599,7.945357799530029
0.9493337869644165,7.954288959503174
0.9509532451629639,7.9630889892578125
0.9409236907958984,7.970740795135498
0.9613016843795776,7.978038311004639
0.941340982913971,7.985359191894531
0.9526961445808411,7.992091655731201
0.9388260841369629,7.997565746307373
0.9449725151062012,8.00136947631836
0.938576877117157,8.00365161895752
0.9403331875801086,8.0043306350708
0.9453633427619934,8.007269859313965
0.9433178305625916,8.007857322692871
0.9479293823242188,8.009526252746582
0.942581832408905,8.011833190917969
0.9433621764183044,8.01096248626709
0.9411523342132568,8.011238098144531
0.9476940035820007,8.012665748596191
0.9349956512451172,8.009499549865723
0.9459608793258667,8.00751781463623
0.9656400680541992,8.006182670593262
0.9240213632583618,8.005256652832031
0.9520450830459595,7.996735095977783
0.935090959072113,7.9866557121276855
0.9318127632141113,7.976395130157471
0.9505473375320435,7.972099781036377
0.9415144324302673,7.965724468231201
0.9441423416137695,7.964995861053467
0.9477725028991699,7.963860034942627
0.9440023899078369,7.962337493896484
0.9463778734207153,7.959353923797607
0.9564257264137268,7.958442211151123
0.9552192091941833,7.958526134490967
0.9498385787010193,7.959838390350342
0.9441421031951904,7.957664489746094
0.9475238919258118,7.957320690155029
0.9366961717605591,7.954681873321533
0.9539034366607666,7.9552388191223145
0.9354349970817566,7.957019805908203
0.9505671262741089,7.954487323760986
0.9538120031356812,7.953990459442139
0.9476070404052734,7.947719097137451
0.9556292295455933,7.944610595703125
0.9499195218086243,7.939526081085205
0.9397388100624084,7.932460308074951
0.9619578719139099,7.927295684814453
0.9446627497673035,7.923580169677734
0.9549419283866882,7.921504974365234
0.9485159516334534,7.920792102813721
0.93695467710495,7.920901775360107
0.9481385350227356,7.921512126922607
0.9533216953277588,7.923327922821045
0.945205569267273,7.926841735839844
0.9516914486885071,7.933566570281982
0.9511331915855408,7.940364360809326
0.9397708773612976,7.945118427276611
0.9451605081558228,7.952427387237549
0.9431527256965637,7.958057880401611
0.9391094446182251,7.9579081535339355
0.9450497627258301,7.9515604972839355
0.9402148127555847,7.946513652801514
0.945451021194458,7.941086292266846
0.9542285203933716,7.933704853057861
0.9282264709472656,7.9287190437316895
0.957563042640686,7.923351764678955
0.9594178199768066,7.9152140617370605
0.9430700540542603,7.905354022979736
0.9460045099258423,7.894581317901611
0.9484003782272339,7.883491039276123
0.9565394520759583,7.8767619132995605
0.9424259066581726,7.868553638458252
0.9403679966926575,7.865386962890625
0.93806391954422,7.86478853225708
0.9618560671806335,7.864101886749268
0.9564130902290344,7.862502574920654
0.9350734949111938,7.860813617706299
0.9518876075744629,7.861103534698486
0.9530982971191406,7.861388683319092
0.9523056149482727,7.860846996307373
0.9500179886817932,7.8630290031433105
0.9411101937294006,7.8670125007629395
0.9550047516822815,7.873199462890625
0.9395089745521545,7.878601551055908
0.9453884363174438,7.8822550773620605
0.956375002861023,7.884555339813232
0.9520208239555359,7.879730701446533
0.9476041793823242,7.877562999725342
0.9538664221763611,7.879802227020264
0.9516326785087585,7.883590221405029
0.9460656046867371,7.883037567138672
0.9568375945091248,7.882446765899658
0.9530460238456726,7.884281635284424
0.9390363097190857,7.884380340576172
0.9392521977424622,7.88836669921875
0.9416486620903015,7.892444133758545
0.9538609385490417,7.894306659698486
0.9555521607398987,7.892284870147705
0.9339593648910522,7.891289234161377
0.9507421255111694,7.890354633331299
0.9360609650611877,7.890670299530029
0.9372072219848633,7.8857197761535645
0.944861650466919,7.875518798828125
0.9275830984115601,7.866272449493408
0.9361699819564819,7.858097553253174
0.9412868022918701,7.853806018829346
0.9313191175460815,7.848240375518799
0.9497238397598267,7.843177318572998
0.9522073864936829,7.838127136230469
0.9391642212867737,7.83003568649292
0.9557870626449585,7.823436260223389
0.9455062747001648,7.818005084991455
0.9634470343589783,7.813599109649658
0.9348509907722473,7.809757709503174
0.9562692642211914,7.803821086883545
0.9515097141265869,7.799773693084717
0.9334462881088257,7.7973103523254395
0.9380942583084106,7.7968363761901855
0.9623294472694397,7.799205303192139
0.9437258839607239,7.801063060760498
0.936745822429657,7.7997517585754395
0.9454863667488098,7.801303386688232
0.9608852863311768,7.805003643035889
0.9403282403945923,7.810836315155029
0.9413836002349854,7.814944744110107
0.9437575340270996,7.819164752960205
0.94658362865448,7.821605205535889
0.9468904137611389,7.82869291305542
0.9380477070808411,7.835175037384033
0.9479613900184631,7.839332103729248
0.9438005685806274,7.842101573944092
0.9522228837013245,7.845733165740967
0.9507497549057007,7.849822521209717
0.9553067684173584,7.852589130401611
0.9613358378410339,7.852451801300049
0.9516339302062988,7.848328113555908
0.9494218230247498,7.846686840057373
0.9376435875892639,7.844128131866455
0.9546650052070618,7.841125011444092
0.9506940841674805,7.835277080535889
0.9476140737533569,7.827595233917236
0.937719464302063,7.82332181930542
0.944607138633728,7.819270610809326
0.9404834508895874,7.821788311004639
0.9496268630027771,7.826431751251221
0.9558603167533875,7.8302226066589355
0.9515109062194824,7.833588123321533
0.9412891864776611,7.836784839630127
0.9487241506576538,7.838425159454346
0.9557920098304749,7.837677478790283
0.9400996565818787,7.83833646774292
0.9418236613273621,7.839751720428467
0.9416460990905762,7.840076923370361
0.9451547265052795,7.840328693389893
0.9465166926383972,7.837799549102783
0.952183187007904,7.835571765899658
0.9548793435096741,7.836162090301514
0.9398283362388611,7.8345112800598145
0.9593704342842102,7.8324127197265625
0.9412136673927307,7.83123779296875
0.9415696263313293,7.833930492401123
0.938191294670105,7.830188751220703
0.9482584595680237,7.827667713165283
0.9473362565040588,7.82535982131958
0.9357399940490723,7.818180561065674
0.9512345194816589,7.807949066162109
0.9505869150161743,7.7992095947265625
0.9502692818641663,7.793652057647705
0.9455155730247498,7.791175365447998
0.9397134184837341,7.79280424118042
0.9589581489562988,7.792003154754639
0.9460910558700562,7.788750171661377
0.9493079781532288,7.785210132598877
0.9558751583099365,7.7846903800964355
0.9398863315582275,7.783234119415283
0.9489971995353699,7.784835338592529
0.94612717628479,7.783931255340576
0.947738528251648,7.783451557159424
0.9436874389648438,7.784400463104248
0.9546724557876587,7.78407621383667
0.9496675729751587,7.783214092254639
0.9581789374351501,7.785865783691406
0.9541540741920471,7.787364959716797
0.9599148631095886,7.7895121574401855
0.9517897367477417,7.791904926300049
0.9407436847686768,7.798038959503174
0.9379066824913025,7.800960063934326
0.9555132985115051,7.803368091583252
0.943482518196106,7.806472301483154
0.9595258831977844,7.8060078620910645
0.9500476717948914,7.806980609893799
0.9447044730186462,7.806266784667969
0.9477584362030029,7.804027080535889
0.948813259601593,7.805690288543701
0.9363197684288025,7.8051371574401855
0.939394474029541,7.807750701904297
0.9406298995018005,7.807575702667236
0.9492332935333252,7.8091349601745605
0.9662334322929382,7.813736438751221
0.9561097025871277,7.820705890655518
0.9480157494544983,7.8254780769348145
0.9550677537918091,7.82902193069458
0.9625632166862488,7.8309783935546875
0.9548171758651733,7.832081317901611
0.9511800408363342,7.830974578857422
0.9521030187606812,7.824852466583252
0.9514244794845581,7.820647716522217
0.95362788438797,7.814983367919922
0.9448013305664062,7.8088765144348145
0.9462836980819702,7.802246570587158
0.9516572952270508,7.794097900390625
0.9350731372833252,7.785472393035889
0.9585520029067993,7.776523590087891
0.9480655193328857,7.764888286590576
0.9382286071777344,7.760386943817139
0.9448199272155762,7.756999492645264
0.9475922584533691,7.752495288848877
0.9470986723899841,7.748508930206299
0.9402000904083252,7.747276782989502
0.9479904770851135,7.744190692901611
0.9501944780349731,7.741096019744873
0.9522817134857178,7.738124370574951
0.9458869099617004,7.737267017364502
0.926801323890686,7.73530912399292
0.9464006423950195,7.733767986297607
0.9511806964874268,7.734691619873047
0.9432611465454102,7.735354900360107
0.9469048976898193,7.739365100860596
0.957926332950592,7.745521068572998
0.9452017545700073,7.750885486602783
0.9497807025909424,7.757370471954346
0.9527983665466309,7.764622211456299
0.9489865303039551,7.7672953605651855
0.9369910955429077,7.7700581550598145
0.9598385691642761,7.771167278289795
0.9485957622528076,7.775024890899658
0.9439250230789185,7.777714252471924
0.9586998224258423,7.778423309326172
0.940895676612854,7.779422283172607
0.948391854763031,7.780765056610107
0.9422730803489685,7.780113697052002
0.9508718252182007,7.778614521026611
0.9498476386070251,7.777537822723389
0.9424513578414917,7.7786102294921875
0.937890887260437,7.7821269035339355
0.947685956954956,7.785441875457764
0.9512367844581604,7.7934489250183105
0.9624168872833252,7.802627086639404
0.9375092387199402,7.813190937042236
0.9496977925300598,7.817955493927002
0.9599533081054688,7.822944164276123
0.9512290358543396,7.830214977264404
0.9336662888526917,7.841301441192627
0.9540113806724548,7.852310657501221
0.9519087076187134,7.862559795379639
0.9494041800498962,7.870185375213623
0.9498770833015442,7.8761138916015625
0.9401315450668335,7.877631664276123
0.9527226686477661,7.878696441650391
0.9526540040969849,7.8825907707214355
0.9500190019607544,7.882462024688721
0.9333377480506897,7.880966663360596
0.9463486075401306,7.876254558563232
0.9313173294067383,7.869872570037842
0.9449923038482666,7.860901355743408
0.951885461807251,7.851188659667969
0.9472445845603943,7.841685771942139
0.9402605891227722,7.831715106964111
0.9427563548088074,7.823527812957764
0.9480023384094238,7.817051410675049
0.9583362340927124,7.81129789352417
0.9481684565544128,7.804256916046143
0.9492706656455994,7.7967305183410645
0.9487816691398621,7.7907328605651855
0.9384820461273193,7.785228252410889
0.9432352781295776,7.775283336639404
0.9537403583526611,7.762466907501221
0.9485588073730469,7.750553131103516
0.9427351355552673,7.738865375518799
0.9596102833747864,7.73121976852417
0.9415905475616455,7.727505207061768
0.9440816044807434,7.724846363067627
0.9432551860809326,7.723297595977783
0.9394605755805969,7.72236967086792
0.9420167803764343,7.722164630889893
0.949253261089325,7.723354816436768
0.9466437101364136,7.725800037384033
0.9556175470352173,7.728489398956299
0.9555119872093201,7.730929851531982
0.9412051439285278,7.732605457305908
0.9440008997917175,7.73870849609375
0.9553067088127136,7.745147228240967
0.9544143080711365,7.752335071563721
0.9401367902755737,7.760010242462158
0.9523103833198547,7.766154766082764
0.9568127393722534,7.773055553436279
0.9353356957435608,7.782715320587158
0.9365074634552002,7.793091297149658
0.9427939057350159,7.801090717315674
0.9487065672874451,7.809189319610596
0.9455205202102661,7.815005779266357
0.9535632133483887,7.8212666511535645
0.950424075126648,7.823624134063721
0.9454991221427917,7.825225353240967
0.9543492794036865,7.830933094024658
0.9506826996803284,7.835826396942139
0.9484145045280457,7.841850757598877
0.9455450177192688,7.8474040031433105
0.9422299861907959,7.850833415985107
0.9656704068183899,7.852344989776611
0.951309323310852,7.855305194854736
0.9358996152877808,7.861740589141846
0.9484280943870544,7.863853931427002
0.9519542455673218,7.861823558807373
0.9390270113945007,7.859900951385498
0.9416502118110657,7.8560872077941895
0.9522682428359985,7.853256702423096
0.952095627784729,7.852084636688232
0.9424529075622559,7.848060131072998
0.9544286727905273,7.842605113983154
0.9401182532310486,7.838249683380127
0.9577556848526001,7.830550670623779
0.9511849284172058,7.826843738555908
0.9546701908111572,7.826571941375732
0.9438231587409973,7.828548431396484
0.9565842747688293,7.831088542938232
0.950955867767334,7.83058500289917
0.9533841609954834,7.830276012420654
0.9364239573478699,7.826996326446533
0.950406551361084,7.820552349090576
0.9542933702468872,7.810595989227295
0.94019615650177,7.801811695098877
0.9591915607452393,7.791469097137451
0.9377171397209167,7.784138202667236
0.9401338696479797,7.777424335479736
0.9359667301177979,7.771060466766357
0.9520444273948669,7.762741565704346
0.9623070955276489,7.758564472198486
0.9298043251037598,7.757282733917236
0.945573091506958,7.7538838386535645
0.9396299123764038,7.746829509735107
0.9513540863990784,7.7365193367004395
0.9336624145507812,7.729752063751221
0.954993486404419,7.7215657234191895
0.9557040929794312,7.717128753662109
0.9561558961868286,7.712982654571533
0.9430925846099854,7.710232257843018
0.9375709891319275,7.708916187286377
0.9478510022163391,7.708869457244873
0.9362255930900574,7.706588268280029
0.9424872398376465,7.701484203338623
0.9532987475395203,7.694686412811279
0.9592966437339783,7.6830830574035645
0.9549362659454346,7.673766613006592
0.940316915512085,7.66530179977417
0.9368985295295715,7.658554553985596
0.9476751685142517,7.651600360870361
0.9476669430732727,7.64436674118042
0.947806179523468,7.634479999542236
0.9523532390594482,7.622718334197998
0.9494988918304443,7.6168904304504395
0.9613735675811768,7.61338472366333
0.9549417495727539,7.609451770782471
0.9480364322662354,7.6062846183776855
0.9473151564598083,7.601974010467529
0.9458538293838501,7.596358776092529
0.9439815282821655,7.588818073272705
0.9440957903862,7.58622407913208
0.9497817754745483,7.5827250480651855
0.9519501328468323,7.582127094268799
0.9478551745414734,7.578094005584717
0.9422934055328369,7.574951648712158
0.9385310411453247,7.571601390838623
0.9303202629089355,7.571212291717529
0.9470856189727783,7.568965435028076
0.9432696104049683,7.568466663360596
0.9568910598754883,7.574394702911377
0.9397101402282715,7.584720134735107
0.9544696807861328,7.5956645011901855
0.9499690532684326,7.607655048370361
0.9565430283546448,7.619511127471924
0.9487131834030151,7.6298370361328125
0.9439262747764587,7.636523723602295
0.9546383023262024,7.643901824951172
0.9471433162689209,7.650505542755127
0.9474013447761536,7.655578136444092
0.9504683017730713,7.659472942352295
0.9348101019859314,7.661647319793701
0.9373642206192017,7.66184663772583
0.9457440376281738,7.661784648895264
0.9468919038772583,7.665137767791748
0.952789306640625,7.666743755340576
0.9549242854118347,7.66804838180542
0.9448171854019165,7.669083118438721
0.9480233192443848,7.670093536376953
0.9382018446922302,7.674767017364502
0.9460030794143677,7.678360462188721
0.9491584300994873,7.682552814483643
0.9584511518478394,7.686752796173096
0.9544844627380371,7.68992280960083
0.9555889964103699,7.692436695098877
0.9453161954879761,7.697067737579346
0.9362955689430237,7.703274250030518
0.9484572410583496,7.7079081535339355
0.9399693012237549,7.711822986602783
0.9492311477661133,7.716694355010986
0.9349921941757202,7.723927021026611
0.9503690004348755,7.732590198516846
0.9451099634170532,7.740551471710205
0.944563627243042,7.7465362548828125
0.943776547908783,7.754787921905518
0.9546355605125427,7.7621846199035645
0.9619355201721191,7.767292499542236
0.94484543800354,7.7743000984191895
0.9453676342964172,7.778113842010498
0.9543516635894775,7.7796854972839355
0.9467922449111938,7.781711101531982
0.9605318307876587,7.7817535400390625
0.9515729546546936,7.782321453094482
0.9518525004386902,7.781555652618408
0.9660650491714478,7.782379150390625
0.9277613759040833,7.7824015617370605
0.9485101103782654,7.787498950958252
0.9507274031639099,7.792205333709717
0.9417821764945984,7.796329975128174
0.941577672958374,7.796787738800049
0.9212691187858582,7.796177387237549
0.9428824782371521,7.795852184295654
0.950094997882843,7.797974109649658
0.9439417123794556,7.7987284660339355
0.9468582272529602,7.796310901641846
0.9546954035758972,7.794616222381592
0.9485987424850464,7.792412281036377
0.9366694092750549,7.789424896240234
0.9505394101142883,7.7864460945129395
0.9534422159194946,7.784264087677002
0.9370410442352295,7.780601501464844
0.9471980333328247,7.773379802703857
0.9423015713691711,7.7665791511535645
0.9511182308197021,7.754646301269531
0.94371497631073,7.748322010040283
0.9449931383132935,7.739471912384033
0.9239195585250854,7.728928089141846
0.9505422711372375,7.722191333770752
0.9581415057182312,7.716277599334717
0.9513418674468994,7.712284564971924
0.949317216873169,7.707675457000732
0.9535470008850098,7.705489635467529
0.9488207697868347,7.702442169189453
0.9438291788101196,7.69993257522583
0.9543800950050354,7.699431896209717
0.9447430372238159,7.699127674102783
0.9534991979598999,7.698710918426514
0.9448522925376892,7.700752258300781
0.950675904750824,7.702881336212158
0.9305605888366699,7.704421520233154
0.9419296979904175,7.702701568603516
0.9520866274833679,7.702025890350342
0.9400545358657837,7.702885150909424
0.9447546005249023,7.705650806427002
0.9528310298919678,7.708964824676514
0.944667398929596,7.708411693572998
0.9541892409324646,7.707638263702393
0.9522862434387207,7.704170227050781
0.9527305960655212,7.701648235321045
0.944440484046936,7.701728343963623
0.9450111389160156,7.703262805938721
0.9357784986495972,7.704987049102783
0.9527477025985718,7.71000337600708
0.9537047147750854,7.713416576385498
0.945648729801178,7.716563701629639
0.9557231068611145,7.719672679901123
0.9542463421821594,7.721953868865967
0.9552115797996521,7.72074556350708
0.9368778467178345,7.721602916717529
0.9561193585395813,7.7240519523620605
0.950800895690918,7.72617769241333
0.9446532130241394,7.728725433349609
0.9509696364402771,7.732548236846924
0.9479970932006836,7.736304759979248
0.9535163640975952,7.740054607391357
0.9536771178245544,7.746650218963623
0.9557749032974243,7.754845142364502
0.9470080733299255,7.763164043426514
0.9483885169029236,7.77006196975708
0.9386123418807983,7.774974822998047
0.9461889266967773,7.77913236618042
0.9569460153579712,7.782097339630127
0.9572696089744568,7.78391695022583
0.9495159983634949,7.78764009475708
0.9526134729385376,7.790397644042969
0.9384143948554993,7.796412944793701
0.9526264667510986,7.7985920906066895
0.9498224854469299,7.8026509284973145
0.9416579008102417,7.8083882331848145
0.9461284279823303,7.81636381149292
0.9463505744934082,7.822265148162842
0.9576639533042908,7.826903820037842
0.9473340511322021,7.8313822746276855
0.9450697898864746,7.838817119598389
0.9569723010063171,7.842377185821533
0.9612181186676025,7.844253063201904
0.9598982334136963,7.849372386932373
0.9381504654884338,7.857062816619873
0.9322203397750854,7.862236022949219
0.9509243965148926,7.866146087646484
0.9495000243186951,7.866810321807861
0.9325487613677979,7.863471508026123
0.9478189945220947,7.8570170402526855
0.9424401521682739,7.8472208976745605
0.9505003094673157,7.841987133026123
0.9454171061515808,7.834594249725342
0.9477319121360779,7.823124408721924
0.9311325550079346,7.810367107391357
0.9576690793037415,7.793460369110107
0.949930727481842,7.776229381561279
0.9519551396369934,7.7643513679504395
0.9418648481369019,7.755211353302002
0.9430997371673584,7.749099254608154
0.9604963064193726,7.7403564453125
0.9427130222320557,7.730823993682861
0.9502085447311401,7.7247233390808105
0.9479501247406006,7.716399669647217
0.9394608736038208,7.710602283477783
0.9463244676589966,7.702613353729248
0.952279269695282,7.696651458740234
0.9363776445388794,7.693222522735596
0.9445135593414307,7.689575672149658
0.9493663907051086,7.689228534698486
0.9507174491882324,7.688476085662842
0.94741290807724,7.6862406730651855
0.9446722865104675,7.68532133102417
0.9392558336257935,7.681018829345703
0.9264982342720032,7.679172992706299
0.9539234042167664,7.680335521697998
0.9488628506660461,7.680981159210205
0.9552229046821594,7.681457042694092
0.94464111328125,7.684432506561279
0.9457345604896545,7.684872150421143
0.9396921992301941,7.680927753448486
0.9356028437614441,7.677517414093018
0.9644259214401245,7.671314716339111
0.9489099383354187,7.665771007537842
0.9581159949302673,7.662052631378174
0.9607576727867126,7.658858776092529
0.9458283185958862,7.657429218292236
0.954168438911438,7.653671741485596
0.9527486562728882,7.653148174285889
0.9575319886207581,7.654743671417236
0.9482067227363586,7.660160541534424
0.9482996463775635,7.664992809295654
0.9187305569648743,7.671909809112549
0.9448730945587158,7.676384449005127
0.9505131840705872,7.678557872772217
0.9556761980056763,7.681678295135498
0.9456440806388855,7.68782377243042
0.941455066204071,7.691715717315674
0.9509947299957275,7.695709228515625
0.9494943618774414,7.698005676269531
0.9427609443664551,7.697044849395752
0.9517106413841248,7.694206237792969
0.9520320296287537,7.691128253936768
0.9454091787338257,7.688941478729248
0.9463052153587341,7.686995983123779
0.9682157039642334,7.6839213371276855
0.9547510147094727,7.6851115226745605
0.9440290331840515,7.689094066619873
0.9515292048454285,7.694962024688721
0.9441066980361938,7.700775623321533
0.9559687376022339,7.707160472869873
0.9506271481513977,7.717113971710205
0.9521108865737915,7.725184917449951
0.9400831460952759,7.7316741943359375
0.9500864744186401,7.739189147949219
0.9541429281234741,7.7463908195495605
0.9498142004013062,7.754826068878174
0.9431136846542358,7.75986909866333
0.954463005065918,7.764136791229248
0.9344828724861145,7.767853260040283
0.9418593645095825,7.772091388702393
0.9337286353111267,7.778743267059326
0.9389281272888184,7.785144329071045
0.9516650438308716,7.789470195770264
0.9507154822349548,7.792984485626221
0.9474743604660034,7.797485828399658
0.9521276950836182,7.803332805633545
0.9407050609588623,7.802849292755127
0.9366470575332642,7.80485200881958
0.9444193840026855,7.804893970489502
0.9502416849136353,7.806660175323486
0.9422353506088257,7.807719707489014
0.9425724148750305,7.809730052947998
0.9567584991455078,7.8166422843933105
0.9574515223503113,7.824542999267578
0.9503998160362244,7.8311381340026855
0.9530753493309021,7.838577747344971
0.9544693827629089,7.846175670623779
0.9640853404998779,7.854911804199219
0.9561827182769775,7.86454439163208
0.9506698846817017,7.873916149139404
0.9482483863830566,7.8827362060546875
0.9467810392379761,7.892989635467529
0.9531171321868896,7.9075541496276855
0.9449935555458069,7.924716949462891
0.9522621631622314,7.939311504364014
0.9530168175697327,7.953425884246826
0.9588717222213745,7.961388111114502
0.9525758028030396,7.974449634552002
0.9494906067848206,7.983455181121826
0.9624018669128418,7.9861979484558105
0.9405992031097412,7.987213611602783
0.9374077916145325,7.986815929412842
0.953237771987915,7.9856181144714355
0.9381332397460938,7.9868388175964355
0.9306857585906982,7.986968994140625
0.949985682964325,7.986683368682861
0.9482882618904114,7.988772869110107
0.9351897835731506,7.990367412567139
0.9430050849914551,7.9924702644348145
0.9458390474319458,7.995808124542236
0.9500001668930054,7.997771739959717
0.9447991847991943,7.999763011932373
0.9503116011619568,8.000762939453125
0.9487882256507874,8.002394676208496
0.9489423036575317,8.00051212310791
0.9491056203842163,8.002951622009277
0.9515946507453918,8.001717567443848
0.9578587412834167,8.00042724609375
0.9394522309303284,8.001280784606934
0.9533196091651917,7.999443054199219
0.9416002631187439,7.996066570281982
0.9476542472839355,7.995811939239502
0.9397204518318176,8.000655174255371
0.9497699737548828,8.004231452941895
0.9574071168899536,8.006561279296875
0.9476978182792664,8.008292198181152
0.9483309388160706,8.008349418640137
0.9585016965866089,8.0131196975708
0.9395185708999634,8.015311241149902
0.950348973274231,8.01281452178955
0.9410731196403503,8.00784969329834
0.9375334978103638,8.004996299743652
0.9433703422546387,8.004040718078613
0.9588527083396912,8.000931739807129
0.9497010707855225,7.996498107910156
0.9563111662864685,7.989159107208252
0.9546031355857849,7.980651378631592
0.9401397109031677,7.973182201385498
0.9431250095367432,7.961872577667236
0.9410859942436218,7.951404094696045
0.9505237340927124,7.941478252410889
0.9422723054885864,7.930491924285889
0.9369764924049377,7.918345928192139
0.9477207660675049,7.908149242401123
0.9447392821311951,7.8942718505859375
0.9500033855438232,7.8830342292785645
0.9492412805557251,7.873352527618408
0.957155704498291,7.8680949211120605
0.952425479888916,7.86381196975708
0.921992301940918,7.860237121582031
0.9512864947319031,7.855868816375732
0.9493342638015747,7.851180553436279
0.9446869492530823,7.84922456741333
0.9449537992477417,7.847079753875732
0.9386886358261108,7.846252918243408
0.9584737420082092,7.841183185577393
0.9549471735954285,7.840000629425049
0.9472794532775879,7.836750030517578
0.9409841299057007,7.837295055389404
0.9533177018165588,7.842788219451904
0.9465537071228027,7.847270488739014
0.9404684901237488,7.850886821746826
0.9407387971878052,7.854075908660889
0.9422548413276672,7.859249591827393
0.9552134275436401,7.860992908477783
0.9517217874526978,7.863365650177002
0.9433062076568604,7.865929126739502
0.9413797855377197,7.870407581329346
0.9460939168930054,7.876030445098877
0.9454971551895142,7.880279064178467
0.9441605806350708,7.884181499481201
0.9522523880004883,7.8886494636535645
0.9436143636703491,7.889319896697998
0.9383639097213745,7.890471935272217
0.9450051784515381,7.892597675323486
0.9565858840942383,7.898128032684326
0.9479642510414124,7.901465892791748
0.9500211477279663,7.899258136749268
0.9410378336906433,7.898368835449219
0.9509493112564087,7.890349864959717
0.9465217590332031,7.883368968963623
0.9449669122695923,7.878749370574951
0.9408630728721619,7.8802947998046875
0.950309157371521,7.880115032196045
0.9428561925888062,7.882172107696533
0.9412899613380432,7.884181499481201
0.9440212845802307,7.883525371551514
0.9492611885070801,7.881202697753906
0.9573196172714233,7.875857830047607
0.947337806224823,7.873534679412842
0.9399545192718506,7.874457836151123
0.9475569725036621,7.868529796600342
0.9366468191146851,7.862572193145752
0.9319995641708374,7.856414318084717
0.9518285989761353,7.850315570831299
0.9495956897735596,7.841820240020752
0.9502824544906616,7.836594104766846
0.9449960589408875,7.832451343536377
0.958806037902832,7.827911376953125
0.9345588684082031,7.829505443572998
0.951097309589386,7.8276286125183105
0.9510805606842041,7.822376728057861
0.943224310874939,7.818896770477295
0.9446752071380615,7.816704273223877
0.9537741541862488,7.818862438201904
0.9445779323577881,7.8191304206848145
0.9525274038314819,7.816695690155029
0.942611038684845,7.810004711151123
0.9510632753372192,7.805630207061768
0.9517531991004944,7.800598621368408
0.9463794827461243,7.792804718017578
0.9672292470932007,7.789555072784424
0.9597718715667725,7.788146495819092
0.9487627148628235,7.789761066436768
0.9509642124176025,7.7959208488464355
0.957005500793457,7.802402973175049
0.9460304975509644,7.808376312255859
0.941620409488678,7.808281421661377
0.9371604323387146,7.8107991218566895
0.9335728287696838,7.814354419708252
0.9646414518356323,7.817661762237549
0.9403361082077026,7.821369171142578
0.9419444799423218,7.823021411895752
0.9483583569526672,7.821590900421143
0.942694902420044,7.8208088874816895
0.9594249129295349,7.819607257843018
0.9470072984695435,7.814220905303955
0.9416360259056091,7.808918476104736
0.9549443125724792,7.803985595703125
0.9420719742774963,7.795464038848877
0.9281404614448547,7.784614086151123
0.9333442449569702,7.772304058074951
0.9551823139190674,7.7608723640441895
0.9483452439308167,7.752082824707031
0.9575929045677185,7.745276927947998
0.9541559815406799,7.740035533905029
0.9455512762069702,7.734520435333252
0.946858823299408,7.730014324188232
0.9473007321357727,7.725121021270752
0.9404324293136597,7.723358154296875
0.9534268379211426,7.720439910888672
0.9418207406997681,7.715373516082764
0.9387351274490356,7.710925579071045
0.9587641954421997,7.706466197967529
0.9437500238418579,7.705089569091797
0.9447438716888428,7.706233501434326
0.9582043886184692,7.709964275360107
0.9458810091018677,7.715774059295654
0.948578417301178,7.7174296379089355
0.9488311409950256,7.71781587600708
0.9441311359405518,7.71370267868042
0.9504684209823608,7.711036205291748
0.956190824508667,7.707915782928467
0.9478347897529602,7.707614421844482
0.9486325979232788,7.7057719230651855
0.9614216089248657,7.70640230178833
0.9505313634872437,7.706020832061768
0.9371882081031799,7.704131603240967
0.946807861328125,7.700107097625732
0.9552266597747803,7.696926593780518
0.9444884061813354,7.696449279785156
0.9398164749145508,7.699233531951904
0.9470963478088379,7.700149059295654
0.9516370296478271,7.696899890899658
0.9499128460884094,7.6934733390808105
0.9464794397354126,7.691601276397705
0.9382944703102112,7.691756725311279
0.9497780203819275,7.693577289581299
0.9554315805435181,7.700699329376221
0.9490765333175659,7.7086567878723145
0.9382661581039429,7.719501495361328
0.9380612373352051,7.730576038360596
0.9399952292442322,7.735927104949951
0.9472941160202026,7.739513397216797
0.9559453725814819,7.74491548538208
0.9469081163406372,7.754020690917969
0.95627361536026,7.758979320526123
0.9522737264633179,7.760651111602783
0.9515603184700012,7.762619495391846
0.9631984233856201,7.765834331512451
0.938437283039093,7.769206523895264
0.9408784508705139,7.768702983856201
0.9469975233078003,7.765217304229736
0.9435648322105408,7.759528636932373
0.9472049474716187,7.755687713623047
0.9513871669769287,7.7516632080078125
0.9414803981781006,7.7500691413879395
0.9579545259475708,7.749111175537109
0.9503640532493591,7.749271392822266
0.9500761032104492,7.750014781951904
0.9425899982452393,7.752204418182373
0.9380514621734619,7.7553629875183105
0.9555689096450806,7.756957530975342
0.9489509463310242,7.7622904777526855
0.9380391836166382,7.767612457275391
0.9410879015922546,7.770869731903076
0.9446499943733215,7.774826526641846
0.9516750574111938,7.781631946563721
0.9465386867523193,7.785678386688232
0.9499516487121582,7.783016204833984
0.9450339674949646,7.778350353240967
0.9528530836105347,7.772262096405029
0.9516035914421082,7.7662577629089355
0.9449253678321838,7.766544342041016
0.9538479447364807,7.763634204864502
0.9428495168685913,7.759029865264893
0.9448412656784058,7.7528462409973145
0.9438243508338928,7.745040416717529
0.9453054070472717,7.741099834442139
0.9500764608383179,7.738697528839111
0.9505000710487366,7.736542224884033
0.9493395686149597,7.734707355499268
0.9371271729469299,7.734177112579346
0.9533621072769165,7.734904766082764
0.9315978288650513,7.733646869659424
0.9356713891029358,7.729851245880127
0.9445302486419678,7.722651958465576
0.9536693096160889,7.7188720703125
0.9551391005516052,7.714553356170654
0.9452104568481445,7.710006237030029
0.9461548328399658,7.707657337188721
0.9575775861740112,7.710358142852783
0.9453652501106262,7.708770275115967
0.9439045190811157,7.709285259246826
0.9417768120765686,7.7084126472473145
0.9597194194793701,7.7093119621276855
0.9499073624610901,7.713139057159424
0.9547876715660095,7.715030670166016
0.9484081268310547,7.722771167755127
0.9538797736167908,7.734837055206299
0.9637463092803955,7.742785930633545
0.952478289604187,7.750453472137451
0.9487271308898926,7.759415149688721
0.9657372832298279,7.767482757568359
0.9526868462562561,7.775664806365967
0.9540808796882629,7.784050464630127
0.9499208331108093,7.793220043182373
0.9401439428329468,7.801151752471924
0.939191460609436,7.803562164306641
0.9373631477355957,7.803619861602783
0.9563664197921753,7.800605297088623
0.937493085861206,7.795216083526611
0.943897008895874,7.789124011993408
0.958951473236084,7.785373210906982
0.9487562775611877,7.784179210662842
0.9539791345596313,7.784965991973877
0.9439576268196106,7.788150310516357
0.9517422914505005,7.78737211227417
0.9524745941162109,7.791839599609375
0.9479556083679199,7.795643329620361
0.9515472650527954,7.7996602058410645
0.951004683971405,7.8021626472473145
0.9642168879508972,7.8067545890808105
0.9444848299026489,7.80814790725708
0.9535509943962097,7.809368133544922
0.9442643523216248,7.809494495391846
0.937269389629364,7.809512615203857
0.9619683623313904,7.811366558074951
0.9449264407157898,7.81282377243042
0.9525456428527832,7.813884258270264
0.9432080984115601,7.811897277832031
0.9437878131866455,7.807483196258545
0.9562104940414429,7.8073506355285645
0.9356473088264465,7.808960437774658
0.9402281045913696,7.808013439178467
0.9422443509101868,7.806243419647217
0.9533320069313049,7.804851055145264
0.9486130475997925,7.805797576904297
0.9474220275878906,7.808174133300781
0.9485477209091187,7.809279918670654
0.9498457908630371,7.808620929718018
0.949656069278717,7.807678699493408
0.9518515467643738,7.806674480438232
0.9408507347106934,7.806193828582764
0.9521099328994751,7.806702136993408
0.9551514387130737,7.807563304901123
0.94986492395401,7.806975841522217
0.9448710680007935,7.806034564971924
0.9464066624641418,7.799792766571045
0.9485066533088684,7.790622711181641
0.959051251411438,7.784167766571045
0.9445050358772278,7.7802653312683105
0.9531577825546265,7.772323131561279
0.9376690983772278,7.766647815704346
0.9313628673553467,7.7629008293151855
0.9580522775650024,7.755748271942139
0.9536982178688049,7.75288724899292
0.941550612449646,7.748839855194092
0.9378229975700378,7.751906871795654
0.968949556350708,7.75361967086792
0.9518839120864868,7.755797863006592
0.9571555852890015,7.7615885734558105
0.9465168714523315,7.769862651824951
0.9484448432922363,7.775257587432861
0.9477354288101196,7.781723499298096
0.9454652667045593,7.7872700691223145
0.9412976503372192,7.79201078414917
0.9428800344467163,7.797573566436768
0.9509792923927307,7.803111553192139
0.9597330689430237,7.809218883514404
0.9551610946655273,7.817370891571045
0.9451121091842651,7.8289713859558105
0.9594022631645203,7.8394999504089355
0.9545584917068481,7.846972942352295
0.9344117641448975,7.853888988494873
0.9510680437088013,7.85762357711792
0.9348107576370239,7.8615336418151855
0.9453397989273071,7.861506938934326
0.953507661819458,7.8682637214660645
0.943992555141449,7.87510347366333
0.9479251503944397,7.878555774688721
0.94576495885849,7.885406970977783
0.9356239438056946,7.8850250244140625
0.9537051320075989,7.886471271514893
0.9497761130332947,7.887233734130859
0.9420649409294128,7.886433124542236
0.9462175369262695,7.887352466583252
0.9616580009460449,7.8891377449035645
0.9553505182266235,7.8945159912109375
0.9469282627105713,7.899714946746826
0.9474357962608337,7.907939434051514
0.9587662816047668,7.912842273712158
0.9459218978881836,7.918635845184326
0.9394860863685608,7.925796985626221
0.9572010636329651,7.935375690460205
0.9461721777915955,7.941978931427002
0.9456368684768677,7.949748516082764
0.9517484307289124,7.953979015350342
0.9490655660629272,7.954619884490967
0.9492159485816956,7.954662799835205
0.9461775422096252,7.959910869598389
0.9527423977851868,7.964481830596924
0.9507147669792175,7.964794635772705
0.9540815353393555,7.96516752243042
0.9323073625564575,7.961353302001953
0.9431047439575195,7.9596638679504395
0.9363491535186768,7.953250408172607
0.9344024062156677,7.950503826141357
0.9451240301132202,7.944408893585205
0.941381573677063,7.934555530548096
0.955069899559021,7.924228668212891
0.9481873512268066,7.914123058319092
0.9583627581596375,7.906952381134033
0.9525853395462036,7.900020122528076
0.9466360807418823,7.8945698738098145
0.953683614730835,7.890427112579346
0.9333401322364807,7.886451244354248
0.9497752785682678,7.886288166046143
0.9455335140228271,7.887496471405029
0.9538525342941284,7.885901927947998
0.9503227472305298,7.882683277130127
0.9442830681800842,7.878352642059326
0.955034613609314,7.875640392303467
0.9457910060882568,7.875992298126221
0.9586469531059265,7.8754496574401855
0.9518343806266785,7.875179767608643
0.9575903415679932,7.875915050506592
0.9517280459403992,7.875385761260986
0.9555375576019287,7.872867107391357
0.943808913230896,7.868992328643799
0.9620352387428284,7.863800525665283
0.9402732849121094,7.861663341522217
0.9534032344818115,7.856250286102295
0.9597108364105225,7.8506388664245605
0.9549321532249451,7.8434977531433105
0.9481505155563354,7.834156513214111
0.9424749612808228,7.825859546661377
0.9467311501502991,7.819243907928467
0.9436027407646179,7.8160929679870605
0.9525339603424072,7.815815448760986
0.9402434825897217,7.8177409172058105
0.9492043256759644,7.817657470703125
0.9369118809700012,7.820296764373779
0.9545750021934509,7.8241190910339355
0.947565495967865,7.8263468742370605
0.9609471559524536,7.829697132110596
0.9473623633384705,7.831009387969971
0.9464200139045715,7.833655834197998
0.9466361403465271,7.837284564971924
0.9526435136795044,7.836318492889404
0.957423210144043,7.835098743438721
0.9413270950317383,7.830528736114502
0.949739933013916,7.826061725616455
0.9427592158317566,7.820763111114502
0.95090252161026,7.81367826461792
0.9525483846664429,7.806407928466797
0.9431087970733643,7.802043437957764
0.9583403468132019,7.800541400909424
0.9547666907310486,7.801025390625
0.9483510851860046,7.800532817840576
0.9503688216209412,7.800896167755127
0.9326131939888,7.802119731903076
0.9465459585189819,7.806969165802002
0.9582551717758179,7.808204174041748
0.9413696527481079,7.811923503875732
0.9447687864303589,7.812611103057861
0.9472802877426147,7.80859375
0.9400445222854614,7.801846027374268
0.9466158747673035,7.793201923370361
0.9548592567443848,7.786780834197998
0.9481896758079529,7.78125
0.9516875147819519,7.774384021759033
0.9184441566467285,7.7694926261901855
0.9614944458007812,7.760585308074951
0.9372819066047668,7.750766277313232
0.9393375515937805,7.741771221160889
0.9486618638038635,7.7323222160339355
0.951193630695343,7.722584247589111
0.9548328518867493,7.715431213378906
0.9557910561561584,7.707626819610596
0.940700113773346,7.699757099151611
0.9570218324661255,7.695618152618408
0.9556095600128174,7.686790943145752
0.9458300471305847,7.67970609664917
0.9563055038452148,7.673072338104248
0.9468036890029907,7.666896820068359
0.9538624882698059,7.663028240203857
0.9503351449966431,7.658153533935547
0.959469735622406,7.653869152069092
0.9571435451507568,7.653713703155518
0.9452643394470215,7.655350208282471
0.9503740072250366,7.6544270515441895
0.9309660196304321,7.6511616706848145
0.9409451484680176,7.6496195793151855
0.9444479942321777,7.650211811065674
0.9478258490562439,7.649796009063721
0.947425127029419,7.655506610870361
0.9484530687332153,7.659874439239502
0.9552382826805115,7.670097827911377
0.9403616189956665,7.68040132522583
0.9331220984458923,7.6899638175964355
0.9421201944351196,7.695129871368408
0.9487090706825256,7.700664043426514
0.9581113457679749,7.699134349822998
0.9387137293815613,7.696841716766357
0.9454506039619446,7.69484281539917
0.9543493986129761,7.690471649169922
0.9562133550643921,7.684475421905518
0.9575508832931519,7.681346416473389
0.9471691846847534,7.678600311279297
0.9451053142547607,7.674502849578857
0.9485129117965698,7.671672344207764
0.9590655565261841,7.670731067657471
0.9521917700767517,7.670608997344971
0.9441488981246948,7.673102855682373
0.9511822462081909,7.682952404022217
0.9499175548553467,7.695960521697998
0.954237163066864,7.70674467086792
0.9636439681053162,7.716018199920654
0.9403077363967896,7.729149341583252
0.9377312064170837,7.7387542724609375
0.9491366744041443,7.751327037811279
0.9507975578308105,7.764907360076904
0.9449020624160767,7.777908802032471
0.9446203708648682,7.789421558380127
0.963355302810669,7.800934314727783
0.9544007778167725,7.8128814697265625
0.9493219256401062,7.827037334442139
0.9444249868392944,7.841831684112549
0.9484176635742188,7.858138561248779
0.9463774561882019,7.876220226287842
0.9472711086273193,7.890445232391357
0.9410375952720642,7.903712749481201
0.9430146813392639,7.915011882781982
0.929029643535614,7.92439603805542
0.9451841115951538,7.9319539070129395
0.9430805444717407,7.938136577606201
0.9505100846290588,7.9471588134765625
0.9364376068115234,7.954044818878174
0.9671507477760315,7.963776111602783
0.951269268989563,7.972571849822998
0.9303607940673828,7.9755024909973145
0.9506121277809143,7.975528240203857
0.9538795351982117,7.973434925079346
0.9397104978561401,7.9695820808410645
0.9401923418045044,7.961594104766846
0.9430044293403625,7.952319622039795
0.9434322714805603,7.947311878204346
0.948329746723175,7.942280292510986
0.953223466873169,7.9393157958984375
0.9451357126235962,7.9357829093933105
0.9599858522415161,7.933745861053467
0.9616742730140686,7.931366443634033
0.9552680850028992,7.930958271026611
0.9531685709953308,7.932727813720703
0.9580044150352478,7.935570240020752
0.9614405035972595,7.937331676483154
0.9476602673530579,7.940806865692139
0.9481943845748901,7.943470478057861
0.9474038481712341,7.944007396697998
0.9478746652603149,7.946288585662842
0.9497808218002319,7.948658466339111
0.9499509334564209,7.95289945602417
0.953479528427124,7.962195873260498
0.956562340259552,7.966437816619873
0.9520503282546997,7.97035551071167
0.9515972137451172,7.973060131072998
0.9517077207565308,7.975734233856201
0.9453785419464111,7.977000713348389
0.9436584711074829,7.977135181427002
0.9453957080841064,7.972579479217529
0.9358665943145752,7.967772960662842
0.9363998174667358,7.959888935089111
0.9278013706207275,7.9529194831848145
0.9511937499046326,7.940491199493408
0.9489070177078247,7.926262378692627
0.9438484311103821,7.918242931365967
0.9547218084335327,7.914962291717529
0.9624854922294617,7.916859149932861
0.9624156355857849,7.91693115234375
0.967420220375061,7.914577484130859
0.9335367679595947,7.911957263946533
0.9379556179046631,7.9064860343933105
0.9542946815490723,7.898013591766357
0.9475542306900024,7.890758037567139
0.946527361869812,7.884640216827393
0.9604511260986328,7.8805766105651855
0.9464511871337891,7.8777313232421875
0.9416718482971191,7.876254558563232
0.9477046132087708,7.8717122077941895
0.9381773471832275,7.865993976593018
0.9408182501792908,7.860606670379639
0.9463682174682617,7.8575825691223145
0.9464405179023743,7.8585429191589355
0.959102213382721,7.8606486320495605
0.9451460242271423,7.861191272735596
0.946348249912262,7.860854625701904
0.9379485249519348,7.857616424560547
0.9581958055496216,7.855079174041748
0.9462014436721802,7.8508687019348145
0.9539130330085754,7.847621440887451
0.9492168426513672,7.845099925994873
0.95318603515625,7.842804431915283
0.9420985579490662,7.841446399688721
0.9339370131492615,7.834366321563721
0.9553108811378479,7.833454608917236
0.9519605040550232,7.833537578582764
0.9514593482017517,7.830455303192139
0.9474446177482605,7.826653003692627
0.9460670351982117,7.822124004364014
0.9586507081985474,7.819030284881592
0.9442371129989624,7.817660808563232
0.9508788585662842,7.81880521774292
0.9637092351913452,7.8180155754089355
0.9402989745140076,7.818549633026123
0.93699711561203,7.819079875946045
0.95411616563797,7.821495056152344
0.9575064182281494,7.825710773468018
0.9563146233558655,7.831062316894531
0.941556453704834,7.838043689727783
0.9480490684509277,7.842135906219482
0.954279899597168,7.843814373016357
0.9625682234764099,7.845879077911377
0.9352717399597168,7.849166393280029
0.9506804347038269,7.850265026092529
0.9493557810783386,7.8535075187683105
0.9463279247283936,7.860194683074951
0.9400062561035156,7.864738941192627
0.9548394680023193,7.86616849899292
0.9468662738800049,7.870506763458252
0.9441643953323364,7.874104022979736
0.942656397819519,7.875777721405029
0.9502671360969543,7.882239818572998
0.9457260370254517,7.889767169952393
0.9484072923660278,7.897952556610107
0.9491274952888489,7.903453826904297
0.9521706104278564,7.909225940704346
0.9539453387260437,7.912230968475342
0.9417705535888672,7.916003704071045
0.9491981267929077,7.915988445281982
0.9574977159500122,7.917911052703857
0.9574687480926514,7.9205403327941895
0.9536483287811279,7.920867443084717
0.9366305470466614,7.922545909881592
0.9488213658332825,7.920932292938232
0.9525033235549927,7.9197235107421875
0.9566255807876587,7.917995929718018
0.9599937796592712,7.913455963134766
0.9481107592582703,7.909316539764404
0.9399800300598145,7.905604839324951
0.934814989566803,7.900699138641357
0.9517779350280762,7.897468090057373
0.9510015249252319,7.8942484855651855
0.9526404738426208,7.8877949714660645
0.9468749761581421,7.885086536407471
0.9514552354812622,7.884506702423096
0.9602117538452148,7.884200572967529
0.9457417130470276,7.885799884796143
0.9464035630226135,7.882926940917969
0.9567775726318359,7.876449108123779
0.9474976658821106,7.869029521942139
0.9530544281005859,7.8611674308776855
0.955893337726593,7.854979991912842
0.9367402195930481,7.848540782928467
0.9419651627540588,7.843479633331299
0.9497184753417969,7.839869976043701
0.9514779448509216,7.839080333709717
0.9464556574821472,7.844299793243408
0.9542440176010132,7.85111665725708
0.9369953870773315,7.855666637420654
0.9638217687606812,7.860729217529297
0.9621955156326294,7.8711018562316895
0.9501723051071167,7.881596088409424
0.9559033513069153,7.8882365226745605
0.9433615803718567,7.89601469039917
0.9524343013763428,7.899582386016846
0.9539893269538879,7.901173114776611
0.9446547031402588,7.900650501251221
0.9624083638191223,7.9016947746276855
0.9538885354995728,7.903785228729248
0.9425170421600342,7.903312683105469
0.9450533986091614,7.900749683380127
0.9469776153564453,7.900196075439453
0.9631218314170837,7.8970561027526855
0.9492557644844055,7.8936848640441895
0.951274037361145,7.892257213592529
0.95862877368927,7.890727519989014
0.9534764289855957,7.887798309326172
0.9462279081344604,7.888793468475342
0.9579952955245972,7.890289783477783
0.9502591490745544,7.890377044677734
0.961026668548584,7.890213489532471
0.9441860914230347,7.888256549835205
0.9622085094451904,7.888611316680908
0.9496566653251648,7.8899455070495605
0.9387853741645813,7.890262126922607
0.9625484347343445,7.889793872833252
0.9541270732879639,7.892361164093018
0.9369396567344666,7.892105579376221
0.9659417867660522,7.893848419189453
0.9507441520690918,7.89634370803833
0.949184775352478,7.898444652557373
0.9417405128479004,7.895972728729248
0.9532605409622192,7.896270275115967
0.9462306499481201,7.897609233856201
0.9406769871711731,7.897223949432373
0.9408251047134399,7.895660877227783
0.9465136528015137,7.8955607414245605
0.9493453502655029,7.897602558135986
0.9486716389656067,7.897464275360107
0.9541934728622437,7.899044513702393
0.955254316329956,7.903792858123779
0.9500646591186523,7.906666278839111
0.9477791786193848,7.904713153839111
0.9370333552360535,7.90250825881958
0.9388874769210815,7.893672466278076
0.9390048980712891,7.885624408721924
0.9540156126022339,7.878227710723877
0.943223237991333,7.870251178741455
0.9557218551635742,7.861076354980469
0.9543410539627075,7.8544535636901855
0.9385765790939331,7.850868225097656
0.9427695274353027,7.845245838165283
0.9431186318397522,7.839462757110596
0.9417914152145386,7.836994171142578
0.9519386291503906,7.835006237030029
0.9481123685836792,7.833785533905029
0.9460811614990234,7.83705472946167
0.9438196420669556,7.839558124542236
0.9384406208992004,7.838501453399658
0.9474635124206543,7.8378682136535645
0.9574417471885681,7.836909770965576
0.9497056603431702,7.837498188018799
0.9398849606513977,7.83659029006958
0.9515843987464905,7.839630603790283
0.9457144141197205,7.8362956047058105
0.9568631052970886,7.834773540496826
0.9557669162750244,7.836658000946045
0.9399079084396362,7.838810443878174
0.9505682587623596,7.842006683349609
0.9537289142608643,7.845272541046143
0.9433408975601196,7.850773334503174
0.9440885782241821,7.853694438934326
0.942226767539978,7.8564229011535645
0.9464595317840576,7.85353422164917
0.9445590972900391,7.844035625457764
0.9483880996704102,7.83518648147583
0.9410178661346436,7.828270435333252
0.948024570941925,7.822173595428467
0.9384843707084656,7.814453601837158
0.957332968711853,7.807892322540283
0.9607090353965759,7.801941394805908
0.9494365453720093,7.796828746795654
0.930429220199585,7.794556140899658
0.9475153684616089,7.793921947479248
0.932654619216919,7.790599822998047
0.9496761560440063,7.78289794921875
0.9607261419296265,7.770218372344971
0.9394710063934326,7.756579875946045
0.9361960887908936,7.744399547576904
0.9581179022789001,7.738220691680908
0.9466527104377747,7.732357501983643
0.9558640122413635,7.727542400360107
0.9500755071640015,7.7242817878723145
0.9367756843566895,7.723911762237549
0.9559357762336731,7.725390911102295
0.9527280926704407,7.727684497833252
0.9637183547019958,7.731292247772217
0.9509963393211365,7.73573637008667
0.9489826560020447,7.739368915557861
0.9490659832954407,7.742858409881592
0.9415190815925598,7.749039173126221
0.9471760988235474,7.752490520477295
0.9524967074394226,7.753826141357422
0.9503574371337891,7.7552409172058105
0.958419680595398,7.754337310791016
0.9445139169692993,7.757964611053467
0.9445571899414062,7.757717609405518
0.9406020641326904,7.758590221405029
0.9538490772247314,7.758632183074951
0.9530269503593445,7.7591633796691895
0.939120352268219,7.756458759307861
0.954290509223938,7.754634380340576
0.950308084487915,7.7569355964660645
0.9452911615371704,7.761948108673096
0.9542751312255859,7.769978046417236
0.9458544850349426,7.774837970733643
0.9515901207923889,7.781235218048096
0.9474022388458252,7.783901691436768
0.9461320042610168,7.7893757820129395
0.9466462135314941,7.798759937286377
0.9452680945396423,7.8092803955078125
0.942909300327301,7.816829681396484
0.9464494585990906,7.823669910430908
0.9509599804878235,7.82916259765625
0.952182948589325,7.83797025680542
0.9424868226051331,7.842898845672607
0.9470123052597046,7.848202228546143
0.9551342129707336,7.853760242462158
0.9387637376785278,7.856560230255127
0.9592558741569519,7.859572887420654
0.9552700519561768,7.860378265380859
0.937746524810791,7.860916614532471
0.955367922782898,7.860100269317627
0.9583479166030884,7.860729217529297
0.9502468109130859,7.863044261932373
0.9636264443397522,7.867286205291748
0.9423301219940186,7.873310565948486
0.9616557359695435,7.873859882354736
0.954301118850708,7.874457836151123
0.9360227584838867,7.876240253448486
0.9433190822601318,7.878089427947998
0.9458105564117432,7.877304553985596
0.9527684450149536,7.878849029541016
0.9482401609420776,7.878143787384033
0.9529844522476196,7.881054401397705
0.9596638679504395,7.882225513458252
0.946775496006012,7.88679838180542
0.9530593752861023,7.894668102264404
0.9377930760383606,7.9038472175598145
0.9538288116455078,7.910557270050049
0.9404280185699463,7.911235332489014
0.9376604557037354,7.909640789031982
0.9490192532539368,7.911453723907471
0.9502899646759033,7.9116291999816895
0.9392211437225342,7.908122539520264
0.9580602049827576,7.9029011726379395
0.9542335867881775,7.896216869354248
0.9461888670921326,7.893348217010498
0.9383131265640259,7.890682220458984
0.9565478563308716,7.8888163566589355
0.9504114389419556,7.887321472167969
0.9571505188941956,7.888672351837158
0.9593468308448792,7.891449451446533
0.9464943408966064,7.892433166503906
0.9591618776321411,7.8914408683776855
0.9542737007141113,7.892044544219971
0.943710207939148,7.893249034881592
0.9607099294662476,7.8930134773254395
0.953747034072876,7.890792369842529
0.9409191608428955,7.891800403594971
0.9435344338417053,7.889342784881592
0.9221274852752686,7.8824543952941895
0.9514162540435791,7.86912202835083
0.947243332862854,7.856876373291016
0.9419519305229187,7.847137928009033
0.9524572491645813,7.839836597442627
0.9486491084098816,7.829967975616455
0.9429726600646973,7.823742389678955
0.949828028678894,7.815510272979736
0.9460578560829163,7.80763578414917
0.9467793703079224,7.799163818359375
0.9403097629547119,7.794846057891846
0.9414232969284058,7.791595935821533
0.9563623666763306,7.793610095977783
0.9447824954986572,7.7979044914245605
0.957045316696167,7.803398609161377
0.9576492309570312,7.809967517852783
0.9417396187782288,7.816879749298096
0.9478618502616882,7.825916767120361
0.9475479125976562,7.8310465812683105
0.9546694159507751,7.837856769561768
0.9504587650299072,7.8442769050598145
0.9504960775375366,7.849625110626221
0.9485217332839966,7.857635021209717
0.9445956349372864,7.868144512176514
0.9542423486709595,7.879985332489014
0.9556621313095093,7.895179748535156
0.9440082311630249,7.9068989753723145
0.9511056542396545,7.9122233390808105
0.9450681209564209,7.9189453125
0.9507827758789062,7.9296650886535645
0.9576671123504639,7.938609600067139
0.9502171277999878,7.952369213104248
0.9600909948348999,7.970669269561768
0.9486618041992188,7.987987041473389
0.9520555138587952,8.004708290100098
0.942984938621521,8.02346134185791
0.9436279535293579,8.038623809814453
0.9376813769340515,8.051386833190918
0.9427902698516846,8.063746452331543
0.9594897627830505,8.07467269897461
0.9480776786804199,8.088726997375488
0.9553086161613464,8.100173950195312
0.9428144693374634,8.110190391540527
0.9456443190574646,8.117796897888184
0.9494818449020386,8.121848106384277
0.9531529545783997,8.126387596130371
0.9517052173614502,8.130722999572754
0.9543797969818115,8.13681697845459
0.9476757049560547,8.145857810974121
0.9506852626800537,8.156350135803223
0.9445376992225647,8.166537284851074
0.9498308897018433,8.171727180480957
0.949474036693573,8.17458438873291
0.953773558139801,8.176361083984375
0.9404343962669373,8.177382469177246
0.9373245239257812,8.177557945251465
0.947597324848175,8.17537784576416
0.9422295689582825,8.174407958984375
0.9586888551712036,8.174344062805176
0.9564069509506226,8.1748046875
0.9532102346420288,8.179180145263672
0.9358676075935364,8.181687355041504
0.9476104974746704,8.181011199951172
0.9548903703689575,8.178832054138184
0.9563199281692505,8.172324180603027
0.9422600865364075,8.163046836853027
0.9374901652336121,8.154610633850098
0.9440858364105225,8.15000057220459
0.950663149356842,8.144603729248047
0.9605427384376526,8.139220237731934
0.9360874891281128,8.133625984191895
0.9398731589317322,8.127808570861816
0.9442310929298401,8.118030548095703
0.9345823526382446,8.107260704040527
0.9476957321166992,8.091055870056152
0.9303382635116577,8.07232666015625
0.9574843049049377,8.055389404296875
0.9323400855064392,8.039591789245605
0.9422867298126221,8.025757789611816
0.9380989670753479,8.0120267868042
0.9526151418685913,7.9997172355651855
0.9485422968864441,7.9872355461120605
0.9582463502883911,7.974975109100342
0.9562896490097046,7.9644694328308105
0.938724160194397,7.948245525360107
0.962741494178772,7.9392008781433105
0.9528570175170898,7.930667877197266
0.9534590840339661,7.920708179473877
0.9485235214233398,7.912182331085205
0.9445411562919617,7.9030914306640625
0.955640971660614,7.895985126495361
0.9364002346992493,7.89076566696167
0.9612907767295837,7.8857502937316895
0.9488503336906433,7.883452892303467
0.9445992112159729,7.879654407501221
0.9388420581817627,7.874431133270264
0.9500879645347595,7.871395587921143
0.9567751884460449,7.873798370361328
0.9555871486663818,7.880215167999268
0.9469466209411621,7.885387897491455
0.9360173344612122,7.891174793243408
0.9464753270149231,7.8966755867004395
0.9528778791427612,7.899002552032471
0.9503819346427917,7.9034342765808105
0.9598548412322998,7.905673503875732
0.9498069286346436,7.908729076385498
0.9551413059234619,7.907108783721924
0.9608681797981262,7.901676654815674
0.9380140900611877,7.896789073944092
0.9630613923072815,7.895046234130859
0.9451989531517029,7.895718097686768
0.9488533735275269,7.900261402130127
0.9483078718185425,7.904506683349609
0.949249804019928,7.908389568328857
0.9442760944366455,7.911494731903076
0.939399778842926,7.914047718048096
0.9531262516975403,7.918568134307861
0.9558605551719666,7.921370983123779
0.9522958993911743,7.923290729522705
0.9608809947967529,7.921062469482422
0.9538763761520386,7.920555591583252
0.9535192251205444,7.9149699211120605
0.9442930221557617,7.915153980255127
0.9554924964904785,7.911864757537842
0.9444893598556519,7.907203197479248
0.9469729065895081,7.898136615753174
0.9459365606307983,7.884990692138672
0.9347226619720459,7.870792388916016
0.9545376300811768,7.857493877410889
0.9372143149375916,7.844775676727295
0.9552818536758423,7.834601879119873
0.960247814655304,7.827693462371826
0.9492245316505432,7.822860240936279
0.9465258121490479,7.816928386688232
0.9466354250907898,7.812770366668701
0.9500264525413513,7.804829120635986
0.9614211320877075,7.793685436248779
0.9339682459831238,7.782810211181641
0.9486919045448303,7.768863201141357
0.9471422433853149,7.754326343536377
0.955256998538971,7.741946697235107
0.9435815811157227,7.732921123504639
0.9520842432975769,7.725871562957764
0.9517996907234192,7.722279071807861
0.9507403373718262,7.719497203826904
0.9378655552864075,7.721763610839844
0.9409465789794922,7.725311756134033
0.9459890723228455,7.727924346923828
0.9537533521652222,7.7289886474609375
0.944273829460144,7.7333221435546875
0.9497923851013184,7.738831043243408
0.9380810856819153,7.746216297149658
0.9549860954284668,7.748138427734375
0.9476815462112427,7.745502471923828
0.9474406838417053,7.7436747550964355
0.9543273448944092,7.744510173797607
0.9424601197242737,7.7432861328125
0.9352682828903198,7.738761901855469
0.9548863172531128,7.73555326461792
0.9516721367835999,7.730133533477783
0.9424606561660767,7.726424694061279
0.9513983726501465,7.722137928009033
0.9455890655517578,7.717685699462891
0.9540088772773743,7.714354991912842
0.9683670401573181,7.712971210479736
0.9317545890808105,7.71274995803833
0.9546161890029907,7.710781574249268
0.9436957240104675,7.708438873291016
0.9457919597625732,7.7090606689453125
0.9602176547050476,7.706562519073486
0.9627220630645752,7.707103252410889
0.9585369825363159,7.707531452178955
0.9539487361907959,7.707066059112549
0.9442516565322876,7.7089314460754395
0.9493312835693359,7.711925029754639
0.9410569667816162,7.711886882781982
0.9589574933052063,7.7107014656066895
0.9533710479736328,7.711036205291748
0.9537191987037659,7.714759349822998
0.961236834526062,7.719886779785156
0.9567041397094727,7.725303649902344
0.9509881138801575,7.7329020500183105
0.9461637735366821,7.741974353790283
0.9508875608444214,7.7514801025390625
0.948512613773346,7.760661602020264
0.9465166330337524,7.768874645233154
0.966413140296936,7.7760701179504395
0.9485967755317688,7.785248279571533
0.9439127445220947,7.793590545654297
0.9391610622406006,7.801514148712158
0.947270393371582,7.805373668670654
0.96736079454422,7.806891918182373
0.9290478229522705,7.810261249542236
0.9537994265556335,7.810783863067627
0.9488053917884827,7.808109760284424
0.9413009881973267,7.806796550750732
0.9475332498550415,7.805037975311279
0.9542750120162964,7.802241802215576
0.9514623880386353,7.802398204803467
0.9493890404701233,7.7996439933776855
0.9523276686668396,7.794510364532471
0.953220546245575,7.784224987030029
0.9411855936050415,7.770145416259766
0.9547181725502014,7.758079528808594
0.9483457803726196,7.748005390167236
0.945564866065979,7.738129138946533
0.9489115476608276,7.728878021240234
0.954721212387085,7.725543975830078
0.9607414603233337,7.721069812774658
0.9476038217544556,7.720757007598877
0.9524396657943726,7.7232584953308105
0.9478187561035156,7.722442150115967
0.9469817876815796,7.722995281219482
0.9633963108062744,7.72410249710083
0.9499313235282898,7.728420257568359
0.9516301155090332,7.730560779571533
0.9524707198143005,7.733616352081299
0.944021463394165,7.735279560089111
0.955051839351654,7.734161376953125
0.9491300582885742,7.734772205352783
0.9464166164398193,7.738864421844482
0.9551727771759033,7.742687702178955
0.9397949576377869,7.7487711906433105
0.947138786315918,7.754218578338623
0.9503986835479736,7.759262561798096
0.9513044953346252,7.763245105743408
0.9322043061256409,7.768569469451904
0.9467248916625977,7.771046161651611
0.9642786979675293,7.770687103271484
0.9506567716598511,7.769859790802002
0.9353364706039429,7.769275188446045
0.9558185338973999,7.7720723152160645
0.9405305981636047,7.779220104217529
0.9476693868637085,7.78568696975708
0.9482728242874146,7.787673473358154
0.9571909308433533,7.794261932373047
0.9243530035018921,7.798397541046143
0.9462063312530518,7.801849842071533
0.9396302103996277,7.801376819610596
0.9656208753585815,7.800224781036377
0.9533059597015381,7.795734882354736
0.9577761292457581,7.7935333251953125
0.9365744590759277,7.790054798126221
0.9476688504219055,7.786869525909424
0.9462639093399048,7.781437397003174
0.9555888175964355,7.777367115020752
0.9509699940681458,7.772120952606201
0.9377962350845337,7.767746448516846
0.9501058459281921,7.763232707977295
0.9458532929420471,7.761657238006592
0.9540493488311768,7.761559009552002
0.9515346884727478,7.7631754875183105
0.9564129710197449,7.762836933135986
0.9495343565940857,7.760745525360107
0.9502030611038208,7.759883403778076
0.9483742713928223,7.758747577667236
0.9646728038787842,7.7585225105285645
0.9346076846122742,7.758549213409424
0.9420070648193359,7.760066509246826
0.9596642255783081,7.763900279998779
0.9557239413261414,7.766422748565674
0.9513270258903503,7.767033100128174
0.9583698511123657,7.76893949508667
0.9462912678718567,7.775306224822998
0.9460424184799194,7.7823405265808105
0.9600339531898499,7.791301250457764
0.945050835609436,7.801441192626953
0.9606010913848877,7.810619831085205
0.9486109018325806,7.823582172393799
0.9528396129608154,7.832580089569092
0.9328116178512573,7.841511249542236
0.9564026594161987,7.853508472442627
0.9405148029327393,7.862605571746826
0.9491903185844421,7.875607013702393
0.9512443542480469,7.887352466583252
0.945429801940918,7.895054340362549
0.9479373693466187,7.8997721672058105
0.948706865310669,7.901264667510986
0.9481794834136963,7.9020609855651855
0.9509868621826172,7.900906085968018
0.941708505153656,7.896042346954346
0.9538156986236572,7.891811847686768
0.9619399309158325,7.886887073516846
0.9478452801704407,7.884437084197998
0.9458383917808533,7.8837971687316895
0.9500716924667358,7.889248371124268
0.9417394399642944,7.89329195022583
0.9523918628692627,7.895828723907471
0.9522108435630798,7.896514892578125
0.9399160742759705,7.897674083709717
0.9494242668151855,7.902637958526611
0.9483259320259094,7.905750274658203
0.9450992941856384,7.905711650848389
0.9601991772651672,7.899608135223389
0.961553692817688,7.896583080291748
0.9531402587890625,7.893642902374268
0.9509974718093872,7.888416767120361
0.9359709024429321,7.877387523651123
0.964113175868988,7.866436004638672
0.9435586333274841,7.857890605926514
0.9405239820480347,7.844231128692627
0.9599820971488953,7.832779407501221
0.9602382779121399,7.821861743927002
0.9368716478347778,7.8124613761901855
0.9550104737281799,7.806362628936768
0.9437692165374756,7.802268981933594
0.93979412317276,7.7980427742004395
0.9566497206687927,7.797153949737549
0.9558127522468567,7.794723033905029
0.9537943005561829,7.79158353805542
0.9547357559204102,7.79050874710083
0.9299160242080688,7.790797710418701
0.941412091255188,7.79066801071167
0.9503223299980164,7.790412425994873
0.947933554649353,7.793793201446533
0.9500110149383545,7.790695667266846
0.9566580653190613,7.784175395965576
0.9467633962631226,7.779761791229248
0.958329439163208,7.778290271759033
0.9507766962051392,7.774871349334717
0.931229293346405,7.771392822265625
0.9575601816177368,7.771144390106201
0.9582164287567139,7.770522594451904
0.9424580335617065,7.768931865692139
0.9414007067680359,7.767066478729248
0.9520218968391418,7.766177654266357
0.9492801427841187,7.765343189239502
0.9526225924491882,7.760711669921875
0.9663404226303101,7.760848522186279
0.9337738752365112,7.760257244110107
0.948074996471405,7.76314115524292
0.9574160575866699,7.765392780303955
0.941373884677887,7.769340991973877
0.9585981965065002,7.774577617645264
0.9515991806983948,7.777892589569092
0.9523527026176453,7.783172130584717
0.9426780939102173,7.7840657234191895
0.9297336339950562,7.787810802459717
0.9562551379203796,7.794590473175049
0.9561682343482971,7.800610065460205
0.950030505657196,7.804230213165283
0.9435233473777771,7.807963848114014
0.9489104151725769,7.813720226287842
0.9493382573127747,7.819762706756592
0.9514563679695129,7.824443340301514
0.9553924202919006,7.8306193351745605
0.9485031366348267,7.836929798126221
0.9511171579360962,7.839042663574219
0.9477033615112305,7.8407673835754395
0.9540616869926453,7.84035062789917
0.9533962607383728,7.843647480010986
0.9418147206306458,7.851512432098389
0.9551573395729065,7.858410358428955
0.9528324604034424,7.865115642547607
0.954796314239502,7.8699727058410645
0.9368047714233398,7.875298023223877
0.9331966638565063,7.877944469451904
0.9439386129379272,7.878394603729248
0.9506444334983826,7.874535083770752
0.9274260997772217,7.869701385498047
0.9451401829719543,7.860496997833252
0.9584782719612122,7.851128101348877
0.9482128620147705,7.846309185028076
0.9389051795005798,7.835376739501953
0.9514901638031006,7.8267598152160645
0.953999400138855,7.819484710693359
0.9469763040542603,7.815444469451904
0.9454068541526794,7.813952922821045
0.9402172565460205,7.8078083992004395
0.9455763101577759,7.801612854003906
0.9570774435997009,7.7958760261535645
0.9452837109565735,7.788283824920654
0.9469149708747864,7.781700611114502
0.9499073028564453,7.7800517082214355
0.9604032635688782,7.775776386260986
0.9604354500770569,7.774932384490967
0.9550041556358337,7.771762371063232
0.9598531126976013,7.771442890167236
0.9567167162895203,7.770427227020264
0.9523297548294067,7.768855571746826
0.953386127948761,7.766856670379639
0.9420409798622131,7.761684894561768
0.9457840919494629,7.758391857147217
0.9494056105613708,7.7527079582214355
0.9553083777427673,7.74452543258667
0.9454334378242493,7.736083507537842
0.9541333913803101,7.727402210235596
0.9277198314666748,7.723534107208252
0.9592244029045105,7.719310283660889
0.9514830708503723,7.719905376434326
0.9520716667175293,7.720435619354248
0.945900559425354,7.72202730178833
0.9462471008300781,7.723033905029297
0.9511101245880127,7.7187418937683105
0.9393635988235474,7.718956470489502
0.9537103772163391,7.717895030975342
0.9553477764129639,7.7168426513671875
0.9460509419441223,7.71836519241333
0.9482271671295166,7.714576244354248
0.9569939970970154,7.716831684112549
0.9470266699790955,7.7215352058410645
0.9526455998420715,7.72713041305542
0.961043119430542,7.732608318328857
0.9545403122901917,7.743374347686768
0.9533450603485107,7.754882335662842
0.9314544200897217,7.764960765838623
0.9488183259963989,7.776604175567627
0.9392217993736267,7.793609142303467
0.9409287571907043,7.811191082000732
0.9555587768554688,7.830048084259033
0.9411802887916565,7.845211029052734
0.9441040754318237,7.856930255889893
0.9622934460639954,7.864250659942627
0.9611810445785522,7.873775959014893
0.942408561706543,7.881683349609375
0.9487814903259277,7.885399341583252
0.9539474248886108,7.888595104217529
0.9507997035980225,7.893748760223389
0.9585937261581421,7.895920276641846
0.9413044452667236,7.8937296867370605
0.9534138441085815,7.896251678466797
0.9408363103866577,7.896247863769531
0.9591880440711975,7.895263195037842
0.9441273808479309,7.895531177520752
0.94040846824646,7.895226001739502
0.9518122673034668,7.898383617401123
0.9628194570541382,7.902431011199951
0.9600139856338501,7.90726900100708
0.9333856105804443,7.91273832321167
0.9549456238746643,7.9135661125183105
0.9428188800811768,7.912578105926514
0.9569973945617676,7.908965587615967
0.9430317282676697,7.902615070343018
0.9527503848075867,7.894317626953125
0.9498814344406128,7.885619640350342
0.9439197778701782,7.880241870880127
0.9306051731109619,7.877033710479736
0.9501421451568604,7.873031139373779
0.9459217190742493,7.870167255401611
0.941059947013855,7.864741802215576
0.9458637237548828,7.861037731170654
0.9413968920707703,7.857754230499268
0.9568695425987244,7.8559489250183105
0.9477715492248535,7.8552021980285645
0.9638177752494812,7.853118419647217
0.9326430559158325,7.854492664337158
0.9478422403335571,7.854820728302002
0.9489697217941284,7.852413654327393
0.9608806371688843,7.852550983428955
0.9435951709747314,7.852646350860596
0.9378857612609863,7.8534321784973145
0.9563441872596741,7.857376575469971
0.947052001953125,7.858256816864014
0.9478036761283875,7.855021953582764
0.9445590972900391,7.851189136505127
0.9287763237953186,7.846362590789795
0.9485307335853577,7.843937397003174
0.939681887626648,7.844273090362549
0.9484008550643921,7.843430042266846
0.9391103982925415,7.843956470489502
0.9496474266052246,7.8442912101745605
0.9530937671661377,7.842772960662842
0.9492376446723938,7.839808940887451
0.9516597986221313,7.834541320800781
0.9621335864067078,7.827560901641846
0.9600081443786621,7.8222503662109375
0.9582810997962952,7.819229602813721
0.946372926235199,7.814055919647217
0.9393666982650757,7.808609485626221
0.956312358379364,7.806484222412109
0.9569724798202515,7.804356098175049
0.9349958300590515,7.8038554191589355
0.9400951862335205,7.797184467315674
0.957818865776062,7.7919087409973145
0.9461723566055298,7.784847259521484
0.9597347378730774,7.774196147918701
0.9505740404129028,7.766163349151611
0.9499896168708801,7.7573628425598145
0.9367518424987793,7.751842975616455
0.9411843419075012,7.742953777313232
0.9372455477714539,7.729922771453857
0.9656513929367065,7.722240924835205
0.9613219499588013,7.715122222900391
0.9462870955467224,7.709064960479736
0.951962411403656,7.707000255584717
0.9422817230224609,7.704662799835205
0.9467084407806396,7.705195903778076
0.9550122022628784,7.704636096954346
0.9429926872253418,7.702758312225342
0.952299952507019,7.702690601348877
