fidelity,pulse_duration
0.4708237946033478,32.9233283996582
0.4933921992778778,32.91641616821289
0.526866614818573,32.90547180175781
0.5486401319503784,32.90134048461914
0.5952319502830505,32.897945404052734
0.6013261675834656,32.899227142333984
0.6011674404144287,32.907623291015625
0.6351826786994934,32.91279220581055
0.6026949882507324,32.910797119140625
0.6654652953147888,32.90864562988281
0.6787152886390686,32.90755081176758
0.6915777921676636,32.90763473510742
0.6884118318557739,32.91067886352539
0.7304242253303528,32.91249084472656
0.7228946089744568,32.909481048583984
0.6929309368133545,32.904537200927734
0.6886816024780273,32.90310287475586
0.6882603764533997,32.9061279296875
0.7013925313949585,32.91096115112305
0.7153282165527344,32.91291809082031
0.7184925675392151,32.912723541259766
0.7204729318618774,32.91434097290039
0.7285457849502563,32.91325759887695
0.7035301327705383,32.90791320800781
0.7299433946609497,32.90566635131836
0.7437397837638855,32.901851654052734
0.745905876159668,32.89321517944336
0.7524703741073608,32.885616302490234
0.7410225868225098,32.879581451416016
0.7417140007019043,32.87331771850586
0.7262704968452454,32.858463287353516
0.7428264617919922,32.84549331665039
0.7535346746444702,32.832183837890625
0.7497657537460327,32.81843566894531
0.7746455669403076,32.80636978149414
0.7779925465583801,32.79744338989258
0.7811986207962036,32.78904724121094
0.776304304599762,32.775455474853516
0.7661145329475403,32.763240814208984
0.7874422669410706,32.75779342651367
0.7889155149459839,32.7474365234375
0.7724672555923462,32.735897064208984
0.7493889927864075,32.72886276245117
0.7831473350524902,32.719085693359375
0.7838719487190247,32.709720611572266
0.7830840349197388,32.7054328918457
0.7717941403388977,32.69773864746094
0.8103548288345337,32.68708419799805
0.7956125140190125,32.6738395690918
0.7744457721710205,32.65976333618164
0.7771958708763123,32.64650344848633
0.7835535407066345,32.63511276245117
0.8027576208114624,32.62895202636719
0.7964270710945129,32.62332534790039
0.7805435061454773,32.61227798461914
0.8103846907615662,32.595638275146484
0.8081321120262146,32.58169937133789
0.7888952493667603,32.568416595458984
0.8259317874908447,32.55497741699219
0.8116598129272461,32.537593841552734
0.8166802525520325,32.530147552490234
0.8097807765007019,32.52284622192383
0.7993685007095337,32.518856048583984
0.7775067090988159,32.511295318603516
0.8293914794921875,32.50638198852539
0.8286548852920532,32.50374221801758
0.7926967144012451,32.50364685058594
0.8069079518318176,32.5053596496582
0.7943995594978333,32.508209228515625
0.7957815527915955,32.51097106933594
0.8168226480484009,32.50754165649414
0.8077539205551147,32.50339889526367
0.7984486222267151,32.499263763427734
0.8109071254730225,32.49489974975586
0.8088760375976562,32.49056625366211
0.8053503036499023,32.4885139465332
0.8278056383132935,32.49557113647461
0.8295923471450806,32.4935417175293
0.8020803332328796,32.48862075805664
0.8054735064506531,32.485015869140625
0.8264358639717102,32.48408889770508
0.8080694079399109,32.483699798583984
0.8323122262954712,32.48454284667969
0.802028238773346,32.487518310546875
0.8160713911056519,32.49209976196289
0.8211649656295776,32.495235443115234
0.8228595852851868,32.508548736572266
0.8411178588867188,32.52273178100586
0.8165206909179688,32.53520584106445
0.8254976272583008,32.546634674072266
0.8155786991119385,32.55842971801758
0.8086810111999512,32.56906509399414
0.8225758671760559,32.574459075927734
0.807750403881073,32.57820510864258
0.8216433525085449,32.59397888183594
0.815295398235321,32.61381912231445
0.8259440660476685,32.62602615356445
0.8160287737846375,32.63943099975586
0.8235430121421814,32.65584945678711
0.7951856255531311,32.66428756713867
0.8188725113868713,32.67518615722656
0.8219992518424988,32.68320083618164
0.8505829572677612,32.69668197631836
0.8311702013015747,32.71229934692383
0.811913788318634,32.72868347167969
0.8086551427841187,32.74373245239258
0.8346164226531982,32.75901412963867
0.8142369985580444,32.77019119262695
0.8336690664291382,32.779170989990234
0.8294042348861694,32.794315338134766
0.817769467830658,32.80562973022461
0.7936649918556213,32.811100006103516
0.8114515542984009,32.8213996887207
0.8304190635681152,32.837772369384766
0.794349730014801,32.84490966796875
0.837504506111145,32.85507583618164
0.8337234258651733,32.86396789550781
0.8581641316413879,32.870025634765625
0.8320428729057312,32.871707916259766
0.8109813928604126,32.87287902832031
0.8140736818313599,32.873775482177734
0.806728720664978,32.87809753417969
0.8153297305107117,32.877323150634766
0.8241592645645142,32.87466812133789
0.8331456780433655,32.87710952758789
0.8253733515739441,32.87116622924805
0.8088293671607971,32.86416244506836
0.7978454828262329,32.857669830322266
0.8210027813911438,32.85269546508789
0.8457504510879517,32.842777252197266
0.8227158784866333,32.826900482177734
0.8459296226501465,32.804718017578125
0.8417054414749146,32.792266845703125
0.8411078453063965,32.77949142456055
0.8354754447937012,32.7608528137207
0.8557146787643433,32.74732971191406
0.8498008251190186,32.735042572021484
0.8322845101356506,32.72641372680664
0.8321276307106018,32.718658447265625
0.8183009624481201,32.70884323120117
0.8287831544876099,32.69893264770508
0.8196230530738831,32.688873291015625
0.8457478284835815,32.67727279663086
0.8420218825340271,32.66561508178711
0.8474509716033936,32.65848922729492
0.8137333989143372,32.65582275390625
0.8383958339691162,32.663204193115234
0.8232622146606445,32.664798736572266
0.8222758769989014,32.664920806884766
0.8145322799682617,32.66799545288086
0.82667475938797,32.66981506347656
0.8100652694702148,32.663570404052734
0.8463442325592041,32.65658187866211
0.8396392464637756,32.64865493774414
0.8412518501281738,32.64043045043945
0.828698992729187,32.633575439453125
0.8427842855453491,32.62446975708008
0.8189190626144409,32.60799789428711
0.851781964302063,32.59158706665039
0.8304210901260376,32.573917388916016
0.8181613087654114,32.562931060791016
0.8385685682296753,32.55738830566406
0.8493457436561584,32.555416107177734
0.845294713973999,32.56064987182617
0.8387418985366821,32.55550765991211
0.8449738025665283,32.54803466796875
0.8495340347290039,32.53799057006836
0.8541984558105469,32.53048324584961
0.8509818315505981,32.528656005859375
0.8402835130691528,32.5267219543457
0.8354663252830505,32.51814651489258
0.8487451672554016,32.5078125
0.8331117630004883,32.494476318359375
0.8365690112113953,32.48094177246094
0.8139292001724243,32.473506927490234
0.8427572250366211,32.45631408691406
0.8396084904670715,32.44776916503906
0.8287126421928406,32.43093490600586
0.8306155204772949,32.416934967041016
0.8298050761222839,32.40846252441406
0.8611043095588684,32.39949417114258
0.8200677633285522,32.39242172241211
0.8572696447372437,32.3914909362793
0.8408850431442261,32.384647369384766
0.83984375,32.381351470947266
0.8098328709602356,32.37260055541992
0.8131100535392761,32.369808197021484
0.8065812587738037,32.36635208129883
0.8258392810821533,32.36715316772461
0.8171837329864502,32.36737060546875
0.8456030488014221,32.36172103881836
0.8529869914054871,32.358245849609375
0.8464898467063904,32.34854507446289
0.8382503390312195,32.34145736694336
0.8262643218040466,32.337642669677734
0.8534250259399414,32.330265045166016
0.8360504508018494,32.32278060913086
0.8409099578857422,32.313045501708984
0.8520810604095459,32.30727767944336
0.8136701583862305,32.305667877197266
0.8349401950836182,32.30154037475586
0.8425048589706421,32.29411315917969
0.8633300065994263,32.279598236083984
0.8198126554489136,32.26702880859375
0.8285974264144897,32.26425552368164
0.8449500799179077,32.25306701660156
0.844963788986206,32.247440338134766
0.8537050485610962,32.24790573120117
0.8644748330116272,32.246158599853516
0.8539581298828125,32.24848556518555
0.8345497846603394,32.247440338134766
0.8357610702514648,32.24068069458008
0.8444090485572815,32.23952865600586
0.825325071811676,32.237850189208984
0.8464319705963135,32.24028396606445
0.8480163812637329,32.23965835571289
0.8356096744537354,32.2447509765625
0.8709172606468201,32.252071380615234
0.8173062205314636,32.2552375793457
0.8309875726699829,32.258487701416016
0.843401312828064,32.256561279296875
0.8333433866500854,32.2548828125
0.8609809279441833,32.251712799072266
0.8226518630981445,32.24611282348633
0.8515276908874512,32.24250411987305
0.8252867460250854,32.232120513916016
0.8300571441650391,32.221439361572266
0.8412942886352539,32.20637130737305
0.82728111743927,32.1904182434082
0.8266684412956238,32.1777229309082
0.8269134759902954,32.1722412109375
0.8598353266716003,32.16792297363281
0.8354100584983826,32.16031265258789
0.844802975654602,32.15234375
0.8643229007720947,32.15068054199219
0.8471348285675049,32.15580749511719
0.8210004568099976,32.15559005737305
0.8337910175323486,32.148529052734375
0.829293966293335,32.13981628417969
0.8596879839897156,32.130680084228516
0.830459713935852,32.11703872680664
0.8332244157791138,32.10110855102539
0.8633872866630554,32.083187103271484
0.8638147115707397,32.06463623046875
0.8425212502479553,32.04888916015625
0.8338853716850281,32.03950500488281
0.8429044485092163,32.029178619384766
0.8518955707550049,32.01641845703125
0.8504763841629028,32.0103874206543
0.8392190337181091,32.004058837890625
0.8530810475349426,32.00434494018555
0.8849506378173828,32.012149810791016
0.830723226070404,32.01707077026367
0.8402519226074219,32.01314926147461
0.8596715331077576,32.00905227661133
0.8303995132446289,32.00968551635742
0.8383887410163879,32.02046203613281
0.8450905084609985,32.02558517456055
0.8460717797279358,32.02023696899414
0.8472943305969238,32.020259857177734
0.8459920287132263,32.02175521850586
0.8566781282424927,32.01582336425781
0.831959068775177,32.00588607788086
0.8518258929252625,31.995786666870117
0.8650074005126953,31.985261917114258
0.8726481199264526,31.971269607543945
0.8504677414894104,31.959535598754883
0.8849213123321533,31.954328536987305
0.8486505150794983,31.947893142700195
0.8445848822593689,31.94139289855957
0.8372641801834106,31.93610954284668
0.8554030656814575,31.931901931762695
0.8607761859893799,31.92765998840332
0.8611567616462708,31.92839241027832
0.8472129702568054,31.91920280456543
0.8448779582977295,31.91435432434082
0.8625915050506592,31.911970138549805
0.8614339828491211,31.908098220825195
0.8641164898872375,31.898164749145508
0.8317281603813171,31.890336990356445
0.8416470289230347,31.88075065612793
0.8658154606819153,31.864683151245117
0.848242998123169,31.840452194213867
0.8574770092964172,31.818525314331055
0.8444994688034058,31.796236038208008
0.8757496476173401,31.776399612426758
0.8517283201217651,31.754304885864258
0.8278388381004333,31.723737716674805
0.8431246280670166,31.706209182739258
0.8738112449645996,31.68168830871582
0.8650089502334595,31.657899856567383
0.8480477929115295,31.640932083129883
0.8617085218429565,31.619142532348633
0.8649877309799194,31.593381881713867
0.8331067562103271,31.557571411132812
0.8506017923355103,31.524444580078125
0.8399905562400818,31.492433547973633
0.8604416251182556,31.46156120300293
0.8371087908744812,31.433504104614258
0.8454895615577698,31.406644821166992
0.8609185814857483,31.378446578979492
0.8341021537780762,31.356672286987305
0.8657352924346924,31.335390090942383
0.8564364910125732,31.315732955932617
0.8566598296165466,31.292695999145508
0.8605872392654419,31.27357292175293
0.8330785632133484,31.257627487182617
0.8529908657073975,31.234739303588867
0.8450319170951843,31.21440315246582
0.8653363585472107,31.194578170776367
0.8373329043388367,31.16673469543457
0.8633526563644409,31.14039421081543
0.8648660778999329,31.113859176635742
0.8494699001312256,31.090059280395508
0.8572153449058533,31.071287155151367
0.8545933961868286,31.056058883666992
0.8527306318283081,31.04377555847168
0.8468682169914246,31.026336669921875
0.8637050986289978,30.996580123901367
0.8299384117126465,30.968183517456055
0.8546122908592224,30.94264030456543
0.8537966012954712,30.92132568359375
0.8431376814842224,30.894468307495117
0.8443371653556824,30.871625900268555
0.8421552777290344,30.845643997192383
0.8541562557220459,30.82921028137207
0.8450469970703125,30.817380905151367
0.8512969613075256,30.805513381958008
0.8179433941841125,30.790464401245117
0.82632976770401,30.775407791137695
0.865975022315979,30.757905960083008
0.8736411929130554,30.749238967895508
0.8559544086456299,30.737810134887695
0.8613908886909485,30.723600387573242
0.8643661141395569,30.712221145629883
0.8502758145332336,30.69847297668457
0.8294948935508728,30.678495407104492
0.8486014604568481,30.67747688293457
0.8575734496116638,30.674222946166992
0.864157497882843,30.668806076049805
0.8708474040031433,30.658235549926758
0.8513388633728027,30.64390754699707
0.8324660658836365,30.626646041870117
0.8452613949775696,30.605710983276367
0.8494417071342468,30.589872360229492
0.8436518907546997,30.563535690307617
0.8758804798126221,30.545621871948242
0.8558787703514099,30.530946731567383
0.8443381786346436,30.518095016479492
0.8542149066925049,30.507051467895508
0.8815129399299622,30.487546920776367
0.8711351156234741,30.47526741027832
0.8444260358810425,30.46141242980957
0.85101717710495,30.44727897644043
0.8524996042251587,30.428956985473633
0.8301584720611572,30.41749382019043
0.8736629486083984,30.397750854492188
0.840803325176239,30.38011360168457
0.8543587923049927,30.362396240234375
0.849175214767456,30.341413497924805
0.8486232161521912,30.33599853515625
0.847337007522583,30.327531814575195
0.8415694832801819,30.31761360168457
0.8670485019683838,30.312742233276367
0.8186749219894409,30.311922073364258
0.8474625945091248,30.31144905090332
0.8627839684486389,30.31080436706543
0.8696842193603516,30.31376838684082
0.8435235619544983,30.31879997253418
0.8490680456161499,30.32557487487793
0.8702569603919983,30.335752487182617
0.8595666885375977,30.343656539916992
0.8825899362564087,30.344846725463867
0.853463888168335,30.341215133666992
0.8682775497436523,30.34119987487793
0.8686597347259521,30.340805053710938
0.8563252687454224,30.332796096801758
0.8677407503128052,30.32514762878418
0.8760730624198914,30.317598342895508
0.8444879055023193,30.31158447265625
0.8577830791473389,30.314496994018555
0.8526041507720947,30.314298629760742
0.8388610482215881,30.316343307495117
0.8413749933242798,30.312837600708008
0.8567087054252625,30.30870246887207
0.8555525541305542,30.312776565551758
0.8644610047340393,30.311491012573242
0.8525238633155823,30.31303596496582
0.8604119420051575,30.317277908325195
0.8448495864868164,30.335660934448242
0.8509553670883179,30.354276657104492
0.8571364283561707,30.367948532104492
0.866963803768158,30.380369186401367
0.8671750426292419,30.389692306518555
0.8567183017730713,30.39056396484375
0.8491194248199463,30.391324996948242
0.8597033619880676,30.395524978637695
0.8532015681266785,30.397218704223633
0.866005539894104,30.390623092651367
0.8530187606811523,30.386457443237305
0.8579738736152649,30.381223678588867
0.8484174609184265,30.376447677612305
0.9002016186714172,30.379213333129883
0.875466525554657,30.38587760925293
0.8707895278930664,30.39289665222168
0.8540850877761841,30.393831253051758
0.8653343915939331,30.394742965698242
0.8709937334060669,30.39393424987793
0.8761447668075562,30.395963668823242
0.8864079713821411,30.386857986450195
0.850538969039917,30.380857467651367
0.8470509648323059,30.374025344848633
0.865033745765686,30.37122917175293
0.8720449805259705,30.365827560424805
0.8629257082939148,30.35719108581543
0.8531578779220581,30.348798751831055
0.856235682964325,30.336687088012695
0.8687165975570679,30.326995849609375
0.8505694270133972,30.322328567504883
0.8619740009307861,30.31904411315918
0.827572226524353,30.309843063354492
0.8509953618049622,30.302156448364258
0.8474469780921936,30.30247688293457
0.8376073837280273,30.301103591918945
0.8624283075332642,30.301450729370117
0.8669917583465576,30.297243118286133
0.8601027131080627,30.301103591918945
0.8648556470870972,30.309541702270508
0.8731282949447632,30.311094284057617
0.8684022426605225,30.32191276550293
0.8489586114883423,30.332307815551758
0.866039514541626,30.335525512695312
0.8416631817817688,30.33381462097168
0.8396349549293518,30.336898803710938
0.8600652813911438,30.335691452026367
0.8760598301887512,30.328628540039062
0.8720071911811829,30.329957962036133
0.8647676706314087,30.32722282409668
0.8935245275497437,30.321897506713867
0.8706899285316467,30.311098098754883
0.8819915056228638,30.302841186523438
0.8706921339035034,30.294891357421875
0.8662102818489075,30.28795051574707
0.8419577479362488,30.278749465942383
0.8845242857933044,30.270814895629883
0.8561734557151794,30.262222290039062
0.850147545337677,30.255338668823242
0.8543201088905334,30.24437141418457
0.8760870099067688,30.236677169799805
0.8476570844650269,30.236478805541992
0.8639007210731506,30.23811149597168
0.844303548336029,30.233552932739258
0.8614555597305298,30.22142219543457
0.8709626197814941,30.218534469604492
0.8708450794219971,30.214933395385742
0.8780748844146729,30.201980590820312
0.8714445233345032,30.201644897460938
0.8677904009819031,30.203611373901367
0.8506982326507568,30.210830688476562
0.8730512857437134,30.216156005859375
0.860759973526001,30.217042922973633
0.8518325090408325,30.218460083007812
0.8768201470375061,30.21699333190918
0.8626307249069214,30.202451705932617
0.8675541877746582,30.19005012512207
0.86420077085495,30.175844192504883
0.8627680540084839,30.16697883605957
0.864551842212677,30.169206619262695
0.8355912566184998,30.171186447143555
0.8428728580474854,30.177003860473633
0.8440979719161987,30.17213249206543
0.8690440058708191,30.163711547851562
0.8606864809989929,30.15217399597168
0.8586968183517456,30.137910842895508
0.8639581203460693,30.12370491027832
0.8737362623214722,30.12452507019043
0.8391856551170349,30.123519897460938
0.8663727045059204,30.11967658996582
0.851502537727356,30.108274459838867
0.8474471569061279,30.089826583862305
0.8645145893096924,30.067228317260742
0.8454881310462952,30.038541793823242
0.8410916328430176,30.015932083129883
0.861199140548706,30.00187873840332
0.8674473762512207,29.972230911254883
0.8665421605110168,29.937406539916992
0.8595091700553894,29.908798217773438
0.8587204217910767,29.884981155395508
0.8666542172431946,29.865171432495117
0.8544326424598694,29.843523025512695
0.843024730682373,29.822893142700195
0.8645598292350769,29.80933952331543
0.8676806092262268,29.790010452270508
0.8535492420196533,29.768796920776367
0.8694695234298706,29.758607864379883
0.8570941090583801,29.75120735168457
0.8690558671951294,29.751314163208008
0.88116455078125,29.756437301635742
0.8589159846305847,29.759490966796875
0.878316342830658,29.763242721557617
0.8673855066299438,29.780515670776367
0.8492866158485413,29.780717849731445
0.8718966841697693,29.782804489135742
0.8821703195571899,29.783174514770508
0.86683189868927,29.781248092651367
0.8525387048721313,29.787229537963867
0.8648502230644226,29.786178588867188
0.8663277626037598,29.783124923706055
0.8699288368225098,29.767866134643555
0.8516103029251099,29.750425338745117
0.8588441610336304,29.722230911254883
0.86272132396698,29.691987991333008
0.8710875511169434,29.65730094909668
0.8570879697799683,29.617586135864258
0.863102912902832,29.589353561401367
0.8678239583969116,29.562211990356445
0.8605650067329407,29.54454231262207
0.850800096988678,29.52197265625
0.863499104976654,29.500913619995117
0.8701916933059692,29.48341178894043
0.8760918378829956,29.469758987426758
0.8432402610778809,29.460538864135742
0.8568748831748962,29.44526481628418
0.861656904220581,29.4200439453125
0.8630679845809937,29.39265251159668
0.8526138663291931,29.354738235473633
0.8658347725868225,29.312227249145508
0.8669968843460083,29.280195236206055
0.8543381690979004,29.246946334838867
0.8739151954650879,29.214906692504883
0.8836960196495056,29.19047737121582
0.8596334457397461,29.175626754760742
0.8603835105895996,29.164735794067383
0.86339271068573,29.16505241394043
0.8567383289337158,29.161725997924805
0.8560908436775208,29.150850296020508
0.8947612643241882,29.146623611450195
0.8798454999923706,29.142972946166992
0.8636828660964966,29.138216018676758
0.8745964765548706,29.120132446289062
0.8581613302230835,29.10675048828125
0.8640599846839905,29.092451095581055
0.855620265007019,29.070493698120117
0.8468180894851685,29.051454544067383
0.885151743888855,29.032699584960938
0.8581411838531494,29.022066116333008
0.8604933619499207,29.023710250854492
0.8581300973892212,29.027450561523438
0.8821971416473389,29.024553298950195
0.8688947558403015,29.02338981628418
0.8661308884620667,29.02545166015625
0.8872262835502625,29.01848030090332
0.8833694458007812,29.014680862426758
0.872622549533844,29.015363693237305
0.86252361536026,29.007951736450195
0.8586385846138,29.004575729370117
0.862992525100708,28.998430252075195
0.8707244992256165,28.99431037902832
0.8438798189163208,28.988618850708008
0.8772426843643188,28.988767623901367
0.8604767322540283,28.99614143371582
0.8632247447967529,29.017133712768555
0.8790436387062073,29.043609619140625
0.8848593235015869,29.074247360229492
0.8574857115745544,29.096542358398438
0.8472867012023926,29.134126663208008
0.8750063180923462,29.169252395629883
0.841147780418396,29.200223922729492
0.8776009678840637,29.228517532348633
0.8741374015808105,29.25385856628418
0.8580459356307983,29.27995491027832
0.8771710395812988,29.313507080078125
0.8840572237968445,29.342164993286133
0.8539661765098572,29.365766525268555
0.8690822124481201,29.388900756835938
0.8535234928131104,29.412717819213867
0.8583590388298035,29.439802169799805
0.8804652690887451,29.455366134643555
0.8625825047492981,29.47398567199707
0.863976001739502,29.489351272583008
0.877098798751831,29.502626419067383
0.8614479303359985,29.512086868286133
0.8941885232925415,29.52659797668457
0.8666536808013916,29.542879104614258
0.8642405271530151,29.552583694458008
0.8667125701904297,29.56001091003418
0.8709129095077515,29.567794799804688
0.843295693397522,29.580110549926758
0.8802337646484375,29.591707229614258
0.8807403445243835,29.594545364379883
0.8608279228210449,29.598905563354492
0.8919057846069336,29.600282669067383
0.8827303647994995,29.598344802856445
0.8706194162368774,29.60783576965332
0.8836140036582947,29.615781784057617
0.8771318793296814,29.62730598449707
0.8615190386772156,29.637434005737305
0.8555269241333008,29.630704879760742
0.878904402256012,29.617996215820312
0.8564229011535645,29.608583450317383
0.8652517199516296,29.604887008666992
0.866105318069458,29.604490280151367
0.8658077716827393,29.601621627807617
0.8638504147529602,29.599748611450195
0.8692935705184937,29.603239059448242
0.8585255742073059,29.60316276550293
0.8721517324447632,29.613069534301758
0.8616893291473389,29.625030517578125
0.8634688258171082,29.633455276489258
0.8463231921195984,29.64277458190918
0.8578981161117554,29.65284538269043
0.8583768010139465,29.65287971496582
0.8351648449897766,29.654294967651367
0.8731375336647034,29.64686393737793
0.8617252707481384,29.634519577026367
0.8756964802742004,29.633176803588867
0.8379811644554138,29.620134353637695
0.8718187808990479,29.612699508666992
0.8498615026473999,29.61427116394043
0.8597937822341919,29.621091842651367
0.8800638914108276,29.63068962097168
0.8709307909011841,29.641218185424805
0.8599669337272644,29.651029586791992
0.8425043225288391,29.660062789916992
0.8589409589767456,29.670150756835938
0.8415306806564331,29.674301147460938
0.8736697435379028,29.67396354675293
0.8803106546401978,29.666379928588867
0.8747029304504395,29.653215408325195
0.876555323600769,29.64619255065918
0.8615670204162598,29.64387321472168
0.8575924634933472,29.640195846557617
0.874208390712738,29.643644332885742
0.8820456266403198,29.647615432739258
0.8691587448120117,29.655500411987305
0.8824356198310852,29.657316207885742
0.8636341691017151,29.651700973510742
0.878006637096405,29.643173217773438
0.8716398477554321,29.632659912109375
0.8736572265625,29.628555297851562
0.8736235499382019,29.620267868041992
0.8764128684997559,29.617155075073242
0.8546015620231628,29.609769821166992
0.8562158346176147,29.602949142456055
0.8620741367340088,29.598237991333008
0.8587495684623718,29.590436935424805
0.8700681328773499,29.57365608215332
0.8746011853218079,29.553163528442383
0.8742116689682007,29.54728889465332
0.8677467107772827,29.540128707885742
0.8520520329475403,29.531494140625
0.875627338886261,29.520601272583008
0.869324803352356,29.512907028198242
0.8473635315895081,29.501737594604492
0.8653506636619568,29.485307693481445
0.8813115358352661,29.468793869018555
0.8449722528457642,29.455778121948242
0.8719696998596191,29.432737350463867
0.8714373707771301,29.411943435668945
0.853876531124115,29.390810012817383
0.8532496094703674,29.373476028442383
0.8841197490692139,29.358842849731445
0.8610967397689819,29.34715461730957
0.8842015266418457,29.329927444458008
0.8939165472984314,29.308168411254883
0.865084171295166,29.286375045776367
0.8776797652244568,29.26276969909668
0.8726034164428711,29.248685836791992
0.8549062013626099,29.233001708984375
0.87579345703125,29.215913772583008
0.8852983713150024,29.201154708862305
0.871564507484436,29.18476676940918
0.8748566508293152,29.17588996887207
0.8952316045761108,29.169801712036133
0.8786608576774597,29.16838264465332
0.8667558431625366,29.17024040222168
0.86671382188797,29.17314338684082
0.8700423240661621,29.183565139770508
0.8613685369491577,29.203737258911133
0.8715918064117432,29.221391677856445
0.8587316274642944,29.233369827270508
0.8415705561637878,29.248367309570312
0.8898282051086426,29.25666618347168
0.8689901828765869,29.265012741088867
0.8540311455726624,29.276582717895508
0.8633633852005005,29.296674728393555
0.8652551770210266,29.319730758666992
0.8833929896354675,29.332014083862305
0.8772817254066467,29.346040725708008
0.865358829498291,29.354402542114258
0.8546097874641418,29.355710983276367
0.885658860206604,29.360107421875
0.8879861831665039,29.363431930541992
0.8672813177108765,29.36723518371582
0.857367992401123,29.375181198120117
0.8628382682800293,29.381072998046875
0.8770997524261475,29.38640022277832
0.8673413395881653,29.38578987121582
0.8737442493438721,29.384504318237305
0.8731274604797363,29.382295608520508
0.8702160120010376,29.37049674987793
0.8692908883094788,29.363449096679688
0.8803502321243286,29.350492477416992
0.8831105828285217,29.339326858520508
0.8703609108924866,29.335344314575195
0.8696302771568298,29.330045700073242
0.857335090637207,29.334121704101562
0.87882000207901,29.333223342895508
0.8822985291481018,29.338010787963867
0.8834883570671082,29.337648391723633
0.8817110657691956,29.330232620239258
0.8679699897766113,29.324277877807617
0.8576211333274841,29.31682014465332
0.8643553256988525,29.305086135864258
0.8546181917190552,29.287155151367188
0.857658326625824,29.266664505004883
0.8862991333007812,29.240936279296875
0.8851000666618347,29.215105056762695
0.8322655558586121,29.185239791870117
0.8849138617515564,29.14683723449707
0.8713358044624329,29.117399215698242
0.8578341007232666,29.089250564575195
0.8600411415100098,29.074464797973633
0.8772302865982056,29.062986373901367
0.8826490640640259,29.045316696166992
0.8921416401863098,29.024946212768555
0.8732165694236755,29.004865646362305
0.8684619665145874,28.984834671020508
0.8662838935852051,28.97132682800293
0.8901662826538086,28.956802368164062
0.8887277841567993,28.943130493164062
0.8534728288650513,28.920957565307617
0.8666448593139648,28.898317337036133
0.8585044741630554,28.87567138671875
0.8786295056343079,28.859115600585938
0.8808913230895996,28.847990036010742
0.8761537075042725,28.843503952026367
0.8729214668273926,28.838991165161133
0.8800414204597473,28.833223342895508
0.8558631539344788,28.831178665161133
0.8709315657615662,28.843461990356445
0.8618319034576416,28.86237907409668
0.8780856728553772,28.879316329956055
0.8916881084442139,28.88447380065918
0.8783519864082336,28.891996383666992
0.877528190612793,28.895662307739258
0.8642481565475464,28.904050827026367
0.8474414944648743,28.914857864379883
0.8647452592849731,28.919694900512695
0.8783703446388245,28.927824020385742
0.8664318323135376,28.92072868347168
0.8768466711044312,28.899124145507812
0.8895148634910583,28.888107299804688
0.8916369080543518,28.880403518676758
0.8548183441162109,28.876081466674805
0.8656656742095947,28.8609619140625
0.8650066256523132,28.84752082824707
0.8736633658409119,28.83650016784668
0.87944096326828,28.821760177612305
0.8741322159767151,28.801576614379883
0.8820257186889648,28.780611038208008
0.8765844702720642,28.76658821105957
0.8567041158676147,28.759157180786133
0.8521105647087097,28.75963020324707
0.8706942200660706,28.748075485229492
0.8727927207946777,28.7232666015625
0.854495644569397,28.702882766723633
0.8809678554534912,28.691286087036133
0.85992431640625,28.676284790039062
0.884611189365387,28.65281867980957
0.8775187730789185,28.630739212036133
0.88308185338974,28.61094856262207
0.8697002530097961,28.591585159301758
0.8655361533164978,28.577054977416992
0.8755687475204468,28.56608772277832
0.8596107959747314,28.549776077270508
0.874983549118042,28.534929275512695
0.8713330030441284,28.519224166870117
0.8599276542663574,28.52086067199707
0.8881794810295105,28.522401809692383
0.8693668842315674,28.524106979370117
0.8653020858764648,28.516023635864258
0.8706445097923279,28.513933181762695
0.8793602585792542,28.50471305847168
0.8887785077095032,28.492799758911133
0.887421727180481,28.475664138793945
0.8587028980255127,28.461532592773438
0.8870819807052612,28.455533981323242
0.8778858184814453,28.449846267700195
0.8666462302207947,28.440584182739258
0.8517889976501465,28.423978805541992
0.8654008507728577,28.419527053833008
0.8914740085601807,28.412492752075195
0.8544690608978271,28.411237716674805
0.8594373464584351,28.404233932495117
0.8789651989936829,28.405378341674805
0.880251407623291,28.408430099487305
0.8376255631446838,28.416181564331055
0.8785065412521362,28.412782669067383
0.8637352585792542,28.39824104309082
0.8658362030982971,28.38347053527832
0.8529356718063354,28.371671676635742
0.8699565529823303,28.35969352722168
0.8793506622314453,28.34168815612793
0.87257319688797,28.32585334777832
0.8742052912712097,28.30677604675293
0.8734493851661682,28.283952713012695
0.8796809911727905,28.260786056518555
0.8441121578216553,28.233980178833008
0.864896833896637,28.194063186645508
0.8547933101654053,28.145692825317383
0.8806798458099365,28.09272575378418
0.8627926111221313,28.04619026184082
0.865211009979248,28.007535934448242
0.8864885568618774,27.96971321105957
0.8872035145759583,27.925996780395508
0.8536399602890015,27.889406204223633
0.909717321395874,27.862302780151367
0.8658426403999329,27.84113883972168
0.8797767758369446,27.811416625976562
0.8664381504058838,27.77592658996582
0.8808035850524902,27.762392044067383
0.8934647440910339,27.75184440612793
0.9204866290092468,27.741270065307617
0.9043474793434143,27.737380981445312
0.8879974484443665,27.732452392578125
0.8566453456878662,27.715211868286133
0.8731939196586609,27.706769943237305
0.8521527647972107,27.693693161010742
0.8512852191925049,27.677690505981445
0.8892599940299988,27.661760330200195
0.8561082482337952,27.646772384643555
0.8861486911773682,27.635879516601562
0.8661508560180664,27.628664016723633
0.8739699721336365,27.622312545776367
0.8798683285713196,27.620603561401367
0.8724469542503357,27.621553421020508
0.8722220659255981,27.625322341918945
0.8914012908935547,27.630491256713867
0.8743444085121155,27.627641677856445
0.8693787455558777,27.6280517578125
0.8706807494163513,27.635892868041992
0.8804308772087097,27.642637252807617
0.8705958724021912,27.64799690246582
0.8719449043273926,27.658876419067383
0.8717978000640869,27.67601203918457
0.8701367378234863,27.688676834106445
0.8921148180961609,27.692869186401367
0.9019731879234314,27.70341682434082
0.8597853183746338,27.70781135559082
0.8650521039962769,27.716951370239258
0.869506299495697,27.728225708007812
0.8768149018287659,27.73460578918457
0.8634653091430664,27.72974967956543
0.8699377179145813,27.723875045776367
0.8921988606452942,27.715028762817383
0.8649424314498901,27.702390670776367
0.8615663051605225,27.68864631652832
0.8719865679740906,27.659440994262695
0.8900986313819885,27.630247116088867
0.8879312872886658,27.610414505004883
0.8700996041297913,27.591371536254883
0.8575786352157593,27.578737258911133
0.8744513988494873,27.56300163269043
0.8612321615219116,27.556638717651367
0.8795267343521118,27.541715621948242
0.8713275194168091,27.527864456176758
0.862844705581665,27.508821487426758
0.8806443214416504,27.498062133789062
0.8711845874786377,27.47956657409668
0.8698344230651855,27.46403694152832
0.866676390171051,27.450700759887695
0.8606417179107666,27.434907913208008
0.8621537685394287,27.42860221862793
0.8788388967514038,27.42432975769043
0.8843198418617249,27.42546272277832
0.8502656817436218,27.43800163269043
0.8867408037185669,27.453794479370117
0.8682225942611694,27.467191696166992
0.8789903521537781,27.480745315551758
0.8744699954986572,27.49315071105957
0.8921520113945007,27.506803512573242
0.8805139064788818,27.516767501831055
0.8752959370613098,27.532087326049805
0.8928724527359009,27.550020217895508
0.872496485710144,27.574583053588867
0.8789090514183044,27.593961715698242
0.8691632747650146,27.615114212036133
0.8804905414581299,27.634279251098633
0.8549531102180481,27.651273727416992
0.8769947290420532,27.67390251159668
0.8792853951454163,27.697450637817383
0.8724032044410706,27.715883255004883
0.8853489756584167,27.73124885559082
0.8848401308059692,27.74134635925293
0.8610877394676208,27.75538444519043
0.8761396408081055,27.765779495239258
0.8581025004386902,27.772829055786133
0.8757644295692444,27.773805618286133
0.8740761280059814,27.762113571166992
0.8686792850494385,27.751646041870117
0.8790385723114014,27.746675491333008
0.8908253312110901,27.73613166809082
0.8630520701408386,27.71479606628418
0.8696223497390747,27.6929931640625
0.8841230869293213,27.672822952270508
0.8665704727172852,27.64173698425293
0.8622786998748779,27.613603591918945
0.8631757497787476,27.598752975463867
0.8780298233032227,27.586057662963867
0.8926575779914856,27.565855026245117
0.8659624457359314,27.544113159179688
0.8728592395782471,27.522829055786133
0.8630309700965881,27.496797561645508
0.8704860806465149,27.46476936340332
0.8514288663864136,27.437360763549805
0.8839438557624817,27.407087326049805
0.8537444472312927,27.376829147338867
0.8899173140525818,27.34907341003418
0.8719081878662109,27.327268600463867
0.8594374060630798,27.306974411010742
0.886755645275116,27.290895462036133
0.887556791305542,27.285337448120117
0.8492277264595032,27.284269332885742
0.8702282309532166,27.289705276489258
0.8611847758293152,27.30803108215332
0.881096601486206,27.311172485351562
0.8835155963897705,27.31892204284668
0.8733312487602234,27.32514762878418
0.8826624155044556,27.324831008911133
0.8430249691009521,27.311845779418945
0.8510642051696777,27.293031692504883
0.8934407234191895,27.26304817199707
0.8966484069824219,27.23699951171875
0.8765714168548584,27.206785202026367
0.8841622471809387,27.173402786254883
0.8552886247634888,27.153947830200195
0.8600125312805176,27.135330200195312
0.8937761187553406,27.123811721801758
0.8738120198249817,27.121309280395508
0.8778030276298523,27.115175247192383
0.8652347922325134,27.106050491333008
0.8654395937919617,27.103055953979492
0.8695024847984314,27.08961296081543
0.8803476691246033,27.069364547729492
0.8694236874580383,27.053773880004883
0.8663725256919861,27.046480178833008
0.883323073387146,27.026552200317383
0.8756182193756104,27.004274368286133
0.8563409447669983,26.972761154174805
0.8723999261856079,26.949111938476562
0.8844050168991089,26.917451858520508
0.8739389181137085,26.885591506958008
0.8811591267585754,26.858827590942383
0.88981693983078,26.8369140625
0.8831102848052979,26.826904296875
0.8557395339012146,26.824033737182617
0.8639745116233826,26.818998336791992
0.8792860507965088,26.820951461791992
0.8674594163894653,26.821306228637695
0.8735837340354919,26.822660446166992
0.8744943737983704,26.826948165893555
0.8756901621818542,26.82684326171875
0.8757758140563965,26.828264236450195
0.8792455196380615,26.815977096557617
0.8698766231536865,26.808591842651367
0.9075677394866943,26.810590744018555
0.860630989074707,26.81201171875
0.8836827874183655,26.820524215698242
0.8704286813735962,26.819242477416992
0.8775690793991089,26.820114135742188
0.8542560935020447,26.82182502746582
0.8716981410980225,26.823274612426758
0.8653082847595215,26.821134567260742
0.8731889128684998,26.826631546020508
0.874652624130249,26.831296920776367
0.8818094730377197,26.843812942504883
0.8664000630378723,26.85723876953125
0.8695909976959229,26.863279342651367
0.8698922395706177,26.869626998901367
0.8786733746528625,26.874513626098633
0.8704997301101685,26.878023147583008
0.8938897252082825,26.882505416870117
0.8635015487670898,26.878602981567383
0.8634912967681885,26.890457153320312
0.8589684367179871,26.897092819213867
0.8877696394920349,26.900835037231445
0.885604202747345,26.90345573425293
0.8707065582275391,26.89546012878418
0.8824463486671448,26.881181716918945
0.8841527104377747,26.862184524536133
0.8962199687957764,26.843534469604492
0.8965413570404053,26.831743240356445
0.8824406862258911,26.815324783325195
0.8779310584068298,26.8037109375
0.8836295008659363,26.802093505859375
0.8706039190292358,26.799161911010742
0.8682590126991272,26.80780029296875
0.8794984817504883,26.819137573242188
0.8738925457000732,26.828733444213867
0.8699462413787842,26.839628219604492
0.8715018033981323,26.848800659179688
0.8731493353843689,26.853483200073242
0.8749021291732788,26.858930587768555
0.8698329925537109,26.848966598510742
0.8891292810440063,26.845369338989258
0.8579815030097961,26.836149215698242
0.8841179609298706,26.822416305541992
0.8822250962257385,26.81004524230957
0.8595685958862305,26.792436599731445
0.8877805471420288,26.777250289916992
0.8692963123321533,26.76014518737793
0.8727619647979736,26.743227005004883
0.8708778619766235,26.729825973510742
0.8768281936645508,26.71504020690918
0.902072012424469,26.709043502807617
0.8779838681221008,26.704343795776367
0.885791540145874,26.698137283325195
0.8857196569442749,26.681013107299805
0.8701683878898621,26.6689453125
0.8668854236602783,26.647855758666992
0.9004574418067932,26.629426956176758
0.8793542385101318,26.60588264465332
0.8574143052101135,26.589555740356445
0.8883851766586304,26.572114944458008
0.8738327622413635,26.544206619262695
0.8819907903671265,26.504150390625
0.8776203989982605,26.468198776245117
0.8845587372779846,26.426118850708008
0.8861168622970581,26.38865852355957
0.8728327751159668,26.350481033325195
0.8782493472099304,26.326751708984375
0.8909355401992798,26.32124137878418
0.8664842844009399,26.323244094848633
0.8954710364341736,26.328126907348633
0.8772835731506348,26.325790405273438
0.8921374678611755,26.330612182617188
0.8789957761764526,26.337766647338867
0.86018306016922,26.339784622192383
0.8545931577682495,26.336015701293945
0.8747376203536987,26.326719284057617
0.885206937789917,26.322832107543945
0.8699764609336853,26.320493698120117
0.8639417886734009,26.308637619018555
0.8724454045295715,26.305757522583008
0.8825395703315735,26.297056198120117
0.8848056197166443,26.287229537963867
0.8807051181793213,26.272932052612305
0.8653600811958313,26.273221969604492
0.878542423248291,26.272294998168945
0.8688560724258423,26.263227462768555
0.8864366412162781,26.264188766479492
0.8814400434494019,26.26866340637207
0.8863704204559326,26.282136917114258
0.8823348879814148,26.286481857299805
0.8694943189620972,26.296049118041992
0.8718528151512146,26.298982620239258
0.8736051321029663,26.30517578125
0.8823325037956238,26.330839157104492
0.8719663023948669,26.339387893676758
0.8809117078781128,26.340303421020508
0.8914614915847778,26.330032348632812
0.8734675645828247,26.329526901245117
0.8770182132720947,26.331817626953125
0.8555206060409546,26.328763961791992
0.8834640979766846,26.320920944213867
0.8827030062675476,26.321258544921875
0.8782083988189697,26.317934036254883
0.8746031522750854,26.310653686523438
0.8723994493484497,26.312467575073242
0.8744189143180847,26.32203483581543
0.8847378492355347,26.327470779418945
0.8705219030380249,26.329378128051758
0.882193922996521,26.329469680786133
0.8796374797821045,26.329042434692383
0.8574572205543518,26.33949089050293
0.8685404062271118,26.337663650512695
0.8607295751571655,26.33991813659668
0.8725745677947998,26.348054885864258
0.8713955879211426,26.351837158203125
0.8779047727584839,26.362215042114258
0.8762327432632446,26.376096725463867
0.8908166289329529,26.392179489135742
0.9015923142433167,26.406354904174805
0.8843340873718262,26.41676139831543
0.8688860535621643,26.43406867980957
0.8870005011558533,26.44891357421875
0.8997998833656311,26.464780807495117
0.8831930160522461,26.468612670898438
0.8805892467498779,26.474763870239258
0.8854444026947021,26.485322952270508
0.8768908381462097,26.499757766723633
0.8667295575141907,26.508394241333008
0.8615604043006897,26.5159912109375
0.869415283203125,26.518495559692383
0.8783361315727234,26.524110794067383
0.8536742925643921,26.529264450073242
0.8982436656951904,26.53272819519043
0.8962694406509399,26.53376579284668
0.869446873664856,26.525117874145508
0.8812626600265503,26.520479202270508
0.8801804184913635,26.513994216918945
0.8913195729255676,26.515806198120117
0.8835294246673584,26.52214241027832
0.8774198889732361,26.529661178588867
0.8761841058731079,26.529115676879883
0.8868590593338013,26.521345138549805
0.8518937826156616,26.514814376831055
0.8735033273696899,26.499300003051758
0.8869625926017761,26.472288131713867
0.8791283369064331,26.442197799682617
0.9028673768043518,26.409513473510742
0.8794159293174744,26.381181716918945
0.8846599459648132,26.340272903442383
0.8902912139892578,26.30030632019043
0.8769365549087524,26.26127815246582
0.8620480895042419,26.227693557739258
0.8723379969596863,26.204408645629883
0.8826166391372681,26.188844680786133
0.8757791519165039,26.173555374145508
0.881256103515625,26.158464431762695
0.8910053372383118,26.15058708190918
0.8712135553359985,26.12950325012207
0.8858519792556763,26.112607955932617
0.8665100336074829,26.101640701293945
0.8965578079223633,26.09678840637207
0.861487627029419,26.086210250854492
0.8782228827476501,26.077329635620117
0.8496657609939575,26.066591262817383
0.8794353008270264,26.060640335083008
0.8687491416931152,26.048643112182617
0.8981755971908569,26.039033889770508
0.8908167481422424,26.031984329223633
0.8838659524917603,26.018537521362305
0.8852943778038025,26.007173538208008
0.8876155614852905,25.992952346801758
0.881043016910553,25.975858688354492
0.8813484907150269,25.9517822265625
0.8901693820953369,25.919981002807617
0.8756073117256165,25.891542434692383
0.8762850761413574,25.865478515625
0.8823969960212708,25.835908889770508
0.8648104667663574,25.810914993286133
0.8705536127090454,25.792158126831055
0.8742721676826477,25.77818489074707
0.892838180065155,25.770246505737305
0.8715718388557434,25.755064010620117
0.8582696914672852,25.733808517456055
0.8683111667633057,25.713302612304688
0.8605891466140747,25.683698654174805
0.8847103118896484,25.643278121948242
0.8739026784896851,25.601669311523438
0.8645994067192078,25.56932258605957
0.8649232387542725,25.545656204223633
0.8908307552337646,25.511262893676758
0.8868544101715088,25.485593795776367
0.9026079773902893,25.466020584106445
0.8931115865707397,25.439088821411133
0.8727845549583435,25.42473030090332
0.8653688430786133,25.41230583190918
0.8798246383666992,25.38847541809082
0.8887982368469238,25.375028610229492
0.8878471851348877,25.359315872192383
0.8993914127349854,25.340360641479492
0.8551942110061646,25.32215690612793
0.8818398714065552,25.305158615112305
0.8845652937889099,25.284360885620117
0.8909446597099304,25.257307052612305
0.8715294599533081,25.23090934753418
0.8833232522010803,25.197675704956055
0.8717988133430481,25.165403366088867
0.8764349818229675,25.14905548095703
0.8910471200942993,25.13200569152832
0.8812813758850098,25.114534378051758
0.8883680105209351,25.102018356323242
0.8554161190986633,25.091814041137695
0.8577299118041992,25.073698043823242
0.8991595506668091,25.0491943359375
0.86269211769104,25.02537727355957
0.8967005610466003,25.001466751098633
0.8967694640159607,24.97966194152832
0.874879777431488,24.955015182495117
0.8787983655929565,24.941312789916992
0.8663463592529297,24.923484802246094
0.8680161833763123,24.907350540161133
0.8863016963005066,24.882829666137695
0.8893921375274658,24.85533332824707
0.8652058839797974,24.833757400512695
0.8860782980918884,24.816251754760742
0.9092912077903748,24.789567947387695
0.8691706657409668,24.759061813354492
0.878757655620575,24.727249145507812
0.8928189277648926,24.69697380065918
0.8725334405899048,24.67424201965332
0.8922966122627258,24.650711059570312
0.8928025960922241,24.62818717956543
0.8888404965400696,24.60441780090332
0.8777603507041931,24.57593536376953
0.8640412092208862,24.551734924316406
0.8763022422790527,24.543487548828125
0.8663637638092041,24.528657913208008
0.8788868188858032,24.516401290893555
0.8819981813430786,24.507692337036133
0.8774784207344055,24.490190505981445
0.8733578324317932,24.477760314941406
0.8859902024269104,24.466781616210938
0.8796628713607788,24.44999885559082
0.9002599716186523,24.440767288208008
0.8857221603393555,24.42906951904297
0.9075039625167847,24.418426513671875
0.8841105103492737,24.409013748168945
0.8946003317832947,24.40264129638672
0.9047315716743469,24.39873504638672
0.868412435054779,24.400611877441406
0.8797550201416016,24.390836715698242
0.891400933265686,24.389219284057617
0.8782250881195068,24.3958740234375
0.8696129322052002,24.393938064575195
0.8722586035728455,24.38483428955078
0.8589668273925781,24.374757766723633
0.8731837868690491,24.36530876159668
0.8793416619300842,24.36231803894043
0.888266921043396,24.3602294921875
0.896049976348877,24.356767654418945
0.8796432018280029,24.35039520263672
0.8607765436172485,24.34770393371582
0.8911941051483154,24.357345581054688
0.8940144181251526,24.349809646606445
0.8886421918869019,24.333711624145508
0.8949999809265137,24.332582473754883
0.8561390042304993,24.332429885864258
0.8731610774993896,24.33702278137207
0.8902227878570557,24.338254928588867
0.8656678199768066,24.342628479003906
0.8481221199035645,24.34040641784668
0.8860885500907898,24.349075317382812
0.8724746704101562,24.3603515625
0.8764976263046265,24.385725021362305
0.8756632804870605,24.403322219848633
0.8498225212097168,24.430137634277344
0.8851869106292725,24.45817756652832
0.8733352422714233,24.482423782348633
0.8748761415481567,24.511995315551758
0.8777735829353333,24.54102897644043
0.896348774433136,24.55854606628418
0.8804859519004822,24.568876266479492
0.8803849220275879,24.584182739257812
0.8688994646072388,24.605073928833008
0.8781394958496094,24.627260208129883
0.872062087059021,24.64055633544922
0.8551939129829407,24.640846252441406
0.89737468957901,24.63011360168457
0.8878077268600464,24.629621505737305
0.8966447710990906,24.62244415283203
0.8742817044258118,24.620267868041992
0.890759289264679,24.613954544067383
0.8970426321029663,24.604875564575195
0.8846402168273926,24.59870719909668
0.9062078595161438,24.588340759277344
0.8913370370864868,24.579774856567383
0.904679000377655,24.56770133972168
0.8842723965644836,24.556154251098633
0.8739882707595825,24.536195755004883
0.8929173350334167,24.517118453979492
0.8571346402168274,24.495750427246094
0.8831303119659424,24.475019454956055
0.8736435174942017,24.448701858520508
0.8905177712440491,24.426149368286133
0.8913676738739014,24.404661178588867
0.890196681022644,24.384645462036133
0.8960466384887695,24.371353149414062
0.8961721658706665,24.351118087768555
0.8725902438163757,24.32927131652832
0.8675731420516968,24.297515869140625
0.8806695938110352,24.264558792114258
0.8717832565307617,24.240800857543945
0.894925594329834,24.217546463012695
0.8622456192970276,24.202787399291992
0.8884003758430481,24.18421745300293
0.8839185237884521,24.169172286987305
0.8772525787353516,24.157981872558594
0.8725306391716003,24.1502685546875
0.8952366709709167,24.14232063293457
0.8964716196060181,24.134431838989258
0.8820562362670898,24.126527786254883
0.8890317678451538,24.116880416870117
0.8718690276145935,24.10771369934082
0.8967289924621582,24.10847282409668
0.8656842708587646,24.11073112487793
0.8596906661987305,24.107561111450195
0.8801400661468506,24.095659255981445
0.889318585395813,24.073396682739258
0.8875839114189148,24.05377960205078
0.8770567178726196,24.028261184692383
0.8835207223892212,24.001115798950195
0.8859785199165344,23.977447509765625
0.8865883946418762,23.957460403442383
0.8830482363700867,23.948259353637695
0.8882380723953247,23.935335159301758
0.8865126967430115,23.923704147338867
0.9028252363204956,23.911834716796875
0.8814992904663086,23.89509391784668
0.8727524280548096,23.875450134277344
0.8770692944526672,23.866798400878906
0.8848757147789001,23.862030029296875
0.8836615681648254,23.868532180786133
0.9006805419921875,23.87544059753418
0.8913617730140686,23.881431579589844
0.8707398772239685,23.88627815246582
0.9049323201179504,23.88774871826172
0.8955223560333252,23.893171310424805
0.898764431476593,23.897520065307617
0.8903552293777466,23.906156539916992
0.8793025612831116,23.912904739379883
0.8790558576583862,23.931642532348633
0.8785180449485779,23.945436477661133
0.9020673036575317,23.958921432495117
0.889128565788269,23.977018356323242
0.8839975595474243,23.993467330932617
0.8618440628051758,24.012128829956055
0.8834334015846252,24.025468826293945
0.8819946646690369,24.032310485839844
0.8915250301361084,24.037508010864258
0.8721002340316772,24.053449630737305
0.9077665209770203,24.067216873168945
0.8813364505767822,24.077896118164062
0.8988908529281616,24.08814811706543
0.8782175779342651,24.09680938720703
0.885364830493927,24.10523223876953
0.8887840509414673,24.116243362426758
0.8692447543144226,24.125200271606445
0.892671525478363,24.143526077270508
0.8831761479377747,24.158231735229492
0.893258810043335,24.172822952270508
0.8901852965354919,24.176116943359375
0.8933150172233582,24.179380416870117
0.8744045495986938,24.173707962036133
0.8694513440132141,24.168134689331055
0.8892005681991577,24.164365768432617
0.8857288956642151,24.160646438598633
0.876240611076355,24.15870475769043
0.8676981925964355,24.146501541137695
0.8804814219474792,24.129209518432617
0.8885711431503296,24.118650436401367
0.879935622215271,24.099321365356445
0.8770326375961304,24.08497428894043
0.8890174627304077,24.07115364074707
0.8807632327079773,24.05903434753418
0.871995747089386,24.04310417175293
0.8977534770965576,24.035112380981445
0.8967127799987793,24.044282913208008
0.9014616012573242,24.04998016357422
0.8940228819847107,24.05268669128418
0.8710898756980896,24.04627227783203
0.8816892504692078,24.059816360473633
0.8813508749008179,24.057207107543945
0.8568626046180725,24.056734085083008
0.8828611969947815,24.05919075012207
0.8810213804244995,24.056886672973633
0.8806520104408264,24.050508499145508
0.9043943881988525,24.047569274902344
0.8839316964149475,24.046846389770508
0.8973795771598816,24.051877975463867
0.8912598490715027,24.065065383911133
0.9055399894714355,24.072172164916992
0.8835416436195374,24.077619552612305
0.888531506061554,24.091581344604492
0.8958926200866699,24.094465255737305
0.873469889163971,24.084611892700195
0.8908685445785522,24.077360153198242
0.8796906471252441,24.072402954101562
0.8742226958274841,24.06068229675293
0.8982590436935425,24.056180953979492
0.8589931726455688,24.052396774291992
0.8734606504440308,24.04884147644043
0.9029750823974609,24.044294357299805
0.9074362516403198,24.040189743041992
0.8896582722663879,24.034330368041992
0.8935207724571228,24.03459358215332
0.8798481822013855,24.032609939575195
0.8763753771781921,24.035856246948242
0.8873940110206604,24.039216995239258
0.8844190835952759,24.049318313598633
0.8714160919189453,24.047691345214844
0.8856937885284424,24.049985885620117
0.8690641522407532,24.04417610168457
0.8791822195053101,24.031770706176758
0.9106000661849976,24.01875114440918
0.8978462219238281,24.006593704223633
0.8986258506774902,23.997032165527344
0.8792346119880676,23.989561080932617
0.8949759006500244,23.978944778442383
0.8793683052062988,23.970792770385742
0.8846481442451477,23.965269088745117
0.878459095954895,23.954023361206055
0.8951582312583923,23.93877410888672
0.8836792707443237,23.92314910888672
0.9084814190864563,23.902101516723633
0.8818356990814209,23.889604568481445
0.9001598954200745,23.887693405151367
0.8880096673965454,23.894929885864258
0.8986091613769531,23.890838623046875
0.8699350953102112,23.8795166015625
0.889489471912384,23.868375778198242
0.8897455930709839,23.859281539916992
0.8773821592330933,23.84868049621582
0.8954246044158936,23.822614669799805
0.8791531920433044,23.795255661010742
0.8706554770469666,23.764265060424805
0.9015676975250244,23.736665725708008
0.9030479788780212,23.70585823059082
0.8888893127441406,23.682512283325195
0.8711070418357849,23.664260864257812
0.8973444104194641,23.646644592285156
0.8825560212135315,23.63142204284668
0.8825061321258545,23.618486404418945
0.9092934727668762,23.606536865234375
0.8718636631965637,23.595170974731445
0.8894182443618774,23.593412399291992
0.9038217663764954,23.587068557739258
0.8707308769226074,23.582643508911133
0.8723381757736206,23.57361602783203
0.8779482841491699,23.566572189331055
0.8965586423873901,23.562789916992188
0.8742038011550903,23.55433464050293
0.8900768160820007,23.550687789916992
0.8819266557693481,23.545372009277344
0.8948588967323303,23.537538528442383
0.8699753284454346,23.53282356262207
0.9015821814537048,23.522844314575195
0.8766947984695435,23.514497756958008
0.8857100605964661,23.504060745239258
0.8905089497566223,23.497053146362305
0.9025155305862427,23.482027053833008
0.8765146732330322,23.474943161010742
0.8840725421905518,23.46070671081543
0.8853342533111572,23.441373825073242
0.886455237865448,23.41809844970703
0.9011027812957764,23.394330978393555
0.8893685936927795,23.377378463745117
0.8693676590919495,23.36768341064453
0.9118040204048157,23.363786697387695
0.8758761286735535,23.36451530456543
0.9023531675338745,23.376585006713867
0.8810731172561646,23.38243865966797
0.9047482013702393,23.39007568359375
0.8915583491325378,23.400466918945312
0.8937791585922241,23.414024353027344
0.8666711449623108,23.421083450317383
0.8647741079330444,23.420530319213867
0.8846530318260193,23.41895866394043
0.8823672533035278,23.413637161254883
0.887988805770874,23.408248901367188
0.8703629970550537,23.397844314575195
0.8917816281318665,23.387344360351562
0.8903228640556335,23.38140869140625
0.8881781101226807,23.370485305786133
0.9033255577087402,23.354597091674805
0.9026261568069458,23.337785720825195
0.8708202838897705,23.332670211791992
0.8745461702346802,23.329286575317383
0.8888640999794006,23.32579231262207
0.8929221630096436,23.325340270996094
0.8800764679908752,23.317975997924805
0.8868768811225891,23.309219360351562
0.8848279714584351,23.298662185668945
0.8812318444252014,23.287874221801758
0.9099035263061523,23.274658203125
0.8684871792793274,23.261781692504883
0.8814473152160645,23.250398635864258
0.8975468873977661,23.24578857421875
0.8904082775115967,23.246522903442383
0.8936331272125244,23.244417190551758
0.8929488658905029,23.2406005859375
0.8588985204696655,23.234941482543945
0.872572660446167,23.236482620239258
0.8727160692214966,23.248003005981445
0.9115965366363525,23.25739860534668
0.8886967897415161,23.27855110168457
0.8890265822410583,23.29106330871582
0.886904239654541,23.306983947753906
0.8793677687644958,23.316957473754883
0.8743642568588257,23.331575393676758
0.8999881148338318,23.341794967651367
0.8637822866439819,23.345548629760742
0.898172914981842,23.335786819458008
0.8708071112632751,23.327957153320312
0.8922120332717896,23.322410583496094
0.8705464601516724,23.324462890625
0.909309446811676,23.330900192260742
0.878434419631958,23.334077835083008
0.8762431144714355,23.327070236206055
0.8807051777839661,23.318418502807617
0.8772134184837341,23.317827224731445
0.8828508853912354,23.318632125854492
0.8711649179458618,23.31622314453125
0.8521091938018799,23.30088996887207
0.8880292773246765,23.29181671142578
0.9103018045425415,23.282899856567383
0.8873286843299866,23.272371292114258
0.8727272152900696,23.258424758911133
0.8836705088615417,23.246109008789062
0.8871735334396362,23.235183715820312
0.8864237070083618,23.225801467895508
0.8821110725402832,23.212873458862305
0.883605420589447,23.209867477416992
0.8710365295410156,23.218778610229492
0.8963309526443481,23.220619201660156
0.880649745464325,23.222043991088867
0.9013716578483582,23.223691940307617
0.8846451044082642,23.225799560546875
0.9030592441558838,23.22996711730957
0.8998780846595764,23.23302459716797
0.873363733291626,23.251815795898438
0.8832293152809143,23.266340255737305
0.8903036117553711,23.277860641479492
0.8958624601364136,23.286928176879883
0.8885644674301147,23.282686233520508
0.8776913285255432,23.279314041137695
0.8763920068740845,23.26905632019043
0.8860085010528564,23.26007080078125
0.8873841166496277,23.261442184448242
0.8976123332977295,23.26072883605957
0.8889662623405457,23.256547927856445
0.8804820775985718,23.247968673706055
0.8972756266593933,23.240873336791992
0.8972790241241455,23.238252639770508
0.9032636284828186,23.239408493041992
0.886170506477356,23.241472244262695
0.8849602341651917,23.23619842529297
0.8945294618606567,23.236604690551758
0.8864463567733765,23.23802375793457
0.8642609119415283,23.239290237426758
0.8769115209579468,23.247695922851562
0.9069953560829163,23.264068603515625
0.8853722214698792,23.26405143737793
0.8748816251754761,23.26398468017578
0.881499171257019,23.27330207824707
0.8790289759635925,23.278928756713867
0.8917632102966309,23.286588668823242
0.8815305829048157,23.292268753051758
0.8863339424133301,23.30180549621582
0.8801630735397339,23.31779670715332
0.9003751873970032,23.318710327148438
0.8871502876281738,23.3165283203125
0.8890268206596375,23.307767868041992
0.8978850841522217,23.303205490112305
0.8747529983520508,23.299333572387695
0.8643146753311157,23.29768180847168
0.8912308216094971,23.290590286254883
0.8779757022857666,23.290494918823242
0.8962234854698181,23.28483772277832
0.8928566575050354,23.270341873168945
0.8952262997627258,23.258207321166992
0.8862301111221313,23.244646072387695
0.9004238843917847,23.232561111450195
0.8678427338600159,23.21983528137207
0.8926980495452881,23.201398849487305
0.8914369344711304,23.185834884643555
0.8652387857437134,23.163923263549805
0.882293701171875,23.13233184814453
0.8976563811302185,23.10102653503418
0.8679426908493042,23.066505432128906
0.8818013668060303,23.026994705200195
0.9029339551925659,22.98248291015625
0.8518731594085693,22.942914962768555
0.8974402546882629,22.908567428588867
0.8929507732391357,22.87218475341797
0.898537278175354,22.830915451049805
0.8946055173873901,22.795183181762695
0.900184690952301,22.759153366088867
0.9022782444953918,22.736787796020508
0.877734363079071,22.70958137512207
0.9052691459655762,22.68037223815918
0.8820005655288696,22.65179443359375
0.878868818283081,22.640169143676758
0.8858013153076172,22.635469436645508
0.8936676383018494,22.634994506835938
0.8787522912025452,22.626070022583008
0.8870150446891785,22.620195388793945
0.907209575176239,22.617828369140625
0.9011003971099854,22.605318069458008
0.9111357927322388,22.590532302856445
0.8967388272285461,22.590192794799805
0.875403881072998,22.58647918701172
0.8936390280723572,22.579261779785156
0.8702124953269958,22.568099975585938
0.8737142086029053,22.553316116333008
0.886866569519043,22.541353225708008
0.8913288712501526,22.53233528137207
0.9056253433227539,22.52191925048828
0.8803662657737732,22.518096923828125
0.8679385185241699,22.508695602416992
0.8945097327232361,22.496095657348633
0.8766970038414001,22.47669792175293
0.8890342116355896,22.461868286132812
0.9010702967643738,22.44239044189453
0.8844605088233948,22.421846389770508
0.8856395483016968,22.401826858520508
0.9151857495307922,22.391441345214844
0.8949896693229675,22.37176513671875
0.885317325592041,22.346481323242188
0.8840070366859436,22.32573127746582
0.9160970449447632,22.31207275390625
0.8907003402709961,22.30000114440918
0.8814570903778076,22.27954864501953
0.8628138303756714,22.269258499145508
0.8827991485595703,22.26710319519043
0.8946862816810608,22.270263671875
0.8867123126983643,22.28407096862793
0.8941155672073364,22.288835525512695
0.8970499038696289,22.296354293823242
0.8895316123962402,22.297975540161133
0.8939403295516968,22.314712524414062
0.9097986221313477,22.318052291870117
0.8755943775177002,22.31085205078125
0.9009935259819031,22.306337356567383
0.894953727722168,22.293352127075195
0.8964216113090515,22.283536911010742
0.887525737285614,22.279823303222656
0.877936601638794,22.272886276245117
0.8934190273284912,22.274986267089844
0.9109964370727539,22.279966354370117
0.8940805196762085,22.2916259765625
0.8871382474899292,22.29426383972168
0.891847550868988,22.295066833496094
0.8460969924926758,22.29170036315918
0.8817754983901978,22.285947799682617
0.8785159587860107,22.279130935668945
0.914456307888031,22.268659591674805
0.9022126197814941,22.264127731323242
0.8925553560256958,22.263914108276367
0.8783947229385376,22.267072677612305
0.865017294883728,22.268402099609375
0.9064321517944336,22.259950637817383
0.8681449890136719,22.256315231323242
0.8987022638320923,22.23808479309082
0.8865377306938171,22.229337692260742
0.9189810156822205,22.226593017578125
0.8774843215942383,22.218414306640625
0.9119700789451599,22.213624954223633
0.8920384645462036,22.203142166137695
0.9068419933319092,22.193159103393555
0.919289767742157,22.191612243652344
0.878212571144104,22.193849563598633
0.90720534324646,22.202009201049805
0.8972744345664978,22.196592330932617
0.8967221975326538,22.196319580078125
0.8963378667831421,22.185213088989258
0.9072046279907227,22.18086051940918
0.9071440100669861,22.181068420410156
0.8871877193450928,22.181516647338867
0.9058615565299988,22.18043327331543
0.8977160453796387,22.187477111816406
0.9092522859573364,22.188203811645508
0.8735888600349426,22.183244705200195
0.8874390721321106,22.175886154174805
0.8933495879173279,22.16981315612793
0.8998753428459167,22.172578811645508
0.8786309957504272,22.170137405395508
0.8721731901168823,22.163286209106445
0.8946181535720825,22.16510009765625
0.8985946178436279,22.168745040893555
0.8920120596885681,22.172712326049805
0.8924198150634766,22.176023483276367
0.9034056663513184,22.169435501098633
0.8631794452667236,22.162315368652344
0.921373188495636,22.162965774536133
0.8889037370681763,22.15618133544922
0.897942066192627,22.142305374145508
0.8824248909950256,22.134445190429688
0.8922402262687683,22.133298873901367
0.8856655359268188,22.128068923950195
0.8970346450805664,22.126543045043945
0.8845119476318359,22.121610641479492
0.9007060527801514,22.11071014404297
0.8787716627120972,22.106704711914062
0.8930168747901917,22.11225700378418
0.8998185992240906,22.12217903137207
0.9001438617706299,22.13688850402832
0.8800538778305054,22.14643669128418
0.8812677264213562,22.15571403503418
0.8860951662063599,22.1676025390625
0.8782592415809631,22.181241989135742
0.8966267108917236,22.199190139770508
0.887969434261322,22.208818435668945
0.9139841198921204,22.214296340942383
0.8726044297218323,22.227327346801758
0.8697512745857239,22.243789672851562
0.8901991248130798,22.269136428833008
0.8832826018333435,22.28949737548828
0.8786400556564331,22.303220748901367
0.8816178441047668,22.318374633789062
0.9129581451416016,22.32118034362793
0.8935598134994507,22.32152557373047
0.8885488510131836,22.325498580932617
0.8989828824996948,22.334577560424805
0.8831939697265625,22.34666633605957
0.8746548891067505,22.357805252075195
0.8604840040206909,22.363176345825195
0.8788354396820068,22.350828170776367
0.8627034425735474,22.337190628051758
0.8957638740539551,22.315628051757812
0.9048647880554199,22.28813362121582
0.8781325221061707,22.265703201293945
0.8981735706329346,22.244308471679688
0.8924932479858398,22.216615676879883
0.8803305625915527,22.182371139526367
0.8985413312911987,22.148069381713867
0.9034006595611572,22.112302780151367
0.8986105918884277,22.090232849121094
0.8893203735351562,22.073163986206055
0.8994907140731812,22.056243896484375
0.8863205909729004,22.032865524291992
0.9003206491470337,22.019912719726562
0.8895639181137085,22.011695861816406
0.9183070659637451,22.009458541870117
0.8781467080116272,22.006315231323242
0.862216055393219,21.99937629699707
0.8821970224380493,21.98619270324707
0.9052894115447998,21.975603103637695
0.8870234489440918,21.961448669433594
0.8779850602149963,21.953292846679688
0.9038620591163635,21.94316291809082
0.875340461730957,21.94529914855957
0.8884748220443726,21.953773498535156
0.8860077857971191,21.950223922729492
0.888659656047821,21.948579788208008
0.8789380192756653,21.953874588012695
0.8881362080574036,21.963300704956055
0.8813940286636353,21.964643478393555
0.8994681239128113,21.97834587097168
0.8975726366043091,21.996763229370117
0.895797848701477,22.007219314575195
0.8911518454551697,22.018003463745117
0.8940730094909668,22.028230667114258
0.8886263370513916,22.03599739074707
0.872141420841217,22.04456901550293
0.8970065116882324,22.049516677856445
0.8791638612747192,22.047502517700195
0.853836178779602,22.0262451171875
0.886412501335144,22.005292892456055
0.8947034478187561,21.986839294433594
0.882870614528656,21.970365524291992
0.8865014314651489,21.95250701904297
0.8863366842269897,21.93304443359375
0.892102062702179,21.91529655456543
0.9010405540466309,21.898027420043945
0.9114851951599121,21.878755569458008
0.8941640853881836,21.85826301574707
0.8740666508674622,21.839921951293945
0.8850947022438049,21.823396682739258
0.8896878957748413,21.79954719543457
0.8935953378677368,21.774864196777344
0.8670852184295654,21.745634078979492
0.8966415524482727,21.73137664794922
0.904344916343689,21.716093063354492
0.888446033000946,21.694868087768555
0.9102262258529663,21.672805786132812
0.886724054813385,21.656248092651367
0.8790427446365356,21.631818771362305
0.8856929540634155,21.604860305786133
0.911985456943512,21.577598571777344
0.8980971574783325,21.54753303527832
0.9081463813781738,21.516786575317383
0.881866991519928,21.48499298095703
0.8929904699325562,21.455034255981445
0.8831791877746582,21.419740676879883
0.8922021389007568,21.380064010620117
0.8816678524017334,21.332246780395508
0.9106681942939758,21.284589767456055
0.8878583908081055,21.238922119140625
0.8879023790359497,21.191770553588867
0.8964793086051941,21.155580520629883
0.901822030544281,21.115066528320312
0.865997850894928,21.09067726135254
0.9033539295196533,21.077489852905273
0.8923863172531128,21.057876586914062
0.8957833051681519,21.042890548706055
0.90288245677948,21.024362564086914
0.8972866535186768,21.004056930541992
0.9044546484947205,20.987207412719727
0.8891367316246033,20.971696853637695
0.9101319909095764,20.955228805541992
0.8999776840209961,20.938661575317383
0.8919961452484131,20.919845581054688
0.8949859142303467,20.9071102142334
0.8797075152397156,20.898256301879883
0.9100602865219116,20.885374069213867
0.9098738431930542,20.87641716003418
0.8852719068527222,20.869888305664062
0.8910229802131653,20.872480392456055
0.8932696580886841,20.87504005432129
0.8875660300254822,20.87895965576172
0.8929005265235901,20.885778427124023
0.9011920690536499,20.88892364501953
0.8839479088783264,20.889986038208008
0.9031503200531006,20.88042640686035
0.9010944366455078,20.86437225341797
0.9106510877609253,20.850509643554688
0.8953771591186523,20.834840774536133
0.9047304391860962,20.816614151000977
0.9106247425079346,20.807783126831055
0.8699145317077637,20.807327270507812
0.8888019919395447,20.806745529174805
0.8948607444763184,20.80860710144043
0.9038114547729492,20.815322875976562
0.8973098397254944,20.82304573059082
0.87649005651474,20.826416015625
0.9033510684967041,20.83269500732422
0.9170761704444885,20.832490921020508
0.8823469877243042,20.816286087036133
0.8930222988128662,20.79540252685547
0.8856775164604187,20.781312942504883
0.8668596744537354,20.768835067749023
0.8936338424682617,20.75603485107422
0.8925663828849792,20.750699996948242
0.8782060742378235,20.74970817565918
0.8945842385292053,20.75261878967285
0.8934041857719421,20.749780654907227
0.8734545707702637,20.757469177246094
0.9001725316047668,20.755624771118164
0.8840500116348267,20.749876022338867
0.8962885737419128,20.74011993408203
0.9095118641853333,20.738584518432617
0.9006796479225159,20.73357391357422
0.8961504101753235,20.723663330078125
0.9001843929290771,20.722551345825195
0.9159590005874634,20.723352432250977
0.90119469165802,20.730173110961914
0.8825368881225586,20.730897903442383
0.9054073095321655,20.735191345214844
0.9012807011604309,20.72953987121582
0.8954029679298401,20.73033905029297
0.907041609287262,20.73725700378418
0.9009219408035278,20.741743087768555
0.9107253551483154,20.755125045776367
0.8854953050613403,20.764902114868164
0.9052096009254456,20.77002716064453
0.8991870284080505,20.76786994934082
0.8954792022705078,20.776155471801758
0.8870909214019775,20.777311325073242
0.8935125470161438,20.777463912963867
0.8966909050941467,20.778852462768555
0.894618034362793,20.782625198364258
0.8979754447937012,20.78375816345215
0.8934222459793091,20.787038803100586
0.896889865398407,20.78888702392578
0.9161496758460999,20.792264938354492
0.8977949619293213,20.796865463256836
0.8991620540618896,20.79161262512207
0.9006752967834473,20.784822463989258
0.905397891998291,20.773408889770508
0.8963251709938049,20.76141929626465
0.8985839486122131,20.745176315307617
0.885095477104187,20.721731185913086
0.8904209136962891,20.70909881591797
0.8949243426322937,20.69281768798828
0.9024461507797241,20.67960548400879
0.892155647277832,20.66956901550293
0.8982417583465576,20.666738510131836
0.9060450196266174,20.653932571411133
0.9021002650260925,20.642732620239258
0.8966594934463501,20.63154411315918
0.8858287334442139,20.620527267456055
0.8967095613479614,20.609739303588867
0.8954159021377563,20.58892250061035
0.9036744832992554,20.55504035949707
0.8969448208808899,20.529165267944336
0.8798583149909973,20.499616622924805
0.9092037677764893,20.467721939086914
0.8915607929229736,20.437562942504883
0.8827769160270691,20.412330627441406
0.9105335474014282,20.377595901489258
0.9033857583999634,20.343660354614258
0.9053928852081299,20.30096435546875
0.8860629796981812,20.258878707885742
0.894590437412262,20.21647834777832
0.8959002494812012,20.176576614379883
0.9069145321846008,20.140138626098633
0.8787077069282532,20.115415573120117
0.9086165428161621,20.104673385620117
0.8914164304733276,20.1020565032959
0.8909684419631958,20.08906364440918
0.8839805126190186,20.084686279296875
0.8882748484611511,20.082712173461914
0.8757188320159912,20.08366584777832
0.906708300113678,20.082534790039062
0.901350200176239,20.082624435424805
0.8852822184562683,20.084867477416992
0.9002747535705566,20.077011108398438
0.8852782249450684,20.068923950195312
0.8652032017707825,20.06285858154297
0.9129030704498291,20.04852867126465
0.8833743333816528,20.03572654724121
0.889177143573761,20.013748168945312
0.8854435682296753,20.00018310546875
0.9119141101837158,19.98771095275879
0.8847626447677612,19.97987174987793
0.9024719595909119,19.973466873168945
0.897753119468689,19.962709426879883
0.8818065524101257,19.96946144104004
0.9078015685081482,19.980371475219727
0.8949554562568665,19.985231399536133
0.9081048965454102,19.987062454223633
0.8942010402679443,19.98357391357422
0.8926461935043335,19.97743034362793
0.8928967714309692,19.97224998474121
0.8963988423347473,19.959951400756836
0.9087033867835999,19.952072143554688
0.920616626739502,19.944971084594727
0.8609204292297363,19.93153190612793
0.9053357839584351,19.928543090820312
0.8967785835266113,19.930051803588867
0.8967772722244263,19.9322566986084
0.8904343247413635,19.94317626953125
0.8974894881248474,19.951078414916992
0.9078262448310852,19.961271286010742
0.8914165496826172,19.97215461730957
0.888116717338562,19.97905158996582
0.8872324824333191,19.981637954711914
0.9068190455436707,19.986663818359375
0.8722283840179443,19.981470108032227
0.9080695509910583,19.971132278442383
0.9104071259498596,19.967208862304688
0.8863057494163513,19.971242904663086
0.8898864984512329,19.985658645629883
0.8899317383766174,19.99638557434082
0.8748447299003601,20.00787925720215
0.8947988152503967,20.012222290039062
0.8864461183547974,20.01178550720215
0.9019519090652466,20.002431869506836
0.8961414098739624,19.98902702331543
0.9013737440109253,19.979387283325195
0.8874287009239197,19.97100257873535
0.9125185608863831,19.972190856933594
0.898545503616333,19.97364044189453
0.8911648392677307,19.970075607299805
0.9025954604148865,19.969640731811523
0.9126115441322327,19.969057083129883
0.9052906036376953,19.967924118041992
0.9071941375732422,19.965072631835938
0.9049104452133179,19.97125244140625
0.894360363483429,19.975358963012695
0.9019278287887573,19.976533889770508
0.9051164984703064,19.961645126342773
0.9104534387588501,19.94013786315918
0.9059325456619263,19.921091079711914
0.9103163480758667,19.902158737182617
0.9080453515052795,19.888832092285156
0.9048805236816406,19.88569450378418
0.9021892547607422,19.872068405151367
0.916021466255188,19.853708267211914
0.907553493976593,19.82740592956543
0.8880689144134521,19.807035446166992
0.910294234752655,19.794572830200195
0.8980754017829895,19.789060592651367
0.8966798186302185,19.778106689453125
0.8967222571372986,19.768613815307617
0.9187414050102234,19.767000198364258
0.9046036601066589,19.756254196166992
0.8842699527740479,19.74485206604004
0.8901820182800293,19.74431610107422
0.8902427554130554,19.747983932495117
0.9007947444915771,19.747495651245117
0.8991958498954773,19.75811004638672
0.9095796346664429,19.756454467773438
0.9038123488426208,19.754798889160156
0.9200236797332764,19.750696182250977
0.8930275440216064,19.746971130371094
0.9043221473693848,19.735321044921875
0.8983527421951294,19.725618362426758
0.8943347930908203,19.72710609436035
0.9069017171859741,19.725191116333008
0.8964553475379944,19.716894149780273
0.8967949151992798,19.712074279785156
0.8834980726242065,19.7100772857666
0.8812640905380249,19.714540481567383
0.9035072922706604,19.714149475097656
0.893763542175293,19.719514846801758
0.914840579032898,19.72859001159668
0.8801185488700867,19.73476219177246
0.9022508263587952,19.737844467163086
0.8934807777404785,19.739164352416992
0.8982183933258057,19.735076904296875
0.9047008156776428,19.729536056518555
0.8957908749580383,19.723861694335938
0.8907185196876526,19.7159423828125
0.8693650364875793,19.702112197875977
0.9134646654129028,19.68526268005371
0.894950807094574,19.66280174255371
0.8884177803993225,19.643890380859375
0.90134596824646,19.631393432617188
0.919719398021698,19.620086669921875
0.9078259468078613,19.615381240844727
0.8974976539611816,19.605703353881836
0.9114008545875549,19.600366592407227
0.8838573098182678,19.58838653564453
0.8792537450790405,19.58180046081543
0.8808166980743408,19.57097625732422
0.8974299430847168,19.56264305114746
0.9117903113365173,19.548805236816406
0.9097051024436951,19.5384578704834
0.8869814872741699,19.53350067138672
0.8987230062484741,19.535234451293945
0.8972222805023193,19.540771484375
0.8981437683105469,19.543214797973633
0.8859893679618835,19.540481567382812
0.9052644968032837,19.53557014465332
0.8958387970924377,19.538660049438477
0.9031368494033813,19.540498733520508
0.9026139974594116,19.54546546936035
0.9136444330215454,19.55364990234375
0.9040725827217102,19.559524536132812
0.9122505784034729,19.567880630493164
0.9039908647537231,19.580917358398438
0.8829190731048584,19.586462020874023
0.8983960747718811,19.591880798339844
0.9029451608657837,19.602218627929688
0.8855772018432617,19.602407455444336
0.8968256115913391,19.603471755981445
0.9128174185752869,19.5938663482666
0.9003912210464478,19.590879440307617
0.9041342735290527,19.585477828979492
0.8831874132156372,19.580907821655273
0.91121506690979,19.57496452331543
0.8833214044570923,19.568235397338867
0.9019066691398621,19.566041946411133
0.9002290368080139,19.562639236450195
0.9026941061019897,19.551816940307617
0.8970866799354553,19.551816940307617
0.8930497765541077,19.555280685424805
0.8974294662475586,19.56145668029785
0.8826248049736023,19.56416893005371
0.903948187828064,19.56428337097168
0.9161162376403809,19.553945541381836
0.8889545202255249,19.531728744506836
0.9119917154312134,19.517168045043945
0.8926514387130737,19.508071899414062
0.8934301137924194,19.497011184692383
0.8932723999023438,19.486770629882812
0.8952783346176147,19.469850540161133
0.8902326226234436,19.455734252929688
0.8909169435501099,19.443227767944336
0.8981258273124695,19.426942825317383
0.9019858241081238,19.41626739501953
0.8867882490158081,19.418983459472656
0.9248194098472595,19.412309646606445
0.8803199529647827,19.405061721801758
0.9129890203475952,19.40283203125
0.912845253944397,19.386003494262695
0.9137586951255798,19.370969772338867
0.915439248085022,19.363054275512695
0.8947728872299194,19.352415084838867
0.8900572061538696,19.33626365661621
0.9270136952400208,19.320219039916992
0.9070405960083008,19.302873611450195
0.909155011177063,19.289161682128906
0.9060312509536743,19.274667739868164
0.9210458993911743,19.257596969604492
0.8802174925804138,19.241575241088867
0.9289224743843079,19.23381996154785
0.9119129776954651,19.21378517150879
0.8993325233459473,19.1948184967041
0.8969078063964844,19.172746658325195
0.9128175973892212,19.161104202270508
0.906010091304779,19.148374557495117
0.8800137639045715,19.128061294555664
0.8967695236206055,19.111562728881836
0.908947765827179,19.08850860595703
0.8971763849258423,19.072641372680664
0.9059526920318604,19.060501098632812
0.8914302587509155,19.046022415161133
0.9032219052314758,19.02611541748047
0.875721275806427,19.003562927246094
0.8952704071998596,18.994840621948242
0.8959709405899048,18.980798721313477
0.9158275723457336,18.958391189575195
0.9019524455070496,18.940160751342773
0.8993511199951172,18.941129684448242
0.9140950441360474,18.94550132751465
0.9077848792076111,18.951326370239258
0.9237051010131836,18.95704460144043
0.8938009142875671,18.95768928527832
0.8956842422485352,18.95958709716797
0.9087535738945007,18.959861755371094
0.9089556932449341,18.95671844482422
0.9044512510299683,18.95648193359375
0.91664719581604,18.957178115844727
0.8942288756370544,18.961570739746094
0.9057118892669678,18.973161697387695
0.9135239720344543,18.981590270996094
0.8831982612609863,18.984399795532227
0.9091535806655884,18.984846115112305
0.9110237956047058,18.98714256286621
0.902285635471344,18.98436164855957
0.8883954286575317,18.993980407714844
0.8942782878875732,18.989961624145508
0.8893055319786072,18.983625411987305
0.9161587357521057,18.971609115600586
0.9065211415290833,18.96354866027832
0.9148232936859131,18.957895278930664
0.9005987048149109,18.955167770385742
0.9184929728507996,18.947664260864258
0.9115720987319946,18.93320655822754
0.9156197905540466,18.907804489135742
0.8880099058151245,18.886627197265625
0.8913272619247437,18.85908317565918
0.9104092121124268,18.839170455932617
0.9026036858558655,18.819669723510742
0.8894883394241333,18.80992317199707
0.9015515446662903,18.807418823242188
0.88677579164505,18.800445556640625
0.924147367477417,18.80107307434082
0.9116361737251282,18.80632209777832
0.8961939811706543,18.810400009155273
0.9055036902427673,18.81220245361328
0.89644855260849,18.814287185668945
0.9142990112304688,18.810325622558594
0.8993343114852905,18.805213928222656
0.8892693519592285,18.803306579589844
0.9038427472114563,18.796449661254883
0.8985275030136108,18.787322998046875
0.8813585638999939,18.781225204467773
0.8962254524230957,18.775466918945312
0.8915591835975647,18.776792526245117
0.8905798196792603,18.77577018737793
0.8882124423980713,18.779935836791992
0.9174041152000427,18.781618118286133
0.8947235941886902,18.781747817993164
0.9129705429077148,18.782258987426758
0.9300803542137146,18.78154182434082
0.9210005402565002,18.788591384887695
0.9122107028961182,18.79359245300293
0.8913670778274536,18.78358268737793
0.8962148427963257,18.773576736450195
0.9138922691345215,18.767736434936523
0.8953467607498169,18.770849227905273
0.8814345598220825,18.7673397064209
0.9097845554351807,18.765565872192383
0.9049363136291504,18.765625
0.9255083203315735,18.770586013793945
0.9119599461555481,18.78033447265625
0.9150679111480713,18.793954849243164
0.883375346660614,18.80912971496582
0.8988038301467896,18.824806213378906
0.9033053517341614,18.833330154418945
0.8816493153572083,18.839170455932617
0.912558376789093,18.841398239135742
0.9113366603851318,18.850046157836914
0.9135744571685791,18.85145378112793
0.8933423757553101,18.853086471557617
0.8914399147033691,18.858182907104492
0.9013176560401917,18.863645553588867
0.8972129821777344,18.872154235839844
0.8965364694595337,18.872434616088867
0.907025158405304,18.86823844909668
0.8972452878952026,18.863813400268555
0.9070174694061279,18.856138229370117
0.9002295732498169,18.856706619262695
0.8908542990684509,18.864580154418945
0.8965222239494324,18.862409591674805
0.9182630777359009,18.8713321685791
0.9021516442298889,18.882535934448242
0.8810149431228638,18.886594772338867
0.9154807925224304,18.88898468017578
0.893126904964447,18.890703201293945
0.9108184576034546,18.9001407623291
0.8817501068115234,18.902463912963867
0.9057396054267883,18.910795211791992
0.8968179225921631,18.917543411254883
0.8907797932624817,18.917144775390625
0.915164589881897,18.926984786987305
0.9262032508850098,18.94404411315918
0.8866245746612549,18.958730697631836
0.9094439744949341,18.97859764099121
0.9116851091384888,18.992799758911133
0.8830686807632446,19.003158569335938
0.9027688503265381,19.023160934448242
0.908316969871521,19.036008834838867
0.8806785941123962,19.04564666748047
0.9077383279800415,19.04340934753418
0.8837648630142212,19.044248580932617
0.9121180176734924,19.039703369140625
0.9043064117431641,19.04145622253418
0.918077826499939,19.05401039123535
0.8837603330612183,19.073835372924805
0.9139072895050049,19.091371536254883
0.9065898656845093,19.112642288208008
0.8930213451385498,19.134498596191406
0.919991135597229,19.1502685546875
0.8897339701652527,19.160093307495117
0.8940989375114441,19.155885696411133
0.9120001196861267,19.150789260864258
0.9181037545204163,19.147966384887695
0.8977493643760681,19.13933753967285
0.8987925052642822,19.1336669921875
0.8880690336227417,19.11803436279297
0.9139875173568726,19.099802017211914
0.8866161704063416,19.074935913085938
0.8846298456192017,19.05621910095215
0.9097229242324829,19.028165817260742
0.9124941825866699,19.008935928344727
0.911196768283844,18.988950729370117
0.8732272982597351,18.972509384155273
0.8969400525093079,18.963510513305664
0.9084838628768921,18.951934814453125
0.9040147662162781,18.940465927124023
0.881865382194519,18.92559242248535
0.8931488990783691,18.911256790161133
0.915646493434906,18.89348602294922
0.8930984735488892,18.88627815246582
0.9066537618637085,18.880067825317383
0.8889943957328796,18.871065139770508
0.9168287515640259,18.854459762573242
0.9063855409622192,18.828102111816406
0.8975563049316406,18.80354881286621
0.9106111526489258,18.78191566467285
0.9192876219749451,18.76829719543457
0.8823094367980957,18.757490158081055
0.9055654406547546,18.748502731323242
0.8979949355125427,18.744665145874023
0.9051710367202759,18.731542587280273
0.9103714823722839,18.721420288085938
0.8990035653114319,18.69963264465332
0.894800066947937,18.676454544067383
0.8942851424217224,18.653562545776367
0.9063546061515808,18.625144958496094
0.8950216174125671,18.604764938354492
0.8802118301391602,18.58677864074707
0.9034815430641174,18.56560707092285
0.9032527208328247,18.537338256835938
0.9040276408195496,18.51191520690918
0.917587399482727,18.492921829223633
0.8879054188728333,18.477869033813477
0.8972796201705933,18.46851921081543
0.9202712178230286,18.469200134277344
0.9021403193473816,18.471343994140625
0.9017348885536194,18.469491958618164
0.9084383845329285,18.466163635253906
0.9097144603729248,18.465232849121094
0.9192764163017273,18.46009063720703
0.9183502793312073,18.440893173217773
0.9132816195487976,18.42033576965332
0.9366362690925598,18.40068244934082
0.9082245230674744,18.383089065551758
0.9100136756896973,18.36686897277832
0.9099031686782837,18.3581485748291
0.9038175344467163,18.357749938964844
0.9108640551567078,18.36115074157715
0.8955569267272949,18.35712432861328
0.8891826868057251,18.349809646606445
0.9226939678192139,18.338422775268555
0.9189483523368835,18.32666778564453
0.8868112564086914,18.328275680541992
0.9305130243301392,18.33048439025879
0.90261310338974,18.333742141723633
0.9179924726486206,18.346343994140625
0.9101223945617676,18.361650466918945
0.9059593081474304,18.365522384643555
0.9013732671737671,18.3748836517334
0.9010244011878967,18.381162643432617
0.9195213913917542,18.375947952270508
0.9056279063224792,18.37311363220215
0.8885896801948547,18.370180130004883
0.9007039070129395,18.363386154174805
0.9029281139373779,18.354230880737305
0.9180298447608948,18.34810447692871
0.9165958166122437,18.338361740112305
0.8991092443466187,18.327993392944336
0.9190192818641663,18.323530197143555
0.9117981791496277,18.32158088684082
0.9054201245307922,18.315353393554688
0.917974591255188,18.310579299926758
0.9274724125862122,18.31157112121582
0.8877031207084656,18.301359176635742
0.9151164293289185,18.281705856323242
0.9059154987335205,18.269508361816406
0.9134851098060608,18.24970817565918
0.9154830574989319,18.23247718811035
0.89725261926651,18.221872329711914
0.9079371690750122,18.211557388305664
0.8867353200912476,18.19301414489746
0.9158869385719299,18.17363739013672
0.8985504508018494,18.151018142700195
0.8963067531585693,18.133569717407227
0.8922407627105713,18.105257034301758
0.8951026201248169,18.07023811340332
0.9024366736412048,18.033601760864258
0.9070325493812561,18.0009822845459
0.9045488834381104,17.96513557434082
0.8950520753860474,17.928171157836914
0.8916622400283813,17.897977828979492
0.9175933599472046,17.869565963745117
0.8886299729347229,17.83470344543457
0.926250159740448,17.80476188659668
0.9002257585525513,17.777692794799805
0.8811416625976562,17.760210037231445
0.9127894043922424,17.7490234375
0.8964760303497314,17.73362159729004
0.9035894274711609,17.713293075561523
0.913842499256134,17.6942138671875
0.9148488640785217,17.6787052154541
0.9136687517166138,17.667234420776367
0.8842090368270874,17.65520477294922
0.8812947869300842,17.647218704223633
0.8961305618286133,17.636568069458008
0.9225776195526123,17.62177276611328
0.9132416248321533,17.607500076293945
0.9032806158065796,17.593490600585938
0.9167197942733765,17.575307846069336
0.9331580400466919,17.558687210083008
0.9132226705551147,17.546600341796875
0.905167818069458,17.53289794921875
0.913697361946106,17.522415161132812
0.904434084892273,17.509008407592773
0.9113839864730835,17.490928649902344
0.8985934853553772,17.478002548217773
0.9162145256996155,17.463607788085938
0.9081832766532898,17.442781448364258
0.9037743806838989,17.417795181274414
0.9061391949653625,17.406248092651367
0.8896681070327759,17.386781692504883
0.8990331888198853,17.36412811279297
0.9142196774482727,17.341142654418945
0.909373939037323,17.323579788208008
0.9184049963951111,17.304306030273438
0.8959078788757324,17.285192489624023
0.8906450867652893,17.264236450195312
0.9106577038764954,17.229339599609375
0.9020342230796814,17.19367790222168
0.9032717943191528,17.16911506652832
0.9270752668380737,17.146696090698242
0.8998540043830872,17.125070571899414
0.9013233184814453,17.1046142578125
0.8979711532592773,17.089988708496094
0.9066568613052368,17.078580856323242
0.8956459164619446,17.066444396972656
0.898777425289154,17.048967361450195
0.8960181474685669,17.026472091674805
0.8986533284187317,17.003341674804688
0.8919250965118408,16.98863410949707
0.8961893320083618,16.974958419799805
0.9210931062698364,16.961462020874023
0.9020041227340698,16.949338912963867
0.9205288887023926,16.940507888793945
0.9079976677894592,16.932870864868164
0.9123424887657166,16.923187255859375
0.9103319644927979,16.901832580566406
0.8957306742668152,16.88132667541504
0.9148132801055908,16.860933303833008
0.9093868732452393,16.847990036010742
0.9188657402992249,16.8321590423584
0.9022049903869629,16.813100814819336
0.9006317853927612,16.799224853515625
0.9197818040847778,16.79182243347168
0.9205436110496521,16.7833251953125
0.9093607664108276,16.78007698059082
0.9035483598709106,16.769746780395508
0.8972883224487305,16.7559871673584
0.9186086654663086,16.731294631958008
0.9056295156478882,16.71050453186035
0.9001589417457581,16.68242645263672
0.896881103515625,16.65351676940918
0.90850430727005,16.622556686401367
0.9189460873603821,16.597944259643555
0.9060748815536499,16.568891525268555
0.9296128153800964,16.545061111450195
0.9147610664367676,16.519254684448242
0.9027811288833618,16.503463745117188
0.8961139917373657,16.485109329223633
0.9315069317817688,16.45882225036621
0.9254089593887329,16.4318904876709
0.9074016213417053,16.402910232543945
0.9095228314399719,16.36860466003418
0.907085120677948,16.333389282226562
0.9143847227096558,16.311067581176758
0.9086219072341919,16.291948318481445
0.8969577550888062,16.278078079223633
0.9200666546821594,16.265844345092773
0.9123433232307434,16.260744094848633
0.9191679954528809,16.25752067565918
0.9193964600563049,16.246828079223633
0.9020076990127563,16.243207931518555
0.9210515022277832,16.235502243041992
0.9074498414993286,16.236038208007812
0.9238960146903992,16.23927879333496
0.893882155418396,16.2466983795166
0.9395138621330261,16.256288528442383
0.912044882774353,16.263181686401367
0.8995957374572754,16.271928787231445
0.9058595895767212,16.278501510620117
0.9111660122871399,16.292213439941406
0.9089542031288147,16.301790237426758
0.904957115650177,16.30839729309082
0.9369832277297974,16.306119918823242
0.8999723792076111,16.308868408203125
0.92168790102005,16.3074951171875
0.9177770614624023,16.303701400756836
0.914376974105835,16.298906326293945
0.9198957681655884,16.29352569580078
0.923432469367981,16.285818099975586
0.9119662642478943,16.284685134887695
0.893335223197937,16.277183532714844
0.9076223969459534,16.266036987304688
0.909305989742279,16.25578498840332
0.9082968831062317,16.249929428100586
0.9080511927604675,16.243684768676758
0.9104447960853577,16.231355667114258
0.8991115689277649,16.22704315185547
0.9014396667480469,16.211484909057617
0.8939350247383118,16.19666862487793
0.9103339910507202,16.177536010742188
0.9300070405006409,16.160737991333008
0.9200112223625183,16.14485740661621
0.9034402370452881,16.122480392456055
0.9188578128814697,16.10590362548828
0.9164268970489502,16.087852478027344
0.9254539012908936,16.06989860534668
0.9233635663986206,16.05547523498535
0.9109694957733154,16.046720504760742
0.9066996574401855,16.03826141357422
0.9124787449836731,16.019617080688477
0.9109442830085754,16.003395080566406
0.9162995219230652,15.98500919342041
0.9074642658233643,15.972832679748535
0.9214964509010315,15.957976341247559
0.9036980867385864,15.949769020080566
0.9226057529449463,15.935608863830566
0.9026396870613098,15.919768333435059
0.9297899007797241,15.91434383392334
0.923873782157898,15.90767765045166
0.9081768989562988,15.901541709899902
0.9170035719871521,15.895125389099121
0.9219092130661011,15.885817527770996
0.9075376391410828,15.88818359375
0.904949426651001,15.883057594299316
0.915192723274231,15.873061180114746
0.915212869644165,15.857596397399902
0.908190131187439,15.84372615814209
0.8887768387794495,15.826491355895996
0.909640371799469,15.813858985900879
0.9244329333305359,15.802559852600098
0.9137430191040039,15.802041053771973
0.8995155096054077,15.79427433013916
0.9253870844841003,15.789566040039062
0.9211029410362244,15.78680419921875
0.923907995223999,15.774527549743652
0.9249058961868286,15.775467872619629
0.9144401550292969,15.780838966369629
0.9099655151367188,15.786454200744629
0.9275851845741272,15.782988548278809
0.9107016921043396,15.774109840393066
0.9243555068969727,15.763473510742188
0.8985723853111267,15.768227577209473
0.9334951043128967,15.770720481872559
0.9131296873092651,15.776505470275879
0.9083983302116394,15.783720970153809
0.9017040133476257,15.788100242614746
0.914417028427124,15.791533470153809
0.9224432706832886,15.790595054626465
0.8973179459571838,15.781752586364746
0.9103007912635803,15.766997337341309
0.9064856171607971,15.755928039550781
0.9086258411407471,15.749581336975098
0.9164571166038513,15.745270729064941
0.9095228910446167,15.743118286132812
0.9155860543251038,15.738831520080566
0.9044266939163208,15.735489845275879
0.8820672631263733,15.729226112365723
0.9159356355667114,15.716422080993652
0.9147396087646484,15.704863548278809
0.9100249409675598,15.687636375427246
0.9056117534637451,15.670502662658691
0.8966947793960571,15.658583641052246
0.936272144317627,15.64121150970459
0.9143697619438171,15.617484092712402
0.9145825505256653,15.601822853088379
0.8983595371246338,15.585381507873535
0.9202470183372498,15.555502891540527
0.9205288290977478,15.53463077545166
0.9156792759895325,15.515748023986816
0.9207586646080017,15.504776954650879
0.9043093919754028,15.493241310119629
0.9166917204856873,15.47983455657959
0.9176843762397766,15.463249206542969
0.9286617636680603,15.446351051330566
0.9119865894317627,15.432663917541504
0.9224633574485779,15.435982704162598
0.9263433218002319,15.440230369567871
0.9169793128967285,15.438233375549316
0.9113205671310425,15.435654640197754
0.9292862415313721,15.429458618164062
0.8915157318115234,15.425278663635254
0.909264326095581,15.427733421325684
0.9011560082435608,15.432381629943848
0.9231106638908386,15.439894676208496
0.9107780456542969,15.447882652282715
0.9124807715415955,15.449006080627441
0.910331130027771,15.447808265686035
0.9023634791374207,15.439881324768066
0.9167096018791199,15.425536155700684
0.9023724794387817,15.407898902893066
0.8996391296386719,15.393660545349121
0.9134089350700378,15.37540340423584
0.8977569341659546,15.351408958435059
0.9195806980133057,15.333191871643066
0.9348677396774292,15.318366050720215
0.900242269039154,15.307394981384277
0.9034740328788757,15.293694496154785
0.9060715436935425,15.291802406311035
0.9055730700492859,15.285805702209473
0.9277036190032959,15.268340110778809
0.9278606176376343,15.249640464782715
0.8901645541191101,15.239981651306152
0.9103301763534546,15.228324890136719
0.9064497351646423,15.217070579528809
0.9316868782043457,15.207503318786621
0.9334336519241333,15.195747375488281
0.9226859211921692,15.191018104553223
0.9069249033927917,15.180718421936035
0.9233576059341431,15.169974327087402
0.920396625995636,15.165610313415527
0.9205375909805298,15.159310340881348
0.911704421043396,15.15334415435791
0.9184253811836243,15.155610084533691
0.9043735861778259,15.15238094329834
0.9141737222671509,15.153717994689941
0.9018740653991699,15.149094581604004
0.9298384785652161,15.142975807189941
0.8865423202514648,15.143050193786621
0.9155435562133789,15.139212608337402
0.9031102061271667,15.138998985290527
0.9123794436454773,15.130188941955566
0.9030600786209106,15.12692928314209
0.9099639058113098,15.118210792541504
0.9086029529571533,15.117606163024902
0.9251695871353149,15.116135597229004
0.9203332662582397,15.11379337310791
0.9084835648536682,15.109208106994629
0.9111590385437012,15.108895301818848
0.8963289856910706,15.118918418884277
0.9046929478645325,15.134696006774902
0.9261160492897034,15.149322509765625
0.9268689155578613,15.162407875061035
0.9067594408988953,15.175040245056152
0.9065374135971069,15.184638023376465
0.9192214608192444,15.198555946350098
0.9141514897346497,15.217774391174316
0.9263262748718262,15.233619689941406
0.9222884178161621,15.249480247497559
0.9087154269218445,15.266288757324219
0.9194649457931519,15.277604103088379
0.9160388112068176,15.288451194763184
0.9136525392532349,15.297530174255371
0.9108800888061523,15.305343627929688
0.9202565550804138,15.316313743591309
0.9303463697433472,15.33121395111084
0.9114408493041992,15.337782859802246
0.9047660827636719,15.349516868591309
0.9119185209274292,15.352812767028809
0.9062349796295166,15.350113868713379
0.9220126867294312,15.348587989807129
0.9168903827667236,15.345259666442871
0.9018673300743103,15.336203575134277
0.9123095273971558,15.322760581970215
0.9117446541786194,15.31099796295166
0.900753378868103,15.294363975524902
0.9235791563987732,15.287184715270996
0.9278957843780518,15.289910316467285
0.9153444766998291,15.282380104064941
0.9325262308120728,15.27622127532959
0.8978676199913025,15.272047996520996
0.9035460352897644,15.270256996154785
0.9092956185340881,15.268174171447754
0.9184876680374146,15.274826049804688
0.9230730533599854,15.276833534240723
0.9050635695457458,15.281365394592285
0.9031227827072144,15.283379554748535
0.9149956703186035,15.281813621520996
0.9097280502319336,15.275618553161621
0.9140504002571106,15.269448280334473
0.9170148968696594,15.259781837463379
0.9305962324142456,15.253119468688965
0.9142928719520569,15.248299598693848
0.8942871689796448,15.236411094665527
0.8957295417785645,15.22116756439209
0.9222464561462402,15.20383358001709
0.9227573871612549,15.188729286193848
0.9260634183883667,15.176690101623535
0.9025589823722839,15.161125183105469
0.9050682783126831,15.149109840393066
0.9123268723487854,15.129151344299316
0.9257681369781494,15.112288475036621
0.9115098714828491,15.096512794494629
0.9232704043388367,15.08126163482666
0.9225255846977234,15.065497398376465
0.9157189726829529,15.043449401855469
0.9271498918533325,15.017510414123535
0.9087446331977844,14.992600440979004
0.9119848012924194,14.981986999511719
0.9189118146896362,14.973023414611816
0.9250923991203308,14.965607643127441
0.8919200301170349,14.95705509185791
0.9346615076065063,14.951438903808594
0.9333891868591309,14.948288917541504
0.9055318832397461,14.948563575744629
0.9115741848945618,14.945555686950684
0.9225987792015076,14.944701194763184
0.9019607901573181,14.945382118225098
0.9323394894599915,14.941168785095215
0.9271774888038635,14.936867713928223
0.9097009897232056,14.932684898376465
0.915730357170105,14.935912132263184
0.8966158032417297,14.941033363342285
0.9269062876701355,14.942376136779785
0.9282997846603394,14.944899559020996
0.9193305969238281,14.944024085998535
0.927793562412262,14.948792457580566
0.9153783321380615,14.950570106506348
0.9161958694458008,14.946259498596191
0.9222069978713989,14.941306114196777
0.8962542414665222,14.931077003479004
0.9172685146331787,14.921196937561035
0.9148228764533997,14.904487609863281
0.9316812753677368,14.889008522033691
0.9226762056350708,14.885254859924316
0.9311074018478394,14.882735252380371
0.9086534976959229,14.878227233886719
0.9078114032745361,14.867918968200684
0.9190310835838318,14.85965633392334
0.9138658046722412,14.850676536560059
0.9124851226806641,14.852387428283691
0.8996119499206543,14.854523658752441
0.9111124277114868,14.862654685974121
0.9133078455924988,14.865248680114746
0.9327518343925476,14.866667747497559
0.9237374663352966,14.865447044372559
0.9083199501037598,14.863541603088379
0.9105914235115051,14.865035057067871
0.9193118214607239,14.874917030334473
0.9212484955787659,14.888459205627441
0.9135584235191345,14.894906044006348
0.9305078983306885,14.894591331481934
0.9181591272354126,14.896584510803223
0.9310564994812012,14.897034645080566
0.9141035676002502,14.892411231994629
0.9115201830863953,14.88716983795166
0.9150885343551636,14.876250267028809
0.9301847219467163,14.872918128967285
0.9304354190826416,14.869956016540527
0.9091577529907227,14.868849754333496
0.9258201718330383,14.873854637145996
0.9171391725540161,14.875334739685059
0.9174394011497498,14.871710777282715
0.9246880412101746,14.863877296447754
0.92277991771698,14.863089561462402
0.9325858354568481,14.863959312438965
0.9257109761238098,14.86556339263916
0.9188447594642639,14.869231224060059
0.9216395020484924,14.87699031829834
0.9268956780433655,14.882973670959473
0.9195799231529236,14.890250205993652
0.9113783836364746,14.907547950744629
0.8996832370758057,14.931458473205566
0.9108366370201111,14.954995155334473
0.9205434322357178,14.97210693359375
0.8995761871337891,14.989083290100098
0.9352642297744751,15.005278587341309
0.9296438694000244,15.020697593688965
0.9294480085372925,15.029631614685059
0.9091761112213135,15.046538352966309
0.8969128727912903,15.056029319763184
0.9172146320343018,15.060029029846191
0.9040443301200867,15.059174537658691
0.9052095413208008,15.063248634338379
0.916833758354187,15.060066223144531
0.9170944690704346,15.06289005279541
0.9309609532356262,15.063193321228027
0.9212473034858704,15.070784568786621
0.9076747894287109,15.079109191894531
0.9287554025650024,15.090263366699219
0.9202407598495483,15.103630065917969
0.9298400282859802,15.112959861755371
0.9191402196884155,15.127738952636719
0.9362717866897583,15.146393775939941
0.9141063094139099,15.156271934509277
0.9217918515205383,15.168824195861816
0.926239550113678,15.184142112731934
0.9195440411567688,15.195816993713379
0.9169611930847168,15.19826602935791
0.9293845891952515,15.20674991607666
0.9031020998954773,15.212983131408691
0.9131813645362854,15.211997032165527
0.8992071747779846,15.211045265197754
0.9126325845718384,15.208395957946777
0.8812834024429321,15.207091331481934
0.9170833826065063,15.19986629486084
0.9426617622375488,15.198782920837402
0.9149925708770752,15.202780723571777
0.9272409677505493,15.209809303283691
0.9142768383026123,15.217949867248535
0.9054279327392578,15.222611427307129
0.9128365516662598,15.228096961975098
0.9025603532791138,15.230042457580566
0.9122523069381714,15.236092567443848
0.9258965253829956,15.234452247619629
0.9248329401016235,15.233977317810059
0.9015231132507324,15.229353904724121
0.9232944846153259,15.220839500427246
0.9016011357307434,15.208648681640625
0.9240952730178833,15.192177772521973
0.8956530094146729,15.185500144958496
0.9094149470329285,15.186873435974121
0.9190585017204285,15.185311317443848
0.8992136716842651,15.179137229919434
0.9260025024414062,15.177895545959473
0.9186585545539856,15.176199913024902
0.9249168038368225,15.17354679107666
0.9254260659217834,15.16097354888916
0.926189661026001,15.149901390075684
0.9269638657569885,15.143403053283691
0.9155929088592529,15.135650634765625
0.9189170002937317,15.122214317321777
0.9186375737190247,15.110588073730469
0.8913707733154297,15.094978332519531
0.9150019884109497,15.077950477600098
0.9187360405921936,15.063910484313965
0.9140118956565857,15.054533958435059
0.9140347242355347,15.041838645935059
0.9258551001548767,15.029633522033691
0.9103145599365234,15.021056175231934
0.914908766746521,15.015557289123535
0.9154211282730103,15.01096248626709
0.9141294360160828,15.001091957092285
0.9011400938034058,14.991728782653809
0.928046464920044,14.97506046295166
0.9189260005950928,14.957520484924316
0.9133465886116028,14.944382667541504
0.9088929295539856,14.93270206451416
0.9362279176712036,14.917313575744629
0.909762978553772,14.908707618713379
0.9343938827514648,14.902970314025879
0.9189183712005615,14.895285606384277
0.914361834526062,14.890419960021973
0.9225793480873108,14.880545616149902
0.9124199151992798,14.87723445892334
0.8860639929771423,14.877196311950684
0.919130802154541,14.885520935058594
0.9278651475906372,14.900040626525879
0.9245783090591431,14.91064453125
0.911402702331543,14.920554161071777
0.9085199236869812,14.933098793029785
0.9121652841567993,14.939093589782715
0.9322937726974487,14.937141418457031
0.9090864658355713,14.930113792419434
0.9316262602806091,14.922867774963379
0.9215789437294006,14.920884132385254
0.9209940433502197,14.915352821350098
0.9276443719863892,14.905472755432129
0.9135614037513733,14.905333518981934
0.9331268072128296,14.90163516998291
0.9236104488372803,14.905211448669434
0.9294021129608154,14.903084754943848
0.8999472856521606,14.890137672424316
0.9114762544631958,14.885720252990723
0.9068322777748108,14.877364158630371
0.9190362095832825,14.863724708557129
0.9213091135025024,14.855584144592285
0.9039847254753113,14.849746704101562
0.9039471745491028,14.842804908752441
0.9278475046157837,14.838301658630371
0.9174520969390869,14.838433265686035
0.9385362863540649,14.83651065826416
0.9196972846984863,14.827279090881348
0.9118106365203857,14.823112487792969
0.9241608381271362,14.821219444274902
0.9242892265319824,14.822714805603027
0.9331399202346802,14.820488929748535
0.9116067886352539,14.81490421295166
0.9149672985076904,14.801848411560059
0.9263301491737366,14.789551734924316
0.9078187346458435,14.776703834533691
0.9183419346809387,14.758149147033691
0.9399781227111816,14.743218421936035
0.9175153970718384,14.726136207580566
0.9061834216117859,14.714432716369629
0.9081832766532898,14.701750755310059
0.9105716943740845,14.688498497009277
0.9386547207832336,14.671660423278809
0.9252790808677673,14.658812522888184
0.915547788143158,14.653214454650879
0.9283658862113953,14.650862693786621
0.9078450202941895,14.648406028747559
0.9225851893424988,14.651322364807129
0.9112587571144104,14.656790733337402
0.9200700521469116,14.660820960998535
0.8944669961929321,14.665261268615723
0.9109238982200623,14.661736488342285
0.897998034954071,14.654572486877441
0.9287834167480469,14.64095401763916
0.9187767505645752,14.626059532165527
0.9222716689109802,14.621903419494629
0.917776882648468,14.618149757385254
0.9203700423240662,14.609465599060059
0.9033317565917969,14.603057861328125
0.9128702878952026,14.589371681213379
0.9276108741760254,14.575836181640625
0.930820882320404,14.563767433166504
0.9328634738922119,14.548516273498535
0.9117720127105713,14.539015769958496
0.9167758226394653,14.528382301330566
0.9140431880950928,14.521925926208496
0.913848876953125,14.519577026367188
0.9300206303596497,14.518172264099121
0.8924381732940674,14.520607948303223
0.8940466046333313,14.514618873596191
0.9248749613761902,14.51694393157959
0.9231898188591003,14.514616966247559
0.9129296541213989,14.514494895935059
0.9321874380111694,14.50899600982666
0.9218081831932068,14.503432273864746
0.9252582788467407,14.49375057220459
0.9313868284225464,14.479447364807129
0.943263828754425,14.464705467224121
0.9334642291069031,14.450470924377441
0.9303004741668701,14.435873985290527
0.9199066162109375,14.424630165100098
0.9316480159759521,14.407553672790527
0.8991042375564575,14.387053489685059
0.9132541418075562,14.371367454528809
0.9193739295005798,14.354988098144531
0.9217843413352966,14.336501121520996
0.9120361804962158,14.319588661193848
0.9086480736732483,14.303450584411621
0.9199962615966797,14.294188499450684
0.9070899486541748,14.292695045471191
0.9160577058792114,14.289298057556152
0.9233889579772949,14.285780906677246
0.9178375005722046,14.280760765075684
0.9303939342498779,14.276634216308594
0.8997936844825745,14.275161743164062
0.9142427444458008,14.275954246520996
0.9154109358787537,14.279189109802246
0.9245686531066895,14.288069725036621
0.913211464881897,14.287368774414062
0.8967633247375488,14.295180320739746
0.9516088962554932,14.295210838317871
0.9138783812522888,14.292969703674316
0.9318755269050598,14.287169456481934
0.9276963472366333,14.285552024841309
0.9031862020492554,14.279488563537598
0.9220500588417053,14.274430274963379
0.9211772084236145,14.275092124938965
0.9080686569213867,14.276253700256348
0.9355124831199646,14.276840209960938
0.9240569472312927,14.277587890625
0.9079128503799438,14.273764610290527
0.8996620774269104,14.262543678283691
0.9277454614639282,14.247979164123535
0.9031283259391785,14.234130859375
0.9196443557739258,14.231980323791504
0.9250718951225281,14.226325988769531
0.921114444732666,14.224051475524902
0.9218145608901978,14.216507911682129
0.9366544485092163,14.210356712341309
0.911373496055603,14.199845314025879
0.9194278717041016,14.192458152770996
0.9180814027786255,14.18264102935791
0.9112786650657654,14.174643516540527
0.9338484406471252,14.164359092712402
0.9225574135780334,14.151864051818848
0.9077815413475037,14.144867897033691
0.9116486310958862,14.140524864196777
0.9251149296760559,14.143080711364746
0.9279353618621826,14.14247989654541
0.9325191378593445,14.141188621520996
0.904814600944519,14.13498592376709
0.9029823541641235,14.128958702087402
0.9150448441505432,14.12764835357666
0.9162659049034119,14.124444007873535
0.9112521409988403,14.113006591796875
0.9246667623519897,14.096510887145996
0.9219629168510437,14.075325965881348
0.9215525388717651,14.055243492126465
0.9173516035079956,14.036530494689941
0.9165360927581787,14.025223731994629
0.9302106499671936,14.015336036682129
0.9326717257499695,14.008742332458496
0.9310032725334167,14.003640174865723
0.9255504608154297,13.999442100524902
0.9437052607536316,13.997862815856934
0.9246160387992859,13.993096351623535
0.9286198616027832,13.989951133728027
0.9235963821411133,13.978545188903809
0.9228500723838806,13.971405029296875
0.9046290516853333,13.962319374084473
0.9292874932289124,13.952088356018066
0.9275209903717041,13.948454856872559
0.9225699305534363,13.936829566955566
0.923172652721405,13.92777156829834
0.9260462522506714,13.919661521911621
0.9064177870750427,13.91898250579834
0.941469132900238,13.917366981506348
0.9351058006286621,13.916045188903809
0.9246680736541748,13.919854164123535
0.918623685836792,13.917794227600098
0.9138562679290771,13.92098331451416
0.9338751435279846,13.92478084564209
0.9276503324508667,13.928794860839844
0.9056466817855835,13.939735412597656
0.9193241596221924,13.946099281311035
0.927097737789154,13.951645851135254
0.9079320430755615,13.946885108947754
0.9144546389579773,13.939384460449219
0.9298375844955444,13.933279991149902
0.897925615310669,13.921128273010254
0.935437798500061,13.916077613830566
0.9119257926940918,13.908675193786621
0.9267586469650269,13.900261878967285
0.9145255088806152,13.897177696228027
0.9089252352714539,13.888710975646973
0.9350491762161255,13.882384300231934
0.9164517521858215,13.874001502990723
0.9247007369995117,13.866957664489746
0.9424713850021362,13.862885475158691
0.9253928661346436,13.852425575256348
0.9218277335166931,13.843619346618652
0.9340839982032776,13.841605186462402
0.8956215381622314,13.842062950134277
0.9084718227386475,13.835755348205566
0.908060610294342,13.833802223205566
0.934928297996521,13.833343505859375
0.9141067266464233,13.836394309997559
0.9229414463043213,13.840911865234375
0.9373225569725037,13.843916893005371
0.9013329744338989,13.841742515563965
0.9320750832557678,13.849014282226562
0.9326462149620056,13.851126670837402
0.9215565919876099,13.853837013244629
0.9394462704658508,13.850630760192871
0.9150043725967407,13.850190162658691
0.9188368320465088,13.855635643005371
0.9273398518562317,13.870766639709473
0.9256956577301025,13.885238647460938
0.9260594248771667,13.899100303649902
0.9375897645950317,13.909918785095215
0.907799243927002,13.920340538024902
0.9120112657546997,13.934441566467285
0.923269510269165,13.944037437438965
0.9163527488708496,13.945900917053223
0.9219865798950195,13.949509620666504
0.9227727651596069,13.937302589416504
0.9343746304512024,13.928559303283691
0.8919921517372131,13.920416831970215
0.9145573973655701,13.904219627380371
0.9181116223335266,13.890913963317871
0.933340847492218,13.880188941955566
0.9224658608436584,13.870003700256348
0.9228217005729675,13.860337257385254
0.9176910519599915,13.856751441955566
0.9136609435081482,13.852187156677246
0.9388971328735352,13.847527503967285
0.9141240119934082,13.84378719329834
0.9179805517196655,13.837309837341309
0.9393013715744019,13.826788902282715
0.901239275932312,13.822113990783691
0.9175350069999695,13.809821128845215
0.9187256097793579,13.793112754821777
0.9213917255401611,13.780892372131348
0.9271293878555298,13.763344764709473
0.9254583120346069,13.746626853942871
0.9286185503005981,13.73721981048584
0.9167249202728271,13.729582786560059
0.9255036115646362,13.718537330627441
0.9358932971954346,13.703553199768066
0.9159210920333862,13.68717098236084
0.918894350528717,13.675360679626465
0.8945896029472351,13.670089721679688
0.929425060749054,13.669402122497559
0.9216271638870239,13.660820960998535
0.9082199335098267,13.644370079040527
0.9327263236045837,13.625290870666504
0.9137243032455444,13.608139038085938
0.9213231801986694,13.588082313537598
0.9422745704650879,13.565619468688965
0.9278736114501953,13.541808128356934
0.938373863697052,13.510865211486816
0.9252495765686035,13.480538368225098
0.919137716293335,13.454543113708496
0.9336183667182922,13.429671287536621
0.9299226999282837,13.414259910583496
0.925550103187561,13.405768394470215
0.9399072527885437,13.398917198181152
0.9148403406143188,13.393905639648438
0.9204376935958862,13.388237953186035
0.9197019338607788,13.382203102111816
0.9243171811103821,13.375983238220215
0.9229113459587097,13.366538047790527
0.9187813997268677,13.355713844299316
0.9236730337142944,13.345765113830566
0.9158360958099365,13.341292381286621
0.9308261871337891,13.338799476623535
0.9204953908920288,13.334059715270996
0.9303270578384399,13.332123756408691
0.9028055667877197,13.318458557128906
0.9192471504211426,13.307381629943848
0.916258692741394,13.299201011657715
0.9350744485855103,13.292579650878906
0.9125895500183105,13.28415584564209
0.9204657673835754,13.27584171295166
0.9174624085426331,13.266982078552246
0.911210298538208,13.257758140563965
0.930443525314331,13.252098083496094
0.936148464679718,13.256979942321777
0.9362826347351074,13.266915321350098
0.9162768125534058,13.280104637145996
0.9375007152557373,13.291167259216309
0.9235033392906189,13.301972389221191
0.929477870464325,13.310874938964844
0.9477788805961609,13.314216613769531
0.9278786182403564,13.313294410705566
0.9221329689025879,13.319159507751465
0.935788094997406,13.327223777770996
0.9330934286117554,13.334129333496094
0.9231031537055969,13.343621253967285
0.9218178987503052,13.353339195251465
0.9304202795028687,13.357064247131348
0.9309837222099304,13.359230995178223
0.9285696744918823,13.361397743225098
0.9158502817153931,13.357711791992188
0.9304533004760742,13.354171752929688
0.9263808727264404,13.350007057189941
0.9306314587593079,13.336867332458496
0.9304813742637634,13.326171875
0.9419716596603394,13.314223289489746
0.9220710396766663,13.301619529724121
0.9376665353775024,13.292611122131348
0.9280642867088318,13.284080505371094
0.9195885062217712,13.276976585388184
0.9064511060714722,13.270484924316406
0.9090138077735901,13.267182350158691
0.9193974733352661,13.264311790466309
0.9313175082206726,13.256758689880371
0.9186235666275024,13.250258445739746
0.9244953393936157,13.245697975158691
0.9301367998123169,13.245200157165527
0.9199740886688232,13.246216773986816
0.9034931063652039,13.239653587341309
0.9356487393379211,13.232964515686035
0.9287166595458984,13.227684020996094
0.9321358799934387,13.224061012268066
0.9239135384559631,13.218337059020996
0.938705563545227,13.206480979919434
0.9296546578407288,13.193106651306152
0.9203529953956604,13.177458763122559
0.9206541776657104,13.16219425201416
0.9235638380050659,13.148200035095215
0.9236529469490051,13.134291648864746
0.9292535781860352,13.119498252868652
0.9201588034629822,13.108071327209473
0.9235214591026306,13.100111961364746
0.9246702194213867,13.086920738220215
0.9313581585884094,13.07180118560791
0.9333134889602661,13.05788516998291
0.9300429224967957,13.047158241271973
0.9233379364013672,13.033158302307129
0.9075998663902283,13.022034645080566
0.9451652765274048,13.004691123962402
0.925856351852417,12.986937522888184
0.9126858711242676,12.974189758300781
0.913494348526001,12.965950012207031
0.9253151416778564,12.961050987243652
0.938150942325592,12.962921142578125
0.9218363761901855,12.967080116271973
0.9305391907691956,12.971693992614746
0.9220507144927979,12.974114418029785
0.9363338351249695,12.975769996643066
0.902989387512207,12.97690486907959
0.9137566685676575,12.973639488220215
0.927063524723053,12.962592124938965
0.9054021835327148,12.952018737792969
0.9216737747192383,12.938889503479004
0.9304589033126831,12.926246643066406
0.9181516170501709,12.914504051208496
0.9309670329093933,12.906073570251465
0.9297914505004883,12.894936561584473
0.9232807159423828,12.883255004882812
0.9383249282836914,12.874274253845215
0.9047002792358398,12.864937782287598
0.9388633370399475,12.860955238342285
0.9319852590560913,12.858931541442871
0.9294113516807556,12.854460716247559
0.9278363585472107,12.848968505859375
0.9352954030036926,12.843993186950684
0.924621045589447,12.839919090270996
0.9341280460357666,12.838501930236816
0.9259999394416809,12.839751243591309
0.9272276759147644,12.844290733337402
0.9439433217048645,12.849921226501465
0.9300381541252136,12.857237815856934
0.9096841812133789,12.862725257873535
0.9221524000167847,12.867461204528809
0.9255402088165283,12.870018005371094
0.9192088842391968,12.869170188903809
0.9393755197525024,12.862936973571777
0.9209093451499939,12.864447593688965
0.9236629605293274,12.868752479553223
0.9166943430900574,12.875489234924316
0.9275537729263306,12.874238014221191
0.9145784378051758,12.875374794006348
0.9096251726150513,12.87906551361084
0.9356260299682617,12.88478946685791
0.9306641221046448,12.890633583068848
0.9220919013023376,12.89669132232666
0.9346558451652527,12.904038429260254
0.9150025248527527,12.903006553649902
0.9400415420532227,12.894707679748535
0.9201031923294067,12.882027626037598
0.9193683862686157,12.874611854553223
0.909786581993103,12.867249488830566
0.9245083928108215,12.864439964294434
0.9257695078849792,12.862488746643066
0.9010071754455566,12.854277610778809
0.9230877161026001,12.850981712341309
0.9153885841369629,12.848616600036621
0.9238545298576355,12.846436500549316
0.9124108552932739,12.846831321716309
0.9407110214233398,12.84372615814209
0.9419379234313965,12.842926979064941
0.9239934682846069,12.84360408782959
0.9169430136680603,12.840712547302246
0.9330490827560425,12.830406188964844
0.9422779679298401,12.812546730041504
0.9254943132400513,12.794892311096191
0.9319832921028137,12.782723426818848
0.9381915926933289,12.775768280029297
0.9239257574081421,12.775229454040527
0.918048620223999,12.77524471282959
0.9177099466323853,12.77408504486084
0.9408590793609619,12.77419376373291
0.9427049160003662,12.776856422424316
0.9080939888954163,12.779364585876465
0.9214106202125549,12.786004066467285
0.9256219267845154,12.791426658630371
0.92475825548172,12.797173500061035
0.9195185303688049,12.80477237701416
0.9165622591972351,12.809889793395996
0.9339510798454285,12.811081886291504
0.916339635848999,12.814728736877441
0.9200706481933594,12.809752464294434
0.9254761338233948,12.810601234436035
0.9365119338035583,12.807684898376465
0.9348929524421692,12.801651954650879
0.9253198504447937,12.802430152893066
0.9259475469589233,12.797987937927246
0.9188987016677856,12.794722557067871
0.928074836730957,12.791942596435547
0.9123982191085815,12.789352416992188
0.9184683561325073,12.782355308532715
0.9458602666854858,12.774826049804688
0.9148204922676086,12.764555931091309
0.9150777459144592,12.747005462646484
0.9135872721672058,12.727181434631348
0.9359474778175354,12.710274696350098
0.9189308285713196,12.697005271911621
0.9318258166313171,12.685433387756348
0.9334732890129089,12.676765441894531
0.9157743453979492,12.665648460388184
0.9193748235702515,12.656196594238281
0.910815417766571,12.646523475646973
0.9168155789375305,12.632987022399902
0.9238255023956299,12.624027252197266
0.9231684803962708,12.612412452697754
0.9099050760269165,12.607288360595703
0.9208370447158813,12.609358787536621
0.9341738224029541,12.614502906799316
0.9441641569137573,12.619423866271973
0.9239712357521057,12.628002166748047
0.9265100955963135,12.636549949645996
0.9378442764282227,12.639060020446777
0.9287232160568237,12.638251304626465
0.9053549766540527,12.63948917388916
0.9333106875419617,12.643723487854004
0.9314208030700684,12.642012596130371
0.9123532772064209,12.645018577575684
0.9316708445549011,12.648629188537598
0.9183242321014404,12.658127784729004
0.9402762651443481,12.658191680908203
0.9226041436195374,12.657614707946777
0.9297325611114502,12.651923179626465
0.9379451274871826,12.651381492614746
0.9296377301216125,12.65120792388916
0.9165858626365662,12.650679588317871
0.9211142063140869,12.64473819732666
0.9194067716598511,12.644798278808594
0.9220118522644043,12.648307800292969
0.9295157194137573,12.652076721191406
0.9161279797554016,12.652586936950684
0.8979092836380005,12.656050682067871
0.9259523749351501,12.665215492248535
0.931365966796875,12.676398277282715
0.9251152276992798,12.684487342834473
0.9236558079719543,12.689857482910156
0.9430433511734009,12.701292991638184
0.9415435194969177,12.714692115783691
0.9373645782470703,12.72824764251709
0.9334135055541992,12.739083290100098
0.9217115640640259,12.749991416931152
0.923117458820343,12.764273643493652
0.9303603172302246,12.778611183166504
0.931201159954071,12.790579795837402
0.9101870656013489,12.799873352050781
0.9303339719772339,12.808579444885254
0.9371018409729004,12.817557334899902
0.9221093654632568,12.820403099060059
0.9250506162643433,12.819266319274902
0.9134488701820374,12.815957069396973
0.9317103028297424,12.809035301208496
0.9357523918151855,12.800200462341309
0.9277535080909729,12.788046836853027
0.9138495922088623,12.780296325683594
0.9172471761703491,12.770554542541504
0.9199762344360352,12.766196250915527
0.9359108209609985,12.760415077209473
0.9298652410507202,12.75052547454834
0.9176381230354309,12.740340232849121
0.939567506313324,12.735276222229004
0.9261528849601746,12.730971336364746
0.9512975811958313,12.725007057189941
0.940852701663971,12.720871925354004
0.9106654524803162,12.717331886291504
0.9104083180427551,12.714507102966309
0.9373692274093628,12.711750030517578
0.929905116558075,12.708499908447266
0.9284796714782715,12.7147216796875
0.9284224510192871,12.72433853149414
0.9309609532356262,12.734503746032715
0.919411301612854,12.742542266845703
0.9284043908119202,12.750518798828125
0.9273464679718018,12.752674102783203
0.9188147187232971,12.749176025390625
0.9246269464492798,12.740218162536621
0.9073049426078796,12.725874900817871
0.9405720233917236,12.715279579162598
0.9270156621932983,12.700592994689941
0.9387440085411072,12.682890892028809
0.931829571723938,12.662169456481934
0.9407973289489746,12.637038230895996
0.930104672908783,12.611313819885254
0.9300347566604614,12.577309608459473
0.9343187808990479,12.541236877441406
0.916355311870575,12.508612632751465
0.9349382519721985,12.47731876373291
0.9280105829238892,12.446712493896484
0.9363704323768616,12.423819541931152
0.9314509630203247,12.403571128845215
0.9420315027236938,12.382948875427246
0.9288556575775146,12.363333702087402
0.9278015494346619,12.350523948669434
0.9302340745925903,12.338494300842285
0.9273584485054016,12.321372032165527
0.914027988910675,12.308243751525879
0.9447275400161743,12.299429893493652
0.9295533299446106,12.294905662536621
0.9274985194206238,12.288626670837402
0.9259848594665527,12.284295082092285
0.9175090193748474,12.283660888671875
0.9121952652931213,12.285750389099121
0.9221749305725098,12.287148475646973
0.9233519434928894,12.283211708068848
0.9250935912132263,12.275925636291504
0.9303849339485168,12.26364803314209
0.9256839752197266,12.256524085998535
0.9366936087608337,12.245926856994629
0.9124801754951477,12.241156578063965
0.9373188614845276,12.233513832092285
0.9183430671691895,12.229134559631348
0.9320228099822998,12.223548889160156
0.9319514036178589,12.212696075439453
0.9302915930747986,12.20133113861084
0.9512239694595337,12.192371368408203
0.9204432964324951,12.183180809020996
0.9257766008377075,12.17233943939209
0.9221767783164978,12.170230865478516
0.9376961588859558,12.172527313232422
0.9253982901573181,12.177921295166016
0.9390052556991577,12.182010650634766
0.9391980171203613,12.186928749084473
0.9305935502052307,12.187315940856934
0.9339257478713989,12.19034481048584
0.9270793795585632,12.195860862731934
0.9184544086456299,12.199309349060059
0.93064945936203,12.197826385498047
0.9324241280555725,12.196890830993652
0.9250664710998535,12.190827369689941
0.9493452310562134,12.188223838806152
0.9149032235145569,12.183822631835938
0.9357322454452515,12.178585052490234
0.94221031665802,12.168951988220215
0.936962902545929,12.163825035095215
0.9317074418067932,12.159354209899902
0.9419070482254028,12.154191017150879
0.9448572397232056,12.1497802734375
0.9290798306465149,12.14133358001709
0.922095537185669,12.136910438537598
0.9208146929740906,12.138327598571777
0.9165482521057129,12.138813018798828
0.9188726544380188,12.141449928283691
0.9387384653091431,12.137419700622559
0.9425691366195679,12.127396583557129
0.9240898489952087,12.116997718811035
0.9252337217330933,12.108993530273438
0.9212087392807007,12.101685523986816
0.9188240766525269,12.095268249511719
0.9339866042137146,12.087959289550781
0.9330178499221802,12.083550453186035
0.9452269077301025,12.082581520080566
0.919502854347229,12.081053733825684
0.9288536906242371,12.081543922424316
0.907894492149353,12.085196495056152
0.9308568835258484,12.090958595275879
0.9374260902404785,12.099945068359375
0.9201158285140991,12.109955787658691
0.9422743916511536,12.122527122497559
0.9294062256813049,12.130402565002441
0.9238145351409912,12.13417911529541
0.9442306160926819,12.134113311767578
0.9408479332923889,12.126777648925781
0.9476261734962463,12.116583824157715
0.9259669184684753,12.105551719665527
0.948756754398346,12.095749855041504
0.9285475015640259,12.086075782775879
0.9344274401664734,12.077957153320312
0.9366316795349121,12.071877479553223
0.9232684373855591,12.068527221679688
0.9398981928825378,12.064820289611816
0.9222025871276855,12.063610076904297
0.9349488615989685,12.058780670166016
0.894671618938446,12.05704402923584
0.9264605045318604,12.052616119384766
0.930282473564148,12.040976524353027
0.9270905256271362,12.029952049255371
0.941645085811615,12.02231502532959
0.933817982673645,12.013344764709473
0.9335933327674866,12.004817962646484
0.9230029582977295,12.003050804138184
0.9307124614715576,12.003523826599121
0.9373989701271057,12.001847267150879
0.9394146203994751,11.994759559631348
0.9344822764396667,11.986464500427246
0.9308849573135376,11.973509788513184
0.9277001619338989,11.955222129821777
0.9256340861320496,11.941665649414062
0.9253675937652588,11.929421424865723
0.9313960671424866,11.922820091247559
0.936349093914032,11.915709495544434
0.910017728805542,11.906144142150879
0.9118545055389404,11.898955345153809
0.9234349131584167,11.890456199645996
0.9334886074066162,11.883971214294434
0.9279040098190308,11.878040313720703
0.9207491278648376,11.871315002441406
0.9320525527000427,11.868409156799316
0.9306279420852661,11.868058204650879
0.9311577677726746,11.867196083068848
0.9212331771850586,11.870108604431152
0.9399863481521606,11.876811981201172
0.931685745716095,11.884011268615723
0.9267387986183167,11.886862754821777
0.9371943473815918,11.887261390686035
0.923873782157898,11.889037132263184
0.9318434596061707,11.890448570251465
0.9227579832077026,11.88800048828125
0.9111627340316772,11.880499839782715
0.9360007643699646,11.872979164123535
0.9507315158843994,11.866538047790527
0.91758793592453,11.861601829528809
0.934159517288208,11.854668617248535
0.9293158650398254,11.843788146972656
0.9288777709007263,11.824652671813965
0.9379992485046387,11.811820030212402
0.9381940364837646,11.801316261291504
0.9450709819793701,11.791810035705566
0.9241412878036499,11.789241790771484
0.930608868598938,11.789246559143066
0.9121593236923218,11.78628921508789
0.9422286748886108,11.782525062561035
0.9288478493690491,11.782036781311035
0.9371330142021179,11.778822898864746
0.925804615020752,11.775748252868652
0.9309170246124268,11.768502235412598
0.9382593035697937,11.766669273376465
0.9373599290847778,11.766425132751465
0.942505419254303,11.763955116271973
0.9398045539855957,11.762825965881348
0.9263991713523865,11.764161109924316
0.9385678172111511,11.764693260192871
0.930609941482544,11.772673606872559
0.9308651685714722,11.773613929748535
0.9515790939331055,11.779541969299316
0.917975902557373,11.785035133361816
0.9195035099983215,11.788017272949219
0.9364805817604065,11.791301727294922
0.9325137138366699,11.796164512634277
0.9119495153427124,11.805581092834473
0.9448878765106201,11.814337730407715
0.9498458504676819,11.82454776763916
0.9371780157089233,11.830574989318848
0.9471068382263184,11.83493423461914
0.9291554093360901,11.840437889099121
0.9433994293212891,11.843474388122559
0.9235003590583801,11.845084190368652
0.9255865216255188,11.84957218170166
0.9421741366386414,11.850814819335938
0.9282764792442322,11.850104331970215
0.9367220401763916,11.855025291442871
0.9197484254837036,11.853331565856934
0.9255519509315491,11.849213600158691
0.9242409467697144,11.845305442810059
0.9268307089805603,11.842049598693848
0.9429144263267517,11.835036277770996
0.9420455694198608,11.828544616699219
0.9140721559524536,11.824601173400879
0.9368675947189331,11.819832801818848
0.9362955093383789,11.813888549804688
0.9247899055480957,11.808783531188965
0.9340116381645203,11.811481475830078
0.9417670965194702,11.814749717712402
0.931469738483429,11.817261695861816
0.9330599904060364,11.81911563873291
0.9341774582862854,11.813117980957031
0.9219179749488831,11.804984092712402
0.9307228326797485,11.792510986328125
0.9363399744033813,11.78378677368164
0.9304314851760864,11.778105735778809
0.9274052381515503,11.774474143981934
0.9367854595184326,11.766348838806152
0.9243655800819397,11.759754180908203
0.9318865537643433,11.7562255859375
0.935448408126831,11.757308006286621
0.9318353533744812,11.759110450744629
0.9436321258544922,11.763276100158691
0.933627188205719,11.764336585998535
0.9365566968917847,11.76065731048584
0.9329569935798645,11.755003929138184
0.9374862909317017,11.75142765045166
0.9192458391189575,11.750824928283691
0.9355970621109009,11.755423545837402
0.928290605545044,11.759062767028809
0.9103644490242004,11.761094093322754
0.9207940101623535,11.759634971618652
0.928260326385498,11.75668716430664
0.9326143264770508,11.752608299255371
0.9257002472877502,11.749764442443848
0.9363898038864136,11.745200157165527
0.9323434829711914,11.739684104919434
0.9443420767784119,11.73000431060791
0.9475955963134766,11.72731876373291
0.9330033659934998,11.727988243103027
0.9343920946121216,11.728691101074219
0.9390252828598022,11.7279052734375
0.9304432272911072,11.731688499450684
0.9287689924240112,11.73709774017334
0.9328645467758179,11.747298240661621
0.9121872186660767,11.747848510742188
0.9370561242103577,11.746288299560547
0.9313594102859497,11.744589805603027
0.950836181640625,11.747366905212402
0.9334224462509155,11.750377655029297
0.9457485675811768,11.754714965820312
0.929471492767334,11.762391090393066
0.9444983601570129,11.773201942443848
0.9309524297714233,11.785529136657715
0.9387270212173462,11.796181678771973
0.933154284954071,11.8033447265625
0.9331294894218445,11.805876731872559
0.9403336048126221,11.80179500579834
0.9278129935264587,11.799521446228027
0.9206076860427856,11.805922508239746
0.9137359857559204,11.808396339416504
0.9424378275871277,11.808844566345215
0.9284211993217468,11.810042381286621
0.9285730123519897,11.81748104095459
0.9359383583068848,11.824951171875
0.9478164911270142,11.830077171325684
0.9389897584915161,11.837352752685547
0.915462076663971,11.847217559814453
0.9399877786636353,11.861591339111328
0.931739091873169,11.869078636169434
0.9376643896102905,11.87685489654541
0.9347884654998779,11.876700401306152
0.9358135461807251,11.875397682189941
0.9190112948417664,11.869385719299316
0.9246326684951782,11.858771324157715
0.9271672964096069,11.852471351623535
0.9248592853546143,11.846915245056152
0.936577558517456,11.839478492736816
0.9295735359191895,11.837197303771973
0.9294773936271667,11.833611488342285
0.9310566186904907,11.829597473144531
0.9346675872802734,11.821707725524902
0.9137316346168518,11.813986778259277
0.9149184226989746,11.808147430419922
0.9229400753974915,11.801445960998535
0.946006178855896,11.796745300292969
0.942889392375946,11.793830871582031
0.9318870902061462,11.790953636169434
0.9316984415054321,11.78652286529541
0.9500150084495544,11.782563209533691
0.9303034543991089,11.776801109313965
0.9323732852935791,11.767828941345215
0.9253077507019043,11.757271766662598
0.9179234504699707,11.745345115661621
0.9281966686248779,11.730080604553223
0.9201731085777283,11.719780921936035
0.9528576135635376,11.716231346130371
0.9279142618179321,11.717782020568848
0.9372074604034424,11.717040061950684
0.9246712923049927,11.715485572814941
0.9249400496482849,11.711348533630371
0.9191839694976807,11.70693302154541
0.9454352855682373,11.701376914978027
0.9578179121017456,11.691463470458984
0.9275949597358704,11.686206817626953
0.9218437671661377,11.680110931396484
0.9245976805686951,11.673111915588379
0.9322438836097717,11.668305397033691
0.924796462059021,11.662873268127441
0.9364467263221741,11.666686058044434
0.9418635964393616,11.661925315856934
0.943993866443634,11.662026405334473
0.9331722855567932,11.656272888183594
0.9385045170783997,11.649227142333984
0.9410048723220825,11.643996238708496
0.9294123649597168,11.642693519592285
0.9370739459991455,11.645928382873535
0.9349617958068848,11.647705078125
0.9387488961219788,11.654379844665527
0.9321870803833008,11.65988826751709
0.9402302503585815,11.660958290100098
0.93578040599823,11.653336524963379
0.9360700249671936,11.64023494720459
0.946892499923706,11.629340171813965
0.9243337512016296,11.619956970214844
0.9284347295761108,11.60626220703125
0.9274255633354187,11.59989070892334
0.9359076023101807,11.59244441986084
0.9115266799926758,11.579792022705078
0.9284316897392273,11.575667381286621
0.9259712100028992,11.568985939025879
0.9416789412498474,11.560629844665527
0.9417734146118164,11.554337501525879
0.9533606767654419,11.549490928649902
0.9229142665863037,11.552847862243652
0.9490975141525269,11.565383911132812
0.939400851726532,11.57602310180664
0.9181355834007263,11.580066680908203
0.9441154599189758,11.581063270568848
0.9373399019241333,11.577750205993652
0.925112783908844,11.574103355407715
0.9187209010124207,11.569594383239746
0.9567912817001343,11.564841270446777
0.9280122518539429,11.564148902893066
0.9284666776657104,11.571145057678223
0.9408228993415833,11.578194618225098
0.9215331673622131,11.586605072021484
0.9194707274436951,11.590285301208496
0.9454053044319153,11.593177795410156
0.9242259860038757,11.595032691955566
0.940239667892456,11.59158992767334
0.9372218251228333,11.589552879333496
0.935994029045105,11.590666770935059
0.9309735298156738,11.589964866638184
0.9304449558258057,11.586528778076172
0.9441794157028198,11.58402156829834
0.9521138072013855,11.583702087402344
0.9323968887329102,11.585204124450684
0.9551774859428406,11.583983421325684
0.9425733685493469,11.581053733825684
0.9470462799072266,11.582222938537598
0.9318947792053223,11.577957153320312
0.9318902492523193,11.570052146911621
0.9459912776947021,11.558114051818848
0.9396250247955322,11.547682762145996
0.9332242012023926,11.543755531311035
0.937651515007019,11.548988342285156
0.9396688938140869,11.555642127990723
0.9404054880142212,11.558211326599121
0.9308291673660278,11.553635597229004
0.9188073873519897,11.546235084533691
0.9283707737922668,11.53653621673584
0.9435778856277466,11.527359962463379
0.9242522716522217,11.522002220153809
0.940609335899353,11.507956504821777
0.9367465972900391,11.496962547302246
0.9296592473983765,11.483345985412598
0.9246087074279785,11.472657203674316
0.9301441311836243,11.467179298400879
0.9376473426818848,11.466607093811035
0.930966854095459,11.457839012145996
0.9451810717582703,11.444853782653809
0.9350017309188843,11.42764663696289
0.9434500932693481,11.408904075622559
0.9412806034088135,11.388169288635254
0.9292457699775696,11.368577003479004
0.9280316829681396,11.351245880126953
0.9296533465385437,11.342815399169922
0.9371474981307983,11.326798439025879
0.9419249296188354,11.314156532287598
0.9327986240386963,11.30224609375
0.9305728077888489,11.289168357849121
0.9407662749290466,11.278214454650879
0.9243133068084717,11.26937198638916
0.9332931637763977,11.266633033752441
0.9251402616500854,11.267951011657715
0.9604295492172241,11.268385887145996
0.9358481168746948,11.266242027282715
0.9343196153640747,11.266745567321777
0.9366723895072937,11.266547203063965
0.9383251667022705,11.26656436920166
0.9240420460700989,11.269537925720215
0.936348557472229,11.26914119720459
0.9398820996284485,11.270005226135254
0.9392706751823425,11.274292945861816
0.9361298680305481,11.272749900817871
0.9104410409927368,11.277031898498535
0.9147002696990967,11.269562721252441
0.934292733669281,11.257645606994629
0.9322097897529602,11.249550819396973
0.9356008768081665,11.245848655700684
0.9185609817504883,11.246611595153809
0.9413338899612427,11.247527122497559
0.9346815347671509,11.244589805603027
0.9263094663619995,11.245429039001465
0.9308486580848694,11.243462562561035
0.9350869655609131,11.23618221282959
0.9330739378929138,11.233063697814941
0.9339596033096313,11.230584144592285
0.9338139891624451,11.228972434997559
0.9366207122802734,11.227547645568848
0.9341772794723511,11.227011680603027
0.9333715438842773,11.229973793029785
0.9203293919563293,11.233641624450684
0.9174804091453552,11.233603477478027
0.9385610222816467,11.234061241149902
0.9481596946716309,11.234207153320312
0.9364897012710571,11.23513126373291
0.9261661171913147,11.237763404846191
0.9525699615478516,11.244513511657715
0.9362336993217468,11.252602577209473
0.9581649303436279,11.26041030883789
0.9453979134559631,11.267289161682129
0.9235627055168152,11.268233299255371
0.9352180361747742,11.272271156311035
0.9235773682594299,11.277740478515625
0.9439662098884583,11.277393341064453
0.9205911159515381,11.278595924377441
0.9265027046203613,11.283995628356934
0.9453485012054443,11.286154747009277
0.9215530753135681,11.287858009338379
0.932022213935852,11.290802955627441
0.9327338337898254,11.293702125549316
0.950973391532898,11.296520233154297
0.9248960614204407,11.300006866455078
0.9472948312759399,11.296278953552246
0.9482724070549011,11.293953895568848
0.9462622404098511,11.289048194885254
0.9376223087310791,11.283257484436035
0.9183676838874817,11.280193328857422
0.9422357082366943,11.27554702758789
0.9305300712585449,11.276419639587402
0.9435809850692749,11.274443626403809
0.9431781768798828,11.276305198669434
0.930050790309906,11.27724552154541
0.9170686602592468,11.280409812927246
0.9440279006958008,11.280440330505371
0.9304131269454956,11.283120155334473
0.933963418006897,11.280203819274902
0.9397372007369995,11.278985023498535
0.9312160611152649,11.279107093811035
0.9332484006881714,11.28292179107666
0.9332271218299866,11.286490440368652
0.9137774705886841,11.290772438049316
0.9329846501350403,11.29318618774414
0.9332324862480164,11.291985511779785
0.9299565553665161,11.28562068939209
0.9356780648231506,11.275979042053223
0.9325446486473083,11.272858619689941
0.913429319858551,11.266974449157715
0.9276068806648254,11.265585899353027
0.9305806159973145,11.270125389099121
0.9436410665512085,11.270965576171875
0.9276447892189026,11.268043518066406
0.9270839095115662,11.265384674072266
0.9361525774002075,11.265252113342285
0.9390533566474915,11.271803855895996
0.9394406676292419,11.276816368103027
0.9269565939903259,11.283478736877441
0.9347217082977295,11.286881446838379
0.9464282393455505,11.290793418884277
0.9138038754463196,11.292122840881348
0.9272164702415466,11.292344093322754
0.9456411004066467,11.294007301330566
0.9533976912498474,11.294760704040527
0.9391816258430481,11.29427433013916
0.9163819551467896,11.292235374450684
0.9314345717430115,11.296321868896484
0.9429648518562317,11.301124572753906
0.9334260821342468,11.304770469665527
0.9471023082733154,11.305647850036621
0.9294303059577942,11.303725242614746
0.9374122619628906,11.300986289978027
0.9160244464874268,11.294808387756348
0.9408701658248901,11.286362648010254
0.9394604563713074,11.27487850189209
0.936026930809021,11.265503883361816
0.9247764348983765,11.255049705505371
0.9200152158737183,11.25040054321289
0.926946759223938,11.245521545410156
0.9306663274765015,11.244414329528809
0.9479885697364807,11.250412940979004
0.9330599904060364,11.254817962646484
0.9373219013214111,11.258339881896973
0.9346098303794861,11.262466430664062
0.9418830871582031,11.266356468200684
0.914226233959198,11.271864891052246
0.9341011643409729,11.264473915100098
0.9307550191879272,11.25850772857666
0.9169310927391052,11.258132934570312
0.9272192716598511,11.251338958740234
0.9233853220939636,11.235886573791504
0.9485263824462891,11.213436126708984
0.9229043126106262,11.188864707946777
0.9338602423667908,11.16671085357666
0.9521430134773254,11.149077415466309
0.9512125253677368,11.135039329528809
0.9371175765991211,11.123625755310059
0.9344838857650757,11.111855506896973
0.9239343404769897,11.103682518005371
0.9288372993469238,11.095084190368652
0.9328910112380981,11.087141990661621
0.9277729392051697,11.077101707458496
0.9268097877502441,11.06734561920166
0.9343315958976746,11.061835289001465
0.9476472735404968,11.053337097167969
0.9237765669822693,11.046746253967285
0.9429994225502014,11.041810035705566
0.9398956298828125,11.046939849853516
0.9423421621322632,11.057969093322754
0.9427729845046997,11.068665504455566
0.930478572845459,11.077088356018066
0.9264227747917175,11.084336280822754
0.9471964836120605,11.085297584533691
0.9468653202056885,11.084609031677246
0.9412437677383423,11.08901309967041
0.9251874685287476,11.091683387756348
0.9438441395759583,11.095938682556152
0.9295739531517029,11.097411155700684
0.9279940724372864,11.103018760681152
0.9245715141296387,11.104377746582031
0.9235032796859741,11.105042457580566
0.9433297514915466,11.105186462402344
0.9132459759712219,11.102005004882812
0.946297287940979,11.103310585021973
0.9502674341201782,11.104432106018066
0.9522527456283569,11.106240272521973
0.9327583909034729,11.109076499938965
0.9269000887870789,11.112968444824219
0.9401220679283142,11.121383666992188
0.9322484731674194,11.127906799316406
0.9358081817626953,11.12954044342041
0.9278450608253479,11.132048606872559
0.9277313947677612,11.137490272521973
0.9401344656944275,11.137290000915527
0.9425324201583862,11.138556480407715
0.9371978044509888,11.149921417236328
0.9276556968688965,11.160920143127441
0.9323807954788208,11.168885231018066
0.9391764402389526,11.177931785583496
0.9318768382072449,11.18082332611084
0.9370777606964111,11.188467979431152
0.9154213070869446,11.201539039611816
0.9326545596122742,11.21511173248291
0.9250200986862183,11.233954429626465
0.9311808347702026,11.251633644104004
0.9349567294120789,11.262017250061035
0.9411094784736633,11.274230003356934
0.9458752870559692,11.282866477966309
0.9387942552566528,11.289399147033691
0.9407390356063843,11.293449401855469
0.9392498731613159,11.295533180236816
0.9373586177825928,11.298249244689941
0.9376072883605957,11.299312591552734
0.9550636410713196,11.300945281982422
0.9399458169937134,11.298247337341309
0.9458222985267639,11.295879364013672
0.9269795417785645,11.293852806091309
0.9499961137771606,11.295700073242188
0.9339053630828857,11.297043800354004
0.9255506992340088,11.300599098205566
0.937724769115448,11.303092956542969
0.9440674781799316,11.303467750549316
0.9513530135154724,11.305846214294434
0.9445866942405701,11.306232452392578
0.9395121335983276,11.305416107177734
0.9238122701644897,11.30355453491211
0.9197592735290527,11.302842140197754
0.9351472854614258,11.303038597106934
0.9353471994400024,11.299546241760254
0.9321513175964355,11.288163185119629
0.9435957670211792,11.276500701904297
0.9399937987327576,11.265074729919434
0.9340258836746216,11.253539085388184
0.9410151243209839,11.237259864807129
0.935508668422699,11.223159790039062
0.9391098022460938,11.204817771911621
0.9423081278800964,11.187483787536621
0.9285313487052917,11.170928001403809
0.9351494312286377,11.152709007263184
0.9237801432609558,11.140486717224121
0.9390193223953247,11.131491661071777
0.9411227703094482,11.123786926269531
0.9307267665863037,11.120891571044922
0.9240084886550903,11.11832332611084
0.9382227659225464,11.118241310119629
0.9365233182907104,11.115535736083984
0.9312434196472168,11.118857383728027
0.9560565948486328,11.120833396911621
0.9391127824783325,11.121338844299316
0.918718159198761,11.125380516052246
0.9290699362754822,11.125380516052246
0.9327782392501831,11.125222206115723
0.9377434253692627,11.126087188720703
0.9346218109130859,11.127525329589844
0.9328688383102417,11.127350807189941
0.9341254234313965,11.129813194274902
0.9467044472694397,11.13278865814209
0.9467268586158752,11.138901710510254
0.9199073314666748,11.144064903259277
0.9437965154647827,11.144827842712402
0.9448446035385132,11.140816688537598
0.9305326342582703,11.134143829345703
0.9502516984939575,11.130181312561035
0.9315988421440125,11.129952430725098
0.9362760782241821,11.137321472167969
0.9492613673210144,11.145102500915527
0.9230144023895264,11.150969505310059
0.9339840412139893,11.154006004333496
0.9261236190795898,11.162666320800781
0.9330172538757324,11.174399375915527
0.9381122589111328,11.183234214782715
0.94280606508255,11.192620277404785
0.9204425811767578,11.203571319580078
0.9392949342727661,11.209771156311035
0.942228376865387,11.2044677734375
0.909096360206604,11.194243431091309
0.9182228446006775,11.184268951416016
0.9260923266410828,11.174503326416016
0.935059666633606,11.164473533630371
0.9454161524772644,11.156126976013184
0.9503760933876038,11.146124839782715
0.934752345085144,11.132247924804688
0.9314504861831665,11.120383262634277
0.9212614297866821,11.110703468322754
0.9260439276695251,11.098221778869629
0.933079719543457,11.085692405700684
0.942546010017395,11.072127342224121
0.9320495128631592,11.058167457580566
0.9326843023300171,11.048462867736816
0.9262533187866211,11.041342735290527
0.9436433911323547,11.03420352935791
0.9311546683311462,11.029502868652344
0.9369273781776428,11.019944190979004
0.942289412021637,11.012986183166504
0.9366222620010376,11.00797176361084
0.9394835233688354,11.002838134765625
0.9359629154205322,10.998732566833496
0.9363495111465454,10.995253562927246
0.9128281474113464,10.988274574279785
0.9334012269973755,10.988990783691406
0.9541370868682861,10.992682456970215
0.9146003723144531,10.993964195251465
0.9431798458099365,10.993071556091309
0.9483255743980408,10.993378639221191
0.9283086657524109,10.997941017150879
0.9334468841552734,11.007793426513672
0.9513610601425171,11.01908016204834
0.9417362213134766,11.025948524475098
0.9272700548171997,11.03267765045166
0.9282631278038025,11.041708946228027
0.9468972086906433,11.045211791992188
0.9272372722625732,11.046698570251465
0.9428982138633728,11.04727840423584
0.944978654384613,11.046103477478027
0.9368744492530823,11.047440528869629
0.9270879030227661,11.051238059997559
0.94468092918396,11.04872989654541
0.9433083534240723,11.047798156738281
0.9334103465080261,11.045493125915527
0.9383442401885986,11.047542572021484
0.9502631425857544,11.050742149353027
0.9339472651481628,11.054665565490723
0.9363014698028564,11.054869651794434
0.9408074617385864,11.052627563476562
0.9385499358177185,11.048099517822266
0.9176216125488281,11.040886878967285
0.9359818696975708,11.043987274169922
0.9469591975212097,11.041167259216309
0.9393719434738159,11.041388511657715
0.9298535585403442,11.037331581115723
0.9355059862136841,11.028769493103027
0.9289034605026245,11.02144718170166
0.9375230073928833,11.013420104980469
0.9433727264404297,11.009835243225098
0.9478408694267273,11.003228187561035
0.9439608454704285,11.004408836364746
0.9429613947868347,11.005583763122559
0.9321626424789429,11.009772300720215
0.9365217685699463,11.012024879455566
0.933589518070221,11.015448570251465
0.9236972332000732,11.01815128326416
0.9294576048851013,11.01898193359375
0.9384462237358093,11.021790504455566
0.9405187368392944,11.023253440856934
0.9317164421081543,11.02008056640625
0.9372618198394775,11.019354820251465
0.9394488334655762,11.019814491271973
0.929906964302063,11.014410972595215
0.93885338306427,11.005725860595703
0.9385606646537781,10.997284889221191
0.935308039188385,10.987137794494629
0.935420572757721,10.979727745056152
0.9475401639938354,10.970404624938965
0.9331516027450562,10.9656982421875
0.9242609739303589,10.963592529296875
0.933198869228363,10.96224594116211
0.9334439635276794,10.9627685546875
0.9392378926277161,10.96950912475586
0.9465408325195312,10.976853370666504
0.9361140727996826,10.981522560119629
0.9408880472183228,10.992653846740723
0.9379528164863586,11.007590293884277
0.9416377544403076,11.021541595458984
0.9542074203491211,11.038283348083496
0.9366580247879028,11.054884910583496
0.9494588971138,11.068915367126465
0.9508876800537109,11.081870079040527
0.9282408356666565,11.087113380432129
0.9483742713928223,11.089661598205566
0.9354661703109741,11.086090087890625
0.92957603931427,11.081840515136719
0.9427869915962219,11.078697204589844
0.9376863241195679,11.071670532226562
0.9338697195053101,11.062819480895996
0.9512871503829956,11.057175636291504
0.9299556612968445,11.04929256439209
0.938509464263916,11.042960166931152
0.9322012066841125,11.042471885681152
0.9492626190185547,11.038555145263672
0.9358062744140625,11.035264015197754
0.9401537775993347,11.034293174743652
0.9424933791160583,11.032672882080078
0.9212418794631958,11.033782005310059
0.9296303391456604,11.027024269104004
0.9358218908309937,11.026185035705566
0.9330376982688904,11.021897315979004
0.9425284266471863,11.011239051818848
0.9487261772155762,10.996135711669922
0.9276162385940552,10.980216026306152
0.9395798444747925,10.969964027404785
0.9269679188728333,10.959148406982422
0.9377971887588501,10.952446937561035
0.942631185054779,10.946898460388184
0.9353296756744385,10.94576358795166
0.9372338652610779,10.942734718322754
0.9512940049171448,10.939952850341797
0.9387352466583252,10.937653541564941
0.9387274980545044,10.938861846923828
0.9420864582061768,10.937150001525879
0.9423262476921082,10.938101768493652
0.9273846745491028,10.934062957763672
0.9405488967895508,10.923483848571777
0.9245741367340088,10.91354751586914
0.9340615272521973,10.911042213439941
0.9340994954109192,10.907120704650879
0.9305823445320129,10.899786949157715
0.9396312236785889,10.892342567443848
0.933842658996582,10.887930870056152
0.9178637266159058,10.883487701416016
0.937630832195282,10.875351905822754
0.9388070702552795,10.868568420410156
0.9344387650489807,10.863670349121094
0.940642237663269,10.856810569763184
0.9427549839019775,10.852433204650879
0.941042959690094,10.85231876373291
0.920508623123169,10.849740028381348
0.9247657060623169,10.847583770751953
0.9411055445671082,10.841571807861328
0.9371083378791809,10.834084510803223
0.9453445672988892,10.828118324279785
0.911029577255249,10.825669288635254
0.9510709047317505,10.818650245666504
0.9360979199409485,10.810539245605469
0.9316171407699585,10.803544044494629
0.9528664350509644,10.797211647033691
0.932551383972168,10.792987823486328
0.9300481081008911,10.78537654876709
0.9340249300003052,10.784201622009277
0.9387414455413818,10.789694786071777
0.9407538771629333,10.795218467712402
0.9378269910812378,10.805825233459473
0.9327432513237,10.817673683166504
0.9380216002464294,10.82705020904541
0.9383834004402161,10.83884048461914
0.92991703748703,10.85227108001709
0.9170214533805847,10.856675148010254
0.952226996421814,10.858878135681152
0.9250568151473999,10.861289978027344
0.9460228085517883,10.861008644104004
0.9296514391899109,10.866049766540527
0.9352923035621643,10.873291969299316
0.9197394847869873,10.879691123962402
0.9266584515571594,10.887627601623535
0.9445984363555908,10.89178466796875
0.9490192532539368,10.897293090820312
0.9480063915252686,10.899903297424316
0.9345046281814575,10.900664329528809
0.9396992325782776,10.905213356018066
0.9439085721969604,10.90871810913086
0.9499857425689697,10.911147117614746
0.9503331184387207,10.915482521057129
0.9337278604507446,10.918503761291504
0.9309272170066833,10.91665267944336
0.9399431943893433,10.914292335510254
0.9455950260162354,10.914521217346191
0.9403041005134583,10.916808128356934
0.9299664497375488,10.913214683532715
0.9461311101913452,10.911362648010254
0.9222511649131775,10.909278869628906
0.9481593370437622,10.905165672302246
0.9493281245231628,10.903929710388184
0.9456223249435425,10.905617713928223
0.9364950060844421,10.90512752532959
0.9363260865211487,10.905646324157715
0.940375804901123,10.90897274017334
0.9240578413009644,10.917572021484375
0.9394636154174805,10.924569129943848
0.9397628307342529,10.924025535583496
0.9425824284553528,10.923989295959473
0.9369561672210693,10.921805381774902
0.9311908483505249,10.915473937988281
0.9331086277961731,10.912735939025879
0.9188761711120605,10.90756893157959
0.9443907141685486,10.908493995666504
0.9422296285629272,10.905376434326172
0.9163230061531067,10.901986122131348
0.9385603666305542,10.89601993560791
0.9378800392150879,10.888970375061035
0.942139208316803,10.884963035583496
0.9343647956848145,10.885817527770996
0.949531078338623,10.887717247009277
0.9398999214172363,10.88021183013916
0.9429346919059753,10.876875877380371
0.9414643049240112,10.870674133300781
0.9481234550476074,10.860594749450684
0.9403219819068909,10.854735374450684
0.924744188785553,10.847321510314941
0.9462571144104004,10.841140747070312
0.9313148260116577,10.83310604095459
0.9391143321990967,10.826539039611816
0.9405546188354492,10.820923805236816
0.9540494084358215,10.816313743591309
0.9402000904083252,10.815451622009277
0.9378151893615723,10.812911987304688
0.912727952003479,10.81131649017334
0.9247011542320251,10.811267852783203
0.9296113848686218,10.809149742126465
0.9436938762664795,10.807586669921875
0.9395963549613953,10.808600425720215
0.9358910322189331,10.809754371643066
0.9297081828117371,10.806031227111816
0.9405857920646667,10.806221961975098
0.9471771717071533,10.806133270263672
0.940146803855896,10.812664031982422
0.948857843875885,10.81386661529541
0.929983913898468,10.814139366149902
0.944707989692688,10.815428733825684
0.932334840297699,10.819670677185059
0.9458243250846863,10.820998191833496
0.9309596419334412,10.818619728088379
0.9319943189620972,10.817276000976562
0.927663266658783,10.817521095275879
0.939202606678009,10.820446014404297
0.9431799650192261,10.82138729095459
0.9394140243530273,10.822577476501465
0.9481236934661865,10.828421592712402
0.9402909278869629,10.82846736907959
0.954686164855957,10.832718849182129
0.9410249590873718,10.836236000061035
0.9202030897140503,10.834488868713379
0.9286618828773499,10.834273338317871
0.9338417649269104,10.837349891662598
0.9414916038513184,10.838583946228027
0.935670018196106,10.840302467346191
0.9250514507293701,10.839478492736816
0.9417952299118042,10.828843116760254
0.9312171936035156,10.819747924804688
0.9398221969604492,10.811392784118652
0.9252697825431824,10.799834251403809
0.9335476756095886,10.790717124938965
0.9364902973175049,10.772749900817871
0.9286957383155823,10.756196022033691
0.9303866624832153,10.739462852478027
0.9385144114494324,10.726166725158691
0.9384657144546509,10.712861061096191
0.9467743635177612,10.700446128845215
0.929928183555603,10.69161319732666
0.9431648254394531,10.677674293518066
0.9289669394493103,10.66382884979248
0.9124142527580261,10.652070045471191
0.9417413473129272,10.64300537109375
0.9332845211029053,10.637269020080566
0.9519620537757874,10.629986763000488
0.9372576475143433,10.620841026306152
0.9377830028533936,10.615952491760254
0.9491608142852783,10.61081600189209
0.9423748254776001,10.606358528137207
0.9396554231643677,10.596068382263184
0.9291324615478516,10.587462425231934
0.9396898746490479,10.579995155334473
0.9284124970436096,10.574210166931152
0.9312072992324829,10.566300392150879
0.9493598937988281,10.56196117401123
0.9329777359962463,10.55611801147461
0.9227325916290283,10.551464080810547
0.926433265209198,10.548335075378418
0.9279912114143372,10.539727210998535
0.9307146072387695,10.535307884216309
0.9134299755096436,10.532271385192871
0.9379910230636597,10.529837608337402
0.926733136177063,10.5256986618042
0.9340524077415466,10.526755332946777
0.9361358284950256,10.527953147888184
0.9293225407600403,10.528090476989746
0.9317336082458496,10.520663261413574
0.9298773407936096,10.509777069091797
0.9499052166938782,10.498795509338379
0.9266555309295654,10.485177040100098
0.9343242049217224,10.475598335266113
0.9388426542282104,10.46884822845459
0.9247692227363586,10.465704917907715
0.944416344165802,10.465912818908691
0.9303491115570068,10.463099479675293
0.9187179803848267,10.462603569030762
0.9380452632904053,10.458725929260254
0.9436677694320679,10.453968048095703
0.8990810513496399,10.452656745910645
0.9324034452438354,10.445026397705078
0.9287200570106506,10.432494163513184
0.9358200430870056,10.423896789550781
0.9452758431434631,10.416336059570312
0.925764799118042,10.413105964660645
0.92815762758255,10.40737247467041
0.9352706074714661,10.39780330657959
0.9343799352645874,10.392546653747559
0.9480217099189758,10.387579917907715
0.9270058274269104,10.383598327636719
0.9370357990264893,10.38210678100586
0.9337621331214905,10.379149436950684
0.9375098347663879,10.375426292419434
0.9550997018814087,10.374978065490723
0.9321886897087097,10.375662803649902
0.9443946480751038,10.3807373046875
0.9401895999908447,10.388712882995605
0.9301643967628479,10.393567085266113
0.9278331995010376,10.39397144317627
0.9368252158164978,10.393295288085938
0.9230284094810486,10.396567344665527
0.9423187375068665,10.401190757751465
0.9460585117340088,10.40183162689209
0.9365836381912231,10.403084754943848
0.9365195631980896,10.401822090148926
0.916839599609375,10.395966529846191
0.944267749786377,10.394139289855957
0.9409779906272888,10.392247200012207
0.9464663863182068,10.385565757751465
0.9293951988220215,10.380026817321777
0.9481822848320007,10.37704086303711
0.9271876811981201,10.37413501739502
0.9386498332023621,10.375316619873047
0.9478234648704529,10.373507499694824
0.951938271522522,10.369574546813965
0.9384456872940063,10.364081382751465
0.9545878171920776,10.365828514099121
0.9393954277038574,10.36394214630127
0.9275668859481812,10.364459037780762
0.9352205991744995,10.35915756225586
0.9336951375007629,10.353278160095215
0.920710563659668,10.349700927734375
0.9358946084976196,10.343372344970703
0.9300406575202942,10.340362548828125
0.9399725794792175,10.339417457580566
0.9129374623298645,10.339592933654785
0.9473098516464233,10.330170631408691
0.9285435676574707,10.325953483581543
0.9351013898849487,10.31771183013916
0.9429448246955872,10.311055183410645
0.9430235028266907,10.305912017822266
0.9314837455749512,10.304564476013184
0.9412420988082886,10.304917335510254
0.9149366617202759,10.304617881774902
0.9298345446586609,10.304092407226562
0.9395562410354614,10.304527282714844
0.9375423192977905,10.307040214538574
0.9380912184715271,10.30072021484375
0.9360939860343933,10.301026344299316
0.9257575869560242,10.301945686340332
0.9473786950111389,10.299698829650879
0.932988703250885,10.295502662658691
0.953830361366272,10.290261268615723
0.9360363483428955,10.284499168395996
0.9600828289985657,10.275435447692871
0.9384793043136597,10.271523475646973
0.9398139715194702,10.266053199768066
0.9316911697387695,10.261076927185059
0.9329907894134521,10.257434844970703
0.9434822201728821,10.256828308105469
0.9425139427185059,10.254653930664062
0.9392722845077515,10.254566192626953
0.9425238370895386,10.259919166564941
0.9402501583099365,10.263968467712402
0.9305151700973511,10.271576881408691
0.9268257021903992,10.276518821716309
0.9381915926933289,10.285152435302734
0.9437617659568787,10.288390159606934
0.9412192106246948,10.295157432556152
0.9299671053886414,10.302821159362793
0.9393991231918335,10.31189250946045
0.9357094168663025,10.32105541229248
0.9264089465141296,10.332451820373535
0.9486574530601501,10.346207618713379
0.9238758683204651,10.35605525970459
0.9342460036277771,10.363883018493652
0.929339587688446,10.3698148727417
0.9440830945968628,10.371810913085938
0.9296185374259949,10.368889808654785
0.9248690605163574,10.362374305725098
0.9172490835189819,10.35495376586914
0.930833637714386,10.346856117248535
0.9436231851577759,10.342137336730957
0.935958743095398,10.344109535217285
0.9418991804122925,10.351407051086426
0.9455416798591614,10.360859870910645
0.9367924332618713,10.367317199707031
0.9361777305603027,10.370678901672363
0.9429818391799927,10.376143455505371
0.9434601664543152,10.3829984664917
0.9360830187797546,10.391852378845215
0.9304285645484924,10.398308753967285
0.9197704792022705,10.405844688415527
0.9501159191131592,10.415928840637207
0.9461035132408142,10.427879333496094
0.9280415773391724,10.434174537658691
0.9387387633323669,10.444098472595215
0.9356606006622314,10.452361106872559
0.9558724761009216,10.455523490905762
0.9367671012878418,10.461514472961426
0.9347777962684631,10.466197967529297
0.9356856942176819,10.470915794372559
0.9474880695343018,10.482243537902832
0.9273565411567688,10.49173355102539
0.9408951997756958,10.496941566467285
0.9459010362625122,10.503798484802246
0.948426365852356,10.508179664611816
0.9380810856819153,10.514311790466309
0.9540894031524658,10.519438743591309
0.9177552461624146,10.523810386657715
0.9366280436515808,10.528992652893066
0.9497033357620239,10.538856506347656
0.9397637248039246,10.547135353088379
0.9499980211257935,10.555084228515625
0.9402074813842773,10.565716743469238
0.9377558827400208,10.572762489318848
0.939774215221405,10.583617210388184
0.9262264966964722,10.593250274658203
0.9220870733261108,10.600200653076172
0.9360132813453674,10.610542297363281
0.9300603270530701,10.618901252746582
0.9297598600387573,10.625885963439941
0.9411044120788574,10.635758399963379
0.953815221786499,10.637923240661621
0.939923882484436,10.638785362243652
0.9377008080482483,10.636348724365234
0.9311585426330566,10.637652397155762
0.9285973310470581,10.645689964294434
0.9281978607177734,10.646636009216309
0.9356673359870911,10.64951229095459
0.9413535594940186,10.6535062789917
0.9503695964813232,10.656388282775879
0.9371206164360046,10.657927513122559
0.9414831399917603,10.656158447265625
0.950946033000946,10.657334327697754
0.9354838132858276,10.656559944152832
0.919140100479126,10.651000022888184
0.9285287857055664,10.64542007446289
0.9316990971565247,10.641270637512207
0.9324126243591309,10.638421058654785
0.9436240196228027,10.637951850891113
0.9357264637947083,10.639241218566895
0.9570290446281433,10.638649940490723
0.9267299175262451,10.635993003845215
0.9338304400444031,10.628165245056152
0.9482965469360352,10.619132041931152
0.9382849931716919,10.606403350830078
0.9321178793907166,10.590690612792969
0.9521797895431519,10.578594207763672
0.9315465092658997,10.56752872467041
0.9506087303161621,10.551758766174316
0.9404346942901611,10.537446022033691
0.9397242665290833,10.5248441696167
0.939907968044281,10.516386985778809
0.9473128318786621,10.504698753356934
0.9430031776428223,10.494723320007324
0.937760591506958,10.483920097351074
0.9300582408905029,10.474137306213379
0.945393443107605,10.46392822265625
0.9450805187225342,10.46481990814209
0.9276075959205627,10.467543601989746
0.9405368566513062,10.472601890563965
0.9435632824897766,10.478238105773926
0.9528952836990356,10.486969947814941
0.9406299591064453,10.492562294006348
0.9443803429603577,10.492745399475098
0.9515766501426697,10.492217063903809
0.9472354054450989,10.491747856140137
0.9476271271705627,10.49270248413086
0.931037187576294,10.488850593566895
0.9442267417907715,10.484115600585938
0.9449539184570312,10.479870796203613
0.9522655010223389,10.478484153747559
0.9344477653503418,10.47812557220459
0.9373660087585449,10.478779792785645
0.9394352436065674,10.484847068786621
0.9461703300476074,10.488402366638184
0.9571073651313782,10.48679256439209
0.9121980667114258,10.485527992248535
0.9425430297851562,10.490574836730957
0.9486469626426697,10.498515129089355
0.9414485096931458,10.51058292388916
0.9489122629165649,10.525155067443848
0.9327548742294312,10.541169166564941
0.9328981041908264,10.556214332580566
0.939409077167511,10.575818061828613
0.9532107710838318,10.59737777709961
0.9312230944633484,10.61215877532959
0.9269470572471619,10.62243366241455
0.9332293272018433,10.628546714782715
0.941114068031311,10.631789207458496
0.9244378805160522,10.63059139251709
0.9416138529777527,10.624642372131348
0.9382354021072388,10.622154235839844
0.932379961013794,10.615155220031738
0.9351242780685425,10.614237785339355
0.9191086292266846,10.61312198638916
0.940342366695404,10.605365753173828
0.9415227174758911,10.59632396697998
0.9437999129295349,10.580814361572266
0.9135436415672302,10.570271492004395
0.9478903412818909,10.561058044433594
0.9374790787696838,10.552729606628418
0.9439942836761475,10.541451454162598
0.9387004375457764,10.537766456604004
0.9419680237770081,10.528687477111816
0.9342396855354309,10.517548561096191
0.939426600933075,10.511589050292969
0.9600170850753784,10.505621910095215
0.9308571815490723,10.498272895812988
0.947692334651947,10.488053321838379
0.9311922192573547,10.475234031677246
0.9477643966674805,10.459968566894531
0.9365193843841553,10.444564819335938
0.9522056579589844,10.432478904724121
0.9313210844993591,10.416733741760254
0.9552862048149109,10.407601356506348
0.9389809370040894,10.397228240966797
0.9374307990074158,10.38541316986084
0.9391695261001587,10.36669921875
0.9366117715835571,10.354506492614746
0.9350326657295227,10.341716766357422
0.933360755443573,10.334235191345215
0.9444050788879395,10.329333305358887
0.931767463684082,10.326958656311035
0.9251307249069214,10.329171180725098
0.9319844245910645,10.328276634216309
0.9276285767555237,10.320526123046875
0.9369586110115051,10.311604499816895
0.9243432879447937,10.303278923034668
0.9437515139579773,10.293499946594238
0.945499062538147,10.285929679870605
0.9281437397003174,10.277863502502441
0.9368690848350525,10.275055885314941
0.9342451691627502,10.268670082092285
0.9440393447875977,10.258688926696777
0.9511458873748779,10.25131893157959
0.9532196521759033,10.241095542907715
0.9384374618530273,10.232766151428223
0.9345773458480835,10.225920677185059
0.9427773952484131,10.216757774353027
0.9541985392570496,10.21213150024414
0.9276068210601807,10.205229759216309
0.9425418376922607,10.194714546203613
0.9411114454269409,10.18646240234375
0.9449432492256165,10.180920600891113
0.9266881346702576,10.178264617919922
0.9343879222869873,10.172786712646484
0.934165894985199,10.162943840026855
0.9385934472084045,10.151293754577637
0.9381322264671326,10.141864776611328
0.9357768893241882,10.138901710510254
0.9426606893539429,10.136733055114746
0.9441216588020325,10.13782024383545
0.934943437576294,10.137330055236816
0.9448323249816895,10.144217491149902
0.9425660967826843,10.152609825134277
0.9588513374328613,10.161632537841797
0.9419674873352051,10.172417640686035
0.9394579529762268,10.186198234558105
0.9360425472259521,10.197592735290527
0.9302623867988586,10.21462345123291
0.939988911151886,10.226482391357422
0.9561095833778381,10.240371704101562
0.9462931156158447,10.254050254821777
0.933009147644043,10.270249366760254
0.9344687461853027,10.280661582946777
0.9493176937103271,10.28469181060791
0.9312521815299988,10.288939476013184
0.9431151747703552,10.29077434539795
0.9286127686500549,10.289149284362793
0.9269651770591736,10.292771339416504
0.9398497939109802,10.294697761535645
0.9302394390106201,10.295463562011719
0.9235845804214478,10.294684410095215
0.9459146857261658,10.29630184173584
0.9432133436203003,10.300684928894043
0.9382815957069397,10.30743408203125
0.9342932105064392,10.321975708007812
0.9344056844711304,10.338431358337402
0.9389604926109314,10.350342750549316
0.9260886907577515,10.358551979064941
0.9375762939453125,10.360512733459473
0.9319112300872803,10.360756874084473
0.9184062480926514,10.360550880432129
0.9264192581176758,10.3546724319458
0.9332497119903564,10.351394653320312
0.9343698024749756,10.352612495422363
0.9491435885429382,10.349177360534668
0.9453245401382446,10.349090576171875
0.952579140663147,10.34060001373291
0.9451945424079895,10.331028938293457
0.9312700629234314,10.32840633392334
0.9470846056938171,10.328291893005371
0.9379698634147644,10.32766056060791
0.9499655961990356,10.328139305114746
0.9462929964065552,10.328895568847656
0.9409618377685547,10.33155345916748
0.9409023523330688,10.334579467773438
0.9479058980941772,10.333365440368652
0.9324119091033936,10.33105754852295
0.927943766117096,10.324456214904785
0.9367225170135498,10.31368350982666
0.9303038120269775,10.305252075195312
0.9459658861160278,10.29781436920166
0.9360719919204712,10.294596672058105
0.937111496925354,10.28891658782959
0.9362022876739502,10.280869483947754
0.9588598608970642,10.276039123535156
0.9328997135162354,10.276961326599121
0.939685583114624,10.278815269470215
0.9406833052635193,10.278514862060547
0.9295859336853027,10.275176048278809
0.9453502297401428,10.274447441101074
0.928849458694458,10.277670860290527
0.944444477558136,10.281298637390137
0.931593656539917,10.28433895111084
0.9352548122406006,10.282792091369629
0.9432600736618042,10.27807903289795
0.9198793172836304,10.271419525146484
0.9355851411819458,10.263434410095215
0.9332019686698914,10.256489753723145
0.9417492151260376,10.250633239746094
0.9387790560722351,10.251137733459473
0.9430205225944519,10.25277328491211
0.9324289560317993,10.253188133239746
0.9395815134048462,10.251365661621094
0.9315649271011353,10.243912696838379
0.9420063495635986,10.235313415527344
0.9424416422843933,10.224047660827637
0.9525707364082336,10.21619701385498
0.9297372102737427,10.210395812988281
0.944966733455658,10.20949649810791
0.9244991540908813,10.207863807678223
0.9345121383666992,10.210465431213379
0.9405919909477234,10.211287498474121
0.949870765209198,10.216094017028809
0.9454909563064575,10.219969749450684
0.9522533416748047,10.228462219238281
0.9481428265571594,10.2376708984375
0.9156748652458191,10.243721008300781
0.941351056098938,10.250930786132812
0.9454342722892761,10.259040832519531
0.9560469388961792,10.266839027404785
0.9603879451751709,10.273955345153809
0.9471008777618408,10.279850006103516
0.9412058591842651,10.284014701843262
0.9238470792770386,10.288161277770996
0.9542815685272217,10.294373512268066
0.933595597743988,10.298256874084473
0.9455450177192688,10.306397438049316
0.960026741027832,10.30747127532959
0.9349749088287354,10.30794620513916
0.9415464401245117,10.310832977294922
0.9404492378234863,10.317005157470703
0.9456108808517456,10.32585620880127
0.939412534236908,10.334250450134277
0.9257941246032715,10.343741416931152
0.9485751390457153,10.350544929504395
0.9580817818641663,10.354415893554688
0.9399698376655579,10.361007690429688
0.9419804215431213,10.366276741027832
0.9181788563728333,10.367814064025879
0.9429251551628113,10.369133949279785
0.9276217818260193,10.366543769836426
0.9518731236457825,10.36191177368164
0.9401791095733643,10.36220932006836
0.9599184989929199,10.367903709411621
0.941951334476471,10.372397422790527
0.931128978729248,10.372857093811035
0.9323171377182007,10.375800132751465
0.9269993305206299,10.375296592712402
0.9517844319343567,10.370972633361816
0.9568740129470825,10.368422508239746
0.9496116638183594,10.367241859436035
0.9427319169044495,10.368414878845215
0.9447489380836487,10.370514869689941
0.9256916046142578,10.370448112487793
0.9425124526023865,10.36428165435791
0.933967649936676,10.353034019470215
0.9253135323524475,10.339848518371582
0.927374005317688,10.325251579284668
0.9393932819366455,10.310687065124512
0.9397691488265991,10.298697471618652
0.9389384388923645,10.28622817993164
0.9177364110946655,10.272944450378418
0.9425075650215149,10.261458396911621
0.9355286359786987,10.246894836425781
0.9254570007324219,10.233162879943848
0.9460384845733643,10.218765258789062
0.9477230310440063,10.203536987304688
0.9355413913726807,10.187348365783691
0.9438502788543701,10.175032615661621
0.941920280456543,10.16899585723877
0.9464659094810486,10.16119384765625
0.9350690841674805,10.153267860412598
0.9523422718048096,10.146157264709473
0.9527917504310608,10.137943267822266
0.945433497428894,10.130396842956543
0.9405884742736816,10.127692222595215
0.9406236410140991,10.127067565917969
0.9347286820411682,10.126540184020996
0.9621690511703491,10.126556396484375
0.9455735087394714,10.122450828552246
0.9543603658676147,10.12078857421875
0.9397569298744202,10.118941307067871
0.9448533058166504,10.119444847106934
0.9356071949005127,10.124968528747559
0.9425684213638306,10.130345344543457
0.9534106850624084,10.136931419372559
0.944636881351471,10.140097618103027
0.9341235160827637,10.145209312438965
0.9339041709899902,10.143790245056152
0.9406609535217285,10.138636589050293
0.9331514835357666,10.134735107421875
0.9402173161506653,10.129974365234375
0.9439542293548584,10.126873970031738
0.9518359899520874,10.118731498718262
0.9332809448242188,10.112693786621094
0.952254056930542,10.098237037658691
0.9371411204338074,10.077678680419922
0.9330534338951111,10.06065845489502
0.9354971647262573,10.043625831604004
0.9491993188858032,10.02536678314209
0.9446136951446533,10.014605522155762
0.9499497413635254,10.004264831542969
0.9412381649017334,9.997513771057129
0.9420443177223206,9.99509334564209
0.9547825455665588,9.991578102111816
0.9328835606575012,9.985892295837402
0.9318323731422424,9.97970962524414
0.929275631904602,9.975255012512207
0.9448776245117188,9.971993446350098
0.94423508644104,9.973145484924316
0.9438451528549194,9.969759941101074
0.934489905834198,9.968710899353027
0.9465699195861816,9.9655179977417
0.9543289542198181,9.961915016174316
0.943774402141571,9.959083557128906
0.9461774230003357,9.953499794006348
0.9374464154243469,9.946351051330566
0.9428933262825012,9.940723419189453
0.9463852643966675,9.935561180114746
0.9387391805648804,9.928668975830078
0.9254260063171387,9.92199420928955
0.9409002065658569,9.915752410888672
0.9372004270553589,9.90708065032959
0.9336974620819092,9.90198802947998
0.952010989189148,9.894068717956543
0.9476771354675293,9.88491153717041
0.9345680475234985,9.878798484802246
0.9330856204032898,9.872097969055176
0.9489488005638123,9.864014625549316
0.9574628472328186,9.854804992675781
0.9285159111022949,9.847572326660156
0.9505009651184082,9.838179588317871
0.9385942816734314,9.829177856445312
0.940964937210083,9.822783470153809
0.9382140040397644,9.819046974182129
0.9403667449951172,9.811699867248535
0.9307330846786499,9.81125545501709
0.9495518207550049,9.812973976135254
0.9327865839004517,9.818663597106934
0.9373056888580322,9.818495750427246
0.9475182890892029,9.815948486328125
0.9366295337677002,9.816326141357422
0.9229748845100403,9.81872844696045
0.9447883367538452,9.819679260253906
0.9394659399986267,9.821078300476074
0.9414446949958801,9.824774742126465
0.9332025647163391,9.830178260803223
0.948912501335144,9.837777137756348
0.9635547399520874,9.85280990600586
0.9474542140960693,9.867904663085938
0.9390560984611511,9.881983757019043
0.9268365502357483,9.89473819732666
0.9282993674278259,9.901869773864746
0.9443351626396179,9.909483909606934
0.9335174560546875,9.91408920288086
0.935746431350708,9.926518440246582
0.9480946063995361,9.933798789978027
0.9438196420669556,9.94482707977295
0.9264530539512634,9.955765724182129
0.950014054775238,9.963302612304688
0.9380175471305847,9.966658592224121
0.9521401524543762,9.966551780700684
0.9393971562385559,9.968810081481934
0.9372764825820923,9.975574493408203
0.942258358001709,9.974425315856934
0.9339953064918518,9.975762367248535
0.9543018341064453,9.975235939025879
0.9292483329772949,9.976546287536621
0.9327182769775391,9.976822853088379
0.9470816850662231,9.9774808883667
0.9340252876281738,9.980167388916016
0.9580745697021484,9.984118461608887
0.9524038434028625,9.989365577697754
0.9412059187889099,9.993866920471191
0.9414503574371338,9.99512767791748
0.9427280426025391,9.998587608337402
0.9542264938354492,10.000214576721191
0.933892548084259,9.999466896057129
0.9512964487075806,9.99548053741455
0.9365617036819458,9.99404239654541
0.9427796602249146,9.997275352478027
0.9491161108016968,9.998909950256348
0.9524191617965698,9.998573303222656
0.9565027356147766,9.998085021972656
0.9316924810409546,10.004443168640137
0.9425890445709229,10.016615867614746
0.9447805881500244,10.032059669494629
0.9464026093482971,10.044779777526855
0.9364782571792603,10.058571815490723
0.9451906085014343,10.071927070617676
0.9371561408042908,10.081168174743652
0.9284343719482422,10.089455604553223
0.9294474124908447,10.101845741271973
0.9402608871459961,10.106975555419922
0.9370169639587402,10.111905097961426
0.9470616579055786,10.113152503967285
0.9512591361999512,10.109192848205566
0.9491827487945557,10.108288764953613
0.9376785159111023,10.100050926208496
0.9449397921562195,10.092728614807129
0.9428279399871826,10.089529991149902
0.9410440921783447,10.087834358215332
0.9347442984580994,10.086472511291504
0.9331007599830627,10.086060523986816
0.9366016387939453,10.085015296936035
0.9395522475242615,10.080277442932129
0.9485094547271729,10.0752534866333
0.9473459124565125,10.069939613342285
0.9479812979698181,10.062812805175781
0.940535843372345,10.059500694274902
0.9489061832427979,10.053936958312988
0.9473026394844055,10.047867774963379
0.9536821842193604,10.043889045715332
0.9527977108955383,10.04150676727295
0.9304333925247192,10.03894329071045
0.9394025802612305,10.0394868850708
0.9485486745834351,10.03786563873291
0.96160489320755,10.03738021850586
0.9552953243255615,10.04013729095459
0.9359057545661926,10.044363975524902
0.9430500864982605,10.046916961669922
0.9406416416168213,10.052323341369629
0.9375739693641663,10.056740760803223
0.959165096282959,10.056139945983887
0.937322199344635,10.050141334533691
0.9543240666389465,10.04159164428711
0.9436386823654175,10.035136222839355
0.9545769691467285,10.026192665100098
0.9362075924873352,10.016777992248535
0.9500272274017334,10.01155948638916
0.944872260093689,10.004745483398438
0.9464339017868042,10.001688957214355
0.946236252784729,9.997056007385254
0.9493614435195923,9.987521171569824
0.9505593776702881,9.97668743133545
0.9299226999282837,9.963557243347168
0.9415859580039978,9.94559097290039
0.9452932476997375,9.935599327087402
0.9455884099006653,9.929411888122559
0.9428895115852356,9.92554759979248
0.9240962266921997,9.91884994506836
0.9419833421707153,9.912386894226074
0.9406502842903137,9.907366752624512
0.9436143636703491,9.902499198913574
0.92799311876297,9.898857116699219
0.9459750652313232,9.896294593811035
0.9506233334541321,9.892134666442871
0.9357351064682007,9.887261390686035
0.9483141899108887,9.884230613708496
0.9531185626983643,9.878582000732422
0.9403398036956787,9.871376991271973
0.9441826939582825,9.865086555480957
0.9529240727424622,9.86230754852295
0.9380500316619873,9.864367485046387
0.9546251893043518,9.864045143127441
0.9450762271881104,9.861100196838379
0.9461997151374817,9.862297058105469
0.9462802410125732,9.856842994689941
0.9448963403701782,9.844463348388672
0.9532891511917114,9.83528995513916
0.9552040100097656,9.82767391204834
0.9396709203720093,9.818636894226074
0.9473157525062561,9.815727233886719
0.9377391934394836,9.81136417388916
0.9508064389228821,9.808238983154297
0.9369274973869324,9.805648803710938
0.9505805373191833,9.803271293640137
0.9418888688087463,9.806465148925781
0.9337335228919983,9.812966346740723
0.9438418745994568,9.815749168395996
0.9404395222663879,9.816113471984863
0.9406969547271729,9.815323829650879
0.9409896731376648,9.81364917755127
0.9423114061355591,9.818466186523438
0.9358083605766296,9.82033634185791
0.9278818368911743,9.82217025756836
0.9439448118209839,9.824917793273926
0.9411752223968506,9.832015991210938
0.9550873637199402,9.84061336517334
0.9245312213897705,9.852198600769043
0.9329472184181213,9.863905906677246
0.9535095691680908,9.87743091583252
0.9373863935470581,9.888980865478516
0.94880610704422,9.891592979431152
0.9336554408073425,9.893508911132812
0.9520537853240967,9.899168968200684
0.9345190525054932,9.9063720703125
0.9459323287010193,9.915656089782715
0.9396181106567383,9.92377758026123
0.9461519122123718,9.929608345031738
0.9426823258399963,9.93896484375
0.9519301056861877,9.94522762298584
0.9445971846580505,9.944672584533691
0.942487359046936,9.943799018859863
0.9539458751678467,9.94029712677002
0.9386007189750671,9.936504364013672
0.937593400478363,9.932969093322754
0.9456992149353027,9.926957130432129
0.9487776756286621,9.920815467834473
0.947443962097168,9.920998573303223
0.9593822956085205,9.924664497375488
0.9372841715812683,9.929768562316895
0.9287042021751404,9.92905044555664
0.9361176490783691,9.926619529724121
0.9423314929008484,9.927489280700684
0.9438020586967468,9.925090789794922
0.9394326210021973,9.919814109802246
0.9419128894805908,9.916680335998535
0.9566276669502258,9.915359497070312
0.9527474641799927,9.913092613220215
0.9407325983047485,9.912524223327637
0.9351310133934021,9.906989097595215
0.9362044334411621,9.898274421691895
0.9442294239997864,9.894837379455566
0.9567437171936035,9.895232200622559
0.9482718110084534,9.894980430603027
0.9392922520637512,9.89643383026123
0.9501385688781738,9.89809513092041
0.9361519813537598,9.897124290466309
0.9399185180664062,9.901927947998047
0.9312519431114197,9.906720161437988
0.9187847971916199,9.910449981689453
0.9433027505874634,9.911309242248535
0.9521158933639526,9.915213584899902
0.9515615701675415,9.915493965148926
0.9382495880126953,9.909605979919434
0.9475502371788025,9.910507202148438
0.9454753994941711,9.910050392150879
0.9543620347976685,9.907055854797363
0.9493238925933838,9.9052095413208
0.9499119520187378,9.906678199768066
0.9389263391494751,9.905837059020996
0.9439159631729126,9.905278205871582
0.9291679859161377,9.905570030212402
0.9559993743896484,9.907851219177246
0.9466588497161865,9.913200378417969
0.9481825232505798,9.91702651977539
0.9434487223625183,9.91869831085205
0.9386302828788757,9.925057411193848
0.9452112317085266,9.928909301757812
0.9533098936080933,9.93116283416748
0.9337498545646667,9.93204402923584
0.9565427899360657,9.933098793029785
0.9434927105903625,9.933699607849121
0.9361569881439209,9.937104225158691
0.9427549242973328,9.935955047607422
0.9452933073043823,9.935383796691895
0.9495214223861694,9.936168670654297
0.9562505483627319,9.9405517578125
0.9347900748252869,9.947586059570312
0.9362592697143555,9.950546264648438
0.9336301684379578,9.953225135803223
0.939771831035614,9.96087646484375
0.9231656193733215,9.966148376464844
0.9470179677009583,9.969329833984375
0.9384638071060181,9.968979835510254
0.9396613836288452,9.969829559326172
0.9395161867141724,9.968802452087402
0.9497582912445068,9.964962005615234
0.9356653690338135,9.959092140197754
0.9499967098236084,9.954638481140137
0.9511741399765015,9.952125549316406
0.9462519884109497,9.957825660705566
0.9431161284446716,9.960087776184082
0.9379048943519592,9.961670875549316
0.9468098878860474,9.962279319763184
0.951077401638031,9.959555625915527
0.93063884973526,9.961368560791016
0.9415706396102905,9.963261604309082
0.9473139047622681,9.965886116027832
0.9414891004562378,9.966803550720215
0.9445087313652039,9.966940879821777
0.948758602142334,9.969459533691406
0.9514801502227783,9.96942138671875
0.9212645888328552,9.971866607666016
0.9367681741714478,9.976006507873535
0.9166531562805176,9.981144905090332
0.9299577474594116,9.987318992614746
0.9469473958015442,9.987626075744629
0.942434549331665,9.990528106689453
0.9400672912597656,9.991080284118652
0.9517346024513245,9.987534523010254
0.9425123929977417,9.9815673828125
0.9452967047691345,9.975983619689941
0.9436616897583008,9.966841697692871
0.9330576062202454,9.956002235412598
0.9153833389282227,9.938212394714355
0.9558819532394409,9.926321983337402
0.9468243718147278,9.92061710357666
0.9307131171226501,9.918910026550293
0.9297672510147095,9.917298316955566
0.9481136798858643,9.917790412902832
0.944470226764679,9.919236183166504
0.9442676901817322,9.915263175964355
0.9419326782226562,9.917621612548828
0.9269841313362122,9.916522026062012
0.9195353388786316,9.912602424621582
0.9426400065422058,9.909858703613281
0.9490475058555603,9.909417152404785
0.9455947875976562,9.915888786315918
0.9365373253822327,9.92408275604248
0.9363173842430115,9.934158325195312
0.9408763647079468,9.944522857666016
0.9456994533538818,9.95198917388916
0.9449438452720642,9.957111358642578
0.945497453212738,9.962052345275879
0.9499945044517517,9.967318534851074
0.9523996114730835,9.977673530578613
0.9529431462287903,9.987128257751465
0.9535496234893799,9.994632720947266
0.9404993653297424,10.006464958190918
0.9456392526626587,10.016655921936035
0.9482713937759399,10.018670082092285
0.9458479285240173,10.018067359924316
0.9400494694709778,10.020359992980957
0.9462090730667114,10.017814636230469
0.9398662447929382,10.015270233154297
0.9527510404586792,10.013867378234863
0.9525012373924255,10.01241683959961
0.9567224979400635,10.013145446777344
0.9361080527305603,10.017029762268066
0.9418737888336182,10.016204833984375
0.9326639175415039,10.015740394592285
0.9394615888595581,10.014731407165527
0.9343361854553223,10.021035194396973
0.9252146482467651,10.025437355041504
0.9390931129455566,10.031569480895996
0.9473634958267212,10.039353370666504
0.9390221238136292,10.041817665100098
0.9272922873497009,10.04311752319336
0.9493836164474487,10.049288749694824
0.9413024187088013,10.057782173156738
0.947532594203949,10.067719459533691
0.946656346321106,10.07304859161377
0.9450832605361938,10.079212188720703
0.9455214738845825,10.086379051208496
0.9418982863426208,10.087935447692871
0.9438561201095581,10.078361511230469
0.9386367201805115,10.076163291931152
0.9395707845687866,10.068686485290527
0.9345757365226746,10.05916976928711
0.9480342864990234,10.053961753845215
0.9505001306533813,10.050086975097656
0.9353370666503906,10.04845905303955
0.928704023361206,10.03945255279541
0.9474917054176331,10.030512809753418
0.9342423677444458,10.027894020080566
0.9527009129524231,10.021567344665527
0.945078432559967,10.014054298400879
0.9393067359924316,10.009469032287598
0.9516066312789917,10.00711727142334
0.9409876465797424,10.00382137298584
0.9371984004974365,10.002263069152832
0.9542677402496338,9.998404502868652
0.9489060640335083,9.994507789611816
0.9601736068725586,9.990534782409668
0.944097101688385,9.986549377441406
0.9416385293006897,9.978009223937988
0.9316008687019348,9.970837593078613
0.9389923810958862,9.961302757263184
0.9494680762290955,9.953387260437012
0.9476063251495361,9.94448471069336
0.9397228956222534,9.93566608428955
0.9481855034828186,9.930434226989746
0.9477286338806152,9.924696922302246
0.9547879695892334,9.920220375061035
0.9446179866790771,9.921982765197754
0.9330725073814392,9.926678657531738
0.9364717602729797,9.936859130859375
0.9376540780067444,9.947319984436035
0.9513991475105286,9.95689868927002
0.9510281085968018,9.967063903808594
0.9566283226013184,9.972026824951172
0.9407163858413696,9.973715782165527
0.9376000165939331,9.976122856140137
0.9487633109092712,9.97756576538086
0.9413104057312012,9.975422859191895
0.9447383880615234,9.976975440979004
0.9341537952423096,9.97734546661377
0.9365465044975281,9.969809532165527
0.9432581663131714,9.961040496826172
0.94426429271698,9.951099395751953
0.9526891708374023,9.940726280212402
0.9315465688705444,9.933955192565918
0.93836510181427,9.93186092376709
0.9537553191184998,9.938233375549316
0.9354252815246582,9.944171905517578
0.9463199377059937,9.948193550109863
0.945603609085083,9.945033073425293
0.951044499874115,9.942156791687012
0.9433832764625549,9.941327095031738
0.9252721667289734,9.937111854553223
0.9537839293479919,9.927151679992676
0.927721381187439,9.917647361755371
0.9432401657104492,9.90351390838623
0.9432830810546875,9.884215354919434
0.9556931853294373,9.86794376373291
0.9374982118606567,9.850279808044434
0.943027138710022,9.832833290100098
0.9456722736358643,9.818146705627441
0.9341422915458679,9.806792259216309
0.9435176849365234,9.797842979431152
0.9418854117393494,9.790514945983887
0.9381892085075378,9.786064147949219
0.9431237578392029,9.78331470489502
0.9193164110183716,9.786076545715332
0.9376856088638306,9.791400909423828
0.9128113985061646,9.795356750488281
0.9169028997421265,9.794196128845215
0.9440792798995972,9.796137809753418
0.9418044686317444,9.795960426330566
0.9262534976005554,9.802567481994629
0.9326576590538025,9.807120323181152
0.9418734312057495,9.809149742126465
0.9392092823982239,9.80842113494873
0.9632242321968079,9.807193756103516
0.9592329859733582,9.80963134765625
0.9278058409690857,9.807621955871582
0.9420254826545715,9.80644702911377
0.911846399307251,9.804427146911621
0.9546086192131042,9.800631523132324
0.946727454662323,9.797537803649902
0.9237948656082153,9.796448707580566
0.937756359577179,9.79007625579834
0.9368728399276733,9.785274505615234
0.9181644916534424,9.778887748718262
0.9309742450714111,9.773804664611816
0.9224942922592163,9.766091346740723
0.9274560213088989,9.76216983795166
0.9478244781494141,9.759844779968262
0.9188340306282043,9.753211975097656
0.9473745822906494,9.75298023223877
0.9438244700431824,9.753544807434082
0.9482727646827698,9.762124061584473
0.9503981471061707,9.769977569580078
0.9281711578369141,9.775436401367188
0.9301517605781555,9.775275230407715
0.936489999294281,9.774693489074707
0.939665675163269,9.766587257385254
0.9446799755096436,9.764857292175293
0.9467183351516724,9.76098918914795
0.941831648349762,9.75709056854248
0.941999077796936,9.752530097961426
0.9421201348304749,9.747557640075684
0.9390388131141663,9.74025821685791
0.9402448534965515,9.73452091217041
0.9388178586959839,9.724491119384766
0.943713903427124,9.711564064025879
0.9379721879959106,9.70255184173584
0.9479016065597534,9.704506874084473
0.9307606220245361,9.709792137145996
0.9371265769004822,9.717860221862793
0.9302788972854614,9.724610328674316
0.9544861912727356,9.729973793029785
0.9619571566581726,9.739588737487793
0.9393307566642761,9.748358726501465
0.9435070157051086,9.757824897766113
0.9338628053665161,9.761506080627441
0.9522412419319153,9.75731372833252
0.9472461938858032,9.755019187927246
0.9392245411872864,9.750470161437988
0.9472067952156067,9.741501808166504
0.9218681454658508,9.73095703125
0.9323068261146545,9.718214988708496
0.9405354261398315,9.705779075622559
0.9374659657478333,9.698979377746582
0.9487120509147644,9.687422752380371
0.9534146189689636,9.675969123840332
0.9500726461410522,9.666010856628418
0.9362324476242065,9.663811683654785
0.9464402794837952,9.661757469177246
0.9395291209220886,9.657292366027832
0.9474877715110779,9.64844799041748
0.9458832740783691,9.645858764648438
0.9324150085449219,9.647677421569824
0.9558927416801453,9.652892112731934
0.9470294117927551,9.660618782043457
0.9453306794166565,9.66827392578125
0.9386820197105408,9.675883293151855
0.9365701675415039,9.682575225830078
0.9450713396072388,9.688957214355469
0.9462079405784607,9.691662788391113
0.9337239265441895,9.69198989868164
0.9339131712913513,9.692049980163574
0.9473305940628052,9.692935943603516
0.9481227397918701,9.700539588928223
0.9410049319267273,9.709982872009277
0.9253050088882446,9.719382286071777
0.9258939027786255,9.722918510437012
0.9385066032409668,9.724595069885254
0.9503900408744812,9.723793983459473
0.9480458498001099,9.721436500549316
0.9355692267417908,9.720290184020996
0.9493752121925354,9.715804100036621
0.9343300461769104,9.713435173034668
0.9374068379402161,9.715041160583496
0.944004237651825,9.71622371673584
0.9523492455482483,9.715317726135254
0.9404935240745544,9.713713645935059
0.972526490688324,9.71081829071045
0.9508172273635864,9.707709312438965
0.9456633925437927,9.703093528747559
0.9405694603919983,9.694103240966797
0.9456275701522827,9.687394142150879
0.938271164894104,9.681446075439453
0.9347479343414307,9.676392555236816
0.9460824728012085,9.669528007507324
0.9447808861732483,9.660346031188965
0.9333372116088867,9.655112266540527
0.9394674897193909,9.656950950622559
0.943568229675293,9.655352592468262
0.9395743608474731,9.658692359924316
0.9505095481872559,9.658333778381348
0.9531676769256592,9.659157752990723
0.9389428496360779,9.66176700592041
0.9584246277809143,9.662330627441406
0.9392973184585571,9.656444549560547
0.9357761144638062,9.654824256896973
0.9439449310302734,9.652480125427246
0.9401511549949646,9.651915550231934
0.9487621188163757,9.653084754943848
0.93929123878479,9.656150817871094
0.9452113509178162,9.6577730178833
0.9328762292861938,9.66122817993164
0.9491111040115356,9.660767555236816
0.9486894011497498,9.660575866699219
0.9464054107666016,9.66336727142334
0.9365466237068176,9.667842864990234
0.9522955417633057,9.674277305603027
0.9375558495521545,9.678839683532715
0.9613584280014038,9.684860229492188
0.9368248581886292,9.693496704101562
0.9548040628433228,9.70765209197998
0.9439932703971863,9.716117858886719
0.9402520060539246,9.72765827178955
0.951470136642456,9.737198829650879
0.9287613034248352,9.743675231933594
0.9479133486747742,9.746140480041504
0.9433154463768005,9.748167991638184
0.9602970480918884,9.746028900146484
0.935071587562561,9.736957550048828
0.9353130459785461,9.731255531311035
0.9369131326675415,9.727545738220215
0.9446185231208801,9.72374439239502
0.9546844959259033,9.720597267150879
0.9561957716941833,9.717852592468262
0.9425384998321533,9.714893341064453
0.9391482472419739,9.70684814453125
0.9393994212150574,9.703975677490234
0.9375535845756531,9.705124855041504
0.9371888041496277,9.707322120666504
0.9382295608520508,9.704773902893066
0.9479969143867493,9.706944465637207
0.9385956525802612,9.710404396057129
0.9531956911087036,9.714271545410156
0.9475412964820862,9.710892677307129
0.9447568655014038,9.70661449432373
0.9328508973121643,9.701115608215332
0.951003909111023,9.69512939453125
0.9346581101417542,9.690620422363281
0.9511985182762146,9.680413246154785
0.945408821105957,9.666476249694824
0.9257345199584961,9.654220581054688
0.9447861313819885,9.653579711914062
0.948837399482727,9.652810096740723
0.9325199127197266,9.651062965393066
0.9386686086654663,9.648128509521484
0.9299421310424805,9.647355079650879
0.9350690245628357,9.649874687194824
0.9534836411476135,9.653762817382812
0.9530566930770874,9.655838012695312
0.9485474228858948,9.65895938873291
0.9573123455047607,9.663983345031738
0.9309669137001038,9.673117637634277
0.9422013759613037,9.681086540222168
0.9436662197113037,9.684678077697754
0.9444675445556641,9.685881614685059
0.9508633613586426,9.689332008361816
0.9527868628501892,9.690787315368652
0.9297623038291931,9.69657039642334
0.9409113526344299,9.697360038757324
0.9476248621940613,9.704776763916016
0.9358757734298706,9.702975273132324
0.9402366280555725,9.697752952575684
0.9381660223007202,9.68863582611084
0.9491058588027954,9.67655086517334
0.9485119581222534,9.666987419128418
0.9524774551391602,9.658049583435059
0.949997067451477,9.651284217834473
0.9471657872200012,9.646393775939941
0.9478036165237427,9.64456844329834
0.9527652263641357,9.642650604248047
0.9465019702911377,9.642529487609863
0.9548946619033813,9.640068054199219
0.9615365266799927,9.635395050048828
0.9385625720024109,9.636055946350098
0.9475975632667542,9.641282081604004
0.9443274736404419,9.646567344665527
0.9277001619338989,9.645599365234375
0.9361708164215088,9.637317657470703
0.9389669299125671,9.628952980041504
0.9444885849952698,9.620525360107422
0.9371080994606018,9.615412712097168
0.9343503713607788,9.616500854492188
0.9390684366226196,9.616690635681152
0.9489026069641113,9.615805625915527
0.9463627934455872,9.61750316619873
0.9509250521659851,9.61838436126709
0.9406999945640564,9.620362281799316
0.9260647892951965,9.62066650390625
0.9647262096405029,9.618918418884277
0.9513181447982788,9.619729042053223
0.9474256634712219,9.62125301361084
0.9668112993240356,9.624787330627441
0.9392989873886108,9.627572059631348
0.9444274306297302,9.63555908203125
0.9475763440132141,9.640904426574707
0.9307178854942322,9.648303031921387
0.9478359222412109,9.654376029968262
0.9441689252853394,9.663155555725098
0.9245930910110474,9.670445442199707
0.9535710215568542,9.674300193786621
0.9400848746299744,9.683186531066895
0.9529551863670349,9.689249992370605
0.9191705584526062,9.6948823928833
0.9288037419319153,9.696799278259277
0.9452770948410034,9.69558048248291
0.9531902074813843,9.693313598632812
0.9505427479743958,9.689078330993652
0.9531468152999878,9.68656063079834
0.9329493045806885,9.6857271194458
0.9367556571960449,9.689738273620605
0.942025363445282,9.695523262023926
0.9314846992492676,9.700481414794922
0.9520668983459473,9.703339576721191
0.9325330257415771,9.708598136901855
0.942683756351471,9.716643333435059
0.9123331904411316,9.721348762512207
0.9397289156913757,9.72310733795166
0.9509819746017456,9.72589111328125
0.9361501932144165,9.730315208435059
0.9560189247131348,9.732909202575684
0.9453291296958923,9.73465633392334
0.9456807374954224,9.73707103729248
0.9389426112174988,9.730816841125488
0.9460331797599792,9.724272727966309
0.9568507671356201,9.716032981872559
0.9293770790100098,9.70548152923584
0.9389150738716125,9.692938804626465
0.9374933242797852,9.677638053894043
0.9433704018592834,9.665306091308594
0.9485321640968323,9.648512840270996
0.9573692083358765,9.635672569274902
0.9489158391952515,9.62247085571289
0.9423838257789612,9.611289024353027
0.9259411096572876,9.602921485900879
0.9563288688659668,9.591504096984863
0.9418667554855347,9.581878662109375
0.94557785987854,9.570034980773926
0.9458279609680176,9.560791969299316
0.9471515417098999,9.550734519958496
0.9394428730010986,9.54080581665039
0.9432541131973267,9.534600257873535
0.9446717500686646,9.531098365783691
0.9457014799118042,9.528264045715332
0.9515013694763184,9.530638694763184
0.9550825357437134,9.530892372131348
0.9200015664100647,9.5306396484375
0.9369564056396484,9.527942657470703
0.9402937889099121,9.52463436126709
0.9519184827804565,9.52163028717041
0.9390615820884705,9.518815040588379
0.947564959526062,9.516947746276855
0.9466022253036499,9.515585899353027
0.9390935897827148,9.513053894042969
0.9539772272109985,9.512275695800781
0.9543610215187073,9.509892463684082
0.9388790130615234,9.512969970703125
0.9404677152633667,9.518952369689941
0.9243857264518738,9.524651527404785
0.9466811418533325,9.527100563049316
0.938193678855896,9.533126831054688
0.9497784376144409,9.53629207611084
0.9377880096435547,9.536643028259277
0.933470606803894,9.535873413085938
0.9429666996002197,9.539196014404297
0.9445827603340149,9.542937278747559
0.9433824419975281,9.547659873962402
0.9400787949562073,9.548271179199219
0.9521185755729675,9.544648170471191
0.9323773384094238,9.543323516845703
0.9484376311302185,9.538161277770996
0.9454048871994019,9.53969669342041
0.9387281537055969,9.543320655822754
0.9508625268936157,9.547524452209473
0.9443041086196899,9.550810813903809
0.9327747821807861,9.555069923400879
0.9262675046920776,9.56774616241455
0.9545542001724243,9.577849388122559
0.9305131435394287,9.587409019470215
0.9508711695671082,9.593663215637207
0.9450319409370422,9.60155963897705
0.9410768747329712,9.609832763671875
0.9414945244789124,9.617289543151855
0.939679741859436,9.624431610107422
0.9408011436462402,9.631003379821777
0.9544331431388855,9.643309593200684
0.9495142698287964,9.65122127532959
0.9455447793006897,9.655264854431152
0.9451681971549988,9.657459259033203
0.9298111796379089,9.657902717590332
0.9402133822441101,9.657546997070312
0.9493545293807983,9.654145240783691
0.9557974338531494,9.65295696258545
0.9438257813453674,9.655747413635254
0.9483748078346252,9.658774375915527
0.9362631440162659,9.662056922912598
0.9551910161972046,9.669041633605957
0.95207279920578,9.674689292907715
0.9406591653823853,9.675467491149902
0.9546512365341187,9.67604923248291
0.9480360746383667,9.67850399017334
0.9407976269721985,9.684296607971191
0.9523258209228516,9.692118644714355
0.9348721504211426,9.70074462890625
0.944826066493988,9.705618858337402
0.9409502744674683,9.71213436126709
0.9546359181404114,9.722174644470215
0.9450006484985352,9.736859321594238
0.9520211219787598,9.751410484313965
0.9375971555709839,9.762531280517578
0.9516312479972839,9.774188041687012
0.9301742315292358,9.782001495361328
0.9425405859947205,9.783279418945312
0.942149817943573,9.784836769104004
0.9382054209709167,9.785292625427246
0.9459592700004578,9.781760215759277
0.9441373944282532,9.778044700622559
0.9480551481246948,9.775580406188965
0.9468019008636475,9.770904541015625
0.941092848777771,9.762223243713379
0.9292850494384766,9.755486488342285
0.9406557679176331,9.750663757324219
0.9441205263137817,9.738442420959473
0.9399145841598511,9.73208236694336
0.9461204409599304,9.725903511047363
0.9485208988189697,9.724800109863281
0.9480756521224976,9.721919059753418
0.9359057545661926,9.715447425842285
0.9396132230758667,9.705241203308105
0.9461328387260437,9.694327354431152
0.9460075497627258,9.686753273010254
0.9527711868286133,9.678698539733887
0.9336333274841309,9.669585227966309
0.9532177448272705,9.660861015319824
0.9511823058128357,9.65163516998291
0.9489205479621887,9.642029762268066
0.9484893083572388,9.63211727142334
0.9574048519134521,9.621234893798828
0.9435020089149475,9.613964080810547
0.9368656277656555,9.610220909118652
0.9526003003120422,9.608677864074707
0.9472900032997131,9.606295585632324
0.9462752342224121,9.605743408203125
0.9354897737503052,9.611281394958496
0.9440694451332092,9.608527183532715
0.9382629990577698,9.607247352600098
0.9462576508522034,9.604697227478027
0.9450642466545105,9.602062225341797
0.9511551856994629,9.598912239074707
0.9379755258560181,9.593727111816406
0.9420220851898193,9.584275245666504
0.946295440196991,9.575387001037598
0.9392543435096741,9.57266616821289
0.9336972236633301,9.570013999938965
0.9486629366874695,9.57296085357666
0.9322229027748108,9.575013160705566
0.9393661022186279,9.571991920471191
0.9482443928718567,9.571782112121582
0.944352924823761,9.572044372558594
0.9357156157493591,9.570527076721191
0.9605445265769958,9.568035125732422
0.9432750940322876,9.567867279052734
0.9548893570899963,9.571707725524902
0.9490367770195007,9.579283714294434
0.953196108341217,9.580611228942871
0.9389384388923645,9.582924842834473
0.9505006074905396,9.586020469665527
0.9444612860679626,9.592414855957031
0.9568091034889221,9.595582008361816
0.9445236921310425,9.60083293914795
0.9480156302452087,9.600560188293457
0.9480545520782471,9.601935386657715
0.9479131102561951,9.604992866516113
0.9355111122131348,9.603851318359375
0.9445874691009521,9.5978364944458
0.940156877040863,9.594170570373535
0.9464174509048462,9.592110633850098
0.9513633251190186,9.593152046203613
0.9471308588981628,9.596184730529785
0.9547239542007446,9.60427188873291
0.9331501722335815,9.61401653289795
0.9342652559280396,9.618056297302246
0.9383277297019958,9.624022483825684
0.9502977132797241,9.626343727111816
0.944599986076355,9.623172760009766
0.956513524055481,9.617008209228516
0.9316762685775757,9.607796669006348
0.9529935717582703,9.59879207611084
0.957659125328064,9.589581489562988
0.9360922574996948,9.578757286071777
0.9498993158340454,9.56985092163086
0.9445690512657166,9.563071250915527
0.9491575956344604,9.560053825378418
0.9521350264549255,9.554739952087402
0.9509543776512146,9.552703857421875
0.9457999467849731,9.55416202545166
0.9359037280082703,9.554024696350098
0.9397401213645935,9.552376747131348
0.9517342448234558,9.549941062927246
0.9238330125808716,9.545355796813965
0.9511671662330627,9.537192344665527
0.9535258412361145,9.525938987731934
0.9341610670089722,9.51012897491455
0.9466003775596619,9.494110107421875
0.9566593170166016,9.477190971374512
0.9497766494750977,9.462528228759766
0.9253713488578796,9.450477600097656
0.9635469913482666,9.440489768981934
0.9331060647964478,9.43511962890625
0.9483471512794495,9.429648399353027
0.9353492856025696,9.420516967773438
0.941490113735199,9.414336204528809
0.9282891750335693,9.409638404846191
0.9590648412704468,9.405353546142578
0.9386399388313293,9.40319538116455
0.9425699710845947,9.405718803405762
0.9441996812820435,9.407830238342285
0.9442909955978394,9.409882545471191
0.9362092018127441,9.406367301940918
0.9445674419403076,9.402510643005371
0.943866491317749,9.404641151428223
0.9485259056091309,9.406947135925293
0.9530858397483826,9.407547950744629
0.941442608833313,9.409829139709473
0.945227861404419,9.41060733795166
0.9449017643928528,9.412540435791016
0.9374644160270691,9.418213844299316
0.9584425687789917,9.42343807220459
0.9508071541786194,9.430541038513184
0.9502111673355103,9.439712524414062
0.9460057020187378,9.446417808532715
0.9301064014434814,9.451519966125488
0.9436831474304199,9.458418846130371
0.9397916793823242,9.465439796447754
0.9476009011268616,9.47326374053955
0.9502832889556885,9.479049682617188
0.9331681728363037,9.482834815979004
0.9549935460090637,9.485735893249512
0.9581242799758911,9.491009712219238
0.9456532001495361,9.49740982055664
0.9351702928543091,9.505682945251465
0.9515899419784546,9.510462760925293
0.9457087516784668,9.513045310974121
0.953524649143219,9.517022132873535
0.9394064545631409,9.523972511291504
0.9462916851043701,9.525973320007324
0.9387122392654419,9.521513938903809
0.9501740336418152,9.518986701965332
0.943315863609314,9.51775074005127
0.9339820742607117,9.517882347106934
0.9431322813034058,9.523398399353027
0.9575055241584778,9.531116485595703
0.9388487935066223,9.536544799804688
0.9292742609977722,9.542389869689941
0.9392303228378296,9.549386024475098
0.9287700057029724,9.554177284240723
0.9530205130577087,9.562670707702637
0.9404544234275818,9.576102256774902
0.9572675824165344,9.58773136138916
0.9464598894119263,9.593772888183594
0.9524059295654297,9.600846290588379
0.9464603662490845,9.610943794250488
0.9459733963012695,9.618382453918457
0.9365167617797852,9.62566089630127
0.9501746892929077,9.630045890808105
0.9430781006813049,9.635909080505371
0.9365852475166321,9.641434669494629
0.9350762963294983,9.649166107177734
0.9532412886619568,9.66087818145752
0.9439550042152405,9.672821998596191
0.9303267002105713,9.681801795959473
0.9387686252593994,9.689513206481934
0.9417279362678528,9.697239875793457
0.9542292356491089,9.708281517028809
0.9369983077049255,9.721497535705566
0.9568676948547363,9.73147201538086
0.9402093887329102,9.740857124328613
0.9431604743003845,9.751075744628906
0.945289671421051,9.755240440368652
0.9399529695510864,9.755061149597168
0.9626275300979614,9.755980491638184
0.9470142722129822,9.755515098571777
0.9293806552886963,9.753802299499512
0.9280630946159363,9.74387264251709
0.9336946606636047,9.736470222473145
0.9460792541503906,9.726859092712402
0.9215008616447449,9.719131469726562
0.9405561685562134,9.706432342529297
0.9516915678977966,9.690901756286621
0.9496904611587524,9.676654815673828
0.9411458373069763,9.665831565856934
0.950489342212677,9.658066749572754
0.9530255794525146,9.65151596069336
0.9279412031173706,9.645264625549316
0.9463990926742554,9.63908863067627
0.9458068013191223,9.634879112243652
0.9437655210494995,9.625061988830566
0.9429434537887573,9.616199493408203
0.9522281289100647,9.606064796447754
0.9398729205131531,9.593581199645996
0.9438058137893677,9.582667350769043
0.9316434860229492,9.569951057434082
0.9477447271347046,9.557408332824707
0.943143904209137,9.544875144958496
0.9474261999130249,9.532586097717285
0.9440099596977234,9.519886016845703
0.9407976865768433,9.506247520446777
0.9232231378555298,9.498045921325684
0.9350275993347168,9.497588157653809
0.9545048475265503,9.502071380615234
0.9404962658882141,9.509269714355469
0.9440184831619263,9.514419555664062
0.9477344751358032,9.515471458435059
0.9354863166809082,9.513354301452637
0.9452817440032959,9.512897491455078
0.9373615384101868,9.51517105102539
0.9355716705322266,9.516194343566895
0.9346120357513428,9.518473625183105
0.9635472297668457,9.520659446716309
0.9349383115768433,9.519364356994629
0.935409665107727,9.521660804748535
0.9332349896430969,9.524081230163574
0.9382520914077759,9.522980690002441
0.941057026386261,9.521012306213379
0.9372472167015076,9.51446533203125
0.9345974922180176,9.511536598205566
0.9389734268188477,9.50862979888916
0.9490726590156555,9.502742767333984
0.9381281733512878,9.497096061706543
0.9375296831130981,9.488541603088379
0.9341106414794922,9.482718467712402
0.9480185508728027,9.470946311950684
0.9366191029548645,9.45838451385498
0.9562848806381226,9.450430870056152
0.9441542625427246,9.442458152770996
0.9445633292198181,9.438080787658691
0.9559287428855896,9.430756568908691
0.9509268403053284,9.423075675964355
0.9461780786514282,9.411646842956543
0.9521908760070801,9.40380859375
0.9492676258087158,9.401416778564453
0.9397990703582764,9.398179054260254
0.9324427247047424,9.394692420959473
0.9534363746643066,9.390551567077637
0.937648594379425,9.384929656982422
0.9483649730682373,9.382586479187012
0.9449719190597534,9.3828763961792
0.9600514769554138,9.382906913757324
0.9389822483062744,9.382381439208984
0.9415411353111267,9.379264831542969
0.9482057690620422,9.376229286193848
0.9446581602096558,9.378517150878906
0.9420859217643738,9.382521629333496
0.9336276650428772,9.38162899017334
0.934962272644043,9.387694358825684
0.9305289387702942,9.397964477539062
0.9446295499801636,9.4077787399292
0.9580571055412292,9.417450904846191
0.9418139457702637,9.425982475280762
0.9343811869621277,9.441988945007324
0.9630074501037598,9.457877159118652
0.9391576051712036,9.47170352935791
0.9336922764778137,9.483315467834473
0.9345759153366089,9.493348121643066
0.9422592520713806,9.499470710754395
0.942253589630127,9.506011962890625
0.9469897150993347,9.514312744140625
0.9400220513343811,9.521971702575684
0.9503242373466492,9.524833679199219
0.9507992267608643,9.530006408691406
0.9567784070968628,9.533644676208496
0.9500501155853271,9.535689353942871
0.9413855671882629,9.533778190612793
0.9352267384529114,9.531174659729004
0.9398153424263,9.530205726623535
0.9453340172767639,9.520661354064941
0.9249615669250488,9.512794494628906
0.9549319744110107,9.507683753967285
0.9428708553314209,9.504027366638184
0.9479808807373047,9.497138977050781
0.945141077041626,9.490471839904785
0.9442116022109985,9.483643531799316
0.9343323111534119,9.477669715881348
0.934715986251831,9.470488548278809
0.947001576423645,9.464455604553223
0.9289355874061584,9.459716796875
0.9357524514198303,9.457072257995605
0.9358182549476624,9.453071594238281
0.9558695554733276,9.449005126953125
0.9466764330863953,9.44638729095459
0.9374030232429504,9.446430206298828
0.9498535990715027,9.441575050354004
0.9552074074745178,9.43738079071045
0.9326282739639282,9.433024406433105
0.942657470703125,9.435553550720215
0.9455741047859192,9.439189910888672
0.9479318261146545,9.441313743591309
0.9375861883163452,9.446185111999512
0.9403481483459473,9.449180603027344
0.9502428770065308,9.453764915466309
0.9551984071731567,9.454899787902832
0.9275153875350952,9.45825481414795
0.9392301440238953,9.457818031311035
0.9419990181922913,9.458942413330078
0.9526570439338684,9.458609580993652
0.946796715259552,9.45618724822998
0.9445303082466125,9.45715045928955
0.9430831670761108,9.456936836242676
0.9450977444648743,9.460463523864746
0.9402671456336975,9.46376895904541
0.9458878040313721,9.470450401306152
0.946519672870636,9.477890014648438
0.9388391375541687,9.479568481445312
0.950079083442688,9.484354972839355
0.9499280452728271,9.487991333007812
0.9358802437782288,9.487679481506348
0.9579377770423889,9.48386001586914
0.9422494173049927,9.482735633850098
0.9576022624969482,9.481865882873535
0.9484508633613586,9.487067222595215
0.9403257966041565,9.493170738220215
0.9566529393196106,9.497997283935547
0.9620159268379211,9.501038551330566
0.9439877867698669,9.500850677490234
0.9494491815567017,9.499626159667969
0.9486474990844727,9.496853828430176
0.9486677050590515,9.493831634521484
0.9352092146873474,9.487565040588379
0.9376922845840454,9.483573913574219
0.9443677663803101,9.481850624084473
0.9560030102729797,9.47900390625
0.9401957988739014,9.477069854736328
0.9483447670936584,9.470904350280762
0.9278813600540161,9.466262817382812
0.9413538575172424,9.4619722366333
0.9554535150527954,9.454201698303223
0.9489535689353943,9.451828956604004
0.9352493286132812,9.448491096496582
0.9454538226127625,9.439708709716797
0.935343325138092,9.434830665588379
0.9423528909683228,9.43271541595459
0.9489620327949524,9.430916786193848
0.9470000863075256,9.425911903381348
0.9481592178344727,9.420624732971191
0.947257936000824,9.413529396057129
0.9478498697280884,9.412123680114746
0.9480818510055542,9.416720390319824
0.9476445317268372,9.426060676574707
0.9401726722717285,9.435256958007812
0.9452818632125854,9.442971229553223
0.9558510184288025,9.449305534362793
0.9575185775756836,9.455206871032715
0.9592882394790649,9.456344604492188
0.9383853673934937,9.457924842834473
0.9433876276016235,9.459738731384277
0.9469543099403381,9.460472106933594
0.9552584886550903,9.463997840881348
0.9450277090072632,9.468684196472168
0.9330869913101196,9.467455863952637
0.9444724321365356,9.465766906738281
0.9324044585227966,9.470137596130371
0.9461556077003479,9.478911399841309
0.9448787569999695,9.490711212158203
0.9436224699020386,9.504077911376953
0.9421728849411011,9.512450218200684
0.9449482560157776,9.522797584533691
0.9448506832122803,9.531388282775879
0.9393326044082642,9.544236183166504
0.9387114644050598,9.55649471282959
0.9492145776748657,9.565629005432129
0.9385074377059937,9.57163143157959
0.9440392255783081,9.577338218688965
0.9324241876602173,9.584664344787598
0.9386696815490723,9.590435028076172
0.9456148743629456,9.598471641540527
0.9377743005752563,9.60935115814209
0.9423158764839172,9.61859130859375
0.9520468711853027,9.631600379943848
0.9451538324356079,9.637290000915527
0.9420225024223328,9.641343116760254
0.931919515132904,9.647927284240723
0.9439027309417725,9.653736114501953
0.9465013742446899,9.658318519592285
0.953290581703186,9.659682273864746
0.9485097527503967,9.662514686584473
0.9497312307357788,9.660858154296875
0.9390801787376404,9.654921531677246
0.9501194953918457,9.65544605255127
0.9355831742286682,9.6519193649292
0.9413108229637146,9.651288032531738
0.9560046792030334,9.654438972473145
0.9473668932914734,9.655817985534668
0.9474799633026123,9.657496452331543
0.9543439745903015,9.666637420654297
0.9626961350440979,9.672257423400879
0.934049129486084,9.679398536682129
0.9497151970863342,9.681445121765137
0.9430590867996216,9.688071250915527
0.9302377700805664,9.697068214416504
0.9411468505859375,9.702322959899902
0.9519449472427368,9.707828521728516
0.9281653165817261,9.712105751037598
0.9457623362541199,9.717117309570312
0.9439156651496887,9.718850135803223
0.9588706493377686,9.716752052307129
0.9398135542869568,9.713578224182129
0.9422750473022461,9.711955070495605
0.9426090717315674,9.704588890075684
0.943475604057312,9.696568489074707
0.9396436214447021,9.685245513916016
0.9527876377105713,9.675408363342285
0.9375776052474976,9.662528038024902
0.954060435295105,9.6453218460083
0.9565572142601013,9.628867149353027
0.9407591223716736,9.612502098083496
0.9476617574691772,9.600700378417969
0.9397233724594116,9.589969635009766
0.9585821032524109,9.573967933654785
0.9464545845985413,9.561871528625488
0.9535012245178223,9.553322792053223
0.9387062788009644,9.546889305114746
0.9544414281845093,9.543720245361328
0.9558495879173279,9.547240257263184
0.9457278251647949,9.551222801208496
0.9450376033782959,9.555912971496582
0.9290705919265747,9.558013916015625
0.9548983573913574,9.552567481994629
0.9323601722717285,9.543269157409668
0.935333251953125,9.53715991973877
0.9643967747688293,9.532574653625488
0.9568440318107605,9.52426815032959
0.9465495347976685,9.518643379211426
0.9508048892021179,9.514409065246582
0.9435178637504578,9.511116981506348
0.9517272114753723,9.511565208435059
0.9341818690299988,9.51305866241455
0.9507133364677429,9.507942199707031
0.9264483451843262,9.502718925476074
0.9402109384536743,9.491019248962402
0.9413682818412781,9.484589576721191
0.9563034772872925,9.482349395751953
0.9446965456008911,9.484944343566895
0.9374474287033081,9.48609447479248
0.9384947419166565,9.484477996826172
0.957823634147644,9.478928565979004
0.9366430044174194,9.472705841064453
0.9597419500350952,9.471831321716309
0.939723789691925,9.472311973571777
0.9479040503501892,9.473868370056152
0.9318355917930603,9.479228019714355
0.9409210085868835,9.485692024230957
0.9318476915359497,9.48582935333252
0.9401503205299377,9.484307289123535
0.9439467787742615,9.4817533493042
0.9424896836280823,9.480247497558594
0.9357516765594482,9.480816841125488
0.945380687713623,9.476365089416504
0.9492901563644409,9.475605964660645
0.9433156847953796,9.476150512695312
0.9528998732566833,9.476554870605469
0.9456161260604858,9.479767799377441
0.9423686861991882,9.482558250427246
0.9391427040100098,9.483040809631348
0.9406405687332153,9.483656883239746
0.9358412027359009,9.484569549560547
0.9411095380783081,9.484410285949707
0.9495967030525208,9.479975700378418
0.9498810172080994,9.478496551513672
0.9426737427711487,9.476162910461426
0.9327418804168701,9.475350379943848
0.9441369771957397,9.47421932220459
0.945233166217804,9.473057746887207
0.9364849328994751,9.463818550109863
0.9385151863098145,9.456381797790527
0.9451096057891846,9.455510139465332
0.9485238790512085,9.455615043640137
0.9469735026359558,9.455531120300293
0.9382151365280151,9.454682350158691
0.9495888352394104,9.453612327575684
0.9266660213470459,9.456156730651855
0.9393863081932068,9.451457977294922
0.9499194025993347,9.443425178527832
0.9482191205024719,9.434479713439941
0.9357613325119019,9.428394317626953
0.9410287141799927,9.421219825744629
0.9400045871734619,9.411392211914062
0.9329018592834473,9.399311065673828
0.9341416954994202,9.392683982849121
0.9449223279953003,9.383125305175781
0.9349263906478882,9.36729907989502
0.9580622911453247,9.353020668029785
0.9273898601531982,9.343062400817871
0.9315971732139587,9.337275505065918
0.9461446404457092,9.33154582977295
0.9546613693237305,9.326676368713379
0.9437915682792664,9.322261810302734
0.9473328590393066,9.320069313049316
0.9276100397109985,9.318153381347656
0.949819028377533,9.308455467224121
0.9535511136054993,9.303333282470703
0.9367455840110779,9.301709175109863
0.9398444294929504,9.301517486572266
0.9505642652511597,9.301741600036621
0.933853268623352,9.303694725036621
0.9428191184997559,9.303244590759277
0.935257077217102,9.300475120544434
0.9374132752418518,9.299747467041016
0.9242098927497864,9.298163414001465
0.9457864165306091,9.296794891357422
0.9471418857574463,9.290785789489746
0.9420775771141052,9.283476829528809
0.9406111836433411,9.27557373046875
0.9371951222419739,9.2677583694458
0.9391173124313354,9.2601900100708
0.947090744972229,9.254376411437988
0.9449209570884705,9.252090454101562
0.9503569006919861,9.25394058227539
0.9532387256622314,9.251697540283203
0.9540238976478577,9.251079559326172
0.9426524639129639,9.249756813049316
0.9415768384933472,9.247047424316406
0.9440193772315979,9.246795654296875
0.9397465586662292,9.249394416809082
0.9559717178344727,9.248936653137207
0.9513569474220276,9.253009796142578
0.9325276613235474,9.25900936126709
0.9425374865531921,9.265872955322266
0.9394136071205139,9.268065452575684
0.939119815826416,9.262480735778809
0.9491026997566223,9.261679649353027
0.9406878352165222,9.257630348205566
0.9454360008239746,9.250404357910156
0.938841700553894,9.245745658874512
0.9415118098258972,9.239052772521973
0.9513759016990662,9.233141899108887
0.9509947299957275,9.22944164276123
0.9399022459983826,9.22183895111084
0.947163462638855,9.211644172668457
0.9452064633369446,9.204903602600098
0.9418848752975464,9.199626922607422
0.9409403204917908,9.192458152770996
0.9428697824478149,9.186753273010254
0.9473476409912109,9.182125091552734
0.9503127932548523,9.177346229553223
0.9477686882019043,9.171276092529297
0.9435456991195679,9.169573783874512
0.9457656145095825,9.170066833496094
0.9554171562194824,9.173705101013184
0.9366453289985657,9.178977966308594
0.9441819190979004,9.178092002868652
0.9415596127510071,9.179443359375
0.938617467880249,9.184767723083496
0.9491885304450989,9.193764686584473
0.9435969591140747,9.200210571289062
0.961719810962677,9.204246520996094
0.9339755773544312,9.20699405670166
0.9477360248565674,9.20424747467041
0.9483377933502197,9.206297874450684
0.9527519345283508,9.21209716796875
0.9541727304458618,9.215706825256348
0.9434880018234253,9.219989776611328
0.9403281807899475,9.22774600982666
0.9550571441650391,9.232510566711426
0.9593790769577026,9.234946250915527
0.9450852870941162,9.237256050109863
0.9515711069107056,9.240520477294922
0.9483379125595093,9.243202209472656
0.9367339015007019,9.244010925292969
0.9527493715286255,9.247611999511719
0.9546821117401123,9.251297950744629
0.9511452913284302,9.248953819274902
0.9607517123222351,9.251785278320312
0.9504067897796631,9.261542320251465
0.9461137652397156,9.269789695739746
0.9451504349708557,9.286229133605957
0.9306539297103882,9.307785987854004
0.9424275755882263,9.326661109924316
0.9302418231964111,9.345053672790527
0.9308075308799744,9.364296913146973
0.948509693145752,9.382769584655762
0.9285279512405396,9.397350311279297
0.9465298056602478,9.40939998626709
0.9297976493835449,9.415452003479004
0.9415790438652039,9.419642448425293
0.9457405805587769,9.4146089553833
0.929189145565033,9.40767765045166
0.9484441876411438,9.401175498962402
0.9372048377990723,9.398723602294922
0.9519587159156799,9.393570899963379
0.943691074848175,9.388564109802246
0.9406639337539673,9.387724876403809
0.9474734663963318,9.388312339782715
0.9346177577972412,9.389971733093262
0.9470822811126709,9.387585639953613
0.9522618055343628,9.391053199768066
0.9338691234588623,9.396233558654785
0.9449876546859741,9.400267601013184
0.9607639908790588,9.402878761291504
0.9480350017547607,9.408831596374512
0.9548119306564331,9.42050838470459
0.9580047130584717,9.433670997619629
0.9422429800033569,9.449532508850098
0.9346469640731812,9.45998764038086
0.9596163034439087,9.471640586853027
0.9503313302993774,9.481614112854004
0.9476325511932373,9.492423057556152
0.9404450058937073,9.498730659484863
0.9418691396713257,9.504876136779785
0.9434683918952942,9.504416465759277
0.936462938785553,9.507643699645996
0.950534999370575,9.514853477478027
0.9474337697029114,9.521306037902832
0.9450252056121826,9.524779319763184
0.9389916658401489,9.52431583404541
0.9455597996711731,9.523406982421875
0.9279041886329651,9.51888656616211
0.945926308631897,9.508697509765625
0.9375055432319641,9.500781059265137
0.9478488564491272,9.493637084960938
0.9385859370231628,9.48682689666748
0.9396838545799255,9.475852012634277
0.93157559633255,9.465106964111328
0.9463655352592468,9.456719398498535
0.9440029859542847,9.449065208435059
0.9414983987808228,9.441932678222656
0.9404351711273193,9.438105583190918
0.9570567011833191,9.436912536621094
0.946871280670166,9.435989379882812
0.9482421875,9.435379981994629
0.9517602920532227,9.433056831359863
0.9401125311851501,9.428523063659668
0.9504486322402954,9.423134803771973
0.9528149366378784,9.421357154846191
0.9530779719352722,9.418766021728516
0.9409114718437195,9.414311408996582
0.9546198844909668,9.411070823669434
0.9471674561500549,9.40831470489502
0.9299779534339905,9.401476860046387
0.9479077458381653,9.392840385437012
0.9533026814460754,9.38733196258545
0.9584246277809143,9.377562522888184
0.9640285968780518,9.372000694274902
0.9383957386016846,9.371270179748535
0.9580307006835938,9.369675636291504
0.9552637934684753,9.371467590332031
0.9368272423744202,9.373787879943848
0.9374894499778748,9.381102561950684
0.9487935304641724,9.387667655944824
0.9584879279136658,9.392218589782715
0.9459930658340454,9.394425392150879
0.941382884979248,9.399691581726074
0.9573345184326172,9.40555191040039
0.9419318437576294,9.414856910705566
0.9322556853294373,9.42292308807373
0.9502614736557007,9.428547859191895
0.9543241858482361,9.43082046508789
0.9419229626655579,9.438788414001465
0.9421811103820801,9.444031715393066
0.9360824227333069,9.4480619430542
0.9528893232345581,9.448956489562988
0.9474696516990662,9.449535369873047
0.9615716934204102,9.452811241149902
0.9461209774017334,9.455214500427246
0.9459519982337952,9.454081535339355
0.9458898901939392,9.464932441711426
0.9393414258956909,9.473532676696777
0.9504470825195312,9.481093406677246
0.9287827610969543,9.487338066101074
0.9465361833572388,9.489081382751465
0.9457129240036011,9.493114471435547
0.9505034685134888,9.496537208557129
0.9450526237487793,9.500344276428223
0.9552844166755676,9.502015113830566
0.9351328015327454,9.503022193908691
0.9536753296852112,9.498390197753906
0.9420633912086487,9.49474811553955
0.9408237338066101,9.491066932678223
0.9524179100990295,9.48929500579834
0.9405145645141602,9.48912525177002
0.9476525783538818,9.48961353302002
0.9199196696281433,9.49086856842041
0.9360463619232178,9.492423057556152
0.9628347754478455,9.492405891418457
0.9363484978675842,9.492873191833496
0.9620510935783386,9.500716209411621
0.9379015564918518,9.503470420837402
0.9593860507011414,9.504703521728516
0.9427915811538696,9.503546714782715
0.939996600151062,9.50495433807373
0.9327685832977295,9.502129554748535
0.945916473865509,9.499608039855957
0.9428902864456177,9.496670722961426
0.9467369914054871,9.495549201965332
0.9423254132270813,9.492931365966797
0.949934720993042,9.489336967468262
0.946159839630127,9.490859985351562
0.9375638961791992,9.490132331848145
0.9477430582046509,9.484652519226074
0.9390289783477783,9.482741355895996
0.9460413455963135,9.484711647033691
0.9600659608840942,9.487969398498535
0.942575216293335,9.49393367767334
0.9429571032524109,9.49553394317627
0.942396342754364,9.494317054748535
0.9411914944648743,9.497085571289062
0.9480590224266052,9.504555702209473
0.9426655769348145,9.511795997619629
0.9449674487113953,9.512835502624512
0.9390096664428711,9.5162353515625
0.935296893119812,9.521180152893066
0.9447453618049622,9.525433540344238
0.9442172050476074,9.527206420898438
0.9349819421768188,9.529536247253418
0.957522451877594,9.543120384216309
0.9387804269790649,9.551091194152832
0.9442830085754395,9.563998222351074
0.9454606771469116,9.580647468566895
0.9467954039573669,9.597077369689941
0.9425309300422668,9.608463287353516
0.9377654194831848,9.618073463439941
0.941910982131958,9.625308990478516
0.9451155066490173,9.631667137145996
0.9512894749641418,9.636951446533203
0.9687283039093018,9.64011287689209
0.9537221193313599,9.643706321716309
0.9542427659034729,9.645337104797363
0.9388624429702759,9.647625923156738
0.945602297782898,9.65173053741455
0.9568221569061279,9.650967597961426
0.9558380246162415,9.645224571228027
0.9399740695953369,9.639554023742676
0.9432879686355591,9.639321327209473
0.9355460405349731,9.640467643737793
0.9499891400337219,9.636868476867676
0.9514765739440918,9.6340913772583
0.9520207643508911,9.627181053161621
0.9467852115631104,9.617402076721191
0.9461527466773987,9.606098175048828
0.9411800503730774,9.600604057312012
0.9456230401992798,9.598320960998535
0.943657398223877,9.595915794372559
0.9460855722427368,9.591479301452637
0.9392880201339722,9.587967872619629
0.9539424777030945,9.58554744720459
0.9424600601196289,9.581273078918457
0.9459394812583923,9.574836730957031
0.9478607177734375,9.563225746154785
0.9485877752304077,9.552997589111328
0.9554473161697388,9.541142463684082
0.9437493085861206,9.52993392944336
0.9558107852935791,9.518805503845215
0.9537241458892822,9.506439208984375
0.9437249302864075,9.499917030334473
0.9263063073158264,9.494342803955078
0.9426373839378357,9.491419792175293
0.941809892654419,9.486403465270996
0.961394727230072,9.483237266540527
0.9428030252456665,9.485907554626465
0.9413491487503052,9.488639831542969
0.9508073925971985,9.490822792053223
0.9528268575668335,9.494261741638184
0.947922945022583,9.498831748962402
0.9449734687805176,9.502612113952637
0.9451614618301392,9.504111289978027
0.9483809471130371,9.51088809967041
0.9514735341072083,9.516646385192871
0.9532263875007629,9.519211769104004
0.9521679878234863,9.520890235900879
0.9443691372871399,9.52097225189209
0.9604767560958862,9.52053165435791
0.941482424736023,9.51674747467041
0.9319896697998047,9.512146949768066
0.9464894533157349,9.509339332580566
0.955828845500946,9.500565528869629
0.9398902654647827,9.493392944335938
0.9479503631591797,9.48514461517334
0.9574753046035767,9.48538875579834
0.9450914859771729,9.486687660217285
0.9419010281562805,9.488511085510254
0.9569938778877258,9.488375663757324
0.9649193286895752,9.48762035369873
0.9411495923995972,9.48177433013916
0.9472618103027344,9.480277061462402
0.9401072263717651,9.481614112854004
0.9406790733337402,9.48046588897705
0.9494587779045105,9.482261657714844
0.9494322538375854,9.484396934509277
0.9459906816482544,9.493107795715332
0.9505111575126648,9.502845764160156
0.9539051055908203,9.51059627532959
0.9492228627204895,9.51613998413086
0.9343715310096741,9.524478912353516
0.9415388107299805,9.529095649719238
0.9591464996337891,9.537520408630371
0.9408376216888428,9.541106224060059
0.9475064873695374,9.541569709777832
0.9354516863822937,9.542841911315918
0.9534746408462524,9.548375129699707
0.9463925361633301,9.553661346435547
0.9407798647880554,9.558209419250488
0.9468411207199097,9.565934181213379
0.9491845369338989,9.575336456298828
0.9391043782234192,9.584988594055176
0.9512791633605957,9.598834037780762
0.9371208548545837,9.609269142150879
0.9248499870300293,9.618401527404785
0.9624559283256531,9.62423038482666
0.9489346146583557,9.627867698669434
0.9512616395950317,9.637093544006348
0.9475212693214417,9.651786804199219
0.9460621476173401,9.664619445800781
0.9375427961349487,9.671711921691895
0.944965124130249,9.683167457580566
0.9437147974967957,9.693488121032715
0.9419552087783813,9.701586723327637
0.9514696598052979,9.706077575683594
0.9372838735580444,9.71764850616455
0.9247595071792603,9.721060752868652
0.9484171867370605,9.721028327941895
0.947778046131134,9.716980934143066
0.9456369280815125,9.706366539001465
0.9296115040779114,9.700150489807129
0.9439504146575928,9.695216178894043
0.9453187584877014,9.688874244689941
0.9486706852912903,9.677517890930176
0.9417776465415955,9.666332244873047
0.9474331736564636,9.6539888381958
0.951158881187439,9.645476341247559
0.9312301278114319,9.638164520263672
0.9437444806098938,9.635382652282715
0.9262363910675049,9.629752159118652
0.947407603263855,9.616923332214355
0.9235000610351562,9.604313850402832
0.9300451278686523,9.596301078796387
0.9495779275894165,9.587093353271484
0.9454473257064819,9.582579612731934
0.9297736287117004,9.58347225189209
0.9398397207260132,9.583579063415527
0.9570372700691223,9.581856727600098
0.9397904872894287,9.579270362854004
0.9338544607162476,9.579963684082031
0.9397712349891663,9.581668853759766
0.9591562151908875,9.58010482788086
0.955033004283905,9.5773286819458
0.9455698132514954,9.573710441589355
0.9476027488708496,9.571335792541504
0.9531563520431519,9.567893981933594
0.9463712573051453,9.566853523254395
0.9457245469093323,9.566527366638184
0.9489655494689941,9.565245628356934
0.9414201974868774,9.565825462341309
0.9373345971107483,9.565384864807129
0.9405125975608826,9.564066886901855
0.9459523558616638,9.562819480895996
0.9510862827301025,9.556292533874512
0.9462502598762512,9.546740531921387
0.9281131029129028,9.536141395568848
0.9304433465003967,9.528091430664062
0.9424424171447754,9.519501686096191
0.9430333971977234,9.512088775634766
0.9469351768493652,9.50032901763916
0.9487051963806152,9.490021705627441
0.9335330724716187,9.47866153717041
0.9558649063110352,9.46658706665039
0.9381611347198486,9.454787254333496
0.947961688041687,9.440673828125
0.9412167072296143,9.429226875305176
0.9485105276107788,9.416792869567871
0.9403887987136841,9.401862144470215
0.9434906840324402,9.394658088684082
0.9371526837348938,9.387115478515625
0.9541723728179932,9.38051700592041
0.9396539330482483,9.37448501586914
0.9254499077796936,9.367257118225098
0.9370899796485901,9.362671852111816
0.9413856267929077,9.351883888244629
0.9441791772842407,9.342438697814941
0.9490575790405273,9.334678649902344
0.9604620933532715,9.327807426452637
0.9466094970703125,9.322113990783691
0.9468885064125061,9.3158597946167
0.9428583979606628,9.315360069274902
0.9533431529998779,9.314148902893066
0.9451096057891846,9.305977821350098
0.9401809573173523,9.298396110534668
0.9674595594406128,9.287812232971191
0.9478191137313843,9.283303260803223
0.9305891394615173,9.281700134277344
0.9628205299377441,9.28411865234375
0.9562427997589111,9.287010192871094
0.9448415040969849,9.291136741638184
0.9491303563117981,9.292766571044922
0.9429842233657837,9.301074028015137
0.9512146711349487,9.309288024902344
0.9412854909896851,9.318312644958496
0.9385805726051331,9.326567649841309
0.9545655250549316,9.331742286682129
0.9501338005065918,9.334117889404297
0.9441327452659607,9.331131935119629
0.9492825865745544,9.329190254211426
0.9384958148002625,9.328887939453125
0.9473562836647034,9.32915210723877
0.9405407309532166,9.333243370056152
0.943264901638031,9.341879844665527
0.9390072822570801,9.350905418395996
0.9559823274612427,9.363879203796387
0.9430058002471924,9.37393569946289
0.9482216238975525,9.376708984375
0.9484449625015259,9.381507873535156
0.9575368762016296,9.381352424621582
0.9376131296157837,9.382049560546875
0.9646750688552856,9.380209922790527
0.9576712250709534,9.378340721130371
0.945559561252594,9.378243446350098
0.9466638565063477,9.375845909118652
0.9499016404151917,9.36696720123291
0.9519928693771362,9.356722831726074
0.9278199076652527,9.345527648925781
0.9554838538169861,9.331222534179688
0.9403747320175171,9.317778587341309
0.9435548186302185,9.308544158935547
0.9198219180107117,9.299027442932129
0.9492650032043457,9.288569450378418
0.9563921689987183,9.278511047363281
0.9512802958488464,9.26854419708252
0.9458683133125305,9.260189056396484
0.9542140960693359,9.25231647491455
0.9433867335319519,9.245926856994629
0.9473717212677002,9.24008560180664
0.9523595571517944,9.232495307922363
0.9396289587020874,9.229662895202637
0.9225567579269409,9.228660583496094
0.9479383230209351,9.23034381866455
0.9343598484992981,9.229129791259766
0.9458369612693787,9.228140830993652
0.9574877023696899,9.225994110107422
0.9581642746925354,9.226664543151855
0.9540437459945679,9.22792911529541
0.938686728477478,9.22848129272461
0.9537225961685181,9.225523948669434
0.9545704126358032,9.219023704528809
0.9479923248291016,9.211716651916504
0.9615147113800049,9.208287239074707
0.9526733160018921,9.204338073730469
0.9564769268035889,9.204028129577637
0.9585031867027283,9.199161529541016
0.9437042474746704,9.196396827697754
0.9302995204925537,9.191374778747559
0.9511168599128723,9.190876007080078
0.9520919919013977,9.192288398742676
0.9486196637153625,9.191153526306152
0.945127546787262,9.194969177246094
0.9370992183685303,9.2001371383667
0.9470488429069519,9.200509071350098
0.9609047174453735,9.20314884185791
0.9463835954666138,9.202133178710938
0.9322913885116577,9.205357551574707
0.9465425610542297,9.203925132751465
0.9445024728775024,9.203726768493652
0.9500762820243835,9.201079368591309
0.9455452561378479,9.198211669921875
0.9418821334838867,9.198121070861816
0.9479281902313232,9.19515323638916
0.9292011857032776,9.199424743652344
0.9426397085189819,9.197047233581543
0.9400816559791565,9.190093994140625
0.9460729956626892,9.186931610107422
0.9556130170822144,9.180428504943848
0.9340884685516357,9.178085327148438
0.9461373686790466,9.176178932189941
0.947986364364624,9.173829078674316
0.9534953236579895,9.173537254333496
0.9496932625770569,9.174785614013672
0.9547115564346313,9.175749778747559
0.9539671540260315,9.176586151123047
0.9408777952194214,9.174954414367676
0.9379183053970337,9.176112174987793
0.9473512172698975,9.175915718078613
0.948801577091217,9.175063133239746
0.9427411556243896,9.174172401428223
0.9375599026679993,9.173933982849121
0.9511412382125854,9.16873836517334
0.9269080758094788,9.16500186920166
0.9275513291358948,9.165520668029785
0.9499150514602661,9.167464256286621
0.9453635811805725,9.174702644348145
0.9314715266227722,9.186884880065918
0.9338410496711731,9.197399139404297
0.9399935603141785,9.20273494720459
0.9451075792312622,9.203068733215332
0.9504598379135132,9.20107364654541
0.9340758323669434,9.201435089111328
0.938025176525116,9.20163631439209
0.9449999928474426,9.201790809631348
0.9556472897529602,9.20650577545166
0.9547695517539978,9.210745811462402
0.9402740001678467,9.211638450622559
0.9402722120285034,9.210000038146973
0.9437466263771057,9.206695556640625
0.9403746128082275,9.205185890197754
0.9496710896492004,9.198997497558594
0.9403101205825806,9.195858001708984
0.9584382176399231,9.194568634033203
0.9468995332717896,9.192830085754395
0.9479969143867493,9.188369750976562
0.9520794153213501,9.186995506286621
0.9467838406562805,9.182831764221191
0.9437416791915894,9.179489135742188
0.9435436129570007,9.178718566894531
0.9542799592018127,9.17884349822998
0.9550126791000366,9.178542137145996
0.9621297121047974,9.177627563476562
0.9425147175788879,9.181864738464355
0.9543508887290955,9.180621147155762
0.9432716369628906,9.181827545166016
0.9439070820808411,9.175881385803223
0.9418308138847351,9.163960456848145
0.9514626264572144,9.157176971435547
0.9465250968933105,9.147063255310059
0.9500494003295898,9.136591911315918
0.953899085521698,9.122162818908691
0.946584939956665,9.11081600189209
0.9456297755241394,9.100693702697754
0.9542823433876038,9.092825889587402
0.9419137239456177,9.086621284484863
0.9401808977127075,9.083258628845215
0.9406437873840332,9.085293769836426
0.9447886943817139,9.093379020690918
0.9502755403518677,9.098820686340332
0.9405130743980408,9.106021881103516
0.9473267793655396,9.10892391204834
0.9685631990432739,9.109251976013184
0.944737434387207,9.114326477050781
0.9467215538024902,9.121501922607422
0.9564672112464905,9.129817008972168
0.9492539763450623,9.14004898071289
0.9488347768783569,9.158148765563965
0.9613078832626343,9.173432350158691
0.9512906074523926,9.186110496520996
0.9454506039619446,9.199938774108887
0.9303832054138184,9.21090316772461
0.9489009380340576,9.219578742980957
0.9555282592773438,9.223751068115234
0.9396531581878662,9.2290620803833
0.9529281258583069,9.230694770812988
0.9472413063049316,9.231902122497559
0.9446021914482117,9.23181438446045
0.9466400146484375,9.22611141204834
0.9469177722930908,9.220091819763184
0.9460121989250183,9.21602725982666
0.9321280717849731,9.207069396972656
0.947648286819458,9.196240425109863
0.9582270979881287,9.191458702087402
0.9412459135055542,9.190110206604004
0.9534491300582886,9.191214561462402
0.9334678053855896,9.193144798278809
0.9541844129562378,9.199131965637207
0.9503690600395203,9.200271606445312
0.9496080279350281,9.200150489807129
0.9510480761528015,9.199875831604004
0.9526622891426086,9.200078010559082
0.9602158069610596,9.19482707977295
0.941498875617981,9.192072868347168
0.9626866579055786,9.188483238220215
0.9558624029159546,9.187148094177246
0.9459745287895203,9.183921813964844
0.9465633630752563,9.180756568908691
0.9393477439880371,9.182686805725098
0.9415042400360107,9.184348106384277
0.9435466527938843,9.185298919677734
0.942858099937439,9.188346862792969
0.9415485858917236,9.190673828125
0.9461182951927185,9.195120811462402
0.9464495182037354,9.203258514404297
0.9463169574737549,9.21020221710205
0.9471626281738281,9.215892791748047
0.9428545832633972,9.2227201461792
0.9603241086006165,9.230141639709473
0.9624246954917908,9.238636016845703
0.9493778944015503,9.24642276763916
0.9512608647346497,9.255943298339844
0.9322035312652588,9.266243934631348
0.968657910823822,9.27700424194336
0.9401491284370422,9.285637855529785
0.9420504570007324,9.289977073669434
0.9454298615455627,9.294943809509277
0.9393534064292908,9.301192283630371
0.9531770348548889,9.305146217346191
0.9556574821472168,9.308548927307129
0.9491086602210999,9.311064720153809
0.9429445266723633,9.310783386230469
0.950388491153717,9.31088638305664
0.949082612991333,9.309163093566895
0.9507967233657837,9.310505867004395
0.9406093955039978,9.307744026184082
0.9487861394882202,9.30160140991211
0.9408562779426575,9.291022300720215
0.945674479007721,9.281623840332031
0.9451043605804443,9.273531913757324
0.9439631700515747,9.262351036071777
0.9534389972686768,9.251383781433105
0.9325904250144958,9.245097160339355
0.9450330138206482,9.24008846282959
0.9514091610908508,9.236990928649902
0.953402578830719,9.227802276611328
0.9576557278633118,9.217942237854004
0.9408177733421326,9.205849647521973
0.9536621570587158,9.198922157287598
0.9540129899978638,9.187602043151855
0.9418001174926758,9.173134803771973
0.9559118747711182,9.164021492004395
0.9442671537399292,9.154095649719238
0.9525105953216553,9.150336265563965
0.942297637462616,9.146334648132324
0.9447596073150635,9.145487785339355
0.9418032169342041,9.145851135253906
0.9415955543518066,9.147202491760254
0.9537492990493774,9.1519775390625
0.947699248790741,9.155052185058594
0.9470779895782471,9.16403865814209
0.9413136839866638,9.170899391174316
0.9473106265068054,9.175762176513672
0.9428521990776062,9.18121337890625
0.951150119304657,9.19185733795166
0.9589589238166809,9.197818756103516
0.9391460418701172,9.200997352600098
0.9357120990753174,9.207131385803223
0.9480555653572083,9.209705352783203
0.9431395530700684,9.210915565490723
0.9457911849021912,9.210326194763184
0.9383680820465088,9.209285736083984
0.9524877071380615,9.206887245178223
0.9474133253097534,9.196385383605957
0.954846978187561,9.183150291442871
0.937440812587738,9.174736976623535
0.9538097381591797,9.168402671813965
0.9481207132339478,9.161559104919434
0.960722029209137,9.1567964553833
0.9346572160720825,9.148295402526855
0.9515225291252136,9.141480445861816
0.9463561773300171,9.139451026916504
0.9532818794250488,9.144097328186035
0.950793445110321,9.148423194885254
0.9600701332092285,9.156731605529785
0.9304468631744385,9.1638822555542
0.9589597582817078,9.172890663146973
0.9508447647094727,9.179621696472168
0.9423996210098267,9.182927131652832
0.9383223056793213,9.18451976776123
0.936397135257721,9.18292236328125
0.9403402209281921,9.184708595275879
0.9505183100700378,9.188584327697754
0.9466702342033386,9.194489479064941
0.9430375099182129,9.195830345153809
0.9554007649421692,9.197105407714844
0.9398820400238037,9.198126792907715
0.9471126794815063,9.204285621643066
0.9304893016815186,9.211380004882812
0.9514797925949097,9.219185829162598
0.9514784216880798,9.229118347167969
0.9517985582351685,9.23981761932373
0.9295535087585449,9.247071266174316
0.9585307836532593,9.258049964904785
0.9533228874206543,9.269908905029297
0.9298906922340393,9.281742095947266
0.9455466270446777,9.289015769958496
0.9367729425430298,9.292853355407715
0.952925443649292,9.300324440002441
0.9518459439277649,9.302407264709473
0.9435491561889648,9.304116249084473
0.9313024282455444,9.309182167053223
0.955640971660614,9.309433937072754
0.9509075284004211,9.312201499938965
0.9374659061431885,9.31026554107666
0.9374276995658875,9.30600643157959
0.9527440667152405,9.30533504486084
0.9277427792549133,9.305487632751465
0.9565804600715637,9.30624008178711
0.9607908129692078,9.306401252746582
0.9492344260215759,9.306503295898438
0.9443237781524658,9.31427001953125
0.9518236517906189,9.318253517150879
0.9391080141067505,9.320228576660156
0.9298978447914124,9.325331687927246
0.9477375745773315,9.327384948730469
0.9428013563156128,9.329585075378418
0.941907525062561,9.337142944335938
0.9554458856582642,9.345892906188965
0.9495275020599365,9.35094928741455
0.9512304067611694,9.35427188873291
0.9467666745185852,9.356532096862793
0.9495287537574768,9.361754417419434
0.9552825689315796,9.362738609313965
0.9525699615478516,9.3619966506958
0.946274995803833,9.36078929901123
0.9503265619277954,9.359603881835938
0.9499897956848145,9.356162071228027
0.9520961046218872,9.355697631835938
0.9484472870826721,9.354424476623535
0.9480492472648621,9.350647926330566
0.9608608484268188,9.344731330871582
0.9578526020050049,9.333109855651855
0.939113974571228,9.321045875549316
0.9548346996307373,9.311848640441895
0.9553416967391968,9.304451942443848
0.9443166255950928,9.298797607421875
0.9496687650680542,9.295624732971191
0.9374826550483704,9.290762901306152
0.9613979458808899,9.285244941711426
0.9456019401550293,9.278717994689941
0.95737624168396,9.266860008239746
0.9333367347717285,9.255904197692871
0.9318255186080933,9.249703407287598
0.9518865346908569,9.245841979980469
0.9410502910614014,9.238556861877441
0.9586963653564453,9.23184871673584
0.9507114291191101,9.227137565612793
0.9290809035301208,9.215072631835938
0.9528862237930298,9.200743675231934
0.9362878203392029,9.182093620300293
0.9576650261878967,9.166301727294922
0.95493483543396,9.152461051940918
0.9432200193405151,9.136628150939941
0.9585416316986084,9.122315406799316
0.9387267827987671,9.105149269104004
0.9351255297660828,9.087138175964355
0.9638614058494568,9.067116737365723
0.9464935660362244,9.049365043640137
0.9460363984107971,9.037479400634766
0.9498538374900818,9.028199195861816
0.9481906890869141,9.02137279510498
0.95020991563797,9.018141746520996
0.9478991031646729,9.01465129852295
0.94847571849823,9.01424789428711
0.9218499660491943,9.016600608825684
0.951116681098938,9.018460273742676
0.9321541786193848,9.02321720123291
0.931682825088501,9.02649211883545
0.9510759115219116,9.02664852142334
0.9513089656829834,9.032646179199219
0.9334121346473694,9.037760734558105
0.9506239891052246,9.040968894958496
0.9519667029380798,9.038290977478027
0.9430887699127197,9.036155700683594
0.9450880289077759,9.035079956054688
0.9597986936569214,9.029796600341797
0.9573146104812622,9.03115177154541
0.9369986653327942,9.034843444824219
0.9403135180473328,9.043808937072754
0.9499406814575195,9.05224895477295
0.9362541437149048,9.061898231506348
0.9522604942321777,9.068451881408691
0.9457880258560181,9.075050354003906
0.9452086687088013,9.079934120178223
0.9562232494354248,9.082261085510254
0.9477920532226562,9.083130836486816
0.9395475387573242,9.08396053314209
0.9439769983291626,9.084807395935059
0.9469686150550842,9.083395957946777
0.943139374256134,9.081901550292969
0.9494467973709106,9.074700355529785
0.9402798414230347,9.062623023986816
0.9453631639480591,9.050789833068848
0.9498266577720642,9.038817405700684
0.9323024153709412,9.02951717376709
0.9527914524078369,9.016724586486816
0.9375423192977905,9.007113456726074
0.9525337219238281,8.99692153930664
0.947386622428894,8.993396759033203
0.949276328086853,8.991602897644043
0.9527570009231567,8.989434242248535
0.946771502494812,8.991004943847656
0.9531107544898987,8.996481895446777
0.9526157379150391,8.997742652893066
0.9539197683334351,8.996464729309082
0.958084225654602,8.996621131896973
0.9550316333770752,9.000534057617188
0.9502112865447998,9.002442359924316
0.9345751404762268,9.003655433654785
0.9444179534912109,9.002409934997559
0.9360995292663574,9.004076957702637
0.9498467445373535,9.002185821533203
0.9470327496528625,9.000202178955078
0.9530507922172546,9.000030517578125
0.9335235357284546,9.00224781036377
0.9574983716011047,9.002583503723145
0.9455214738845825,9.007264137268066
0.9573049545288086,9.010857582092285
0.946196973323822,9.01544189453125
0.9534162282943726,9.019356727600098
0.9557352662086487,9.025444984436035
0.9312856197357178,9.033003807067871
0.967147707939148,9.04052734375
0.9403192400932312,9.048075675964355
0.9551254510879517,9.055870056152344
0.9500594735145569,9.067127227783203
0.9439286589622498,9.08248519897461
0.9365277886390686,9.098341941833496
0.9367409944534302,9.106593132019043
0.917578399181366,9.122337341308594
0.9407869577407837,9.134331703186035
0.9422617554664612,9.154754638671875
0.9556640386581421,9.17221736907959
0.9440487027168274,9.188796043395996
0.9505414366722107,9.211604118347168
0.964529275894165,9.233489036560059
0.9453027248382568,9.251168251037598
0.9427506923675537,9.266167640686035
0.945873498916626,9.282330513000488
0.94376140832901,9.296614646911621
0.9605633020401001,9.310912132263184
0.9609125256538391,9.320148468017578
0.9481862187385559,9.328986167907715
0.9293888807296753,9.33672046661377
0.9380708932876587,9.344351768493652
0.9455924034118652,9.350602149963379
0.9419897198677063,9.354819297790527
0.9526112675666809,9.35534954071045
0.9461386799812317,9.356609344482422
0.9523184299468994,9.355803489685059
0.945441484451294,9.352728843688965
0.9409849643707275,9.345352172851562
0.9505592584609985,9.340010643005371
0.9601134061813354,9.33462905883789
0.9319575428962708,9.327919960021973
0.946300745010376,9.319518089294434
0.9357997179031372,9.31869125366211
0.9367093443870544,9.315438270568848
0.954815149307251,9.304835319519043
0.9522225856781006,9.29862117767334
0.9400622248649597,9.29345417022705
0.9465808868408203,9.289422035217285
0.9480999708175659,9.286675453186035
0.9507375955581665,9.287138938903809
0.9598228335380554,9.291886329650879
0.9484596848487854,9.29666805267334
0.9416714906692505,9.299063682556152
0.9584818482398987,9.295485496520996
0.9505778551101685,9.292442321777344
0.944917619228363,9.286519050598145
0.9402697682380676,9.276778221130371
0.9525957107543945,9.26284408569336
0.9569382667541504,9.2524995803833
0.9510301351547241,9.244938850402832
0.9618023037910461,9.237853050231934
0.9418648481369019,9.232916831970215
0.9448527693748474,9.228859901428223
0.9367935657501221,9.228714942932129
0.9321334958076477,9.229212760925293
0.9500947594642639,9.229488372802734
0.9502461552619934,9.232196807861328
0.9514408707618713,9.236006736755371
0.9619300365447998,9.237137794494629
0.9505302906036377,9.24227523803711
0.9508678317070007,9.246550559997559
0.9543370008468628,9.248345375061035
0.9268449544906616,9.250697135925293
0.9374478459358215,9.255196571350098
0.951191246509552,9.262185096740723
0.9379637241363525,9.26894760131836
0.9546903967857361,9.275359153747559
0.9669495820999146,9.285054206848145
0.9399343132972717,9.294903755187988
0.9425317645072937,9.303021430969238
0.9444060325622559,9.313279151916504
0.9633933305740356,9.319437980651855
0.9492748379707336,9.322342872619629
0.9609880447387695,9.323479652404785
0.949508011341095,9.325602531433105
0.9486973881721497,9.327340126037598
0.9563557505607605,9.327300071716309
0.9590592980384827,9.329354286193848
0.9283626675605774,9.33017349243164
0.9409825801849365,9.33245849609375
0.9438315629959106,9.334691047668457
0.949609637260437,9.33543872833252
0.947350263595581,9.338104248046875
0.9460516571998596,9.341461181640625
0.9447081685066223,9.346625328063965
0.9526207447052002,9.353615760803223
0.9442092180252075,9.357823371887207
0.9416137933731079,9.363197326660156
0.9437260031700134,9.362743377685547
0.9429526925086975,9.366683959960938
0.9397084712982178,9.364532470703125
0.954748809337616,9.365057945251465
0.9444547891616821,9.367371559143066
0.9516043663024902,9.369484901428223
0.9479841589927673,9.369832038879395
0.9368852972984314,9.36508846282959
0.9504425525665283,9.362616539001465
0.9493979215621948,9.36041259765625
0.930862307548523,9.357136726379395
0.9464187026023865,9.354469299316406
0.9528300166130066,9.353415489196777
0.9456806778907776,9.354187965393066
0.9521768093109131,9.3533296585083
0.9449641704559326,9.349026679992676
0.9516738653182983,9.338134765625
0.9538004398345947,9.325661659240723
0.9378646612167358,9.311064720153809
0.9464739561080933,9.30042552947998
0.9404327273368835,9.290569305419922
0.9563224911689758,9.275223731994629
0.9283820986747742,9.257973670959473
0.9173426032066345,9.242042541503906
0.9415207505226135,9.2274751663208
0.9416788220405579,9.212092399597168
0.9499000906944275,9.197696685791016
0.932107150554657,9.186522483825684
0.9435846209526062,9.175297737121582
0.947719156742096,9.161320686340332
0.9479838013648987,9.14977741241455
0.9471542835235596,9.134612083435059
0.9523608088493347,9.127921104431152
0.9522099494934082,9.122306823730469
0.9538108110427856,9.116284370422363
0.9507244825363159,9.110238075256348
0.9243766069412231,9.1037015914917
0.9416377544403076,9.093253135681152
0.9438426494598389,9.084003448486328
0.9432387351989746,9.076836585998535
0.9504798650741577,9.071745872497559
0.9429078698158264,9.06557559967041
0.9388793706893921,9.060721397399902
0.9437562227249146,9.053366661071777
0.952304482460022,9.040648460388184
0.9430093765258789,9.026406288146973
0.9563642144203186,9.017195701599121
0.9401185512542725,9.012457847595215
0.9421526193618774,9.010050773620605
0.9344768524169922,9.007643699645996
0.9455492496490479,8.999146461486816
0.947013258934021,8.990809440612793
0.9417881965637207,8.987473487854004
0.9397701621055603,8.983826637268066
0.9361130595207214,8.980838775634766
0.9414860010147095,8.973427772521973
0.9314448237419128,8.964459419250488
0.9386661052703857,8.958340644836426
0.9498322606086731,8.956253051757812
0.9557801485061646,8.953922271728516
0.949497401714325,8.951529502868652
0.9673380851745605,8.948418617248535
0.9356147646903992,8.947738647460938
0.9331649541854858,8.947429656982422
0.9354808926582336,8.948481559753418
0.9284534454345703,8.947712898254395
0.951863169670105,8.944828987121582
0.94199138879776,8.949466705322266
0.941009521484375,8.956496238708496
0.9513174295425415,8.960796356201172
0.9498854875564575,8.963423728942871
0.9537928700447083,8.970925331115723
0.9560290575027466,8.975127220153809
0.9387864470481873,8.980171203613281
0.9456077218055725,8.98568058013916
0.9488939642906189,8.990706443786621
0.9481716156005859,8.996949195861816
0.9386559724807739,9.007561683654785
0.9396973252296448,9.01522159576416
0.9435281753540039,9.023324012756348
0.9458996057510376,9.031434059143066
0.9557294249534607,9.040298461914062
0.9425690770149231,9.047832489013672
0.9496686458587646,9.055431365966797
0.9375245571136475,9.05987548828125
0.9485551714897156,9.060118675231934
0.9560413360595703,9.059008598327637
0.9652975797653198,9.060959815979004
0.9428972601890564,9.067662239074707
0.9531885385513306,9.069988250732422
0.9655121564865112,9.074406623840332
0.9390060305595398,9.080231666564941
0.9537158012390137,9.087056159973145
0.9375324249267578,9.096566200256348
0.9499915242195129,9.101778984069824
0.9542652368545532,9.107556343078613
0.9339213967323303,9.114195823669434
0.9586575031280518,9.125653266906738
0.9487085342407227,9.13386058807373
0.9578644633293152,9.149466514587402
0.9522787928581238,9.162109375
0.9430293440818787,9.172233581542969
0.9509807825088501,9.18171215057373
0.9574376344680786,9.191925048828125
0.9387498497962952,9.19989013671875
0.9577007293701172,9.21184253692627
0.9500882029533386,9.218392372131348
0.9551486372947693,9.222771644592285
0.965764045715332,9.230636596679688
0.9320133924484253,9.237850189208984
0.9356818199157715,9.248568534851074
0.9489867091178894,9.251265525817871
0.9488279819488525,9.250569343566895
0.9452322721481323,9.253952026367188
0.9329296350479126,9.260197639465332
0.9452602863311768,9.266743659973145
0.9514286518096924,9.270405769348145
0.9432803392410278,9.270941734313965
0.9539721608161926,9.269421577453613
0.9444639086723328,9.263801574707031
0.9401970505714417,9.255553245544434
0.9375464916229248,9.246209144592285
0.9435012340545654,9.23849868774414
0.9478656649589539,9.228744506835938
0.940446674823761,9.219090461730957
0.9417797327041626,9.208182334899902
0.9404634833335876,9.195595741271973
0.9460619688034058,9.187389373779297
0.9400009512901306,9.181780815124512
0.949539303779602,9.178404808044434
0.9542408585548401,9.169465065002441
0.9254798293113708,9.160185813903809
0.9406288862228394,9.152484893798828
0.9441367983818054,9.14298152923584
0.9343653321266174,9.135367393493652
0.9399093389511108,9.126851081848145
0.9468529224395752,9.108647346496582
0.9535291790962219,9.090012550354004
0.9435480237007141,9.07193374633789
0.9415915608406067,9.056480407714844
0.945792555809021,9.043220520019531
0.9380993247032166,9.0353422164917
0.9591302275657654,9.032713890075684
0.9462725520133972,9.02865982055664
0.9578989744186401,9.026358604431152
0.9517351984977722,9.024605751037598
0.9582339525222778,9.023787498474121
0.9480774998664856,9.021008491516113
0.9546949863433838,9.020581245422363
0.955512285232544,9.019722938537598
0.9440475702285767,9.016739845275879
0.9506100416183472,9.0155029296875
0.957767903804779,9.011981964111328
0.9475007057189941,9.00656795501709
0.9580175876617432,8.997618675231934
0.948213517665863,8.985899925231934
0.9606269001960754,8.971476554870605
0.9577553272247314,8.959476470947266
0.9485387802124023,8.948395729064941
0.9487731456756592,8.938158988952637
0.9486933946609497,8.927279472351074
0.9492954611778259,8.915482521057129
0.944473147392273,8.902702331542969
0.9374661445617676,8.894705772399902
0.9574135541915894,8.880322456359863
0.9602816700935364,8.863938331604004
0.9535398483276367,8.8524751663208
0.9476997256278992,8.845534324645996
0.9500600099563599,8.831436157226562
0.938373327255249,8.822937965393066
0.939697265625,8.812901496887207
0.9358338117599487,8.803394317626953
0.9507613778114319,8.798418998718262
0.9460406303405762,8.801175117492676
0.9498938918113708,8.810249328613281
0.9346473217010498,8.815648078918457
0.9521527290344238,8.825089454650879
0.9273760318756104,8.833294868469238
0.937063455581665,8.835391998291016
0.9384266138076782,8.833060264587402
0.9482188820838928,8.833586692810059
0.9581924080848694,8.836478233337402
0.9562438130378723,8.842421531677246
0.9411038756370544,8.848899841308594
0.931563675403595,8.859545707702637
0.9497052431106567,8.865607261657715
0.9368764162063599,8.863341331481934
0.9547575116157532,8.860024452209473
0.955573558807373,8.86118221282959
0.9504572153091431,8.869790077209473
0.9514520764350891,8.879080772399902
0.9521056413650513,8.887473106384277
0.9479683041572571,8.899491310119629
0.9606820344924927,8.90787410736084
0.943062424659729,8.915237426757812
0.9509949684143066,8.922415733337402
0.9551096558570862,8.92778491973877
0.9549206495285034,8.937338829040527
0.9408548474311829,8.94408130645752
0.9486581683158875,8.94991683959961
0.9518418312072754,8.956138610839844
0.9540094137191772,8.962043762207031
0.9540456533432007,8.971268653869629
0.9407393336296082,8.978069305419922
0.9425668716430664,8.987025260925293
0.9428799152374268,8.99705982208252
0.9415081739425659,9.00643253326416
0.9594374895095825,9.014260292053223
0.9468978047370911,9.021723747253418
0.9453374147415161,9.026839256286621
0.9475380182266235,9.031542778015137
0.9421756863594055,9.0377836227417
0.9451550245285034,9.047774314880371
0.9477177262306213,9.0595703125
0.9411366581916809,9.066726684570312
0.9588474631309509,9.075072288513184
0.9489353895187378,9.089256286621094
0.940495491027832,9.103060722351074
0.9439934492111206,9.114039421081543
0.9366251230239868,9.12161922454834
0.9484359622001648,9.124938011169434
0.9459905624389648,9.130805969238281
0.9493448734283447,9.136395454406738
0.9548417329788208,9.134869575500488
0.9473830461502075,9.130562782287598
0.9412875771522522,9.127421379089355
0.9522706270217896,9.123431205749512
0.946770429611206,9.122973442077637
0.946654736995697,9.122204780578613
0.9573553800582886,9.119980812072754
0.9407391548156738,9.120734214782715
0.9468458890914917,9.117987632751465
0.9459911584854126,9.118010520935059
0.9360571503639221,9.11721420288086
0.9593585729598999,9.11887264251709
0.951651394367218,9.120722770690918
0.9480112791061401,9.124316215515137
0.9415899515151978,9.124136924743652
0.9439276456832886,9.124420166015625
0.9540078043937683,9.12881088256836
0.9552243947982788,9.137374877929688
0.9562240839004517,9.143505096435547
0.9547144174575806,9.151894569396973
0.9409483075141907,9.162642478942871
0.9532226324081421,9.170825004577637
0.9419069886207581,9.184307098388672
0.9489211440086365,9.196455955505371
0.9447352886199951,9.207900047302246
0.9440016746520996,9.222899436950684
0.9258795976638794,9.237687110900879
0.9468768239021301,9.252150535583496
0.9549455046653748,9.26601505279541
0.9497122764587402,9.282687187194824
0.9490271210670471,9.297194480895996
0.9522643089294434,9.31173038482666
0.9549508094787598,9.322662353515625
0.9377069473266602,9.334944725036621
0.9500594735145569,9.341649055480957
0.9531418085098267,9.35126781463623
0.9357115030288696,9.352764129638672
0.9401589632034302,9.350436210632324
0.9505771398544312,9.34726619720459
0.9375268816947937,9.346549987792969
0.9463711977005005,9.342612266540527
0.9442625045776367,9.336089134216309
0.9528141021728516,9.325786590576172
0.9463245272636414,9.314688682556152
0.9505447745323181,9.301535606384277
0.9664227962493896,9.287276268005371
0.9516468644142151,9.277297019958496
0.9471180438995361,9.268717765808105
0.9406138062477112,9.26175594329834
0.9436283111572266,9.253207206726074
0.9425984025001526,9.247159004211426
0.9470756649971008,9.2409029006958
0.9523693919181824,9.240925788879395
0.938126266002655,9.23945140838623
0.9440301060676575,9.236306190490723
0.9521107077598572,9.229004859924316
0.9589110612869263,9.223023414611816
0.9480778574943542,9.22220516204834
0.9487532377243042,9.223450660705566
0.9467419385910034,9.22170352935791
0.9343973994255066,9.221480369567871
0.9436938166618347,9.221590995788574
0.9385740756988525,9.226306915283203
0.9411991238594055,9.231491088867188
0.9498251080513,9.23717212677002
0.9508776664733887,9.244274139404297
0.9510894417762756,9.245258331298828
0.9539166688919067,9.244709968566895
0.9592476487159729,9.245896339416504
0.9432449340820312,9.24619197845459
0.9418703317642212,9.248492240905762
0.9481915235519409,9.250296592712402
0.9532445073127747,9.255120277404785
0.9492978453636169,9.260994911193848
0.9644182920455933,9.271045684814453
0.9518720507621765,9.282763481140137
0.9490148425102234,9.2939453125
0.9379473328590393,9.304390907287598
0.9580079913139343,9.315966606140137
0.9484554529190063,9.326175689697266
0.9489331841468811,9.33775806427002
0.9517415761947632,9.344826698303223
0.9449285864830017,9.347891807556152
0.9334971308708191,9.352007865905762
0.9520654678344727,9.357033729553223
0.9438511729240417,9.360276222229004
0.9510533213615417,9.359086036682129
0.9424682855606079,9.359501838684082
0.9584918022155762,9.363860130310059
0.9626749157905579,9.365410804748535
0.9474421739578247,9.36829662322998
0.9595960974693298,9.369183540344238
0.9336299896240234,9.371047019958496
0.9351350665092468,9.375933647155762
0.9505823850631714,9.378888130187988
0.9530491828918457,9.380607604980469
0.9443989396095276,9.38101577758789
0.9478750824928284,9.384644508361816
0.9429938793182373,9.382671356201172
0.9463860988616943,9.378463745117188
0.9414001703262329,9.36893367767334
0.9373478293418884,9.359953880310059
0.9249348640441895,9.349952697753906
0.9497616291046143,9.341304779052734
0.9505813121795654,9.33696460723877
0.9623842835426331,9.331437110900879
0.9505029916763306,9.327925682067871
0.9390509128570557,9.323257446289062
0.9521875381469727,9.31404972076416
0.9449366331100464,9.309012413024902
0.9365736842155457,9.311074256896973
0.940575122833252,9.311436653137207
0.9587729573249817,9.308663368225098
0.9489561319351196,9.304734230041504
0.9574595093727112,9.29901123046875
0.949591338634491,9.294875144958496
0.946527361869812,9.289139747619629
0.9471274018287659,9.282540321350098
0.9461766481399536,9.275979042053223
0.9470675587654114,9.268437385559082
0.9521716833114624,9.2665376663208
0.9483557939529419,9.269012451171875
0.9477065801620483,9.273730278015137
0.9398121237754822,9.279277801513672
0.956099808216095,9.282146453857422
0.9504435658454895,9.282992362976074
0.9451907873153687,9.283308982849121
0.9435182809829712,9.286861419677734
0.9524643421173096,9.287863731384277
0.9487528204917908,9.288455963134766
0.9465460181236267,9.286404609680176
0.9481110572814941,9.27938175201416
0.9565126299858093,9.276907920837402
0.950761616230011,9.275238037109375
0.9507508873939514,9.270703315734863
0.9433196783065796,9.271995544433594
0.957177460193634,9.269283294677734
0.9532418251037598,9.268806457519531
0.9552100896835327,9.26028060913086
0.9600841403007507,9.250563621520996
0.9443407654762268,9.240927696228027
0.9385766983032227,9.232501983642578
0.937458336353302,9.225808143615723
0.9432366490364075,9.217034339904785
0.9475887417793274,9.20950984954834
0.934904932975769,9.203598022460938
0.9403648972511292,9.199715614318848
0.9473177790641785,9.19550609588623
0.9612247943878174,9.18759822845459
0.9402918815612793,9.181197166442871
0.9542412161827087,9.179604530334473
0.9529234170913696,9.183035850524902
0.9474219679832458,9.185778617858887
0.9560986757278442,9.185172080993652
0.9362452030181885,9.184887886047363
0.9547361731529236,9.183055877685547
0.9520493149757385,9.181174278259277
0.9387534856796265,9.181824684143066
0.9506314396858215,9.184908866882324
0.9388051629066467,9.181434631347656
0.9536707997322083,9.181343078613281
0.9414225220680237,9.183699607849121
0.9468221664428711,9.184707641601562
0.9574399590492249,9.183939933776855
0.932171642780304,9.186748504638672
0.959517776966095,9.188106536865234
0.9573665261268616,9.190863609313965
0.9615188241004944,9.1886568069458
0.9355003833770752,9.185620307922363
0.9412994384765625,9.179827690124512
0.9501887559890747,9.172669410705566
0.943048357963562,9.165064811706543
0.9474256038665771,9.163150787353516
0.9365563988685608,9.156210899353027
0.9480091333389282,9.148414611816406
0.9545856714248657,9.140933990478516
0.9467381834983826,9.136178016662598
0.9570244550704956,9.128406524658203
0.9426127672195435,9.123969078063965
0.942476749420166,9.12236499786377
0.9498672485351562,9.123574256896973
0.9535665512084961,9.12501049041748
0.9446746706962585,9.12035846710205
0.9592081308364868,9.118072509765625
0.9489518404006958,9.115103721618652
0.9416966438293457,9.112370491027832
0.9472777247428894,9.112401008605957
0.9503995180130005,9.114249229431152
0.9520515203475952,9.116349220275879
0.9429506063461304,9.116381645202637
0.9332507848739624,9.116683006286621
0.9508253335952759,9.119673728942871
0.9414217472076416,9.120770454406738
0.9396439790725708,9.123953819274902
0.9399791955947876,9.127249717712402
0.9546716213226318,9.132203102111816
0.9693065881729126,9.140891075134277
0.9495185613632202,9.151755332946777
0.9642828106880188,9.162198066711426
0.9514484405517578,9.175106048583984
0.938100278377533,9.19106674194336
0.934258759021759,9.203434944152832
0.953761100769043,9.211129188537598
0.9522395133972168,9.219365119934082
0.9421224594116211,9.228758811950684
0.9511327147483826,9.236174583435059
0.9531065225601196,9.238446235656738
0.9467955827713013,9.242042541503906
0.9575260877609253,9.246379852294922
0.9634841084480286,9.25046157836914
0.9445350766181946,9.258957862854004
0.942127525806427,9.265854835510254
0.9527876973152161,9.271743774414062
0.9402408003807068,9.279023170471191
0.9489198327064514,9.286025047302246
0.9474639296531677,9.290694236755371
0.9392870664596558,9.294137001037598
0.9563405513763428,9.295182228088379
0.9342074394226074,9.29816722869873
0.9437538385391235,9.298107147216797
0.9436606168746948,9.296905517578125
0.9348262548446655,9.298195838928223
0.9465268850326538,9.296231269836426
0.9496459364891052,9.292187690734863
0.9555134773254395,9.287761688232422
0.942992627620697,9.284749031066895
0.9464414715766907,9.281943321228027
0.9539905786514282,9.280360221862793
0.9578837752342224,9.278046607971191
0.9370119571685791,9.279389381408691
0.9543361663818359,9.279356956481934
0.9501380920410156,9.280735969543457
0.9486420154571533,9.285311698913574
0.9381589293479919,9.293594360351562
0.9509212970733643,9.30288028717041
0.9594802260398865,9.307724952697754
0.9551135897636414,9.309998512268066
0.9420583844184875,9.31872844696045
0.9458106160163879,9.323902130126953
0.9525032639503479,9.329161643981934
0.9450308084487915,9.330824851989746
0.9504421353340149,9.332512855529785
0.9381362199783325,9.336811065673828
0.9358192682266235,9.33547306060791
0.9462941884994507,9.3327054977417
0.9412179589271545,9.326050758361816
0.9511509537696838,9.317879676818848
0.9575909376144409,9.312407493591309
0.9589022994041443,9.303050994873047
0.9542023539543152,9.291626930236816
0.9568243622779846,9.27933406829834
0.9501889944076538,9.265899658203125
0.9412326216697693,9.25799560546875
0.9519633054733276,9.250904083251953
0.9582183957099915,9.238211631774902
0.9562391638755798,9.223915100097656
0.9471546411514282,9.209599494934082
0.9396889805793762,9.194977760314941
0.9478369355201721,9.182220458984375
0.9461116790771484,9.169472694396973
0.9443647861480713,9.156233787536621
0.9451181888580322,9.139044761657715
0.9320371150970459,9.129195213317871
0.9441555738449097,9.118803977966309
0.9489220976829529,9.117843627929688
0.9384921193122864,9.117043495178223
0.9458985328674316,9.123546600341797
0.948457658290863,9.136435508728027
0.9318299293518066,9.14643383026123
0.9447970390319824,9.15174388885498
0.9579710960388184,9.152290344238281
0.9396271705627441,9.153964042663574
0.9331917762756348,9.153517723083496
0.9398269057273865,9.150471687316895
0.9516812562942505,9.14650821685791
0.9382221698760986,9.145835876464844
0.9322053790092468,9.147229194641113
0.9561473727226257,9.148215293884277
0.9521289467811584,9.147879600524902
0.957019031047821,9.148062705993652
0.9477400183677673,9.146915435791016
0.9516693353652954,9.149495124816895
0.9349998831748962,9.152121543884277
0.9360615015029907,9.158896446228027
0.9391776323318481,9.16822338104248
0.9474703073501587,9.181675910949707
0.9603756070137024,9.194457054138184
0.9555351734161377,9.201675415039062
0.9380857944488525,9.206269264221191
0.934760570526123,9.20459270477295
0.9437986016273499,9.206183433532715
0.9442836046218872,9.204231262207031
0.934742271900177,9.199393272399902
0.9433221817016602,9.195720672607422
0.9510923624038696,9.19753646850586
0.9384620189666748,9.20095157623291
0.9564525485038757,9.201830863952637
0.9583732485771179,9.201451301574707
0.9502354860305786,9.20002269744873
0.9507535099983215,9.201895713806152
0.9452981948852539,9.207416534423828
0.9351336359977722,9.208526611328125
0.9439777135848999,9.208251953125
0.9297956824302673,9.21059513092041
0.9338993430137634,9.209587097167969
0.9364068508148193,9.210848808288574
0.9482007622718811,9.213038444519043
0.9536519050598145,9.213545799255371
0.9611089825630188,9.211075782775879
0.9556966423988342,9.206578254699707
0.9496896862983704,9.210038185119629
0.9539353251457214,9.21341609954834
0.9454354643821716,9.22187328338623
0.9454219937324524,9.231337547302246
0.9530677199363708,9.241589546203613
0.9444148540496826,9.247712135314941
0.9521586894989014,9.256786346435547
0.9421043992042542,9.270106315612793
0.9395642876625061,9.275554656982422
0.9472228288650513,9.283817291259766
0.9525246024131775,9.289381980895996
0.9496147036552429,9.2892427444458
0.9459241628646851,9.281777381896973
0.9524716138839722,9.269412994384766
0.9484422206878662,9.251507759094238
0.9434326887130737,9.231263160705566
0.9539199471473694,9.21392822265625
0.9490265846252441,9.202991485595703
0.9501272439956665,9.190506935119629
0.9496205449104309,9.174630165100098
0.9579513669013977,9.158112525939941
0.9384901523590088,9.14345645904541
0.9531165361404419,9.12399959564209
0.9531564712524414,9.107428550720215
0.9416218996047974,9.093644142150879
0.9282630681991577,9.082660675048828
0.9459549188613892,9.072712898254395
0.9266490340232849,9.065194129943848
0.9374815225601196,9.055207252502441
0.9530982971191406,9.045512199401855
0.9302973747253418,9.040373802185059
0.9469692707061768,9.030583381652832
0.9530543684959412,9.023058891296387
0.9378193616867065,9.015259742736816
0.9560429453849792,9.00451374053955
0.9362155199050903,8.994690895080566
0.960795521736145,8.984752655029297
0.9424139857292175,8.976975440979004
0.9480779767036438,8.971824645996094
0.9507039785385132,8.963654518127441
0.9499732851982117,8.955623626708984
0.9397034645080566,8.947331428527832
0.942474365234375,8.94162654876709
0.9429553747177124,8.935471534729004
0.9563219547271729,8.932418823242188
0.948558509349823,8.931254386901855
0.9355020523071289,8.930084228515625
0.9460592865943909,8.933048248291016
0.939732015132904,8.936837196350098
0.9526624083518982,8.94068431854248
0.9394827485084534,8.942368507385254
0.9541590213775635,8.945013999938965
0.9432418346405029,8.9440336227417
0.9487578868865967,8.947270393371582
0.9534459114074707,8.949091911315918
0.9486144781112671,8.951465606689453
0.9263644218444824,8.957940101623535
0.9425472021102905,8.968138694763184
0.946804404258728,8.974013328552246
0.9429508447647095,8.980545997619629
0.940029501914978,8.992892265319824
0.9480972290039062,9.002650260925293
0.9517095685005188,9.013136863708496
0.950594425201416,9.026837348937988
0.9398427605628967,9.040332794189453
0.9515650272369385,9.051994323730469
0.9257206916809082,9.057816505432129
0.9541425108909607,9.058320045471191
0.9409646391868591,9.061322212219238
0.9301433563232422,9.061137199401855
0.9414451122283936,9.060017585754395
0.9369649887084961,9.060386657714844
0.9506725668907166,9.057929039001465
0.9455877542495728,9.061379432678223
0.9448333978652954,9.06454086303711
0.9449445009231567,9.065340995788574
0.9528223276138306,9.061118125915527
0.9498888254165649,9.054537773132324
0.949115514755249,9.047348976135254
0.9597023725509644,9.046807289123535
0.9518520832061768,9.047866821289062
0.9487305879592896,9.050468444824219
0.9412813782691956,9.051106452941895
0.953341007232666,9.054825782775879
0.9562292098999023,9.060723304748535
0.9470107555389404,9.069478034973145
0.9541096091270447,9.07827091217041
0.9631459712982178,9.085297584533691
0.9504044055938721,9.091202735900879
0.9457318186759949,9.097370147705078
0.9609156847000122,9.105340003967285
0.9333628416061401,9.110342979431152
0.9456772804260254,9.118270874023438
0.9519709944725037,9.12313175201416
0.9292521476745605,9.126175880432129
0.9511663317680359,9.124470710754395
0.9525195956230164,9.119277000427246
0.9459858536720276,9.110297203063965
0.9300912618637085,9.099535942077637
0.947838544845581,9.094809532165527
0.9426079392433167,9.093064308166504
0.9460864067077637,9.091368675231934
0.9361551403999329,9.089652061462402
0.961780846118927,9.08670711517334
0.9439717531204224,9.086153984069824
0.9288235902786255,9.087294578552246
0.9626158475875854,9.085659980773926
0.9415478110313416,9.086548805236816
0.9433419704437256,9.086563110351562
0.9490111470222473,9.088736534118652
0.9573835134506226,9.086934089660645
0.9484612345695496,9.082123756408691
0.9520546793937683,9.080761909484863
0.9478397369384766,9.07840347290039
0.9541565179824829,9.078502655029297
0.9465867877006531,9.076115608215332
0.9554965496063232,9.077332496643066
0.9545531272888184,9.076362609863281
0.9537549614906311,9.078079223632812
0.9430992007255554,9.079635620117188
0.9508535861968994,9.084488868713379
0.9630228281021118,9.086073875427246
0.9369105100631714,9.090903282165527
0.9606817960739136,9.097572326660156
0.9397997260093689,9.105854034423828
0.9507728815078735,9.111533164978027
0.9478855133056641,9.115462303161621
0.9437721371650696,9.121153831481934
0.9507405161857605,9.127520561218262
0.95372074842453,9.134272575378418
0.939357578754425,9.139349937438965
0.9450341463088989,9.14766788482666
0.9484243988990784,9.149489402770996
0.9483271837234497,9.146666526794434
0.9522116780281067,9.146415710449219
0.9545332193374634,9.138897895812988
0.9596986174583435,9.133071899414062
0.9499889612197876,9.128922462463379
0.9336084723472595,9.122178077697754
0.9345030784606934,9.114398002624512
0.9565487504005432,9.110363960266113
0.9450427293777466,9.107658386230469
0.9442598223686218,9.108080863952637
0.9532251358032227,9.106216430664062
0.9302535653114319,9.108952522277832
0.9225595593452454,9.113876342773438
0.9458706974983215,9.118353843688965
0.9495499730110168,9.123108863830566
0.9436111450195312,9.125572204589844
0.94613116979599,9.125737190246582
0.9456011652946472,9.127079963684082
0.9285351634025574,9.12671184539795
0.9561623334884644,9.122920036315918
0.951514720916748,9.118545532226562
0.9537113904953003,9.112387657165527
0.9578056335449219,9.113544464111328
0.9486156105995178,9.110153198242188
0.9522650837898254,9.107205390930176
0.9292398691177368,9.104432106018066
0.9493929147720337,9.098774909973145
0.9358053207397461,9.097399711608887
0.950077474117279,9.101726531982422
0.951434850692749,9.102438926696777
0.9449547529220581,9.106395721435547
0.9486767053604126,9.109818458557129
0.9538425803184509,9.113265037536621
0.9464099407196045,9.121350288391113
0.9445937275886536,9.128464698791504
0.936799168586731,9.130715370178223
0.9497641324996948,9.130194664001465
0.9468464851379395,9.122809410095215
0.9395548105239868,9.118494987487793
0.9547014832496643,9.116820335388184
0.9622406959533691,9.113129615783691
0.9443554878234863,9.107287406921387
0.9485693573951721,9.100523948669434
0.9586809873580933,9.090645790100098
0.9462831020355225,9.079621315002441
0.9538204669952393,9.075911521911621
0.9466953873634338,9.072742462158203
0.9415243864059448,9.076129913330078
0.9280698299407959,9.074936866760254
0.9590795040130615,9.0696382522583
0.9539070725440979,9.065413475036621
0.9267442226409912,9.06156063079834
0.946009635925293,9.059096336364746
0.9401906728744507,9.05588436126709
0.9485949873924255,9.047675132751465
0.9480974674224854,9.041156768798828
0.945933997631073,9.033867835998535
0.942048192024231,9.026625633239746
0.9466727375984192,9.023014068603516
0.9431448578834534,9.014626502990723
0.956302285194397,9.008057594299316
0.9547736644744873,9.003092765808105
0.9475908279418945,9.000507354736328
0.9452913403511047,8.997387886047363
0.9609938263893127,8.993971824645996
0.9455764293670654,8.990863800048828
0.9553641080856323,8.988402366638184
0.9535719156265259,8.985167503356934
0.9448641538619995,8.982645988464355
0.9630190134048462,8.982766151428223
0.9487752318382263,8.981139183044434
0.9512729644775391,8.980504035949707
0.9454052448272705,8.98250675201416
0.94930100440979,8.983824729919434
0.9488458633422852,8.986714363098145
0.9476183652877808,8.989754676818848
0.9543293118476868,8.995104789733887
0.9450047612190247,9.001641273498535
0.9564210772514343,9.009468078613281
0.9515019655227661,9.020459175109863
0.9327239990234375,9.029223442077637
0.9437677264213562,9.034149169921875
0.9454764127731323,9.033064842224121
0.9483603239059448,9.03042221069336
0.9392678141593933,9.029354095458984
0.939730703830719,9.031241416931152
0.9479643702507019,9.02811050415039
0.9457315802574158,9.023348808288574
0.9630956649780273,9.019416809082031
0.9406089186668396,9.015087127685547
0.948779821395874,9.005630493164062
0.9536569118499756,8.99891185760498
0.947752058506012,8.992629051208496
0.9480228424072266,8.984835624694824
0.9531524777412415,8.981704711914062
0.9467259049415588,8.977992057800293
0.950366199016571,8.97534465789795
0.9519017934799194,8.97293758392334
0.9478270411491394,8.970002174377441
0.9550275206565857,8.963896751403809
0.9480560421943665,8.960650444030762
0.9520776271820068,8.96117115020752
0.9511089324951172,8.960518836975098
0.9491082429885864,8.956648826599121
0.9333207607269287,8.954859733581543
0.9470644593238831,8.946135520935059
0.9356951713562012,8.939314842224121
0.9583193063735962,8.931597709655762
0.9487465620040894,8.926384925842285
0.9422797560691833,8.922809600830078
0.943648636341095,8.918562889099121
0.9420809149742126,8.911666870117188
0.9405413866043091,8.90206527709961
0.9388949275016785,8.892807960510254
0.9461040496826172,8.889756202697754
0.961534857749939,8.887032508850098
0.9493392705917358,8.888599395751953
0.9640409350395203,8.89869213104248
0.962878942489624,8.903340339660645
0.9561923146247864,8.90721607208252
0.9507762789726257,8.913410186767578
0.954980194568634,8.919071197509766
0.9421361088752747,8.921174049377441
0.940044105052948,8.923651695251465
0.9346329569816589,8.92725658416748
0.9445815086364746,8.932000160217285
0.951078474521637,8.932221412658691
0.9461594223976135,8.929734230041504
0.9528881907463074,8.92935848236084
0.9497247934341431,8.930811882019043
0.9578639268875122,8.932808876037598
0.94740229845047,8.938057899475098
0.9569640159606934,8.946534156799316
0.9327868223190308,8.955719947814941
0.9467253088951111,8.970635414123535
0.950806736946106,8.982891082763672
0.9394526481628418,8.994789123535156
0.9467605948448181,9.00543212890625
0.9387362599372864,9.011885643005371
0.952190101146698,9.023419380187988
0.9422192573547363,9.031418800354004
0.9361871480941772,9.030564308166504
0.9497909545898438,9.03136157989502
0.9485635757446289,9.032978057861328
0.9435666799545288,9.032946586608887
0.9344369173049927,9.028247833251953
0.9389925003051758,9.02381420135498
0.9523398280143738,9.016648292541504
0.9607387185096741,9.006218910217285
0.9408331513404846,8.993995666503906
0.9558694958686829,8.97976303100586
0.941308856010437,8.966915130615234
0.9498484134674072,8.953819274902344
0.9462948441505432,8.943988800048828
0.9496756196022034,8.937148094177246
0.934409499168396,8.927664756774902
0.9482634663581848,8.924026489257812
0.9420152306556702,8.92279052734375
0.9506512880325317,8.919814109802246
0.9613215327262878,8.917695045471191
0.941870927810669,8.908421516418457
0.9466934204101562,8.897052764892578
0.938033401966095,8.886183738708496
0.9495846033096313,8.877493858337402
0.9562521576881409,8.872405052185059
0.9521604180335999,8.864371299743652
0.9527631402015686,8.857109069824219
0.9410414695739746,8.849597930908203
0.9617229700088501,8.842108726501465
0.9602638483047485,8.83571720123291
0.9508009552955627,8.83008861541748
0.9408463835716248,8.825028419494629
0.9419147372245789,8.826323509216309
0.9519031047821045,8.825566291809082
0.9404652118682861,8.828337669372559
0.9551630020141602,8.826720237731934
0.9480581283569336,8.828370094299316
0.9406055808067322,8.829532623291016
0.9447382688522339,8.827963829040527
0.95018470287323,8.822441101074219
0.9424806237220764,8.816166877746582
0.9378311038017273,8.808124542236328
0.9447096586227417,8.8020658493042
0.9408351182937622,8.800736427307129
0.9458459615707397,8.796454429626465
0.9510785341262817,8.793829917907715
0.9442236423492432,8.792469024658203
0.9440271854400635,8.788021087646484
0.9434936046600342,8.782405853271484
0.9468152523040771,8.779084205627441
0.9512731432914734,8.780251502990723
0.9540149569511414,8.779838562011719
0.9551272392272949,8.781599998474121
0.9339126348495483,8.782923698425293
0.9487528800964355,8.784767150878906
0.9388564825057983,8.789859771728516
0.9489007592201233,8.795527458190918
0.9479957222938538,8.800838470458984
0.950214147567749,8.810616493225098
0.9552596807479858,8.819905281066895
0.9378763437271118,8.831864356994629
0.9611461758613586,8.841708183288574
0.9599722623825073,8.849955558776855
0.9473884701728821,8.855351448059082
0.9485478401184082,8.860352516174316
0.9399851560592651,8.864541053771973
0.9455971717834473,8.864483833312988
0.9455171227455139,8.862979888916016
0.9335964918136597,8.86313533782959
0.9405143857002258,8.865052223205566
0.9549803733825684,8.867595672607422
0.9487161040306091,8.870169639587402
0.9512993693351746,8.871295928955078
0.948299765586853,8.870766639709473
0.9497458338737488,8.878952026367188
0.9528639912605286,8.888270378112793
0.9524136781692505,8.897503852844238
0.9330677390098572,8.907944679260254
0.9476757049560547,8.92557430267334
0.9400801658630371,8.940926551818848
0.9385953545570374,8.95460033416748
0.9499967098236084,8.966588020324707
0.9480171799659729,8.977020263671875
0.9499937891960144,8.989701271057129
0.9334227442741394,9.006791114807129
0.9411106705665588,9.017901420593262
0.9515498876571655,9.026206016540527
0.9306385517120361,9.030037879943848
0.944430410861969,9.040299415588379
0.9533054828643799,9.048005104064941
0.9562137722969055,9.051986694335938
0.9472760558128357,9.060332298278809
0.9318834543228149,9.06821346282959
0.938719630241394,9.077340126037598
0.9512311220169067,9.083195686340332
0.9434177875518799,9.092816352844238
0.9531039595603943,9.104300498962402
0.9365341663360596,9.115763664245605
0.9507783055305481,9.12633228302002
0.9495401978492737,9.135384559631348
0.9385480880737305,9.140185356140137
0.944042980670929,9.141592979431152
0.9502862095832825,9.14355182647705
0.9418018460273743,9.142838478088379
0.9402306079864502,9.142508506774902
0.9392259120941162,9.143677711486816
0.952174961566925,9.144913673400879
0.9559251070022583,9.143540382385254
0.9520343542098999,9.146328926086426
0.959619402885437,9.15023136138916
0.944023847579956,9.151190757751465
0.9538764953613281,9.15503215789795
0.9456279277801514,9.159316062927246
0.953020453453064,9.163134574890137
0.9523900151252747,9.166678428649902
0.9388925433158875,9.169859886169434
0.9383790493011475,9.173848152160645
0.9461718201637268,9.17159366607666
0.9498845338821411,9.169258117675781
0.9458522200584412,9.166947364807129
0.9573771953582764,9.165703773498535
0.9568086862564087,9.168255805969238
0.9451892971992493,9.168745994567871
0.943783700466156,9.167533874511719
0.9461796283721924,9.173068046569824
0.9413608312606812,9.180542945861816
0.9538425803184509,9.189200401306152
0.9662637114524841,9.2019681930542
0.9334274530410767,9.214168548583984
0.9487099647521973,9.223361015319824
0.9587901830673218,9.231276512145996
0.9463977813720703,9.234623908996582
0.940155029296875,9.235763549804688
0.9488942623138428,9.235337257385254
0.9420769214630127,9.232514381408691
0.9511781334877014,9.229934692382812
0.9523585438728333,9.228079795837402
0.9397240877151489,9.229621887207031
0.9653472304344177,9.23031997680664
0.9571896195411682,9.23104476928711
0.9399212002754211,9.230513572692871
0.9471501708030701,9.234390258789062
0.9436080455780029,9.24170970916748
0.9492298364639282,9.24562931060791
0.947868824005127,9.25270938873291
0.9483925104141235,9.257091522216797
0.9428410530090332,9.260701179504395
0.9517658352851868,9.264599800109863
0.9494285583496094,9.267601013183594
0.9456565976142883,9.26980209350586
0.9416792988777161,9.273268699645996
0.9440947771072388,9.280762672424316
0.9380804300308228,9.2838773727417
0.9446373581886292,9.283125877380371
0.9465781450271606,9.289238929748535
0.9583804607391357,9.298351287841797
0.9390692114830017,9.310608863830566
0.9326200485229492,9.314133644104004
0.9515933990478516,9.313353538513184
0.9350062608718872,9.315533638000488
0.9429133534431458,9.322257041931152
0.94561767578125,9.332831382751465
0.9545434713363647,9.336129188537598
0.9254855513572693,9.339293479919434
0.9576398134231567,9.337708473205566
0.9461426138877869,9.33895206451416
0.9579182267189026,9.344742774963379
0.9394626021385193,9.346248626708984
0.9503408074378967,9.345009803771973
0.9470863938331604,9.335993766784668
0.9485082626342773,9.325434684753418
0.9415788650512695,9.315972328186035
0.9473901987075806,9.310622215270996
0.950832724571228,9.300833702087402
0.9456509351730347,9.291581153869629
0.931282639503479,9.28150463104248
0.9536153674125671,9.272769927978516
0.9418365955352783,9.273310661315918
0.9537240862846375,9.278342247009277
0.9565441012382507,9.28515338897705
0.9467692971229553,9.28647518157959
0.9389617443084717,9.283794403076172
0.9570032954216003,9.288834571838379
0.955784022808075,9.290223121643066
0.9426559209823608,9.290176391601562
0.9496586322784424,9.286537170410156
0.9471834897994995,9.281170845031738
0.947502613067627,9.279540061950684
0.9474833011627197,9.27867603302002
0.9433212280273438,9.279454231262207
0.9505218267440796,9.281292915344238
0.9568180441856384,9.281227111816406
0.9525410532951355,9.288041114807129
0.9416001439094543,9.288951873779297
0.958295464515686,9.288321495056152
0.9503266215324402,9.2893648147583
0.9512114524841309,9.29629898071289
0.9689514636993408,9.307579040527344
0.9379792213439941,9.316641807556152
0.964618980884552,9.327411651611328
0.9584015607833862,9.332852363586426
0.9492887258529663,9.341056823730469
0.9530668258666992,9.344470977783203
0.9603769183158875,9.345417022705078
0.9427065849304199,9.346646308898926
0.9531632661819458,9.347701072692871
0.9254839420318604,9.352229118347168
0.9333286285400391,9.354222297668457
0.9396889209747314,9.351795196533203
0.9302495718002319,9.351189613342285
0.9470736980438232,9.347457885742188
0.9367278814315796,9.341450691223145
0.9600324034690857,9.335066795349121
0.9351504445075989,9.333061218261719
0.9447298049926758,9.326348304748535
0.9560790061950684,9.316523551940918
0.9407840371131897,9.309986114501953
0.9427263140678406,9.300185203552246
0.9473310708999634,9.288893699645996
0.9479289054870605,9.279290199279785
0.9498510956764221,9.276259422302246
0.9447332620620728,9.27734661102295
0.9478336572647095,9.279467582702637
0.9505503177642822,9.280631065368652
0.9368987679481506,9.279533386230469
0.9525189995765686,9.281899452209473
0.9471616148948669,9.283734321594238
0.9442992806434631,9.287494659423828
0.9428781270980835,9.287864685058594
0.9420111179351807,9.28543472290039
0.9392727017402649,9.280463218688965
0.9289716482162476,9.279417991638184
0.9486675262451172,9.275467872619629
0.9327197670936584,9.269455909729004
0.9340811967849731,9.261566162109375
0.9386191368103027,9.25231647491455
0.9552834630012512,9.240158081054688
0.9313266277313232,9.230467796325684
0.9390881061553955,9.220870018005371
0.9408966898918152,9.205143928527832
0.9418109059333801,9.19205379486084
0.955889105796814,9.18338680267334
0.9531455636024475,9.181242942810059
0.9631430506706238,9.17795467376709
0.9342581033706665,9.166537284851074
0.9467257261276245,9.15560245513916
0.9407215118408203,9.145659446716309
0.9503405690193176,9.13858699798584
0.9516981244087219,9.12973690032959
0.9383265376091003,9.11807918548584
0.9360249042510986,9.110054016113281
0.9538029432296753,9.104035377502441
0.9490715861320496,9.103589057922363
0.9445862174034119,9.102057456970215
0.95455002784729,9.099547386169434
0.9569663405418396,9.100775718688965
0.9409640431404114,9.10544204711914
0.9473025798797607,9.10813045501709
0.9488124251365662,9.10632038116455
0.9254119992256165,9.100440979003906
0.9413512945175171,9.093260765075684
0.9495347142219543,9.088889122009277
0.9524927139282227,9.088887214660645
0.9440955519676208,9.087696075439453
0.9520586729049683,9.085391998291016
0.9314745664596558,9.0808687210083
0.9467848539352417,9.075242042541504
0.9442706108093262,9.073859214782715
0.940805196762085,9.076851844787598
0.9371907711029053,9.078911781311035
0.9375665783882141,9.081680297851562
0.9494877457618713,9.0813627243042
0.9410146474838257,9.078293800354004
0.9592562913894653,9.069077491760254
0.9562140107154846,9.064178466796875
0.950120210647583,9.057010650634766
0.9578577876091003,9.049647331237793
0.951331377029419,9.039969444274902
0.9516857862472534,9.032844543457031
0.9402744770050049,9.026905059814453
0.9389645457267761,9.021954536437988
0.9412651658058167,9.013187408447266
0.9501193761825562,9.00521183013916
0.9413891434669495,8.999358177185059
0.9495943188667297,8.995543479919434
0.947404146194458,8.994071006774902
0.9515215158462524,8.99023151397705
0.9476712942123413,8.986746788024902
0.9408494234085083,8.983227729797363
0.940634548664093,8.983867645263672
0.9576917290687561,8.986859321594238
0.9419686198234558,8.989173889160156
0.9428666234016418,8.98828411102295
0.9514114856719971,8.98691463470459
0.9530668258666992,8.986164093017578
0.9462569952011108,8.990029335021973
0.9503207802772522,8.987480163574219
0.9381277561187744,8.982731819152832
0.9537574052810669,8.977252960205078
0.9376499056816101,8.973250389099121
0.9541327357292175,8.96718978881836
0.9457540512084961,8.963007926940918
0.9421193599700928,8.956668853759766
0.9523952603340149,8.95224666595459
0.9490123987197876,8.947941780090332
0.9411300420761108,8.944863319396973
0.9501007795333862,8.948458671569824
0.9517722129821777,8.954041481018066
0.9508758783340454,8.955430030822754
0.9506469964981079,8.958453178405762
0.9367789030075073,8.961963653564453
0.9464150071144104,8.966740608215332
0.9416811466217041,8.974320411682129
0.9502381682395935,8.979183197021484
0.9356841444969177,8.984164237976074
0.9360745549201965,8.992697715759277
0.9547393918037415,8.99937915802002
0.9565620422363281,9.000274658203125
0.9415410161018372,8.999938011169434
0.9375351667404175,9.003395080566406
0.9438194632530212,9.006706237792969
0.9355499148368835,9.00826358795166
0.95274817943573,9.01467227935791
0.9454280138015747,9.019570350646973
0.9524800181388855,9.02109432220459
0.9505561590194702,9.019875526428223
0.9464139938354492,9.018657684326172
0.9461964964866638,9.016097068786621
0.9512656927108765,9.008048057556152
0.9424411058425903,9.001533508300781
0.9508365988731384,8.996800422668457
0.9601972103118896,8.99460220336914
0.9679713845252991,8.993775367736816
0.9410495162010193,8.998856544494629
0.9428801536560059,9.000086784362793
0.9422210454940796,9.005669593811035
0.9383001327514648,9.008421897888184
0.9426923394203186,9.007275581359863
0.9397099018096924,9.0062837600708
0.9365202784538269,9.002751350402832
0.9517760872840881,9.00325870513916
0.9632455110549927,9.002360343933105
0.9497324824333191,9.005616188049316
0.9372647404670715,9.009432792663574
0.9452755451202393,9.016437530517578
0.9434757232666016,9.017165184020996
0.9465169906616211,9.013915061950684
0.9401421546936035,9.00531005859375
0.9473147392272949,8.998733520507812
0.9411012530326843,8.99599838256836
0.9571765661239624,8.99423599243164
0.9441385269165039,8.991780281066895
0.9261207580566406,8.984764099121094
0.9436452388763428,8.975340843200684
0.945747971534729,8.963395118713379
0.9451537132263184,8.956742286682129
0.9584337472915649,8.946513175964355
0.9445213079452515,8.941176414489746
0.943382203578949,8.934830665588379
0.9391437768936157,8.927824974060059
0.9504326581954956,8.917922019958496
0.9440298676490784,8.909499168395996
0.9398399591445923,8.904354095458984
0.9294804334640503,8.900601387023926
0.9527448415756226,8.896418571472168
0.9482644200325012,8.890252113342285
0.9595018029212952,8.885327339172363
0.9428309202194214,8.88538646697998
0.9489510655403137,8.887198448181152
0.9535920023918152,8.89173412322998
0.951566755771637,8.89321231842041
0.9655838012695312,8.891495704650879
0.9494857788085938,8.89263916015625
0.9447485208511353,8.898650169372559
0.9406748414039612,8.907759666442871
0.955415666103363,8.915984153747559
0.9352823495864868,8.92604923248291
0.9426340460777283,8.926365852355957
0.9626654386520386,8.93390941619873
0.9547394514083862,8.943757057189941
0.9398737549781799,8.952513694763184
0.9463316202163696,8.955875396728516
0.9506654739379883,8.95560359954834
0.9459398984909058,8.955767631530762
0.9483858942985535,8.960436820983887
0.952535092830658,8.965697288513184
0.9528068900108337,8.965801239013672
0.9319471716880798,8.958155632019043
0.9562028050422668,8.949494361877441
0.94463711977005,8.938841819763184
0.9531378746032715,8.932964324951172
0.9416266083717346,8.930773735046387
0.9523452520370483,8.929676055908203
0.9457132816314697,8.926167488098145
0.937027096748352,8.92083740234375
0.9551007151603699,8.912482261657715
0.9420794248580933,8.907333374023438
0.9404249787330627,8.903313636779785
0.9485957622528076,8.897941589355469
0.9468441009521484,8.899239540100098
0.9433056116104126,8.901466369628906
0.9385163187980652,8.902923583984375
0.944317102432251,8.906546592712402
0.9353444576263428,8.907588005065918
0.9460293054580688,8.90656566619873
0.952653169631958,8.907661437988281
0.9536572098731995,8.905285835266113
0.9375552535057068,8.904549598693848
0.9602038860321045,8.905654907226562
0.9435285925865173,8.909520149230957
0.9517776370048523,8.911643028259277
0.9593852162361145,8.912125587463379
0.9454705119132996,8.914005279541016
0.9514012932777405,8.920279502868652
0.9415185451507568,8.926750183105469
0.9458624720573425,8.932501792907715
0.9562101364135742,8.940032005310059
0.948915958404541,8.943893432617188
0.949364423751831,8.948357582092285
0.9594699740409851,8.950859069824219
0.9465484619140625,8.952181816101074
0.9384734630584717,8.953055381774902
0.9558286070823669,8.957236289978027
0.9441590309143066,8.959647178649902
0.9440251588821411,8.962061882019043
0.96326744556427,8.968605995178223
0.9469053149223328,8.972904205322266
0.9385192394256592,8.979126930236816
0.9512639045715332,8.979736328125
0.9491190314292908,8.975197792053223
0.9538895487785339,8.970017433166504
0.9286105632781982,8.96543025970459
0.9447891712188721,8.962698936462402
0.9438750743865967,8.964599609375
0.9365499019622803,8.96630859375
0.9439166188240051,8.962798118591309
0.9452158212661743,8.957722663879395
0.9512083530426025,8.955582618713379
0.9497102499008179,8.955550193786621
0.9436267018318176,8.952284812927246
0.9472451210021973,8.950505256652832
0.9388680458068848,8.950264930725098
0.9305465817451477,8.951233863830566
0.9514089226722717,8.952922821044922
0.9492016434669495,8.957474708557129
0.9557265043258667,8.967469215393066
0.9505152106285095,8.971266746520996
0.9437006711959839,8.972957611083984
0.9448361992835999,8.973538398742676
0.9443842768669128,8.974334716796875
0.9551815390586853,8.977723121643066
0.9593734741210938,8.98361873626709
0.942902147769928,8.98846435546875
0.9474843144416809,8.991089820861816
0.9508893489837646,8.995129585266113
0.9456801414489746,8.996468544006348
0.9366782307624817,8.997069358825684
0.9557769298553467,8.995295524597168
0.9385122060775757,8.993414878845215
0.9433783888816833,8.995835304260254
0.9386351108551025,8.992523193359375
0.9416894316673279,8.988003730773926
0.9433192014694214,8.987540245056152
0.948360025882721,8.98953628540039
0.9408577680587769,8.998305320739746
0.9541481733322144,9.00450611114502
0.9491012096405029,9.013213157653809
0.9509599208831787,9.021354675292969
0.945843517780304,9.029499053955078
0.9398168325424194,9.039054870605469
0.941473126411438,9.044716835021973
0.9463381767272949,9.04058837890625
0.9574922919273376,9.040241241455078
0.9457668662071228,9.038902282714844
0.949849009513855,9.037671089172363
0.9443094730377197,9.03664493560791
0.9389196634292603,9.032172203063965
0.9503374099731445,9.02286434173584
0.9391257762908936,9.00951099395752
0.9390676617622375,8.994805335998535
0.9511520862579346,8.980484008789062
0.945030927658081,8.970108985900879
0.9481543898582458,8.965354919433594
0.9362081289291382,8.96316146850586
0.9431625008583069,8.962593078613281
0.9366471171379089,8.960114479064941
0.9405413866043091,8.95834732055664
0.940291166305542,8.954184532165527
0.9488273859024048,8.948334693908691
0.9473210573196411,8.948979377746582
0.9533398747444153,8.945527076721191
0.9496380090713501,8.942526817321777
0.9442088603973389,8.939494132995605
0.9629465341567993,8.938560485839844
0.9410379528999329,8.939000129699707
0.9440596103668213,8.936440467834473
0.9409245252609253,8.936797142028809
0.9408810138702393,8.933938026428223
0.9511041641235352,8.928397178649902
0.9335765242576599,8.919039726257324
0.9491078853607178,8.908062934875488
0.9648651480674744,8.897727012634277
0.9494518041610718,8.8812837600708
0.9501821994781494,8.862869262695312
0.9410673975944519,8.845000267028809
0.9535485506057739,8.825592994689941
0.9490972757339478,8.809001922607422
0.9424732327461243,8.79607105255127
0.9393393993377686,8.785387992858887
0.9477936029434204,8.777533531188965
0.9581659436225891,8.77415943145752
0.9367945194244385,8.772941589355469
0.952370285987854,8.772263526916504
0.9558614492416382,8.773453712463379
0.9485543370246887,8.773106575012207
0.946906328201294,8.774693489074707
0.9442207217216492,8.778839111328125
0.9367454051971436,8.780022621154785
0.9488483667373657,8.783465385437012
0.9525318741798401,8.78882884979248
0.9352074861526489,8.792988777160645
0.9522744417190552,8.797318458557129
0.9528351426124573,8.802218437194824
0.9453802108764648,8.805829048156738
0.9560929536819458,8.81063175201416
0.9499706029891968,8.81333065032959
0.949871838092804,8.813614845275879
0.9497958421707153,8.812554359436035
0.9503270387649536,8.810587882995605
0.9521808624267578,8.80855941772461
0.9556365609169006,8.812027931213379
0.9487695097923279,8.819830894470215
0.9462249875068665,8.824551582336426
0.9413352012634277,8.826329231262207
0.9444484710693359,8.834205627441406
0.9458937048912048,8.83925724029541
0.9540995359420776,8.845288276672363
0.9552907347679138,8.852116584777832
0.9573044776916504,8.857227325439453
0.9409589767456055,8.862936973571777
0.955955982208252,8.866493225097656
0.9526163935661316,8.868844032287598
0.9337920546531677,8.868918418884277
0.9551416635513306,8.871808052062988
0.9393861889839172,8.879408836364746
0.9585932493209839,8.887343406677246
0.9336745738983154,8.891974449157715
0.9452031850814819,8.894905090332031
0.9439169764518738,8.896117210388184
0.952731192111969,8.89306354522705
0.9401922821998596,8.892815589904785
0.9461359977722168,8.889643669128418
0.9556559324264526,8.885720252990723
0.9579498171806335,8.884249687194824
0.950607419013977,8.886661529541016
0.9526861906051636,8.893878936767578
0.9381927251815796,8.899064064025879
0.9430841207504272,8.898240089416504
0.9578801989555359,8.901030540466309
0.9354205131530762,8.901546478271484
0.9466217756271362,8.90195083618164
0.9360427260398865,8.903450965881348
0.9549530148506165,8.901866912841797
0.928320586681366,8.899646759033203
0.9536245465278625,8.899158477783203
0.9494043588638306,8.9031982421875
0.9656874537467957,8.909224510192871
0.9533917307853699,8.918457984924316
0.9644629955291748,8.93270492553711
0.9459704160690308,8.947430610656738
0.9292140603065491,8.958565711975098
0.9486008286476135,8.966811180114746
0.9480752944946289,8.975945472717285
0.9367250204086304,8.984172821044922
0.9373117089271545,8.993473052978516
0.9403661489486694,9.004378318786621
0.9425093531608582,9.015429496765137
0.9527624249458313,9.0293550491333
0.9503579139709473,9.043017387390137
0.955269455909729,9.058873176574707
0.9294903874397278,9.070555686950684
0.936425507068634,9.081164360046387
0.9551780819892883,9.084388732910156
0.9541877508163452,9.085738182067871
0.9542888402938843,9.086152076721191
0.9434525370597839,9.085369110107422
0.9551756381988525,9.08123779296875
0.955064594745636,9.079634666442871
0.944728672504425,9.074170112609863
0.9491631388664246,9.067214965820312
0.9478433728218079,9.054869651794434
0.9458132386207581,9.044407844543457
0.9461210370063782,9.036845207214355
0.9479151964187622,9.033530235290527
0.9350705146789551,9.028899192810059
0.946295976638794,9.022343635559082
0.9487705230712891,9.012401580810547
0.9376088976860046,9.002474784851074
0.9630955457687378,8.999263763427734
0.9494162797927856,8.997944831848145
0.9494571685791016,8.992424011230469
0.9453396797180176,8.987669944763184
0.9479519128799438,8.9768648147583
0.9444704651832581,8.964604377746582
0.9542393684387207,8.949631690979004
0.9424652457237244,8.940106391906738
0.9451419115066528,8.934149742126465
0.9324252009391785,8.929008483886719
0.9420216679573059,8.92699909210205
0.951003909111023,8.923664093017578
0.9508667588233948,8.928742408752441
0.9488351345062256,8.936781883239746
0.9683965444564819,8.949446678161621
0.9582356810569763,8.963275909423828
0.948861837387085,8.97768497467041
0.9483776688575745,8.993697166442871
0.9527624845504761,9.006736755371094
0.9388936161994934,9.021632194519043
0.9512762427330017,9.036182403564453
0.9424697756767273,9.048030853271484
0.9450488090515137,9.057597160339355
0.9494533538818359,9.064148902893066
0.9434303045272827,9.071457862854004
0.9479233026504517,9.074629783630371
0.9505121111869812,9.080070495605469
0.9619768857955933,9.078679084777832
0.9536054134368896,9.075203895568848
0.9567890167236328,9.073145866394043
0.9571565985679626,9.074143409729004
0.9306561946868896,9.079314231872559
0.9546898007392883,9.075318336486816
0.951735258102417,9.067444801330566
0.9512298703193665,9.059983253479004
0.9323952198028564,9.049678802490234
0.9340533018112183,9.033004760742188
0.9592733383178711,9.016888618469238
0.9405934810638428,9.0022611618042
0.9507195353507996,8.99090576171875
0.9541037082672119,8.98245906829834
0.9485234618186951,8.973308563232422
0.9539400935173035,8.963471412658691
0.9531624913215637,8.955704689025879
0.9550581574440002,8.952380180358887
0.9320325255393982,8.955307006835938
0.9456461668014526,8.955829620361328
0.9469879865646362,8.95932388305664
0.9456910490989685,8.963652610778809
0.9561998248100281,8.965167999267578
0.9443646669387817,8.962584495544434
0.9507868885993958,8.960674285888672
0.9429381489753723,8.958388328552246
0.9480059146881104,8.955964088439941
0.9406647086143494,8.95523738861084
0.9544941186904907,8.955321311950684
0.94208824634552,8.952849388122559
0.9479284882545471,8.954781532287598
0.9468334913253784,8.954049110412598
0.9304472804069519,8.946671485900879
0.9580343961715698,8.934608459472656
0.948463499546051,8.926470756530762
0.9342199563980103,8.919930458068848
0.9414926767349243,8.910369873046875
0.9546451568603516,8.904580116271973
0.9445096254348755,8.900139808654785
0.9491952061653137,8.90252685546875
0.950641930103302,8.906967163085938
0.9519549012184143,8.908177375793457
0.9465006589889526,8.904475212097168
0.9592843651771545,8.89822006225586
0.9544577598571777,8.88769817352295
0.9515438675880432,8.876557350158691
0.9438599944114685,8.864453315734863
0.9250102043151855,8.851055145263672
0.9578635096549988,8.840797424316406
0.9503023028373718,8.831273078918457
0.9426462650299072,8.82491397857666
0.9468648433685303,8.821648597717285
0.9512989521026611,8.818218231201172
0.9498814344406128,8.818753242492676
0.9454773664474487,8.813611030578613
0.958367109298706,8.808609962463379
0.9418303370475769,8.805167198181152
0.951721727848053,8.79944133758545
0.9417004585266113,8.79781723022461
0.9507839679718018,8.794365882873535
0.9493166208267212,8.792841911315918
0.9534063935279846,8.79131031036377
0.9537380337715149,8.78833293914795
0.9545543789863586,8.788182258605957
0.9473346471786499,8.790986061096191
0.948590099811554,8.793570518493652
0.9498417973518372,8.799988746643066
0.9412181377410889,8.809577941894531
0.9395643472671509,8.81728458404541
0.9525840878486633,8.821497917175293
0.9305548667907715,8.819151878356934
0.952366292476654,8.814913749694824
0.9458947777748108,8.813252449035645
0.9424658417701721,8.806418418884277
0.9384371042251587,8.797554969787598
0.9555712938308716,8.793509483337402
0.9403010606765747,8.793349266052246
0.9558951258659363,8.794586181640625
0.9395413398742676,8.797776222229004
0.9562286734580994,8.799344062805176
0.9528017640113831,8.801421165466309
0.9378863573074341,8.807087898254395
0.9569324254989624,8.810790061950684
0.9387029409408569,8.811698913574219
0.9455504417419434,8.820448875427246
0.948810338973999,8.82932186126709
0.947376549243927,8.835593223571777
0.9376658201217651,8.8414945602417
0.9564728140830994,8.845406532287598
0.9442373514175415,8.849244117736816
0.9546569585800171,8.852616310119629
0.9392159581184387,8.860541343688965
0.9326428174972534,8.869739532470703
0.9534789323806763,8.872048377990723
0.951317548751831,8.872323036193848
0.9329236745834351,8.874580383300781
0.9527701139450073,8.877429962158203
0.9428336024284363,8.881203651428223
0.9537582397460938,8.888931274414062
0.9454096555709839,8.896122932434082
0.9505620002746582,8.906024932861328
0.9346139430999756,8.913119316101074
0.9532656669616699,8.924507141113281
0.9588857889175415,8.939791679382324
0.9419776201248169,8.948528289794922
0.9331562519073486,8.955642700195312
0.9312716722488403,8.96181583404541
0.9513538479804993,8.971068382263184
0.9523650407791138,8.980284690856934
0.9343018531799316,8.98922348022461
0.9157196283340454,8.99654483795166
0.9381841421127319,9.006088256835938
0.9457927346229553,9.011608123779297
0.9311628937721252,9.01374340057373
0.9566861987113953,9.015013694763184
0.9472497701644897,9.015898704528809
0.9478044509887695,9.014021873474121
0.9432106614112854,9.016502380371094
0.9559663534164429,9.022225379943848
0.9658573269844055,9.0278902053833
0.9441900253295898,9.034809112548828
0.9391383528709412,9.043173789978027
0.9416024684906006,9.047333717346191
0.9453500509262085,9.046012878417969
0.9529187679290771,9.044445991516113
0.9615806937217712,9.044617652893066
0.9482630491256714,9.047734260559082
0.931516170501709,9.046614646911621
0.9477075338363647,9.046784400939941
0.9570300579071045,9.050200462341309
0.9455639123916626,9.058367729187012
0.9521666765213013,9.061041831970215
0.942962110042572,9.063080787658691
0.9550359845161438,9.065974235534668
0.9665989279747009,9.067597389221191
0.9379103779792786,9.070819854736328
0.9559462070465088,9.07326889038086
0.9421478509902954,9.07919979095459
0.9522337913513184,9.084933280944824
0.9511187076568604,9.08552074432373
0.9494625926017761,9.082720756530762
0.9455474019050598,9.08288288116455
0.9492397308349609,9.076994895935059
0.9426470994949341,9.075428009033203
0.9574828743934631,9.072775840759277
0.9490877985954285,9.071578025817871
0.9375436305999756,9.066689491271973
0.9521059989929199,9.066447257995605
0.9455252885818481,9.066115379333496
0.9595397114753723,9.066535949707031
0.9499491453170776,9.064335823059082
0.9499374032020569,9.063164710998535
0.9430983066558838,9.065567970275879
0.9485518336296082,9.067383766174316
0.949613094329834,9.068734169006348
0.936676025390625,9.075390815734863
0.9512766599655151,9.087325096130371
0.9356876015663147,9.095256805419922
0.9574599266052246,9.097358703613281
0.9429855346679688,9.09543514251709
0.9413799047470093,9.097302436828613
0.9525701999664307,9.096810340881348
0.956027626991272,9.096474647521973
0.9562906622886658,9.09504222869873
0.954221785068512,9.092909812927246
0.9431301951408386,9.089603424072266
0.9478714466094971,9.088255882263184
0.9437211155891418,9.092864036560059
0.9571769833564758,9.096736907958984
0.9371597766876221,9.099265098571777
0.9296672344207764,9.105551719665527
0.9561370015144348,9.109772682189941
0.9649861454963684,9.109447479248047
0.9480172991752625,9.113511085510254
0.9337411522865295,9.117402076721191
0.940170168876648,9.118245124816895
0.9536364674568176,9.116501808166504
0.9354426860809326,9.114192962646484
0.945298433303833,9.113272666931152
0.95843106508255,9.110726356506348
0.9491631388664246,9.109711647033691
0.9520900249481201,9.107884407043457
0.9443430304527283,9.109183311462402
0.9395362734794617,9.106239318847656
0.9531368017196655,9.096222877502441
0.9483412504196167,9.089386940002441
0.9444303512573242,9.08498764038086
0.9519524574279785,9.080353736877441
0.9483386278152466,9.076590538024902
0.9296849966049194,9.071595191955566
0.9403988122940063,9.062005043029785
0.9543591737747192,9.055474281311035
0.9442657828330994,9.04763126373291
0.9508477449417114,9.04413890838623
0.9456437826156616,9.044999122619629
0.943014919757843,9.042510032653809
0.9596492648124695,9.037726402282715
0.9455786943435669,9.037489891052246
0.9410635828971863,9.040059089660645
0.9384464025497437,9.044320106506348
0.941396951675415,9.04599666595459
0.9415673613548279,9.048981666564941
0.9547688961029053,9.054884910583496
0.9553375244140625,9.062506675720215
0.9460728764533997,9.074085235595703
0.9443358182907104,9.085826873779297
0.9441840648651123,9.092982292175293
0.9397250413894653,9.097527503967285
0.9503763914108276,9.098944664001465
0.9470704197883606,9.095062255859375
0.9489831924438477,9.088311195373535
0.9582178592681885,9.082657814025879
0.9505758285522461,9.073955535888672
0.9447631239891052,9.059075355529785
0.9448601007461548,9.039856910705566
0.9504231214523315,9.0186767578125
0.9549831748008728,9.003312110900879
0.9547353386878967,8.993714332580566
0.967003345489502,8.98264217376709
0.9393305778503418,8.974930763244629
0.9581893086433411,8.968456268310547
0.9533324241638184,8.955422401428223
0.9407597184181213,8.944479942321777
0.9385948777198792,8.935912132263184
0.9432241320610046,8.927008628845215
0.9495977163314819,8.920585632324219
0.9321914911270142,8.914230346679688
0.947487473487854,8.907662391662598
0.9446459412574768,8.900882720947266
0.9582654237747192,8.899720191955566
0.9542783498764038,8.900858879089355
0.9443747401237488,8.902908325195312
0.9556885957717896,8.904122352600098
0.9521317481994629,8.902274131774902
0.9435821771621704,8.899405479431152
0.9384865164756775,8.897380828857422
0.9456498026847839,8.894787788391113
0.9280428290367126,8.89307689666748
0.9491730332374573,8.889458656311035
0.949204683303833,8.885659217834473
0.9253120422363281,8.881379127502441
0.948596179485321,8.876242637634277
0.9603850841522217,8.873711585998535
0.9524537324905396,8.869431495666504
0.9441794157028198,8.866214752197266
0.9543148279190063,8.85861587524414
0.9482527375221252,8.85179615020752
0.9551711678504944,8.842227935791016
0.957315981388092,8.832564353942871
0.9577293395996094,8.827129364013672
0.9517717957496643,8.823054313659668
0.9386531114578247,8.821715354919434
0.9481035470962524,8.824435234069824
0.9457905888557434,8.823493957519531
0.9437050819396973,8.822640419006348
0.9417202472686768,8.820842742919922
0.9463244080543518,8.817742347717285
0.9610273241996765,8.814473152160645
0.9554942846298218,8.813376426696777
0.963240921497345,8.811970710754395
0.9504685401916504,8.81289291381836
0.9572381973266602,8.81197452545166
0.9454474449157715,8.811439514160156
0.9603187441825867,8.81116008758545
0.9413751363754272,8.811375617980957
0.9453433156013489,8.8102445602417
0.9518463015556335,8.813126564025879
0.9494079351425171,8.818489074707031
0.9481987357139587,8.823348045349121
0.9416553378105164,8.830275535583496
0.9521519541740417,8.839930534362793
0.9434571862220764,8.853402137756348
0.9392485618591309,8.865386009216309
0.9616934061050415,8.874590873718262
0.944221019744873,8.879769325256348
0.9438860416412354,8.886174201965332
0.9499770998954773,8.891388893127441
0.9602733254432678,8.896004676818848
0.9556180238723755,8.896634101867676
0.9455826282501221,8.897666931152344
0.9456408619880676,8.896679878234863
0.9453874826431274,8.89215087890625
0.9380413293838501,8.888001441955566
0.9463713765144348,8.881542205810547
0.9263389110565186,8.877495765686035
0.9565187096595764,8.873271942138672
0.9439908266067505,8.875365257263184
0.9510859251022339,8.88143539428711
0.9528919458389282,8.886096954345703
0.9433143734931946,8.889588356018066
0.9429526329040527,8.893893241882324
0.9484922289848328,8.901122093200684
0.9528681635856628,8.905081748962402
0.9446354508399963,8.91001033782959
0.9491637945175171,8.91884708404541
0.9468005895614624,8.923140525817871
0.9619396924972534,8.921435356140137
0.9588599801063538,8.926024436950684
0.9488470554351807,8.930825233459473
0.9475870728492737,8.93348217010498
0.9564757347106934,8.936463356018066
0.9505230188369751,8.938517570495605
0.9628304243087769,8.943726539611816
0.9582798480987549,8.95300006866455
0.9523470401763916,8.961196899414062
0.9530620574951172,8.973762512207031
0.9465268850326538,8.981486320495605
0.9356023073196411,8.986737251281738
0.9542675614356995,8.991225242614746
0.9303541779518127,8.988280296325684
0.9442935585975647,8.985482215881348
0.9524029493331909,8.979938507080078
0.9598028659820557,8.97570514678955
0.9346944093704224,8.972220420837402
0.9482361078262329,8.968265533447266
0.9339136481285095,8.965140342712402
0.9513406753540039,8.971915245056152
0.9442262053489685,8.974879264831543
0.9416964650154114,8.972900390625
0.958014965057373,8.971358299255371
0.9382940530776978,8.96828842163086
0.9542092084884644,8.969183921813965
0.9538458585739136,8.971037864685059
0.947338342666626,8.976325035095215
0.9622581005096436,8.977973937988281
0.9560353755950928,8.979325294494629
0.9527632594108582,8.980426788330078
0.9496020674705505,8.97701644897461
0.945999026298523,8.972929954528809
0.9548782110214233,8.966076850891113
0.9440094828605652,8.960040092468262
0.9502271413803101,8.951428413391113
0.9556918144226074,8.946660041809082
0.9468570947647095,8.942646980285645
0.9466041922569275,8.932365417480469
0.9337819218635559,8.91820240020752
0.9580035209655762,8.907485961914062
0.939846396446228,8.902771949768066
0.9326014518737793,8.900845527648926
0.9528650045394897,8.900017738342285
0.9519979357719421,8.901211738586426
0.9548810720443726,8.900944709777832
0.9535431265830994,8.90324878692627
0.9488985538482666,8.907967567443848
0.9542742371559143,8.913186073303223
0.9368807673454285,8.91747760772705
0.9594935178756714,8.916029930114746
0.9514890909194946,8.91867733001709
0.9511365294456482,8.927786827087402
0.9539563059806824,8.931488990783691
0.9322000741958618,8.93458080291748
0.9521697759628296,8.933854103088379
0.9549062848091125,8.929303169250488
0.9527016878128052,8.925314903259277
0.9402813911437988,8.923996925354004
0.9448089003562927,8.92220401763916
0.9510989785194397,8.91955852508545
0.9430115818977356,8.919605255126953
0.9459245204925537,8.915482521057129
0.9454129934310913,8.913931846618652
0.9406386017799377,8.913115501403809
0.9458188414573669,8.91532039642334
0.9568735957145691,8.916182518005371
0.9502930045127869,8.918684959411621
0.9515408277511597,8.9164400100708
0.9565033912658691,8.917860984802246
0.9582292437553406,8.922310829162598
0.9496896266937256,8.928539276123047
0.9551777839660645,8.939323425292969
0.9441878199577332,8.951308250427246
0.9473822116851807,8.955245018005371
0.9248250126838684,8.956905364990234
0.9446186423301697,8.959953308105469
0.9234137535095215,8.961607933044434
0.9536392688751221,8.966597557067871
0.94929039478302,8.971797943115234
0.9475447535514832,8.972939491271973
0.9421441555023193,8.976698875427246
0.9433984756469727,8.983016967773438
0.9413160681724548,8.983839988708496
0.9603263735771179,8.986175537109375
0.9561442136764526,8.990479469299316
0.9452154040336609,8.993559837341309
0.9579985737800598,8.99343204498291
0.9358651041984558,8.991321563720703
0.9640284180641174,8.983756065368652
0.9377210736274719,8.982102394104004
0.9509814977645874,8.979575157165527
0.9367170929908752,8.979557991027832
0.9487614631652832,8.981063842773438
0.9383184313774109,8.982659339904785
0.9496750235557556,8.98547077178955
0.9463211297988892,8.993292808532715
0.9652780890464783,9.004372596740723
0.9494119882583618,9.012101173400879
0.9487425088882446,9.017035484313965
0.9577531814575195,9.024669647216797
0.9437877535820007,9.030138969421387
0.9492670297622681,9.039092063903809
0.9432632923126221,9.048561096191406
0.9419162273406982,9.055083274841309
0.9526124000549316,9.060378074645996
0.9626721143722534,9.065970420837402
0.9487119317054749,9.06613826751709
0.942122757434845,9.063908576965332
0.9473938941955566,9.063179016113281
0.944000244140625,9.066765785217285
0.9417957067489624,9.070466041564941
0.9570075273513794,9.07326889038086
0.938103973865509,9.076484680175781
0.9476515054702759,9.083240509033203
0.9497196078300476,9.087876319885254
0.9518926739692688,9.093008995056152
0.9517279863357544,9.10230541229248
0.9207870364189148,9.106228828430176
0.9444848299026489,9.109997749328613
0.9583733081817627,9.118836402893066
0.9395843148231506,9.121111869812012
0.9381019473075867,9.130690574645996
0.951511800289154,9.143267631530762
0.9538730382919312,9.155654907226562
0.9379810690879822,9.164569854736328
0.9472648501396179,9.175263404846191
0.9575247168540955,9.185688972473145
0.9526614546775818,9.194347381591797
0.9563277363777161,9.204619407653809
0.9558830857276917,9.207324028015137
0.9388188123703003,9.202214241027832
0.9348289966583252,9.195862770080566
0.9484157562255859,9.187873840332031
0.9289965033531189,9.183333396911621
0.9327685832977295,9.176690101623535
0.9461941719055176,9.164501190185547
0.9479584097862244,9.152575492858887
0.9419364929199219,9.140743255615234
0.9443678259849548,9.129874229431152
0.948451578617096,9.12114429473877
0.9504603147506714,9.10888671875
0.9309700131416321,9.108124732971191
0.9461657404899597,9.106703758239746
0.9465889930725098,9.104721069335938
0.937035083770752,9.104598045349121
0.9523487687110901,9.105204582214355
0.9433760643005371,9.104872703552246
0.9355182647705078,9.105561256408691
0.9586181044578552,9.103480339050293
0.9440761804580688,9.103144645690918
0.9626305103302002,9.102242469787598
0.9533578753471375,9.102051734924316
0.9493308663368225,9.105183601379395
0.940243124961853,9.111625671386719
0.9393035769462585,9.120887756347656
0.9519699215888977,9.131290435791016
0.9385325908660889,9.138236045837402
0.9356449246406555,9.144160270690918
0.9597208499908447,9.151695251464844
0.9469895362854004,9.154318809509277
0.9498805403709412,9.15485668182373
0.9402682185173035,9.155533790588379
0.9335044622421265,9.156989097595215
0.9515955448150635,9.158204078674316
0.9448478817939758,9.159014701843262
0.9408624768257141,9.157547950744629
0.9627042412757874,9.152161598205566
0.9519113302230835,9.15140438079834
0.9509276151657104,9.151534080505371
0.9441224932670593,9.151077270507812
0.9471085071563721,9.152191162109375
0.9572399258613586,9.152274131774902
0.9401708841323853,9.152556419372559
0.9348576068878174,9.152165412902832
0.9537158608436584,9.145684242248535
0.9499172568321228,9.133613586425781
0.9479823708534241,9.122588157653809
0.9549617171287537,9.115525245666504
0.9526776075363159,9.106879234313965
0.9582688212394714,9.09887981414795
0.9417775273323059,9.0902738571167
0.929706871509552,9.076491355895996
0.9410877227783203,9.07103443145752
0.9382776618003845,9.073609352111816
0.9386763572692871,9.074339866638184
0.9472754001617432,9.07834529876709
0.9409826993942261,9.077136993408203
0.9502263069152832,9.073227882385254
0.9490737915039062,9.064858436584473
0.9390174150466919,9.058902740478516
0.9447343349456787,9.052403450012207
0.9559535980224609,9.04590129852295
0.9426829814910889,9.04006290435791
0.9475196003913879,9.03701114654541
0.9542112946510315,9.034441947937012
0.9434318542480469,9.031169891357422
0.938389003276825,9.027998924255371
0.9427345991134644,9.02278995513916
0.9507671594619751,9.015731811523438
0.939394474029541,9.005776405334473
0.9352580308914185,8.993919372558594
0.947247326374054,8.982735633850098
0.9295958280563354,8.975409507751465
0.9468793869018555,8.972579002380371
0.9286446571350098,8.968735694885254
0.9517424702644348,8.964417457580566
0.9612120389938354,8.965605735778809
0.9475136995315552,8.965861320495605
0.9478998780250549,8.96694564819336
0.9510694742202759,8.967801094055176
0.9487079977989197,8.96555233001709
0.9587725400924683,8.962677001953125
0.9466946125030518,8.961681365966797
0.9428561925888062,8.9635591506958
0.9368548393249512,8.964435577392578
0.9571561813354492,8.961247444152832
0.9471529126167297,8.957562446594238
0.943107545375824,8.949437141418457
0.9439828991889954,8.94102954864502
0.9417282342910767,8.938858985900879
0.9358655214309692,8.936179161071777
0.9400274157524109,8.938793182373047
0.9414730668067932,8.943202018737793
0.9442952275276184,8.944363594055176
0.947261393070221,8.947676658630371
0.9602420330047607,8.949578285217285
0.9530923366546631,8.949685096740723
0.9586926698684692,8.950770378112793
0.9547722935676575,8.9513521194458
0.9446058869361877,8.952744483947754
0.9527079463005066,8.953849792480469
0.940780520439148,8.953581809997559
0.950580894947052,8.956855773925781
0.9533736109733582,8.957589149475098
0.9493564963340759,8.954582214355469
0.9402534365653992,8.956469535827637
0.9337673187255859,8.959616661071777
0.951189398765564,8.961743354797363
0.9602266550064087,8.965465545654297
0.9649189114570618,8.961873054504395
0.9568197727203369,8.963377952575684
0.9544003009796143,8.962151527404785
0.9372841119766235,8.964436531066895
0.9546767473220825,8.966980934143066
0.9434860348701477,8.966034889221191
0.9571089148521423,8.963516235351562
0.9583255052566528,8.961136817932129
0.9591353535652161,8.959830284118652
0.9439728260040283,8.95456600189209
0.9511334896087646,8.948864936828613
0.956941545009613,8.943062782287598
0.9447466135025024,8.939411163330078
0.948764979839325,8.934113502502441
0.9513235092163086,8.930764198303223
0.9409024715423584,8.925328254699707
0.9442832469940186,8.925135612487793
0.9503514170646667,8.928662300109863
0.943812906742096,8.92771053314209
0.9639354944229126,8.924712181091309
0.944122850894928,8.921082496643066
0.9457510709762573,8.92116641998291
0.9386724829673767,8.91797161102295
0.9528976082801819,8.910920143127441
0.9391199350357056,8.908097267150879
0.9534176588058472,8.90999698638916
0.9550344347953796,8.91137409210205
0.9453336000442505,8.9170560836792
0.9515690803527832,8.918277740478516
0.9489200115203857,8.915660858154297
0.9623250961303711,8.907015800476074
0.9468055963516235,8.897805213928223
0.9593156576156616,8.890151023864746
0.9364230632781982,8.883097648620605
0.9404407739639282,8.882091522216797
0.9451416730880737,8.876595497131348
0.9504887461662292,8.87874984741211
0.9386409521102905,8.880326271057129
0.949921727180481,8.880992889404297
0.9537437558174133,8.88680362701416
0.9588670134544373,8.893271446228027
0.9519578218460083,8.901299476623535
0.9581023454666138,8.908870697021484
0.944991409778595,8.919371604919434
0.9534174203872681,8.92606258392334
0.9617429375648499,8.935328483581543
0.9457875490188599,8.946834564208984
0.9516980648040771,8.956717491149902
0.9440133571624756,8.966818809509277
0.9255735874176025,8.976317405700684
0.9497588872909546,8.984081268310547
0.9536998271942139,8.99454402923584
0.949263334274292,9.002936363220215
0.9433100819587708,9.01478099822998
0.9381586909294128,9.026542663574219
0.9576510190963745,9.034416198730469
0.9464508295059204,9.04157543182373
0.9550940990447998,9.046424865722656
0.9510154128074646,9.050735473632812
0.9548607468605042,9.050006866455078
0.9383900165557861,9.047507286071777
0.9477211833000183,9.042495727539062
0.9443912506103516,9.03640079498291
0.9532802104949951,9.033402442932129
0.9299432039260864,9.032082557678223
0.9519873857498169,9.031929969787598
0.9505282640457153,9.034014701843262
0.9474427700042725,9.036437034606934
0.9589306116104126,9.03979206085205
0.9479455351829529,9.050125122070312
0.9422478675842285,9.055530548095703
0.9346392154693604,9.066143989562988
0.9346872568130493,9.075766563415527
0.9555627107620239,9.082443237304688
0.9578195214271545,9.087843894958496
0.9652778506278992,9.095455169677734
0.9405117630958557,9.100693702697754
0.9387548565864563,9.103020668029785
0.9402997493743896,9.10763168334961
0.951094388961792,9.112591743469238
0.9560408592224121,9.112868309020996
0.955894947052002,9.109694480895996
0.9614417552947998,9.103562355041504
0.9432662129402161,9.09774112701416
0.9479972124099731,9.086600303649902
0.9385288953781128,9.076653480529785
0.941754162311554,9.067126274108887
0.9404513835906982,9.06070327758789
0.9453862309455872,9.055073738098145
0.9538233876228333,9.049098014831543
0.953968346118927,9.043183326721191
0.9392251968383789,9.037040710449219
0.9413039088249207,9.03072452545166
0.9609598517417908,9.027796745300293
0.9439979195594788,9.028911590576172
0.9568564295768738,9.034651756286621
0.9430715441703796,9.03707218170166
0.9430277347564697,9.036762237548828
0.9419774413108826,9.033085823059082
0.9365702867507935,9.022566795349121
0.9625787734985352,9.00951862335205
0.937484085559845,8.997994422912598
0.9484780430793762,8.984955787658691
0.95595383644104,8.976275444030762
0.943228006362915,8.970284461975098
0.953953206539154,8.960114479064941
0.9277636408805847,8.949357032775879
0.9572443962097168,8.93621826171875
0.9471609592437744,8.92770767211914
0.9467875957489014,8.9219331741333
0.9427058100700378,8.91671371459961
0.9502525925636292,8.913132667541504
0.9450481534004211,8.909075736999512
0.9601927995681763,8.907344818115234
0.9414949417114258,8.90755844116211
0.9461084008216858,8.907329559326172
0.9386062026023865,8.908541679382324
0.9607588052749634,8.909481048583984
0.9446857571601868,8.910812377929688
0.9495225548744202,8.909847259521484
0.9499790668487549,8.912016868591309
0.9460713863372803,8.917326927185059
0.9522570371627808,8.924728393554688
0.95553058385849,8.927989959716797
0.9574639201164246,8.930451393127441
0.9312150478363037,8.938422203063965
0.9426820874214172,8.941740989685059
0.9383507370948792,8.938773155212402
0.9505611658096313,8.934958457946777
0.9472504258155823,8.930190086364746
0.9345959424972534,8.920547485351562
0.9535605907440186,8.914347648620605
0.9537912607192993,8.908888816833496
0.9572970271110535,8.904979705810547
0.9528034329414368,8.904064178466797
0.9552789330482483,8.906532287597656
0.9577420949935913,8.91280746459961
0.9521256685256958,8.917335510253906
0.951278567314148,8.920757293701172
0.9456663727760315,8.926352500915527
0.9629334807395935,8.930632591247559
0.9437125325202942,8.936593055725098
0.9582100510597229,8.944098472595215
0.953002393245697,8.953780174255371
0.9425585269927979,8.963751792907715
0.9465997815132141,8.969964027404785
0.9434944987297058,8.970940589904785
0.9413426518440247,8.974628448486328
0.9355679154396057,8.979371070861816
0.9665987491607666,8.985721588134766
0.9447757005691528,8.992280006408691
0.9369757771492004,8.995498657226562
0.950289249420166,8.994049072265625
0.9544459581375122,8.994841575622559
0.9535551071166992,8.996644020080566
0.9456168413162231,8.997658729553223
0.9363938570022583,9.001757621765137
0.9468243718147278,9.001626014709473
0.9551569223403931,9.001277923583984
0.9512324929237366,9.004578590393066
0.9527931213378906,9.004654884338379
0.9374673962593079,9.003283500671387
0.9505929350852966,9.002333641052246
0.9463006258010864,9.006157875061035
0.9294191598892212,9.006739616394043
0.9451425075531006,9.004563331604004
0.9446476697921753,9.004837036132812
0.9464395046234131,9.004828453063965
0.9483193755149841,9.001280784606934
0.9366877675056458,8.992735862731934
0.9446145296096802,8.977972984313965
0.9568670392036438,8.965039253234863
0.940504789352417,8.955493927001953
0.9557644724845886,8.95061206817627
0.947105348110199,8.944901466369629
0.9451203346252441,8.941356658935547
0.9577064514160156,8.93622875213623
0.9349105954170227,8.934319496154785
0.9474809169769287,8.9345121383667
0.9372226595878601,8.933976173400879
0.9357898235321045,8.932961463928223
0.9436019062995911,8.925589561462402
0.9560489058494568,8.92113208770752
0.9483057260513306,8.91857624053955
0.9409120082855225,8.915009498596191
0.9301457405090332,8.909693717956543
0.9470937252044678,8.906956672668457
0.9384860396385193,8.908005714416504
0.9505437016487122,8.910738945007324
0.9505984783172607,8.912253379821777
0.9494274854660034,8.917067527770996
0.9471085071563721,8.91795825958252
0.9547132253646851,8.919020652770996
0.9547658562660217,8.923188209533691
0.9514243006706238,8.930617332458496
0.9457530379295349,8.934586524963379
0.9593035578727722,8.934276580810547
0.9359613060951233,8.932000160217285
0.9480059146881104,8.933609008789062
0.9398388862609863,8.937480926513672
0.956985354423523,8.939667701721191
0.9421697854995728,8.94140911102295
0.9319295883178711,8.94686222076416
0.9483447670936584,8.948866844177246
0.9558001756668091,8.952265739440918
0.9522346258163452,8.94987964630127
0.9525772333145142,8.953179359436035
0.9517113566398621,8.955463409423828
0.9496433734893799,8.953018188476562
0.9453243613243103,8.951312065124512
0.9505583047866821,8.947685241699219
0.9519563913345337,8.942566871643066
0.9586235880851746,8.937434196472168
0.9517530798912048,8.93459415435791
0.9560426473617554,8.931195259094238
0.9612816572189331,8.929032325744629
0.9406358599662781,8.92922306060791
0.9329596757888794,8.930920600891113
0.9484504461288452,8.931629180908203
0.9373222589492798,8.934921264648438
0.9558958411216736,8.935714721679688
0.950141191482544,8.931694030761719
0.9388176202774048,8.926230430603027
0.9439407587051392,8.923579216003418
0.9391480088233948,8.918417930603027
0.9543828368186951,8.913032531738281
0.93780118227005,8.910900115966797
0.9484652876853943,8.906963348388672
0.9360718727111816,8.905728340148926
0.9456108808517456,8.905913352966309
0.9448743462562561,8.908366203308105
0.9396198987960815,8.91475772857666
0.9609877467155457,8.922442436218262
0.9466578364372253,8.929240226745605
0.9637619256973267,8.9354248046875
0.9600834846496582,8.94478702545166
0.9488034248352051,8.951895713806152
0.9549717903137207,8.96496868133545
0.9466181993484497,8.978869438171387
0.9539667963981628,8.990336418151855
0.9501693248748779,9.004151344299316
0.9430294036865234,9.022438049316406
0.9427850246429443,9.043582916259766
0.957064151763916,9.066603660583496
0.9337866306304932,9.089612007141113
0.9489111304283142,9.106856346130371
0.9565446376800537,9.11954116821289
0.9535641074180603,9.140571594238281
0.9408767819404602,9.153494834899902
0.9488980770111084,9.16919994354248
0.9330458641052246,9.183897972106934
0.9454718828201294,9.193390846252441
0.9492424130439758,9.20234203338623
0.9426175951957703,9.212841987609863
0.951061487197876,9.221274375915527
0.9562782645225525,9.232205390930176
0.9287170171737671,9.244479179382324
0.9464693069458008,9.254226684570312
0.9418579339981079,9.260369300842285
0.9589341878890991,9.268017768859863
0.9264096617698669,9.269660949707031
0.9522464871406555,9.275153160095215
0.9462854862213135,9.280433654785156
0.9382635951042175,9.285984992980957
0.9524157643318176,9.286942481994629
0.9424523711204529,9.285264015197754
0.9504994750022888,9.280535697937012
0.9594089984893799,9.274803161621094
0.9379093647003174,9.2694730758667
0.9416598081588745,9.265204429626465
0.9398967623710632,9.251205444335938
0.9512559771537781,9.237652778625488
0.9520658254623413,9.227532386779785
0.947952389717102,9.224955558776855
0.9476723670959473,9.219969749450684
0.9543768167495728,9.215157508850098
0.9489240646362305,9.207099914550781
0.9609296917915344,9.200389862060547
0.9379075169563293,9.192450523376465
0.9382442235946655,9.185582160949707
0.9529079794883728,9.176010131835938
0.9517220258712769,9.163803100585938
0.9586907029151917,9.152580261230469
0.9382815957069397,9.14838695526123
0.9491021633148193,9.146263122558594
0.9470214247703552,9.14544677734375
0.9428730010986328,9.142786979675293
0.935095489025116,9.136726379394531
0.9464355111122131,9.132271766662598
0.9561241269111633,9.127415657043457
0.9458678960800171,9.118134498596191
0.9663415551185608,9.107041358947754
0.9560531973838806,9.097245216369629
0.9438954591751099,9.089739799499512
0.9560388326644897,9.084625244140625
0.9481799602508545,9.073904991149902
0.9483449459075928,9.06003475189209
0.9401518702507019,9.051451683044434
0.9609245657920837,9.046652793884277
0.932939887046814,9.044426918029785
0.9540170431137085,9.041604042053223
0.9485443234443665,9.04024600982666
0.9243696331977844,9.040270805358887
0.9500828385353088,9.033270835876465
0.9515926837921143,9.031805992126465
0.9370893239974976,9.0294189453125
0.9594629406929016,9.021164894104004
0.9457188248634338,9.017455101013184
0.9534698128700256,9.01216983795166
0.9506321549415588,9.006211280822754
0.9631863832473755,8.99734878540039
0.9467809200286865,8.995342254638672
0.9604267477989197,9.000473022460938
0.9515002965927124,9.007781028747559
0.9462040066719055,9.011371612548828
0.9452155828475952,9.016951560974121
0.9615567922592163,9.021855354309082
0.9469637870788574,9.02738094329834
0.946427583694458,9.034939765930176
0.9489319920539856,9.040902137756348
0.9539614915847778,9.045944213867188
0.9380342364311218,9.0479097366333
0.9518049359321594,9.048542022705078
0.9520034193992615,9.050871849060059
0.9491982460021973,9.052753448486328
0.939973771572113,9.053352355957031
0.948580265045166,9.0609130859375
0.9619812965393066,9.070480346679688
0.9331932663917542,9.080856323242188
0.9420911073684692,9.084171295166016
0.9421980381011963,9.087529182434082
0.9501708745956421,9.094773292541504
0.9508673548698425,9.10192584991455
0.9488663673400879,9.110505104064941
0.946833074092865,9.11453914642334
0.9465784430503845,9.118062019348145
0.95684814453125,9.118285179138184
0.9320492744445801,9.115833282470703
0.9577735662460327,9.117602348327637
0.9557895660400391,9.121941566467285
0.9441258907318115,9.130115509033203
0.9541206359863281,9.135146141052246
0.952117919921875,9.138945579528809
0.9477736353874207,9.139656066894531
0.9308995008468628,9.138763427734375
0.9433506727218628,9.134984016418457
0.9355610609054565,9.134310722351074
0.9423878788948059,9.12770938873291
0.9583154320716858,9.117924690246582
0.9430992603302002,9.115015983581543
0.9650770425796509,9.111786842346191
0.941883385181427,9.107743263244629
0.9481375217437744,9.100516319274902
0.9330970048904419,9.093844413757324
0.9403451085090637,9.078132629394531
0.9507062435150146,9.057662010192871
0.9399099946022034,9.038673400878906
0.9549198150634766,9.021476745605469
0.9507800340652466,9.002006530761719
0.9305792450904846,8.98221206665039
0.9654141664505005,8.969822883605957
0.9523169994354248,8.954873085021973
0.9491612911224365,8.942378044128418
0.943589448928833,8.933506965637207
0.9566068053245544,8.929648399353027
0.9429854154586792,8.92834186553955
0.9452686905860901,8.929145812988281
0.9521403312683105,8.935795783996582
0.9592866897583008,8.94115924835205
0.9617838263511658,8.942615509033203
0.9406450986862183,8.945636749267578
0.9461649656295776,8.946803092956543
0.9582560062408447,8.949169158935547
0.9476222991943359,8.947906494140625
0.9522859454154968,8.94799518585205
0.9512355327606201,8.946612358093262
0.9574323296546936,8.945521354675293
0.9464577436447144,8.944331169128418
0.967632532119751,8.942672729492188
0.9429717659950256,8.940959930419922
0.941106915473938,8.935502052307129
0.9358068108558655,8.930624961853027
0.9553526639938354,8.9280366897583
0.9535592794418335,8.925743103027344
0.9538624882698059,8.926812171936035
0.9460943937301636,8.929901123046875
0.9529958367347717,8.93075942993164
0.9279597997665405,8.927680015563965
0.9568433165550232,8.922270774841309
0.9486435055732727,8.916680335998535
0.9413753747940063,8.90442180633545
0.9348832368850708,8.893546104431152
0.9459914565086365,8.878495216369629
0.9370347261428833,8.867928504943848
0.962898850440979,8.857390403747559
0.9453833699226379,8.850257873535156
0.9479230642318726,8.845386505126953
0.949878990650177,8.840083122253418
0.9489583373069763,8.834837913513184
0.9529203176498413,8.834236145019531
0.9467364549636841,8.832148551940918
0.9443498253822327,8.827031135559082
0.9486076235771179,8.81679630279541
0.9383573532104492,8.804076194763184
0.9486738443374634,8.791106224060059
0.9539823532104492,8.781678199768066
0.9614312648773193,8.773723602294922
0.9447925090789795,8.767062187194824
0.9578750729560852,8.759753227233887
0.948782205581665,8.752863883972168
0.9595404863357544,8.747325897216797
0.9522905349731445,8.74252700805664
0.9358903169631958,8.734210014343262
0.949554443359375,8.726971626281738
0.9512244462966919,8.72025203704834
0.9412277936935425,8.714271545410156
0.9464888572692871,8.710136413574219
0.9409626722335815,8.710183143615723
0.9584372043609619,8.714837074279785
0.9464425444602966,8.724632263183594
0.9508205652236938,8.731575965881348
0.9497767686843872,8.740118980407715
0.9507753252983093,8.746135711669922
0.9576112031936646,8.756110191345215
0.9536738991737366,8.76742935180664
0.9512475728988647,8.78276538848877
0.9486599564552307,8.799223899841309
0.9607987999916077,8.813712120056152
0.9581114649772644,8.823287010192871
0.947288453578949,8.834084510803223
0.9407030940055847,8.845954895019531
0.9490855932235718,8.850628852844238
0.954505205154419,8.855003356933594
0.935112476348877,8.862354278564453
0.9473376870155334,8.869589805603027
0.9438507556915283,8.874388694763184
0.9529131054878235,8.881831169128418
0.9512858986854553,8.884688377380371
0.941287636756897,8.887223243713379
0.9512242078781128,8.892302513122559
0.9391055703163147,8.894104957580566
0.9427895545959473,8.899337768554688
0.9520989656448364,8.900477409362793
0.9670670628547668,8.897862434387207
0.9477264285087585,8.898529052734375
0.9371509552001953,8.898815155029297
0.953373908996582,8.898741722106934
0.9554336667060852,8.901564598083496
0.9348987340927124,8.902618408203125
0.9565310478210449,8.900712013244629
0.9518834352493286,8.899481773376465
0.9424262046813965,8.897866249084473
0.934933602809906,8.90030574798584
0.9462181329727173,8.902976036071777
0.9458291530609131,8.90805721282959
0.9474986791610718,8.911654472351074
0.9488178491592407,8.912224769592285
0.9497965574264526,8.915980339050293
0.9387854337692261,8.918877601623535
0.9373135566711426,8.926559448242188
0.9513214826583862,8.934823036193848
0.9556702375411987,8.941658973693848
0.9540131688117981,8.949187278747559
0.9524856209754944,8.960704803466797
0.938571572303772,8.975422859191895
0.9536071419715881,8.994797706604004
0.9556331038475037,9.009716987609863
0.9547308683395386,9.025593757629395
0.9534429311752319,9.040633201599121
0.95338374376297,9.0546875
0.9470129609107971,9.064593315124512
0.9437749981880188,9.072861671447754
0.9565661549568176,9.074311256408691
0.9509791135787964,9.074928283691406
0.9464586973190308,9.078800201416016
0.9440266489982605,9.080893516540527
0.9561117887496948,9.080044746398926
0.9577044248580933,9.077971458435059
0.9461538791656494,9.07259464263916
0.9360230565071106,9.06777286529541
0.9533819556236267,9.062174797058105
0.9588792324066162,9.054129600524902
0.951537549495697,9.045926094055176
0.9452242851257324,9.042946815490723
0.9341863989830017,9.038254737854004
0.9429020881652832,9.032235145568848
0.9602894186973572,9.029991149902344
0.9426669478416443,9.03048324584961
0.9298523664474487,9.031269073486328
0.9340759515762329,9.031907081604004
0.9371793866157532,9.042031288146973
0.9411283135414124,9.049307823181152
0.9564421772956848,9.053497314453125
0.9521260857582092,9.05289363861084
0.935386061668396,9.052666664123535
0.9387884736061096,9.054701805114746
0.9417518377304077,9.056351661682129
0.9422755241394043,9.054045677185059
0.9443793296813965,9.052519798278809
0.9581987857818604,9.049683570861816
0.952144205570221,9.04700756072998
0.9464065432548523,9.045523643493652
0.9459084868431091,9.042281150817871
0.9563471078872681,9.034815788269043
0.9426819682121277,9.025463104248047
0.962422788143158,9.012131690979004
0.9450995922088623,9.001251220703125
0.9586540460586548,8.991732597351074
0.9413678646087646,8.983020782470703
0.9423125386238098,8.974493980407715
0.9377861618995667,8.962783813476562
0.9399970173835754,8.951053619384766
0.9343480467796326,8.942240715026855
0.9364274144172668,8.936793327331543
0.9472901821136475,8.929755210876465
0.9372662901878357,8.923770904541016
0.9396826028823853,8.923491477966309
0.9420389533042908,8.922786712646484
0.948930561542511,8.930001258850098
0.9507831335067749,8.936993598937988
0.9477043747901917,8.94669246673584
0.9406148195266724,8.957974433898926
0.9395020008087158,8.964972496032715
0.9463762044906616,8.968207359313965
0.9578391909599304,8.969731330871582
0.952174723148346,8.974183082580566
0.9502764940261841,8.982069969177246
0.944938063621521,8.982163429260254
0.9468178153038025,8.985930442810059
0.9483048915863037,8.988310813903809
0.9556723237037659,8.987265586853027
0.9286709427833557,8.989360809326172
0.942027747631073,8.98277759552002
0.9430979490280151,8.973835945129395
0.9547517895698547,8.96945858001709
0.9609653949737549,8.966849327087402
0.9270898103713989,8.96929931640625
0.9435767531394958,8.96981143951416
0.9434782266616821,8.969891548156738
0.9395817518234253,8.970283508300781
0.9587942361831665,8.977023124694824
0.9623006582260132,8.98563003540039
0.9470489621162415,8.99620532989502
0.942334771156311,9.006300926208496
0.9468934535980225,9.012508392333984
0.9367642402648926,9.015776634216309
0.9445086121559143,9.021209716796875
0.9531038403511047,9.02912425994873
0.9383661150932312,9.040793418884277
0.9500036239624023,9.052791595458984
0.939812183380127,9.065491676330566
0.9399704337120056,9.079544067382812
0.9527212381362915,9.092682838439941
0.9435412883758545,9.104327201843262
0.9453978538513184,9.118770599365234
0.9375954866409302,9.126940727233887
0.9469698071479797,9.135031700134277
0.9483272433280945,9.142325401306152
0.9526559114456177,9.149543762207031
0.9434497952461243,9.157029151916504
0.9523932933807373,9.163684844970703
0.9555404782295227,9.17493724822998
0.963590145111084,9.183079719543457
0.9567110538482666,9.186271667480469
0.9582858085632324,9.191603660583496
0.943854033946991,9.188841819763184
0.9515392780303955,9.185877799987793
0.9391130208969116,9.174134254455566
0.9536570906639099,9.16370677947998
0.9437971115112305,9.149956703186035
0.9398254752159119,9.138415336608887
0.9508432745933533,9.12900447845459
0.9608917236328125,9.121031761169434
0.9408198595046997,9.115778923034668
0.9425817728042603,9.10690975189209
0.958550214767456,9.098803520202637
0.9525139927864075,9.091525077819824
0.9505805969238281,9.08558177947998
0.9363405704498291,9.08352279663086
0.953050971031189,9.082992553710938
0.9435752034187317,9.081734657287598
0.9606112241744995,9.08173656463623
0.9491400122642517,9.083866119384766
0.9386439919471741,9.088179588317871
0.947610080242157,9.092108726501465
0.9599764943122864,9.0972318649292
0.9405837059020996,9.101386070251465
0.9523582458496094,9.106411933898926
0.9349609613418579,9.106362342834473
0.9569098949432373,9.099413871765137
0.9479029178619385,9.093789100646973
0.9521937966346741,9.089186668395996
0.954437792301178,9.083151817321777
0.9472751617431641,9.076495170593262
0.9514588117599487,9.071822166442871
0.950038731098175,9.06942081451416
0.9442963600158691,9.066811561584473
0.9529455900192261,9.062976837158203
0.9480195045471191,9.058773040771484
0.9467411637306213,9.06046199798584
0.9526537656784058,9.062315940856934
0.9518902897834778,9.059718132019043
0.9478044509887695,9.058700561523438
0.9416526556015015,9.060967445373535
0.9504951238632202,9.066317558288574
0.9569209218025208,9.06820297241211
0.9486842751502991,9.07032299041748
0.9460403323173523,9.076081275939941
0.9496809840202332,9.08217716217041
0.9505098462104797,9.08487606048584
0.9272843599319458,9.08731746673584
0.947208046913147,9.089046478271484
0.9566935896873474,9.09264087677002
0.9604572057723999,9.094687461853027
0.9392259120941162,9.10234546661377
0.958006739616394,9.11171817779541
0.9378015995025635,9.120521545410156
0.9321723580360413,9.131730079650879
0.9380975961685181,9.145400047302246
0.9397110342979431,9.160698890686035
0.961904764175415,9.17837905883789
0.9509390592575073,9.193702697753906
0.9240529537200928,9.209258079528809
0.9612154960632324,9.22504711151123
0.9587894678115845,9.24096965789795
0.9433336853981018,9.256302833557129
0.9455333948135376,9.27065372467041
0.9409289360046387,9.281964302062988
0.9417594075202942,9.2880277633667
0.9419052004814148,9.295269966125488
0.9532063603401184,9.299400329589844
0.9553495049476624,9.30444049835205
0.9460189938545227,9.309903144836426
0.9398372769355774,9.315754890441895
0.9428984522819519,9.316596031188965
0.9458273649215698,9.314739227294922
0.952961266040802,9.317062377929688
0.9505947232246399,9.317978858947754
0.9410572052001953,9.320206642150879
0.9549322724342346,9.324250221252441
0.9431599974632263,9.325776100158691
0.9547032117843628,9.325977325439453
0.9547830820083618,9.328251838684082
0.928931713104248,9.333977699279785
0.9602068066596985,9.342093467712402
0.931830108165741,9.349174499511719
0.9631431102752686,9.352873802185059
0.9366722106933594,9.355380058288574
0.9460242986679077,9.364663124084473
0.9449622631072998,9.3693265914917
0.9540525078773499,9.369622230529785
0.9348261952400208,9.369126319885254
0.9413542747497559,9.361652374267578
0.9506699442863464,9.353809356689453
0.962200403213501,9.346451759338379
0.9488767385482788,9.338974952697754
0.9393286108970642,9.33252239227295
0.9371013641357422,9.331467628479004
0.956031322479248,9.331316947937012
0.9588240385055542,9.33309268951416
0.9342631101608276,9.328288078308105
0.9455188512802124,9.317627906799316
0.9541816115379333,9.310975074768066
0.9600390195846558,9.30848217010498
0.959621250629425,9.307755470275879
0.936331033706665,9.30597972869873
0.9569122791290283,9.30367374420166
0.9580782055854797,9.302680015563965
0.9478296637535095,9.303557395935059
0.9509584903717041,9.303061485290527
0.962370753288269,9.300219535827637
0.960386335849762,9.29859447479248
0.9428387880325317,9.295589447021484
0.9499253034591675,9.296645164489746
0.950215220451355,9.295931816101074
0.9571646451950073,9.289673805236816
0.9576122760772705,9.285063743591309
0.9470269083976746,9.279648780822754
0.9533377885818481,9.27307415008545
0.9423670768737793,9.267653465270996
0.9430235624313354,9.265853881835938
0.9384839534759521,9.261961936950684
0.940116822719574,9.253668785095215
0.947479784488678,9.24709701538086
0.9547893404960632,9.23928165435791
0.9465516805648804,9.227608680725098
0.9411214590072632,9.217270851135254
0.9425002336502075,9.208516120910645
0.9445620179176331,9.198958396911621
0.9558852910995483,9.18325138092041
0.9440807104110718,9.168166160583496
0.9553727507591248,9.151561737060547
0.9523398280143738,9.136200904846191
0.9494829177856445,9.125151634216309
0.9548203349113464,9.108582496643066
0.9533587694168091,9.09897518157959
0.9646192193031311,9.090994834899902
0.949220597743988,9.085524559020996
0.9531701803207397,9.080430030822754
0.9496574401855469,9.075420379638672
0.938191831111908,9.07238483428955
0.9527438879013062,9.076374053955078
0.942757785320282,9.074584007263184
0.9480932354927063,9.072888374328613
0.9310310482978821,9.064379692077637
0.9555792808532715,9.06066608428955
0.948887825012207,9.060726165771484
0.973960816860199,9.055680274963379
0.9482524394989014,9.049578666687012
0.9489271640777588,9.043380737304688
0.9442054629325867,9.038100242614746
0.9372983574867249,9.037178993225098
0.9574429988861084,9.033069610595703
0.9549873471260071,9.024165153503418
0.9492570161819458,9.02273178100586
0.9480679035186768,9.017762184143066
0.9420831203460693,9.011218070983887
0.9434005618095398,9.004100799560547
0.9469726085662842,9.002694129943848
0.9461343288421631,9.00131893157959
0.9496894478797913,8.99802303314209
0.9555598497390747,8.992814064025879
0.9553719758987427,8.989761352539062
0.9449074268341064,8.991253852844238
0.9430508613586426,8.99039363861084
0.9492173194885254,8.989150047302246
0.9461655616760254,8.990172386169434
0.9468368291854858,8.989680290222168
0.9576566219329834,8.996006965637207
0.9538860321044922,9.001056671142578
0.9362437725067139,9.000521659851074
0.9436404705047607,8.999932289123535
0.9496074914932251,9.002989768981934
0.9519857168197632,9.008769035339355
0.9477729201316833,9.014632225036621
0.9533091187477112,9.023059844970703
0.9406487941741943,9.027039527893066
0.9566627740859985,9.03458023071289
0.9595160484313965,9.040177345275879
0.9429552555084229,9.043726921081543
0.9491007328033447,9.04422378540039
0.9380979537963867,9.047480583190918
0.9497534036636353,9.04694652557373
0.952699601650238,9.047659873962402
0.9646241664886475,9.046890258789062
0.9505375623703003,9.051678657531738
0.9304505586624146,9.058274269104004
0.9445444941520691,9.05892276763916
0.943061888217926,9.060858726501465
0.9498868584632874,9.059996604919434
0.9510794281959534,9.065119743347168
0.9366539716720581,9.071547508239746
0.9429504871368408,9.07643985748291
0.9505327343940735,9.075446128845215
0.9537233710289001,9.074553489685059
0.9626322388648987,9.076809883117676
0.9532245397567749,9.082528114318848
0.9428460001945496,9.089320182800293
0.9518705010414124,9.094428062438965
0.9487606883049011,9.092743873596191
0.9504947066307068,9.088887214660645
0.9476503729820251,9.090889930725098
0.949052631855011,9.09038257598877
0.9393110275268555,9.088921546936035
0.9488378167152405,9.085009574890137
0.9478229284286499,9.083924293518066
0.950619101524353,9.0823392868042
0.9480619430541992,9.076680183410645
0.9420669078826904,9.073452949523926
0.9561498761177063,9.073817253112793
0.9412196278572083,9.072497367858887
0.9466826915740967,9.069640159606934
0.9504006505012512,9.065971374511719
0.9523120522499084,9.060332298278809
0.9497913122177124,9.056754112243652
0.9516326785087585,9.054706573486328
0.9498058557510376,9.056084632873535
0.9541189670562744,9.059632301330566
0.95384681224823,9.062914848327637
0.9446832537651062,9.062224388122559
0.9445913434028625,9.06003475189209
0.954860270023346,9.05688762664795
0.9427312016487122,9.054648399353027
0.9568275213241577,9.050734519958496
0.9607962369918823,9.047894477844238
0.9372645616531372,9.045258522033691
0.9382805228233337,9.040373802185059
0.9584224224090576,9.032685279846191
0.9527597427368164,9.027443885803223
0.9155954122543335,9.023634910583496
0.9494878649711609,9.019424438476562
0.9327038526535034,9.018630027770996
0.9500188827514648,9.011409759521484
0.9452053904533386,9.007630348205566
0.9467806816101074,9.003859519958496
0.9592578411102295,9.003837585449219
0.9537661671638489,9.002376556396484
0.9476278424263,8.995980262756348
0.9442790150642395,8.989265441894531
0.9480549097061157,8.992690086364746
0.9529964923858643,8.994650840759277
0.9431788921356201,8.994223594665527
0.955069363117218,8.997875213623047
0.9445727467536926,8.995976448059082
0.9376024007797241,8.995818138122559
0.9386877417564392,8.994307518005371
0.9485824108123779,8.990947723388672
0.9370774626731873,8.986506462097168
0.9476644992828369,8.985968589782715
0.9474040865898132,8.985617637634277
0.9554540514945984,8.982222557067871
0.9298654794692993,8.980874061584473
0.9423152804374695,8.982422828674316
0.9500991106033325,8.980599403381348
0.9605287909507751,8.975379943847656
0.9494309425354004,8.971392631530762
0.9439827799797058,8.969491004943848
0.9455033540725708,8.965039253234863
0.9591963291168213,8.957938194274902
0.9263958930969238,8.954859733581543
0.9469338059425354,8.952399253845215
0.9409793615341187,8.954100608825684
0.952743649482727,8.959163665771484
0.9465611577033997,8.95959758758545
0.940720796585083,8.955557823181152
0.924214780330658,8.948887825012207
0.955337405204773,8.94885540008545
0.9483615756034851,8.951783180236816
0.9529412984848022,8.957989692687988
0.9550778865814209,8.968506813049316
0.9518276453018188,8.979397773742676
0.9558721780776978,8.996624946594238
0.9530342221260071,9.017162322998047
0.948567271232605,9.036904335021973
0.9615036249160767,9.054747581481934
0.952256441116333,9.072356224060059
0.9492349624633789,9.083857536315918
0.9614269733428955,9.097519874572754
0.9509637355804443,9.111279487609863
0.9453984498977661,9.127419471740723
0.9445187449455261,9.13948917388916
0.9472717046737671,9.146198272705078
0.9219247698783875,9.155231475830078
0.9327819347381592,9.163390159606934
0.945575475692749,9.174885749816895
0.9498752355575562,9.179398536682129
0.9424727559089661,9.182753562927246
0.9375606179237366,9.183089256286621
0.9539422392845154,9.1795072555542
0.9412834644317627,9.175629615783691
0.9549311995506287,9.173225402832031
0.9453608393669128,9.176207542419434
0.9432875514030457,9.180214881896973
0.9456896781921387,9.185097694396973
0.9452294111251831,9.186017036437988
0.9537782073020935,9.1859130859375
0.940403938293457,9.186249732971191
0.9377122521400452,9.192801475524902
0.9429856538772583,9.192633628845215
0.9484621286392212,9.191636085510254
0.9462209939956665,9.18710708618164
0.9508935809135437,9.181869506835938
0.9554717540740967,9.179078102111816
0.9478508830070496,9.176223754882812
0.9396684169769287,9.172507286071777
0.955263614654541,9.162787437438965
0.961351752281189,9.152572631835938
0.9527015686035156,9.140204429626465
0.9427288174629211,9.12932300567627
0.9398285746574402,9.119650840759277
0.941369354724884,9.111174583435059
0.9314960837364197,9.10588550567627
0.951145350933075,9.09573745727539
0.9437757730484009,9.084959983825684
0.9578171372413635,9.075284004211426
0.9516241550445557,9.068205833435059
0.943027138710022,9.063130378723145
0.9550377726554871,9.056302070617676
0.9392996430397034,9.048454284667969
0.9380285143852234,9.040340423583984
0.952473521232605,9.031245231628418
0.9589524269104004,9.0281400680542
0.9466888904571533,9.020995140075684
0.9463104009628296,9.012442588806152
0.9392150044441223,9.001290321350098
0.9572538137435913,8.992833137512207
0.9570021629333496,8.982792854309082
0.950585126876831,8.972203254699707
0.953471302986145,8.962386131286621
0.9483678340911865,8.953415870666504
0.9420968294143677,8.947478294372559
0.9515519738197327,8.93993854522705
0.9522042274475098,8.92948055267334
0.9449120163917542,8.920974731445312
0.9505763649940491,8.917601585388184
0.95436030626297,8.91753101348877
0.9434633255004883,8.923260688781738
0.9484901428222656,8.925004005432129
0.9535323977470398,8.931868553161621
0.9429733753204346,8.936686515808105
0.9474287033081055,8.93649959564209
0.9576075077056885,8.934565544128418
0.9438323378562927,8.93596363067627
0.9628137946128845,8.93508243560791
0.9487521052360535,8.936234474182129
0.9518097639083862,8.934239387512207
0.9569622278213501,8.927714347839355
0.9414091110229492,8.922542572021484
0.9425889253616333,8.914523124694824
0.941075325012207,8.906303405761719
0.9659754633903503,8.897339820861816
0.9527307152748108,8.889548301696777
0.946584165096283,8.882813453674316
0.9373776912689209,8.876532554626465
0.9589539170265198,8.86917781829834
0.9503213167190552,8.86272144317627
0.9444789886474609,8.862251281738281
0.9462950825691223,8.865928649902344
0.9566317200660706,8.871967315673828
0.9430223107337952,8.876580238342285
0.9555450677871704,8.876265525817871
0.9478131532669067,8.873543739318848
0.9470703601837158,8.869717597961426
0.9422643780708313,8.865906715393066
0.9459726810455322,8.867180824279785
0.9371888041496277,8.870591163635254
0.9356107711791992,8.87027359008789
0.9495390057563782,8.871392250061035
0.9396114349365234,8.871161460876465
0.9634779095649719,8.873348236083984
0.9439021348953247,8.875189781188965
0.9362896084785461,8.877924919128418
0.9462264180183411,8.880188941955566
0.9421623349189758,8.88436222076416
0.9453842043876648,8.889586448669434
0.9470348358154297,8.895076751708984
0.9433961510658264,8.89950180053711
0.9484092593193054,8.905654907226562
0.9388667345046997,8.912867546081543
0.9497302770614624,8.916886329650879
0.9351897835731506,8.921616554260254
0.9468274116516113,8.922989845275879
0.954448938369751,8.918021202087402
0.9436692595481873,8.912391662597656
0.9451104402542114,8.906386375427246
0.9594564437866211,8.900733947753906
0.9527367949485779,8.896334648132324
0.949246883392334,8.8909330368042
0.9520236849784851,8.88204574584961
0.9644472599029541,8.875054359436035
0.9285758137702942,8.870501518249512
0.9499512910842896,8.871707916259766
0.9502373933792114,8.876399040222168
0.9552789926528931,8.88438892364502
0.9600766897201538,8.888392448425293
0.9540998935699463,8.88999080657959
0.934769868850708,8.888991355895996
0.9635317325592041,8.887701988220215
0.9529940485954285,8.891048431396484
0.958456814289093,8.89384937286377
0.9529509544372559,8.893845558166504
0.9347497224807739,8.896842002868652
0.9487587213516235,8.899657249450684
0.9412065744400024,8.904934883117676
0.9521406292915344,8.907937049865723
0.9552980065345764,8.914633750915527
0.9478397369384766,8.921603202819824
0.9373268485069275,8.928230285644531
0.945840060710907,8.933228492736816
0.9374743700027466,8.936295509338379
0.9549334645271301,8.945391654968262
0.9564030766487122,8.957060813903809
0.9214701652526855,8.965362548828125
0.9563491940498352,8.970721244812012
0.9509826898574829,8.974974632263184
0.9504068493843079,8.974699974060059
0.9235689640045166,8.971656799316406
0.9398028254508972,8.963898658752441
0.9454902410507202,8.957444190979004
0.9451379179954529,8.951699256896973
0.9414560198783875,8.947635650634766
0.9437307119369507,8.941329956054688
0.9427914023399353,8.938469886779785
0.9506251215934753,8.93585205078125
0.9293116331100464,8.932581901550293
0.9560884833335876,8.928595542907715
0.9552801847457886,8.92302417755127
0.9493449330329895,8.913987159729004
0.9536028504371643,8.906672477722168
0.9471812844276428,8.897521018981934
0.9507851600646973,8.887542724609375
0.9475686550140381,8.883296966552734
0.9495017528533936,8.880728721618652
0.9419631958007812,8.878939628601074
0.9425275325775146,8.874472618103027
0.9425308108329773,8.872135162353516
0.9509009122848511,8.865799903869629
0.9378932118415833,8.860819816589355
0.955163836479187,8.859188079833984
0.9479584693908691,8.857542991638184
0.9505209922790527,8.855280876159668
0.9366654753684998,8.85483455657959
0.9605804681777954,8.85468578338623
0.9404997229576111,8.854235649108887
0.9385157227516174,8.857932090759277
0.9444774985313416,8.861007690429688
0.9494875073432922,8.866372108459473
0.9543699026107788,8.877495765686035
0.9440805912017822,8.890793800354004
0.935501754283905,8.901333808898926
0.9548978209495544,8.906825065612793
0.9512077569961548,8.9066162109375
0.9484943151473999,8.907093048095703
0.9454566836357117,8.903250694274902
0.9557414054870605,8.900933265686035
0.9616526961326599,8.900368690490723
0.9571700096130371,8.89919376373291
0.9545758366584778,8.902804374694824
0.9540679454803467,8.907975196838379
0.9579411149024963,8.918246269226074
0.9557066559791565,8.929085731506348
0.954230546951294,8.941590309143066
0.9383923411369324,8.957362174987793
0.9454048275947571,8.972479820251465
0.9500016570091248,8.982559204101562
0.9438086152076721,8.98583698272705
0.9413092136383057,8.986639976501465
0.9411548972129822,8.987125396728516
0.9486305117607117,8.991517066955566
0.950357973575592,8.993385314941406
0.9518287777900696,8.993006706237793
0.9514898061752319,8.99167537689209
0.9418566226959229,8.99109935760498
0.9516823887825012,8.98924732208252
0.9426398873329163,8.987610816955566
0.9563181400299072,8.984244346618652
0.9595998525619507,8.981612205505371
0.9541521072387695,8.980118751525879
0.94929039478302,8.976680755615234
0.9529856443405151,8.971121788024902
0.9534926414489746,8.967650413513184
0.9446761608123779,8.964945793151855
0.9440708756446838,8.96677303314209
0.9684320092201233,8.967620849609375
0.936948835849762,8.972228050231934
0.9489098787307739,8.977936744689941
0.9406648874282837,8.987060546875
0.9420744776725769,8.99539566040039
0.9549300670623779,9.002854347229004
0.9603683948516846,9.008597373962402
0.9587799906730652,9.01395320892334
0.9317798614501953,9.019896507263184
0.9442335367202759,9.022221565246582
0.9585683345794678,9.019623756408691
0.9363731741905212,9.016968727111816
0.9492117762565613,9.017772674560547
0.948081374168396,9.020111083984375
0.9465652704238892,9.026663780212402
0.955558180809021,9.032919883728027
0.9369246363639832,9.033312797546387
0.9577279090881348,9.033829689025879
0.9478365778923035,9.035144805908203
0.9365049004554749,9.034924507141113
0.9406515955924988,9.030156135559082
0.9456486105918884,9.028801918029785
0.9519555568695068,9.030011177062988
0.9569013118743896,9.035962104797363
0.9470216035842896,9.042344093322754
0.9480453133583069,9.042860984802246
0.9393177628517151,9.044081687927246
0.9491735100746155,9.047592163085938
0.9472965002059937,9.054877281188965
0.9480942487716675,9.068214416503906
0.9570010304450989,9.08392333984375
0.9596258401870728,9.09902286529541
0.9255128502845764,9.112875938415527
0.9444703459739685,9.129463195800781
0.9327281713485718,9.142242431640625
0.9398760199546814,9.153115272521973
0.9368858337402344,9.162667274475098
0.9437925219535828,9.16854190826416
0.9414709210395813,9.173942565917969
0.9431217908859253,9.179299354553223
0.9504237174987793,9.182449340820312
0.9593465328216553,9.185687065124512
0.9452200531959534,9.1936616897583
0.9315676689147949,9.203452110290527
0.9490036368370056,9.214923858642578
0.9615755677223206,9.220641136169434
0.9363653659820557,9.228486061096191
0.9628409147262573,9.232087135314941
0.9451737999916077,9.233193397521973
0.9355481863021851,9.233115196228027
0.9514285922050476,9.231019020080566
0.9505684971809387,9.22727108001709
0.9518234729766846,9.21781063079834
0.9496650099754333,9.203731536865234
0.960028886795044,9.194857597351074
0.9418580532073975,9.182806968688965
0.9577191472053528,9.171626091003418
0.9505234360694885,9.15877628326416
0.9504142999649048,9.15032958984375
0.9533088207244873,9.142498016357422
0.9489696025848389,9.134754180908203
0.9535144567489624,9.129603385925293
0.94902104139328,9.127902030944824
0.9472601413726807,9.123505592346191
0.9449084997177124,9.121489524841309
0.9523493647575378,9.117964744567871
0.9643861055374146,9.112692832946777
0.9348569512367249,9.10660457611084
0.9459257125854492,9.101798057556152
0.9432896375656128,9.103888511657715
0.9658538103103638,9.104133605957031
0.938854455947876,9.108047485351562
0.9575029611587524,9.113848686218262
0.9554079174995422,9.118622779846191
0.9364175796508789,9.121079444885254
0.9358686208724976,9.127425193786621
0.9485222101211548,9.13326358795166
0.9528005123138428,9.138790130615234
0.9527992010116577,9.143451690673828
0.953295111656189,9.14420223236084
0.9490898847579956,9.146514892578125
0.9441421031951904,9.146839141845703
0.9594928026199341,9.147147178649902
0.9422008991241455,9.146804809570312
0.964017927646637,9.15085220336914
0.952153742313385,9.152791023254395
0.9573547840118408,9.147926330566406
0.9499837160110474,9.144913673400879
0.954860508441925,9.139269828796387
0.9488604664802551,9.139568328857422
0.947994589805603,9.139832496643066
0.9409605264663696,9.137803077697754
0.9562671184539795,9.138360023498535
0.9499974250793457,9.139063835144043
0.9501644968986511,9.139251708984375
0.9472776651382446,9.140181541442871
0.9443821907043457,9.13654613494873
0.933545708656311,9.135514259338379
0.954484760761261,9.13637924194336
0.9600095152854919,9.135283470153809
0.9391452074050903,9.135575294494629
0.9608703255653381,9.128795623779297
0.9529207348823547,9.124256134033203
0.9441314339637756,9.119009971618652
0.9379619359970093,9.115309715270996
0.9399109482765198,9.111802101135254
0.9564284682273865,9.110472679138184
0.9502571225166321,9.10914134979248
0.9342395067214966,9.108746528625488
0.9509493708610535,9.107588768005371
0.9488655924797058,9.10653018951416
0.9528495669364929,9.105080604553223
0.9244668483734131,9.107466697692871
0.9444920420646667,9.1142578125
0.9444999694824219,9.118243217468262
0.9602274298667908,9.120917320251465
0.9567095041275024,9.122193336486816
0.9423424601554871,9.123709678649902
0.9424734115600586,9.124451637268066
0.9552678465843201,9.126275062561035
0.9464848041534424,9.13601016998291
0.9521043300628662,9.139771461486816
0.9403491616249084,9.140517234802246
0.9461778402328491,9.138427734375
0.9432277679443359,9.138337135314941
0.9532511234283447,9.134997367858887
0.9434243440628052,9.135078430175781
0.946854293346405,9.132308006286621
0.9449889659881592,9.127924919128418
0.956727147102356,9.126465797424316
0.9458798766136169,9.12209415435791
0.956186830997467,9.114226341247559
0.9592350721359253,9.109421730041504
0.9521797299385071,9.103838920593262
0.9333982467651367,9.102524757385254
0.9549612402915955,9.099848747253418
0.9437365531921387,9.104567527770996
0.9462968111038208,9.108918190002441
0.950431764125824,9.115565299987793
0.9477032423019409,9.128196716308594
0.951015830039978,9.139850616455078
0.9422633647918701,9.155003547668457
0.9414876699447632,9.164493560791016
0.940846860408783,9.170093536376953
0.9362674355506897,9.17108154296875
0.9458298087120056,9.175639152526855
0.927596390247345,9.175278663635254
0.9531556367874146,9.174155235290527
0.9455935955047607,9.172801971435547
0.9448336362838745,9.174281120300293
0.9491990804672241,9.171539306640625
0.935110330581665,9.171950340270996
0.9643344879150391,9.176346778869629
0.951659083366394,9.181309700012207
0.9551072716712952,9.19229507446289
0.9444447159767151,9.200661659240723
0.9385192394256592,9.212635040283203
0.9343851208686829,9.218135833740234
0.9540265202522278,9.217446327209473
0.9537510275840759,9.21501636505127
0.9436435699462891,9.210175514221191
0.9567468166351318,9.200776100158691
0.9303921461105347,9.19143295288086
0.9546627402305603,9.18035888671875
0.9564279317855835,9.172935485839844
0.9482114315032959,9.161057472229004
0.9459185600280762,9.149950981140137
0.9405937194824219,9.14742374420166
0.947051465511322,9.142769813537598
0.9301644563674927,9.139450073242188
0.9557495713233948,9.136727333068848
0.9478193521499634,9.135571479797363
0.9552072882652283,9.134806632995605
0.9484462738037109,9.135344505310059
0.9483008980751038,9.14095687866211
0.9504355192184448,9.144434928894043
0.9393901824951172,9.14394760131836
0.9499719142913818,9.141563415527344
0.9503214359283447,9.138228416442871
0.946765661239624,9.13651180267334
0.9436179399490356,9.13482666015625
0.960222601890564,9.131558418273926
0.9512042999267578,9.127081871032715
0.9483906030654907,9.126116752624512
0.9517490863800049,9.130232810974121
0.9436790943145752,9.134590148925781
0.9456417560577393,9.138041496276855
0.9436244368553162,9.139267921447754
0.946831464767456,9.146651268005371
0.9472092390060425,9.148993492126465
0.9436917304992676,9.15396785736084
0.9570224285125732,9.156294822692871
0.9404288530349731,9.160124778747559
0.9463000297546387,9.157774925231934
0.9544491171836853,9.155951499938965
0.9486007690429688,9.153731346130371
0.952019989490509,9.150866508483887
0.9404993057250977,9.151912689208984
0.9515938758850098,9.157333374023438
0.9308202266693115,9.16048812866211
0.9510595798492432,9.158721923828125
0.9501165747642517,9.152835845947266
0.9412728548049927,9.146039009094238
0.9467243552207947,9.143745422363281
0.9458727836608887,9.143695831298828
0.9565420150756836,9.151013374328613
0.9385396838188171,9.160221099853516
0.9451035857200623,9.169938087463379
0.9482423067092896,9.176535606384277
0.9379567503929138,9.177783012390137
0.9595500230789185,9.178116798400879
0.9695781469345093,9.179146766662598
0.9509881734848022,9.1795072555542
0.9566664695739746,9.179987907409668
0.950869619846344,9.177787780761719
0.9448426961898804,9.175810813903809
0.9433593153953552,9.17919635772705
0.9675266146659851,9.18602466583252
0.9531970024108887,9.18996810913086
0.9392085671424866,9.19201374053955
0.9474855661392212,9.198800086975098
0.9462649822235107,9.202122688293457
0.9319854378700256,9.208991050720215
0.954603374004364,9.217041969299316
0.9572532176971436,9.22693157196045
0.9381633996963501,9.235987663269043
0.9419484734535217,9.242951393127441
0.9538414478302002,9.247337341308594
0.9425367116928101,9.2509126663208
0.9525006413459778,9.258637428283691
0.9481288194656372,9.269333839416504
0.9552744030952454,9.278846740722656
0.9556851983070374,9.291266441345215
0.956847608089447,9.302654266357422
0.9540731310844421,9.308405876159668
0.9596555829048157,9.311156272888184
0.9347606301307678,9.32047176361084
0.9422324299812317,9.331740379333496
0.940348207950592,9.33510684967041
0.9427236318588257,9.343491554260254
0.9538503885269165,9.350128173828125
0.9541417956352234,9.358075141906738
0.9529988765716553,9.363788604736328
0.941773533821106,9.371176719665527
0.9492056369781494,9.383125305175781
0.950024425983429,9.390216827392578
0.9465473294258118,9.40035343170166
0.9392884969711304,9.406155586242676
0.9334446787834167,9.414010047912598
0.9468677043914795,9.425314903259277
0.9389013648033142,9.428730010986328
0.9424866437911987,9.430577278137207
0.9334003925323486,9.433150291442871
0.938323974609375,9.434475898742676
0.9516223669052124,9.44080638885498
0.9523740410804749,9.441113471984863
0.9449731111526489,9.442420959472656
0.9477291107177734,9.445622444152832
0.9585087895393372,9.449589729309082
0.9291027188301086,9.452889442443848
0.9427541494369507,9.448233604431152
0.952789843082428,9.436354637145996
0.9567543864250183,9.424538612365723
0.9393181800842285,9.415680885314941
0.9508213400840759,9.409239768981934
0.9400326609611511,9.404736518859863
0.9510108232498169,9.399153709411621
0.9655638933181763,9.39070987701416
0.9462217688560486,9.379820823669434
0.9519920945167542,9.371277809143066
0.9667595028877258,9.361565589904785
0.9489830732345581,9.352194786071777
0.9509518146514893,9.337660789489746
0.9562889337539673,9.320563316345215
0.9495511651039124,9.301201820373535
0.949623703956604,9.281113624572754
0.9363529682159424,9.262627601623535
0.9396570324897766,9.244017601013184
0.9458081722259521,9.224640846252441
0.9421262741088867,9.205672264099121
0.9455599784851074,9.192605018615723
0.9487505555152893,9.179753303527832
0.9461227059364319,9.168499946594238
0.9507917165756226,9.154875755310059
0.9544153213500977,9.137951850891113
0.9402410984039307,9.121870994567871
0.9353547692298889,9.100540161132812
0.9533255100250244,9.078423500061035
0.9366880059242249,9.055267333984375
0.9582101702690125,9.03798770904541
0.9557361602783203,9.022974967956543
0.9530442357063293,9.00745677947998
0.9560880661010742,8.99263858795166
0.9522170424461365,8.984416961669922
0.9469022154808044,8.98091983795166
0.9443896412849426,8.973838806152344
0.9261587262153625,8.964959144592285
0.9356339573860168,8.957926750183105
0.932823657989502,8.951468467712402
0.9567230343818665,8.94106388092041
0.9547509551048279,8.933738708496094
0.9616650938987732,8.926318168640137
0.9589942693710327,8.91983413696289
0.9483081102371216,8.913542747497559
0.9626476168632507,8.910685539245605
0.9481798410415649,8.907119750976562
0.9597923755645752,8.905434608459473
0.9485055208206177,8.906041145324707
0.9503760933876038,8.910914421081543
0.9502205848693848,8.915181159973145
0.9491571187973022,8.9205904006958
0.9531443119049072,8.922493934631348
0.9385669827461243,8.919278144836426
0.943008303642273,8.921746253967285
0.9483885765075684,8.92435359954834
0.9577242136001587,8.928696632385254
0.9414313435554504,8.931227684020996
0.9477006196975708,8.934958457946777
0.9432874917984009,8.941478729248047
0.9542016983032227,8.944552421569824
0.9323207139968872,8.948814392089844
0.9401333332061768,8.94758129119873
0.9463401436805725,8.943665504455566
0.9256784319877625,8.939078330993652
0.9497749209403992,8.933894157409668
0.9514840245246887,8.929149627685547
0.9464733600616455,8.92223834991455
0.9524481296539307,8.922039985656738
0.9596277475357056,8.917448997497559
0.9575706124305725,8.915152549743652
0.9577239751815796,8.91180419921875
0.9381760358810425,8.914700508117676
0.9505658149719238,8.916953086853027
0.9450581669807434,8.921219825744629
0.9411646723747253,8.924880027770996
0.9436005353927612,8.92923641204834
0.9594374895095825,8.933194160461426
0.9469466209411621,8.93735408782959
0.9525444507598877,8.949004173278809
0.9409608840942383,8.960914611816406
0.952946662902832,8.97635555267334
0.9554327726364136,8.98984146118164
0.948539674282074,9.000771522521973
0.9505646824836731,9.015227317810059
0.9379234313964844,9.027263641357422
0.9658783078193665,9.041812896728516
0.9361159801483154,9.05585765838623
0.9542250037193298,9.06958293914795
0.9486044645309448,9.08498477935791
0.9570798277854919,9.10004711151123
0.9486405849456787,9.115214347839355
0.9510374069213867,9.126640319824219
0.9430950880050659,9.136494636535645
0.947803258895874,9.14884090423584
0.9550685286521912,9.161568641662598
0.9436799883842468,9.176878929138184
0.9524574279785156,9.195488929748535
0.9539382457733154,9.21245288848877
0.9550496339797974,9.2260160446167
0.9448062181472778,9.239087104797363
0.9534639120101929,9.25350284576416
0.9377695918083191,9.265888214111328
0.9425565004348755,9.270142555236816
0.9557416439056396,9.270964622497559
0.9337623119354248,9.271613121032715
0.9509029984474182,9.275225639343262
0.9497512578964233,9.274731636047363
0.9435431957244873,9.275199890136719
0.947365939617157,9.272683143615723
0.9550656080245972,9.269004821777344
0.9515200853347778,9.264288902282715
0.9553357362747192,9.261618614196777
0.9564241766929626,9.262625694274902
0.9590739607810974,9.257292747497559
0.9519832134246826,9.25216293334961
0.9347060918807983,9.245902061462402
0.9563307166099548,9.240859031677246
0.9439900517463684,9.23555850982666
0.9495537877082825,9.23031997680664
0.940640926361084,9.22536849975586
0.9560098648071289,9.219246864318848
0.9448165893554688,9.215038299560547
0.9467417597770691,9.210643768310547
0.9650209546089172,9.203460693359375
0.9519718885421753,9.202958106994629
0.9505512714385986,9.19956111907959
0.9607758522033691,9.19445514678955
0.9465418457984924,9.191837310791016
0.9586194157600403,9.187796592712402
0.9437172412872314,9.183791160583496
0.9425373077392578,9.18641185760498
0.9537900686264038,9.184144020080566
0.9506732225418091,9.182880401611328
0.9414694905281067,9.177491188049316
0.9424247741699219,9.172066688537598
0.9411965608596802,9.175131797790527
0.9517437219619751,9.179011344909668
0.9333257079124451,9.177619934082031
0.9576219320297241,9.174607276916504
0.9433003664016724,9.17020320892334
0.9607488512992859,9.162888526916504
0.9363220930099487,9.155510902404785
0.9606944918632507,9.144463539123535
0.9477307796478271,9.136563301086426
0.9312223792076111,9.126160621643066
0.95589280128479,9.117256164550781
0.9459053874015808,9.109416961669922
0.9539769291877747,9.099198341369629
0.9437038898468018,9.087698936462402
0.9588376879692078,9.087810516357422
0.9550383687019348,9.09102725982666
0.9325382709503174,9.09639835357666
0.9357025623321533,9.10221004486084
0.9507449269294739,9.106243133544922
0.9480963349342346,9.114518165588379
0.9461761713027954,9.122947692871094
0.9597959518432617,9.130438804626465
0.9407042264938354,9.135102272033691
0.9441389441490173,9.13613224029541
0.9548554420471191,9.134507179260254
0.948052704334259,9.132002830505371
0.9450069069862366,9.132885932922363
0.9518557190895081,9.130372047424316
0.95107102394104,9.128650665283203
0.942274808883667,9.128804206848145
0.9544938802719116,9.125422477722168
0.9484654664993286,9.123137474060059
0.9526507258415222,9.119704246520996
0.9409926533699036,9.116634368896484
0.954524040222168,9.110153198242188
0.9481492042541504,9.101309776306152
0.9318298697471619,9.088356971740723
0.9440986514091492,9.077118873596191
0.951900064945221,9.064314842224121
0.9414637088775635,9.053370475769043
0.9527930617332458,9.04466724395752
0.9475447535514832,9.03974437713623
0.946134090423584,9.030655860900879
0.9626746773719788,9.03036117553711
0.9505698680877686,9.034645080566406
0.9373356103897095,9.039748191833496
0.9236636161804199,9.045577049255371
0.9533262848854065,9.045302391052246
0.9558522701263428,9.04459285736084
0.9484785795211792,9.043940544128418
0.9481068253517151,9.039414405822754
0.9563263654708862,9.03598403930664
0.9586849212646484,9.033618927001953
0.9385799169540405,9.032916069030762
0.9456177353858948,9.03188419342041
0.9482641220092773,9.029488563537598
0.9380729794502258,9.029972076416016
0.9397928714752197,9.029804229736328
0.9373274445533752,9.029936790466309
0.9357224702835083,9.031463623046875
0.9522125124931335,9.032671928405762
0.953986644744873,9.039310455322266
0.939411997795105,9.049826622009277
0.9384014010429382,9.060372352600098
0.9487726092338562,9.071349143981934
0.942679762840271,9.084662437438965
0.9559141993522644,9.101371765136719
0.9466705322265625,9.117859840393066
0.9571142196655273,9.132628440856934
0.9479787349700928,9.14408016204834
0.9558702111244202,9.15709400177002
0.9403483867645264,9.165240287780762
0.9531411528587341,9.176909446716309
0.954032838344574,9.188782691955566
0.9612572193145752,9.200797080993652
0.943183183670044,9.215188026428223
0.940882682800293,9.233109474182129
0.9357537627220154,9.24929141998291
0.941845715045929,9.2618408203125
0.9646123647689819,9.274078369140625
0.9463338255882263,9.284453392028809
0.9561284184455872,9.290244102478027
0.948724091053009,9.301189422607422
0.9458578824996948,9.311875343322754
0.9575458765029907,9.321183204650879
0.9504386782646179,9.327998161315918
0.9500710368156433,9.334586143493652
0.9433425068855286,9.34129810333252
0.9652400612831116,9.347498893737793
0.9491852521896362,9.355822563171387
0.9424741268157959,9.364832878112793
0.9485435485839844,9.372244834899902
0.9394421577453613,9.372764587402344
0.9547603130340576,9.375901222229004
0.9445618391036987,9.376575469970703
0.9423863291740417,9.3710355758667
0.9469607472419739,9.369027137756348
0.9363941550254822,9.364211082458496
0.9172253608703613,9.357392311096191
0.9503467082977295,9.345516204833984
0.9465602040290833,9.339909553527832
0.9522525072097778,9.333290100097656
0.9472696185112,9.328219413757324
0.9475100040435791,9.322834968566895
0.9575944542884827,9.316844940185547
0.9510189294815063,9.314278602600098
0.958702027797699,9.312304496765137
0.9543701410293579,9.309685707092285
0.9509543776512146,9.307847023010254
0.9403935670852661,9.302542686462402
0.9504984617233276,9.291451454162598
0.9389839172363281,9.282389640808105
0.9472393989562988,9.268763542175293
0.936249852180481,9.253989219665527
0.9458016157150269,9.241825103759766
0.9621782898902893,9.230330467224121
0.9434395432472229,9.224045753479004
0.9541840553283691,9.21462631225586
0.9403991103172302,9.197551727294922
0.9484049081802368,9.184710502624512
0.9501341581344604,9.174870491027832
0.9595098495483398,9.162781715393066
0.951337993144989,9.148846626281738
0.9474747180938721,9.139961242675781
0.9454277157783508,9.134208679199219
0.9644348621368408,9.12465763092041
0.9536028504371643,9.11630630493164
0.94115149974823,9.10874080657959
0.9419977068901062,9.09696102142334
0.933578610420227,9.090927124023438
0.9583260416984558,9.086846351623535
0.9527111053466797,9.086304664611816
0.9403957724571228,9.079776763916016
0.9532359838485718,9.080025672912598
0.9291611909866333,9.082098960876465
0.9564386606216431,9.086100578308105
0.9403479099273682,9.089118003845215
0.9559773802757263,9.085862159729004
0.9436800479888916,9.081887245178223
0.9478868246078491,9.072768211364746
0.9460747241973877,9.06142520904541
0.9506490230560303,9.048401832580566
0.9462380409240723,9.036678314208984
0.9384478330612183,9.024750709533691
0.9408693313598633,9.012761116027832
0.9404965043067932,9.005741119384766
0.9664351344108582,8.996508598327637
0.9599242210388184,8.99010181427002
0.9465430974960327,8.985774993896484
0.9409353733062744,8.985215187072754
0.9514331817626953,8.983019828796387
0.9467092752456665,8.982588768005371
0.9525747299194336,8.983097076416016
0.9314207434654236,8.985706329345703
0.9523999691009521,8.985602378845215
0.9471978545188904,8.985355377197266
0.9548885822296143,8.98250675201416
0.9669021964073181,8.980385780334473
0.9566116333007812,8.979240417480469
0.9577435851097107,8.981152534484863
0.9323381185531616,8.979100227355957
0.9575245976448059,8.975146293640137
0.9538211226463318,8.973122596740723
0.9259130358695984,8.971339225769043
0.9538742899894714,8.968588829040527
0.9381313920021057,8.965110778808594
0.9561752080917358,8.962685585021973
0.9604617953300476,8.955201148986816
0.9533208608627319,8.94650650024414
0.9558281302452087,8.946175575256348
0.9521301984786987,8.9468412399292
0.9381722211837769,8.947531700134277
0.9439638257026672,8.949248313903809
0.9509975910186768,8.957108497619629
0.9480931758880615,8.966195106506348
0.9600077867507935,8.977240562438965
0.9458398818969727,8.993728637695312
0.9386412501335144,9.009644508361816
0.9458162188529968,9.021124839782715
0.9379781484603882,9.032268524169922
0.9530296325683594,9.040801048278809
0.9585738182067871,9.048843383789062
0.9389491677284241,9.058570861816406
0.9637864828109741,9.063190460205078
0.9561882019042969,9.066489219665527
0.9465980529785156,9.06369686126709
0.941367506980896,9.061301231384277
0.9439822435379028,9.054130554199219
0.9512585401535034,9.049590110778809
0.9553705453872681,9.046507835388184
0.9536834955215454,9.040314674377441
0.9443014860153198,9.035945892333984
0.9455569386482239,9.029534339904785
0.9479304552078247,9.022255897521973
0.9484475255012512,9.015030860900879
0.9424207806587219,9.007859230041504
0.9466389417648315,9.00075626373291
0.9345933794975281,8.993656158447266
0.9491452574729919,8.98489761352539
0.945006251335144,8.976731300354004
0.927985429763794,8.969576835632324
0.9517660140991211,8.963522911071777
0.9491269588470459,8.958026885986328
0.954096794128418,8.956610679626465
0.965125560760498,8.955851554870605
0.9506662487983704,8.952378273010254
0.9594647884368896,8.948113441467285
0.957663357257843,8.941268920898438
0.9339894652366638,8.937499046325684
0.962944507598877,8.942825317382812
0.9496222734451294,8.946121215820312
0.9564543962478638,8.949667930603027
0.9369907379150391,8.953544616699219
0.9506299495697021,8.960765838623047
0.9416435956954956,8.968365669250488
0.9490624666213989,8.974013328552246
0.9477834701538086,8.979427337646484
0.9464020729064941,8.989205360412598
0.9486765265464783,8.999953269958496
0.9494719505310059,9.003852844238281
0.9553606510162354,9.005096435546875
0.9407565593719482,9.007966041564941
0.9482741355895996,9.013331413269043
0.9580537676811218,9.022385597229004
0.9558843374252319,9.031231880187988
0.9370063543319702,9.045199394226074
0.9613879919052124,9.059887886047363
0.9665319323539734,9.081913948059082
0.9384322166442871,9.099907875061035
0.9534514546394348,9.112419128417969
0.9622569680213928,9.121954917907715
0.9473294615745544,9.12768268585205
0.9462268352508545,9.12924861907959
0.9514861106872559,9.1283597946167
0.9467232823371887,9.127955436706543
0.9463192224502563,9.125926971435547
0.9459092617034912,9.125747680664062
0.9500172138214111,9.122647285461426
0.9277619123458862,9.117140769958496
0.954218864440918,9.109870910644531
0.957236647605896,9.096354484558105
0.949150800704956,9.079201698303223
0.9402236342430115,9.067763328552246
0.9410428404808044,9.05877685546875
0.9511329531669617,9.052120208740234
0.9417232871055603,9.046065330505371
0.9509918093681335,9.048026084899902
0.9521377086639404,9.049262046813965
0.9410236477851868,9.050765037536621
0.9629244208335876,9.054430961608887
0.949126124382019,9.06031322479248
0.9393343925476074,9.068840980529785
0.9361019134521484,9.073918342590332
0.9393644332885742,9.076746940612793
0.9547786712646484,9.075279235839844
0.9455667734146118,9.075386047363281
0.9458312392234802,9.075190544128418
0.9513818621635437,9.076770782470703
0.9534844756126404,9.076607704162598
0.9471005797386169,9.08093547821045
0.9418535232543945,9.080756187438965
0.945775032043457,9.080806732177734
0.9485802054405212,9.088440895080566
0.9391251802444458,9.094757080078125
0.9221370816230774,9.099898338317871
0.9550827741622925,9.106240272521973
0.9499183893203735,9.10866928100586
0.9506709575653076,9.111329078674316
0.9505515098571777,9.111953735351562
0.9456176161766052,9.115450859069824
0.9429652690887451,9.117378234863281
0.9533765316009521,9.116061210632324
0.9450103640556335,9.113493919372559
0.9559740424156189,9.107672691345215
0.9367271661758423,9.104201316833496
0.9600723385810852,9.102059364318848
0.9546245336532593,9.10135555267334
0.9518016576766968,9.102011680603027
0.9470226764678955,9.099235534667969
0.9639090895652771,9.093341827392578
0.9493465423583984,9.087230682373047
0.937595009803772,9.08113956451416
0.9404168725013733,9.069796562194824
0.9523696303367615,9.055793762207031
0.9461040496826172,9.046540260314941
0.9467481970787048,9.037705421447754
0.9460896253585815,9.025103569030762
0.9529290199279785,9.011302947998047
0.9509351253509521,8.999205589294434
0.945353090763092,8.990302085876465
0.9337024092674255,8.979244232177734
0.9529117345809937,8.968955039978027
0.9422357082366943,8.962143898010254
0.951582133769989,8.954232215881348
0.9439690113067627,8.944571495056152
0.9489278793334961,8.939087867736816
0.9464974999427795,8.93492603302002
0.9311477541923523,8.929767608642578
0.9371494650840759,8.923728942871094
0.9440511465072632,8.920090675354004
0.9543433785438538,8.912741661071777
0.9551409482955933,8.902718544006348
0.9589135050773621,8.890305519104004
0.9470953345298767,8.878340721130371
0.9494755864143372,8.866904258728027
0.9402811527252197,8.85745620727539
0.9503718614578247,8.850284576416016
0.9445563554763794,8.84512710571289
0.9513726830482483,8.844155311584473
0.9458586573600769,8.843049049377441
0.9458825588226318,8.839680671691895
0.9537085890769958,8.830352783203125
0.9370561838150024,8.826272010803223
0.9460415840148926,8.823410987854004
0.9570128321647644,8.819457054138184
0.9495976567268372,8.822746276855469
0.9602614045143127,8.828170776367188
0.9561189413070679,8.833464622497559
0.9574524164199829,8.841355323791504
0.9483928680419922,8.851768493652344
0.9476242661476135,8.86259937286377
0.9431477189064026,8.873881340026855
0.9496769905090332,8.8795747756958
0.9483301639556885,8.886918067932129
0.9614586234092712,8.889633178710938
0.9488616585731506,8.892451286315918
0.9483423233032227,8.899658203125
0.9461425542831421,8.909985542297363
0.9511643648147583,8.913658142089844
0.947746753692627,8.920642852783203
0.9424862265586853,8.924323081970215
0.9459006190299988,8.929865837097168
0.9488092660903931,8.936046600341797
0.94943767786026,8.940895080566406
0.95287024974823,8.949645042419434
0.9556431174278259,8.961686134338379
0.9602216482162476,8.975312232971191
0.9443588256835938,8.988357543945312
0.9573334455490112,9.003148078918457
0.9598380923271179,9.017325401306152
0.9599543809890747,9.025829315185547
0.9451732635498047,9.03701400756836
0.9373482465744019,9.037910461425781
0.9533734917640686,9.044662475585938
0.9221106171607971,9.047476768493652
0.9458825588226318,9.050946235656738
0.945254921913147,9.051918983459473
0.9522238969802856,9.05691146850586
0.9402569532394409,9.062422752380371
0.9576708674430847,9.064909934997559
0.9276822805404663,9.068183898925781
0.9526998996734619,9.0784273147583
0.9504948258399963,9.090958595275879
0.9503726363182068,9.096879005432129
0.9389225840568542,9.09968090057373
0.9559462666511536,9.101829528808594
0.9387518763542175,9.100531578063965
0.9475613832473755,9.099678993225098
0.952701210975647,9.096141815185547
0.9496939182281494,9.095868110656738
0.9348808526992798,9.097872734069824
0.9433976411819458,9.097054481506348
0.9284340143203735,9.100241661071777
0.9578720927238464,9.098307609558105
0.9549843072891235,9.097031593322754
0.9416825175285339,9.099061012268066
0.9507036805152893,9.102198600769043
0.9535258412361145,9.106517791748047
0.9538537263870239,9.115153312683105
0.945793092250824,9.123377799987793
0.9353992938995361,9.128296852111816
0.9329470992088318,9.142241477966309
0.9588986039161682,9.151755332946777
0.9589070677757263,9.15710163116455
0.9445419907569885,9.160441398620605
0.9672924280166626,9.16732120513916
0.9660351872444153,9.176291465759277
0.9343346357345581,9.18515396118164
0.9526290893554688,9.1907377243042
0.9465302228927612,9.199535369873047
0.9460175633430481,9.207138061523438
0.9572213888168335,9.219833374023438
0.9514838457107544,9.229514122009277
0.9512283205986023,9.237151145935059
0.9325873255729675,9.242188453674316
0.9340678453445435,9.251143455505371
0.9359036087989807,9.263726234436035
0.95936518907547,9.267996788024902
0.9472994804382324,9.272597312927246
0.9531491994857788,9.274285316467285
0.9494798183441162,9.273184776306152
0.9461930990219116,9.271132469177246
0.9551040530204773,9.269171714782715
0.9354300498962402,9.258445739746094
0.9384775161743164,9.247910499572754
0.9452468156814575,9.23610782623291
0.9571160674095154,9.234213829040527
0.9335806965827942,9.232712745666504
0.9463895559310913,9.230788230895996
0.9582672119140625,9.228562355041504
0.9487944841384888,9.228516578674316
0.954574465751648,9.224146842956543
0.9557448625564575,9.220122337341309
0.9387992024421692,9.217320442199707
0.940195620059967,9.214369773864746
0.9454106688499451,9.211665153503418
0.9577265977859497,9.205580711364746
0.9567013382911682,9.201141357421875
0.9495379328727722,9.199450492858887
0.9475644826889038,9.19636058807373
0.9321115016937256,9.193181037902832
0.9373230934143066,9.180377960205078
0.9410976767539978,9.163687705993652
0.9515255689620972,9.150738716125488
0.9515286684036255,9.142613410949707
0.9402271509170532,9.133084297180176
0.9443423748016357,9.126639366149902
0.9518862962722778,9.121665954589844
0.9530953168869019,9.11412525177002
0.9521293044090271,9.102359771728516
0.9489908218383789,9.096881866455078
0.9506611227989197,9.095046997070312
0.9495123028755188,9.090362548828125
0.9343274831771851,9.088225364685059
0.9460593461990356,9.082053184509277
0.9583780169487,9.071091651916504
0.9560397267341614,9.053948402404785
0.954753577709198,9.038252830505371
0.9322229623794556,9.024527549743652
0.9555261135101318,9.00933837890625
0.9375279545783997,8.991148948669434
0.9561527967453003,8.974143028259277
0.9533417820930481,8.96271800994873
0.9434750080108643,8.954606056213379
0.9555225968360901,8.948975563049316
0.9522169828414917,8.9464693069458
0.9524080753326416,8.945594787597656
0.9561904668807983,8.948271751403809
0.9434547424316406,8.955697059631348
0.9471937417984009,8.955676078796387
0.9557080864906311,8.957474708557129
0.9592636227607727,8.95736026763916
0.9606928825378418,8.961264610290527
0.9573323726654053,8.96948528289795
0.9548426270484924,8.975791931152344
0.9505952596664429,8.978423118591309
0.9602310061454773,8.98030948638916
0.9546611309051514,8.97884464263916
0.936457097530365,8.978938102722168
0.940530002117157,8.978203773498535
0.9515546560287476,8.97762393951416
0.949491024017334,8.977416038513184
0.9482365846633911,8.976542472839355
0.9423685073852539,8.976042747497559
0.9569064974784851,8.972782135009766
0.9392407536506653,8.975327491760254
0.9472261667251587,8.973846435546875
0.9594634771347046,8.969074249267578
0.9356626868247986,8.966747283935547
0.9610209465026855,8.964715003967285
0.9607009887695312,8.960659980773926
0.933729887008667,8.954360961914062
0.9518328905105591,8.95070743560791
0.9534540176391602,8.945450782775879
0.9520859718322754,8.939164161682129
0.952804684638977,8.9359130859375
0.9535029530525208,8.938075065612793
0.949686586856842,8.941315650939941
0.9585903286933899,8.944294929504395
0.9436521530151367,8.943236351013184
0.9446860551834106,8.941078186035156
0.9545168876647949,8.93963623046875
0.9462044835090637,8.941387176513672
0.9563071727752686,8.94063663482666
0.9477031826972961,8.93744945526123
0.9606754779815674,8.92928409576416
0.956124484539032,8.923426628112793
0.948325514793396,8.919544219970703
0.9412513971328735,8.9172945022583
0.9452643394470215,8.915650367736816
0.9522160291671753,8.91001033782959
0.9543576240539551,8.904315948486328
0.9539202451705933,8.896088600158691
0.9449944496154785,8.892743110656738
0.9476712346076965,8.887465476989746
0.957555890083313,8.884200096130371
0.9357271194458008,8.877142906188965
0.943587064743042,8.866826057434082
0.9388948082923889,8.850143432617188
0.9418160915374756,8.83335018157959
0.959674060344696,8.82165241241455
0.9623873233795166,8.811112403869629
0.9524907469749451,8.800257682800293
0.9485179781913757,8.795441627502441
0.951784610748291,8.790026664733887
0.9466264247894287,8.784932136535645
0.9439985156059265,8.78138256072998
0.9557900428771973,8.778050422668457
0.9493729472160339,8.775729179382324
0.9473888278007507,8.772942543029785
0.9481897950172424,8.770458221435547
0.9320896863937378,8.770461082458496
0.9552931785583496,8.7743501663208
0.943181037902832,8.780677795410156
0.9539863467216492,8.785897254943848
0.9409228563308716,8.789895057678223
0.9496176242828369,8.794465065002441
0.9216157793998718,8.801741600036621
0.948494017124176,8.807549476623535
0.9501153230667114,8.813255310058594
0.9616541266441345,8.81876277923584
0.9394736886024475,8.82608413696289
0.9421363472938538,8.832032203674316
0.9584752917289734,8.836073875427246
0.9531029462814331,8.841785430908203
0.9416577816009521,8.844204902648926
0.9512077569961548,8.850711822509766
0.9470954537391663,8.860268592834473
0.9358192682266235,8.868270874023438
0.9501540660858154,8.877083778381348
0.9363029599189758,8.882927894592285
0.9520915746688843,8.893670082092285
0.9518719911575317,8.910228729248047
0.9483759999275208,8.926957130432129
0.9574314951896667,8.941813468933105
0.9399663209915161,8.951033592224121
0.9535670876502991,8.962356567382812
0.9496926069259644,8.976960182189941
0.9606109857559204,8.985182762145996
0.9477869868278503,8.989262580871582
0.9580409526824951,8.996325492858887
0.9459943771362305,9.006804466247559
0.9317850470542908,9.01688003540039
0.9486960768699646,9.027580261230469
0.9486342668533325,9.03527545928955
0.9449590444564819,9.041136741638184
0.9610353708267212,9.046908378601074
0.9439658522605896,9.051775932312012
0.9441725611686707,9.06081485748291
0.9418601989746094,9.071494102478027
0.955625057220459,9.08327579498291
0.9410583972930908,9.092875480651855
0.9441144466400146,9.099261283874512
0.9474278688430786,9.100299835205078
0.9467169642448425,9.098326683044434
0.9444907903671265,9.09615707397461
0.9546234607696533,9.097159385681152
0.9448851943016052,9.100695610046387
0.9409602880477905,9.101765632629395
0.9446107745170593,9.10335922241211
0.9524709582328796,9.103069305419922
0.9499759078025818,9.105660438537598
0.9604213237762451,9.108078956604004
0.944936990737915,9.109932899475098
0.9322869181632996,9.109221458435059
0.959862232208252,9.10451889038086
0.9551060795783997,9.100104331970215
0.9490832090377808,9.100537300109863
0.9581561088562012,9.098244667053223
0.9458131790161133,9.096135139465332
0.9483621120452881,9.088984489440918
0.9420206546783447,9.08359432220459
0.9478902816772461,9.08008098602295
0.9522060751914978,9.08000659942627
0.9529414176940918,9.08083724975586
0.9559011459350586,9.081034660339355
0.948063850402832,9.076404571533203
0.9497208595275879,9.068867683410645
0.953247606754303,9.064987182617188
0.9536521434783936,9.058868408203125
0.9522085189819336,9.055889129638672
0.9510063529014587,9.050690650939941
0.947282612323761,9.04836368560791
0.9535000324249268,9.045547485351562
0.9381245374679565,9.04256534576416
0.9510501623153687,9.035653114318848
0.9460067749023438,9.028435707092285
0.9533469676971436,9.024943351745605
0.9432896375656128,9.022786140441895
0.9454226493835449,9.024277687072754
0.9432697892189026,9.027983665466309
0.9511847496032715,9.02966022491455
0.9558326005935669,9.032624244689941
0.945000410079956,9.032474517822266
0.9338365197181702,9.0318021774292
0.9418171644210815,9.032317161560059
0.9429664015769958,9.029829978942871
0.9600573778152466,9.031116485595703
0.9436829090118408,9.035999298095703
0.9456005096435547,9.039134979248047
0.9438992738723755,9.039840698242188
0.9508177638053894,9.042046546936035
0.9598332643508911,9.045084953308105
0.956497848033905,9.04541301727295
0.9438605308532715,9.047354698181152
0.94012051820755,9.047308921813965
0.9373634457588196,9.050261497497559
0.9362896680831909,9.05118465423584
0.9374502897262573,9.051587104797363
0.945008397102356,9.052631378173828
0.9585834741592407,9.05306625366211
0.9573221802711487,9.053215980529785
0.9505971074104309,9.052555084228516
0.9479538798332214,9.05053424835205
0.9421420097351074,9.042462348937988
0.9528598189353943,9.03261947631836
0.9478704929351807,9.022454261779785
0.950798749923706,9.017108917236328
0.9472675919532776,9.011787414550781
0.9634523391723633,9.007332801818848
0.9430211782455444,9.003421783447266
0.9452019333839417,8.998366355895996
0.9652477502822876,8.991019248962402
0.9645583033561707,8.983834266662598
0.9572365880012512,8.976767539978027
0.9464392066001892,8.973518371582031
0.9449726343154907,8.970429420471191
0.9407448172569275,8.965968132019043
0.9585913419723511,8.963530540466309
0.9501172304153442,8.961274147033691
0.9602223634719849,8.960860252380371
0.9578272104263306,8.964522361755371
0.9286259412765503,8.967513084411621
0.9438133239746094,8.97367000579834
0.950629472732544,8.979378700256348
0.9486781358718872,8.983382225036621
0.9368139505386353,8.9884033203125
0.9391891956329346,8.99538516998291
0.952082097530365,8.999547004699707
0.9539706707000732,9.00345230102539
0.9477344155311584,9.010214805603027
0.9414626955986023,9.01729679107666
0.9460865259170532,9.026350975036621
0.9518939852714539,9.032722473144531
0.9583022594451904,9.047564506530762
0.9573849439620972,9.062590599060059
0.9423578381538391,9.073517799377441
0.931588888168335,9.081072807312012
0.9391857385635376,9.087014198303223
0.9523876309394836,9.09464168548584
0.9565897583961487,9.104754447937012
0.9570209980010986,9.111869812011719
0.9539673328399658,9.115447044372559
0.9486323595046997,9.121878623962402
0.9497159123420715,9.120726585388184
0.9414958953857422,9.119712829589844
0.9365676641464233,9.115982055664062
0.9603729248046875,9.108220100402832
0.9536677002906799,9.099905967712402
0.9511089324951172,9.093766212463379
0.94566810131073,9.095032691955566
0.9446578025817871,9.099852561950684
0.9464502930641174,9.105425834655762
0.9434795379638672,9.113121032714844
0.9470913410186768,9.114777565002441
0.9540123343467712,9.116433143615723
0.9417957663536072,9.112921714782715
0.936815619468689,9.114649772644043
0.9495309591293335,9.112565040588379
0.9564539194107056,9.110116004943848
0.9600158929824829,9.108857154846191
0.9535102844238281,9.107857704162598
0.9465652108192444,9.106803894042969
0.9427993893623352,9.105652809143066
0.9490901231765747,9.10702133178711
0.9526844024658203,9.10651683807373
0.9500088691711426,9.104559898376465
0.9516370892524719,9.107810974121094
0.9506207704544067,9.110458374023438
0.9511457681655884,9.112587928771973
0.9441841244697571,9.114912986755371
0.9424829483032227,9.116230010986328
0.9336804151535034,9.116440773010254
0.9452841877937317,9.114184379577637
0.9559530019760132,9.11111831665039
0.9440724849700928,9.108283042907715
0.9547079801559448,9.104605674743652
0.9574663639068604,9.098275184631348
0.95198655128479,9.093440055847168
0.9454779028892517,9.091246604919434
0.9403588771820068,9.08441162109375
0.9603596925735474,9.072486877441406
0.9506345987319946,9.060416221618652
0.9355189204216003,9.048823356628418
0.9580762982368469,9.040356636047363
0.9586506485939026,9.034687042236328
0.9385970830917358,9.031607627868652
0.9435157179832458,9.021652221679688
0.9441301822662354,9.019070625305176
0.9483178853988647,9.011956214904785
0.9545428156852722,9.008598327636719
0.9489474296569824,9.00430965423584
0.950293242931366,9.009016990661621
0.941234827041626,9.00998592376709
0.9347653388977051,9.009543418884277
0.9534846544265747,9.009751319885254
0.9356887340545654,9.007881164550781
0.9504368901252747,9.009674072265625
0.944753885269165,9.014264106750488
0.9436752796173096,9.015083312988281
0.9514718651771545,9.011524200439453
0.954063355922699,9.016425132751465
0.9417928457260132,9.022366523742676
0.9549314379692078,9.030241966247559
0.9394803643226624,9.037978172302246
0.938474178314209,9.048538208007812
0.9309557676315308,9.05810832977295
0.9441859126091003,9.065613746643066
0.9554330706596375,9.071444511413574
0.9409544467926025,9.073348999023438
0.9521788954734802,9.071551322937012
0.9395520687103271,9.067626953125
0.9441205859184265,9.066215515136719
0.9477554559707642,9.071556091308594
0.9464902877807617,9.078680992126465
0.947441041469574,9.087950706481934
0.94649738073349,9.094429969787598
0.9647523760795593,9.09561824798584
0.9505818486213684,9.094554901123047
0.9379050731658936,9.09274959564209
0.9453526735305786,9.094307899475098
0.9569450616836548,9.095778465270996
0.9318310022354126,9.099201202392578
0.9458709955215454,9.103270530700684
0.9505602121353149,9.105610847473145
0.9486691355705261,9.108410835266113
0.9469638466835022,9.111931800842285
0.9505302309989929,9.116286277770996
0.9431667327880859,9.12148380279541
0.9447007179260254,9.126542091369629
0.9477616548538208,9.133484840393066
0.9410367608070374,9.142664909362793
0.9337009787559509,9.150126457214355
0.9575813412666321,9.150672912597656
0.937694251537323,9.151658058166504
0.9304185509681702,9.15761661529541
0.9589130282402039,9.158808708190918
0.9456695914268494,9.16188907623291
0.9557476043701172,9.163787841796875
0.9426950812339783,9.161358833312988
0.9438558220863342,9.15735912322998
0.9584195613861084,9.14731502532959
0.9334798455238342,9.142868041992188
0.9657819271087646,9.14432430267334
0.959628164768219,9.147561073303223
0.953644871711731,9.149819374084473
0.9526596665382385,9.153651237487793
0.9592161178588867,9.158547401428223
0.9396408200263977,9.161651611328125
0.9557921290397644,9.162739753723145
0.9543506503105164,9.167137145996094
0.9406115412712097,9.170052528381348
0.9464694857597351,9.174361228942871
0.945956289768219,9.174342155456543
0.9511126279830933,9.176016807556152
0.9519824981689453,9.17533016204834
0.9587042331695557,9.174956321716309
0.9461358785629272,9.172688484191895
0.9451324939727783,9.174424171447754
0.9553298354148865,9.174407958984375
0.9432105422019958,9.173012733459473
0.9522230625152588,9.169672966003418
0.9365915656089783,9.168374061584473
0.9548167586326599,9.169320106506348
0.9469926357269287,9.171629905700684
0.943111777305603,9.178524017333984
0.9461325407028198,9.182524681091309
0.9499585032463074,9.18621826171875
0.952695906162262,9.186554908752441
0.9508353471755981,9.185173988342285
0.9577310085296631,9.184128761291504
0.9475899934768677,9.184618949890137
0.9457212090492249,9.189034461975098
0.9389438033103943,9.185914039611816
0.9382530450820923,9.180644035339355
0.9396687150001526,9.174958229064941
0.9537805318832397,9.16891860961914
0.9587352275848389,9.166350364685059
0.9418195486068726,9.16921329498291
0.9418498873710632,9.177757263183594
0.9511197805404663,9.17762279510498
0.9336801171302795,9.176072120666504
0.9554904103279114,9.176472663879395
0.9354718923568726,9.175103187561035
0.9408288598060608,9.169517517089844
0.943958580493927,9.162368774414062
0.9626439809799194,9.158232688903809
0.9417567253112793,9.156790733337402
0.9541091918945312,9.155498504638672
0.9528942108154297,9.151040077209473
0.9488887786865234,9.151318550109863
0.9437358975410461,9.150424003601074
0.9601036906242371,9.152077674865723
0.9680095314979553,9.15366268157959
0.9549225568771362,9.151935577392578
0.9494343996047974,9.152144432067871
0.9564007520675659,9.149044036865234
0.9542703032493591,9.143319129943848
0.9552943706512451,9.137015342712402
0.9431337714195251,9.133843421936035
0.9491907954216003,9.132713317871094
0.9305235147476196,9.130924224853516
0.9518828988075256,9.122871398925781
0.9395753145217896,9.115740776062012
0.965943455696106,9.109130859375
0.9575276970863342,9.105591773986816
0.9387269616127014,9.098992347717285
0.9582536220550537,9.095248222351074
0.9515184760093689,9.091700553894043
0.9596826434135437,9.090483665466309
0.9522246718406677,9.088181495666504
0.9442737698554993,9.087332725524902
0.9451268911361694,9.08184814453125
0.9482459425926208,9.079756736755371
0.947074294090271,9.077903747558594
0.9567209482192993,9.076148986816406
0.9584881067276001,9.075461387634277
0.94516921043396,9.074355125427246
0.9502986669540405,9.068183898925781
0.9288954138755798,9.05539608001709
0.9604325294494629,9.04312801361084
0.9320662617683411,9.034911155700684
0.9489299654960632,9.031567573547363
0.9489327669143677,9.028434753417969
0.9385618567466736,9.028531074523926
0.9364495873451233,9.024096488952637
0.9560133814811707,9.017136573791504
0.9449083805084229,9.011207580566406
0.9671202898025513,9.007061004638672
0.940904974937439,9.009414672851562
0.946759819984436,9.012591361999512
0.957027792930603,9.023639678955078
0.9569803476333618,9.035300254821777
0.9413036108016968,9.044615745544434
0.9508571028709412,9.053740501403809
0.9486956000328064,9.05750560760498
0.9426708221435547,9.059272766113281
0.9665476679801941,9.058006286621094
0.9559305906295776,9.055770874023438
0.9356189370155334,9.053879737854004
0.9468121528625488,9.052277565002441
0.9496565461158752,9.051959037780762
0.9512621164321899,9.051498413085938
0.9498074650764465,9.049382209777832
0.9538080096244812,9.04996395111084
0.9486587047576904,9.053557395935059
0.954972505569458,9.058112144470215
0.95723956823349,9.0648832321167
0.955355167388916,9.07172679901123
0.9612554907798767,9.081985473632812
0.9557032585144043,9.090744018554688
0.940031886100769,9.09941577911377
0.9596270322799683,9.107338905334473
0.9417760968208313,9.110298156738281
0.9483540058135986,9.114418029785156
0.9383382797241211,9.116621971130371
0.9498924612998962,9.114996910095215
0.9297934174537659,9.113906860351562
0.9405589699745178,9.113633155822754
0.9425076246261597,9.117426872253418
0.9452939033508301,9.12105941772461
0.948052167892456,9.131019592285156
0.942626416683197,9.136107444763184
0.9566839933395386,9.138175964355469
0.957931637763977,9.136282920837402
0.9398927688598633,9.136916160583496
0.9585619568824768,9.135392189025879
0.9529151916503906,9.130813598632812
0.9523034691810608,9.125536918640137
0.953944206237793,9.116297721862793
0.9632096886634827,9.112225532531738
0.9527535438537598,9.106770515441895
0.9446806311607361,9.10126781463623
0.9571478366851807,9.10159683227539
0.9530261754989624,9.105792999267578
0.9544206857681274,9.107285499572754
0.94596266746521,9.108996391296387
0.9376872181892395,9.1151704788208
0.9590882062911987,9.113297462463379
0.9446579217910767,9.109236717224121
0.9481812715530396,9.111456871032715
0.954382061958313,9.108284950256348
0.9458568096160889,9.10617446899414
0.9498122334480286,9.103943824768066
0.9460538625717163,9.097990989685059
0.9451708793640137,9.093287467956543
0.9502981901168823,9.088363647460938
0.955949068069458,9.082893371582031
0.9455775022506714,9.07375717163086
0.9551235437393188,9.059635162353516
0.9681644439697266,9.048165321350098
0.9447811245918274,9.03646183013916
0.9438751339912415,9.03001880645752
0.9567620754241943,9.025840759277344
0.9540700912475586,9.018546104431152
0.9561014175415039,9.015191078186035
0.9387292861938477,9.018634796142578
0.9387595057487488,9.02231502532959
0.9467400908470154,9.020297050476074
0.9464755654335022,9.019607543945312
0.9493020176887512,9.021045684814453
0.9337212443351746,9.022093772888184
0.9421327114105225,9.020263671875
0.9488161206245422,9.021735191345215
0.9411309361457825,9.023507118225098
0.9477993249893188,9.024930000305176
0.9558379054069519,9.030810356140137
0.9480937719345093,9.041221618652344
0.9473891258239746,9.054238319396973
0.9453116655349731,9.067471504211426
0.9571349620819092,9.080455780029297
0.9421958923339844,9.094468116760254
0.9523088932037354,9.106953620910645
0.9650916457176208,9.114035606384277
0.9356875419616699,9.117256164550781
0.9497392177581787,9.120488166809082
0.9486832618713379,9.119651794433594
0.9656662344932556,9.11316967010498
0.9547258615493774,9.113113403320312
0.962550699710846,9.11566162109375
0.95621657371521,9.116619110107422
0.9599302411079407,9.117024421691895
0.9439097046852112,9.119086265563965
0.9397236704826355,9.11785888671875
0.9457802176475525,9.114083290100098
0.9440370202064514,9.114882469177246
0.9409119486808777,9.118022918701172
0.9579342007637024,9.118823051452637
0.9585852026939392,9.115731239318848
0.9461029767990112,9.109190940856934
0.962364673614502,9.104493141174316
0.9449232220649719,9.096580505371094
0.943304717540741,9.09279727935791
0.960477352142334,9.093056678771973
0.9531150460243225,9.092850685119629
0.9425781965255737,9.096526145935059
0.932320773601532,9.10251522064209
0.9467567205429077,9.106017112731934
0.9354243874549866,9.110922813415527
0.9553934335708618,9.11721134185791
0.9449157118797302,9.120036125183105
0.9592665433883667,9.12258243560791
0.9582420587539673,9.128771781921387
0.9526242017745972,9.132636070251465
0.9355767369270325,9.135985374450684
0.9551671743392944,9.135437965393066
0.9409859776496887,9.139143943786621
0.9431604146957397,9.143685340881348
0.9492562413215637,9.142760276794434
0.9328763484954834,9.140643119812012
0.9418151378631592,9.136752128601074
0.954919695854187,9.129959106445312
0.9397763013839722,9.122260093688965
0.9513468146324158,9.110382080078125
0.9618890881538391,9.098896980285645
0.9578412771224976,9.091415405273438
0.9379443526268005,9.089112281799316
0.9462780952453613,9.087370872497559
0.9497872591018677,9.086808204650879
0.9372546076774597,9.087151527404785
0.9315808415412903,9.086194038391113
0.9343175888061523,9.07961368560791
0.9360239505767822,9.072704315185547
0.944537878036499,9.064499855041504
0.9391653537750244,9.05859375
0.9505396485328674,9.055899620056152
0.9519310593605042,9.053475379943848
0.9627535939216614,9.05053424835205
0.9577940702438354,9.047187805175781
0.94647616147995,9.034913063049316
0.951744019985199,9.022537231445312
0.9482016563415527,9.00864315032959
0.9470930099487305,8.999672889709473
0.9568478465080261,8.993468284606934
0.9437157511711121,8.984705924987793
0.9536842703819275,8.972800254821777
0.9599857330322266,8.960387229919434
0.9381901025772095,8.953009605407715
0.9454797506332397,8.947430610656738
0.9523749351501465,8.944596290588379
0.9647707343101501,8.943930625915527
0.9550759792327881,8.93967342376709
0.9552953243255615,8.94187068939209
0.9448320865631104,8.946379661560059
0.9436140060424805,8.94640827178955
0.9562256932258606,8.945372581481934
0.9444703459739685,8.945511817932129
0.9515005350112915,8.945575714111328
0.9502843618392944,8.941126823425293
0.9364303350448608,8.934998512268066
0.9444323778152466,8.928532600402832
0.956775963306427,8.927700996398926
0.9439640641212463,8.928582191467285
0.9370266199111938,8.928585052490234
0.9475100040435791,8.926765441894531
0.9534054398536682,8.927051544189453
0.9563146829605103,8.927475929260254
0.9415004253387451,8.92995548248291
0.9604930281639099,8.92940902709961
0.9470556974411011,8.929401397705078
0.9514507055282593,8.927051544189453
0.9506843090057373,8.92701244354248
0.9422474503517151,8.92807674407959
0.9504921436309814,8.928084373474121
0.9579941630363464,8.924517631530762
0.9527300596237183,8.921219825744629
0.9603385925292969,8.919285774230957
0.9332058429718018,8.919022560119629
0.9468271732330322,8.916090965270996
0.941835880279541,8.909394264221191
0.9524672031402588,8.90493106842041
0.9519932270050049,8.904364585876465
0.9479265809059143,8.906844139099121
0.9532291293144226,8.912419319152832
0.9525504112243652,8.923148155212402
0.9529650211334229,8.938889503479004
0.9546030759811401,8.954215049743652
0.9342525601387024,8.972576141357422
0.9555073380470276,8.992375373840332
0.9463502764701843,9.009795188903809
0.9510130286216736,9.021706581115723
0.9480019807815552,9.034213066101074
0.9605964422225952,9.043872833251953
0.937883734703064,9.050223350524902
0.9449480175971985,9.053863525390625
0.9406454563140869,9.052964210510254
0.954751193523407,9.050721168518066
0.9453522562980652,9.050040245056152
0.9417781829833984,9.045409202575684
0.9567480087280273,9.044071197509766
0.9537429213523865,9.046664237976074
0.9459166526794434,9.048333168029785
0.9545688629150391,9.050041198730469
0.9576629400253296,9.046734809875488
0.9557993412017822,9.043198585510254
0.949004590511322,9.040298461914062
0.9461823105812073,9.033637046813965
0.9691552519798279,9.02540111541748
0.9531089663505554,9.020356178283691
0.9567782282829285,9.012091636657715
0.9421511292457581,9.003020286560059
0.960685133934021,8.993096351623535
0.9605104923248291,8.981297492980957
0.9446814656257629,8.975666046142578
0.9422888159751892,8.97310733795166
0.9586325883865356,8.967803001403809
0.9496123790740967,8.965035438537598
0.9553025960922241,8.963509559631348
0.9457547068595886,8.95841121673584
0.9446538686752319,8.951874732971191
0.9366762638092041,8.944130897521973
0.9504733085632324,8.935410499572754
0.9574549198150635,8.934203147888184
0.932321310043335,8.935254096984863
0.9407668113708496,8.934247016906738
0.955838143825531,8.927680015563965
0.951746940612793,8.920638084411621
0.9511961936950684,8.91797161102295
0.9376465082168579,8.910321235656738
0.9545773267745972,8.90433120727539
0.9379263520240784,8.899345397949219
0.9378875494003296,8.895476341247559
0.9436081647872925,8.89218521118164
0.9554498195648193,8.88834285736084
0.9546873569488525,8.88969898223877
0.953025221824646,8.889603614807129
0.9499560594558716,8.889124870300293
0.9526966214179993,8.891047477722168
0.9416015148162842,8.892462730407715
0.9442110061645508,8.889786720275879
0.9400840401649475,8.88961124420166
0.9586143493652344,8.8851957321167
0.9415866136550903,8.880127906799316
0.960053026676178,8.8759183883667
0.9425510764122009,8.87316608428955
0.9319177865982056,8.866175651550293
0.9410467147827148,8.85739517211914
0.9406933188438416,8.852145195007324
0.9491812586784363,8.84414005279541
0.9486017227172852,8.831649780273438
0.9496287107467651,8.822033882141113
0.9621092677116394,8.814454078674316
0.9423666596412659,8.808930397033691
0.9523890018463135,8.806122779846191
0.9523000717163086,8.8069429397583
0.9253818988800049,8.809269905090332
0.945001482963562,8.818397521972656
0.9485505223274231,8.82874584197998
0.9504327178001404,8.83747386932373
0.9526777863502502,8.845124244689941
0.9582659006118774,8.853615760803223
0.9382163286209106,8.86467456817627
0.9588466286659241,8.870738983154297
0.9536153078079224,8.872554779052734
0.9347594976425171,8.875569343566895
0.9472755789756775,8.884037971496582
0.9430171847343445,8.895581245422363
0.9394647479057312,8.913992881774902
0.9636849761009216,8.933189392089844
0.9330107569694519,8.951041221618652
0.9488248825073242,8.967024803161621
0.9324285984039307,8.97994327545166
0.938170850276947,8.992012977600098
0.9288762211799622,8.998382568359375
0.9570420980453491,9.001728057861328
0.9484138488769531,9.004157066345215
0.9395381212234497,9.003764152526855
0.9506198763847351,8.99834156036377
0.9614114761352539,8.994281768798828
0.9544121026992798,8.992165565490723
0.9498646259307861,8.989300727844238
0.963879406452179,8.986903190612793
0.9461864233016968,8.986161231994629
0.9376024007797241,8.987322807312012
0.940341591835022,8.988633155822754
0.9524047374725342,8.98960018157959
0.9605380296707153,8.99086856842041
0.9435339570045471,8.991554260253906
0.9467269778251648,8.99332046508789
0.9510661363601685,8.996445655822754
0.9495505690574646,8.994917869567871
0.9559719562530518,8.995265007019043
0.9498053193092346,8.996929168701172
0.9350271821022034,8.998944282531738
0.9400793313980103,8.995109558105469
0.9415817856788635,8.991715431213379
0.9437751173973083,8.987202644348145
0.9398015141487122,8.980033874511719
0.95215904712677,8.9757080078125
0.9422059059143066,8.975013732910156
0.9439610242843628,8.976046562194824
0.9480874538421631,8.982033729553223
0.9498590230941772,8.993746757507324
0.9600175023078918,9.002486228942871
0.9524499177932739,9.0095853805542
0.945478081703186,9.022856712341309
0.9484837055206299,9.037123680114746
0.9411466121673584,9.050406455993652
0.9472526907920837,9.056992530822754
0.9519638419151306,9.05813217163086
0.9577305912971497,9.056929588317871
0.9514549374580383,9.056644439697266
0.9524702429771423,9.051653861999512
0.956536054611206,9.04608154296875
0.9550552368164062,9.043869972229004
0.9578723907470703,9.046759605407715
0.9440198540687561,9.052176475524902
0.9549574255943298,9.056690216064453
0.9589613676071167,9.063556671142578
0.9587672352790833,9.072793006896973
0.9643334746360779,9.078043937683105
0.9624431133270264,9.085183143615723
0.9382522702217102,9.09018611907959
0.9430839419364929,9.09517765045166
0.9512718319892883,9.096744537353516
0.9524495601654053,9.101122856140137
0.944359540939331,9.111250877380371
0.9545712471008301,9.117321014404297
0.9455639719963074,9.125786781311035
0.9340540766716003,9.13259506225586
0.9448269009590149,9.140339851379395
0.9547119140625,9.150355339050293
0.9508184194564819,9.1582612991333
0.9391577243804932,9.166008949279785
0.9397526383399963,9.171652793884277
0.9561806321144104,9.17374038696289
0.9626587629318237,9.168328285217285
0.9667530059814453,9.166449546813965
0.9561408162117004,9.163689613342285
0.9561358094215393,9.160811424255371
0.9467727541923523,9.15644359588623
0.9504663348197937,9.152630805969238
0.9566205739974976,9.14706039428711
0.9512351751327515,9.141898155212402
0.9281535148620605,9.134787559509277
0.9520692825317383,9.127147674560547
0.9396025538444519,9.122115135192871
0.9282955527305603,9.118485450744629
0.940747857093811,9.112906455993652
0.928627610206604,9.107471466064453
0.9551236629486084,9.101616859436035
0.950718104839325,9.092951774597168
0.960364580154419,9.085074424743652
0.9405056238174438,9.080809593200684
0.9616307616233826,9.079977989196777
0.9452942609786987,9.07984447479248
0.944541335105896,9.077631950378418
0.9639636874198914,9.077309608459473
0.9449069499969482,9.078263282775879
0.9620276093482971,9.0767240524292
0.9566305875778198,9.075885772705078
0.9428912401199341,9.073220252990723
0.9459120631217957,9.073004722595215
0.9474760293960571,9.073494911193848
0.957373857498169,9.07283878326416
0.953830361366272,9.074761390686035
0.9533304572105408,9.075763702392578
0.9511905908584595,9.07529067993164
0.9511656761169434,9.078857421875
0.9517639875411987,9.083327293395996
0.9495571851730347,9.092724800109863
0.948520302772522,9.100523948669434
0.9394353628158569,9.107502937316895
0.948324978351593,9.108397483825684
0.9510016441345215,9.106243133544922
0.9433565139770508,9.102805137634277
0.9458087682723999,9.103535652160645
0.9429372549057007,9.10554027557373
0.942496657371521,9.105132102966309
0.9579287767410278,9.104743003845215
0.9459419846534729,9.100111961364746
0.9567411541938782,9.094890594482422
0.9559019804000854,9.090508460998535
0.9587827920913696,9.084551811218262
0.9495798945426941,9.07419490814209
0.9449628591537476,9.062642097473145
0.9564043283462524,9.053799629211426
0.9524348974227905,9.04623031616211
0.9500927329063416,9.038043975830078
0.9528677463531494,9.033011436462402
0.9356080293655396,9.027985572814941
0.9603261947631836,9.016961097717285
0.9378647208213806,9.007491111755371
0.9473845958709717,9.001189231872559
0.9495575428009033,8.9946928024292
0.9269079566001892,8.989848136901855
0.9364538788795471,8.979426383972168
0.9521203637123108,8.966229438781738
0.9511373043060303,8.95322322845459
0.9579271078109741,8.94315242767334
0.9486180543899536,8.936638832092285
0.960712730884552,8.931076049804688
0.9430016279220581,8.92465877532959
0.9446171522140503,8.917999267578125
0.9568645358085632,8.914628028869629
0.9479613304138184,8.915579795837402
0.9488064050674438,8.92044448852539
0.94783616065979,8.922408103942871
0.9331918954849243,8.923271179199219
0.9599871039390564,8.9262056350708
0.9555975198745728,8.928526878356934
0.9542428255081177,8.933829307556152
0.9614681005477905,8.937516212463379
0.9264757037162781,8.946272850036621
0.9583014249801636,8.954710960388184
0.9608128666877747,8.961031913757324
0.949188232421875,8.969794273376465
0.9419569373130798,8.979815483093262
0.960919976234436,8.995209693908691
0.9446849822998047,9.003807067871094
0.9496039152145386,9.011738777160645
0.9470082521438599,9.015704154968262
0.9498330354690552,9.015262603759766
0.9508521556854248,9.015738487243652
0.9506325721740723,9.018299102783203
0.9457619190216064,9.019027709960938
0.9507373571395874,9.021286964416504
0.9514700770378113,9.022833824157715
0.9455770254135132,9.020230293273926
0.9547073841094971,9.0181884765625
0.9623012542724609,9.014598846435547
0.9447225332260132,9.0125093460083
0.9510312080383301,9.01252269744873
0.9248331785202026,9.010851860046387
0.9563345909118652,9.009696960449219
0.95765620470047,9.008102416992188
0.946313202381134,9.0068359375
0.9492365717887878,9.004852294921875
0.9639581441879272,9.00554370880127
0.9489290714263916,9.007554054260254
0.9422290325164795,9.008997917175293
0.9523770213127136,9.012566566467285
0.9534025192260742,9.0120210647583
0.9421259760856628,9.008810997009277
0.9525542259216309,9.003674507141113
0.9533661603927612,8.998452186584473
0.9505994915962219,8.994662284851074
0.9497677087783813,8.985180854797363
0.9524407386779785,8.978939056396484
0.9416100978851318,8.972084999084473
0.9510370492935181,8.972859382629395
0.956164538860321,8.971467018127441
0.9472057819366455,8.969475746154785
0.9600868821144104,8.960885047912598
0.9496732354164124,8.952095985412598
0.9441717863082886,8.944014549255371
0.9414136409759521,8.937811851501465
0.9583427906036377,8.931300163269043
0.9445363879203796,8.921074867248535
0.9523715376853943,8.914570808410645
0.9476538300514221,8.9088716506958
0.9542405605316162,8.902810096740723
0.9359093904495239,8.899048805236816
0.9635180830955505,8.894211769104004
0.9509772062301636,8.890870094299316
0.9529452323913574,8.885672569274902
0.9655241966247559,8.8838472366333
0.9444628953933716,8.883685111999512
0.9419960975646973,8.885275840759277
0.9506431221961975,8.885445594787598
0.9377838969230652,8.885148048400879
0.9563075304031372,8.885252952575684
0.9481645822525024,8.88934326171875
0.9588814973831177,8.894408226013184
0.9540488719940186,8.899345397949219
0.9519246220588684,8.904450416564941
0.938344419002533,8.90945053100586
0.9450318813323975,8.913894653320312
0.9536008238792419,8.918089866638184
0.9454460740089417,8.923882484436035
0.9419575929641724,8.925017356872559
0.9457709789276123,8.927337646484375
0.9446729421615601,8.935729026794434
0.9684634208679199,8.94197940826416
0.9464850425720215,8.947226524353027
0.9458242654800415,8.948134422302246
0.9555556774139404,8.946379661560059
0.9518095850944519,8.946998596191406
0.9483106136322021,8.948291778564453
0.9595441818237305,8.951678276062012
0.9540342092514038,8.957184791564941
0.9474340677261353,8.965821266174316
0.9424997568130493,8.969154357910156
0.941321849822998,8.974183082580566
0.9589711427688599,8.976500511169434
0.9602641463279724,8.97225570678711
0.9547419548034668,8.96792984008789
0.9501455426216125,8.965765953063965
0.9528127908706665,8.962031364440918
0.9606507420539856,8.968939781188965
0.9510592818260193,8.974932670593262
0.9465468525886536,8.984993934631348
0.9593635201454163,8.993803977966309
0.9561980366706848,8.996994018554688
0.9585729241371155,9.003064155578613
0.9487776160240173,9.01160717010498
0.9588117599487305,9.0170316696167
0.9395939707756042,9.022637367248535
0.9438684582710266,9.030692100524902
0.9327472448348999,9.040534019470215
0.9545164108276367,9.047377586364746
0.9540233612060547,9.051192283630371
0.9405197501182556,9.05163860321045
0.9565967321395874,9.048258781433105
0.9476662874221802,9.045105934143066
0.9569118022918701,9.04164981842041
0.9543818235397339,9.038512229919434
0.9513917565345764,9.036681175231934
0.9446340203285217,9.035126686096191
0.9531312584877014,9.030549049377441
0.9370437860488892,9.031609535217285
0.9505088925361633,9.030671119689941
0.9426234364509583,9.033102989196777
0.9342971444129944,9.042067527770996
0.9578365087509155,9.04781436920166
0.9524767994880676,9.051594734191895
0.9568363428115845,9.055455207824707
0.9503452181816101,9.061036109924316
0.9584172964096069,9.065018653869629
0.9511780142784119,9.067070960998535
0.9442703723907471,9.06849193572998
0.9469742178916931,9.06563663482666
0.9527681469917297,9.067229270935059
0.944074809551239,9.071513175964355
0.9400931000709534,9.072845458984375
0.9381886720657349,9.07772445678711
0.9567727446556091,9.083012580871582
0.9575308561325073,9.086638450622559
0.9341769218444824,9.09091567993164
0.9347674250602722,9.095553398132324
0.931155264377594,9.096604347229004
0.9400158524513245,9.091545104980469
0.9482055306434631,9.088728904724121
0.9409807324409485,9.087220191955566
0.9461982250213623,9.086421966552734
0.9513587355613708,9.086421966552734
0.942609429359436,9.084134101867676
0.9354188442230225,9.076507568359375
0.9503762722015381,9.068730354309082
0.9630546569824219,9.063182830810547
0.9453345537185669,9.061588287353516
0.9482725262641907,9.062268257141113
0.9500781297683716,9.062565803527832
0.9502213001251221,9.064777374267578
0.9524921774864197,9.066872596740723
0.9444307684898376,9.070868492126465
0.9610896706581116,9.075313568115234
0.9362035989761353,9.084916114807129
0.945649266242981,9.091842651367188
0.9470769166946411,9.099143028259277
0.9534143805503845,9.101593971252441
0.9287962913513184,9.09957218170166
0.9507566094398499,9.103008270263672
0.9458556175231934,9.106415748596191
0.9484474658966064,9.105822563171387
0.945493757724762,9.1019926071167
0.9395744204521179,9.10110855102539
0.9516446590423584,9.100475311279297
0.9474366903305054,9.099392890930176
0.9584572315216064,9.097464561462402
0.9530323147773743,9.097285270690918
0.9570741653442383,9.098746299743652
0.9528772830963135,9.099637031555176
0.9518052935600281,9.099289894104004
0.9529477953910828,9.099922180175781
0.9407224059104919,9.104652404785156
0.9506795406341553,9.112293243408203
0.9450038075447083,9.115628242492676
0.9390707015991211,9.118388175964355
0.937473475933075,9.11263370513916
0.9382013082504272,9.098349571228027
0.9589344263076782,9.080039024353027
0.9519472122192383,9.06722640991211
0.9545212388038635,9.049812316894531
0.9574494361877441,9.035759925842285
0.9395989179611206,9.024384498596191
0.9528576135635376,9.00723934173584
0.9479539394378662,8.994396209716797
0.9367644190788269,8.983325004577637
0.9482749700546265,8.973875999450684
0.9553273916244507,8.970643043518066
0.956059992313385,8.968201637268066
0.9494587182998657,8.969711303710938
0.9520568251609802,8.975887298583984
0.9365168809890747,8.985432624816895
0.9624838829040527,8.99344539642334
0.9509245157241821,9.002549171447754
0.9545604586601257,9.013794898986816
0.9649580121040344,9.024996757507324
0.9616044759750366,9.037934303283691
0.9502403140068054,9.04855728149414
0.9513394236564636,9.058807373046875
0.9529144763946533,9.0681734085083
0.9399482011795044,9.077898979187012
0.9487273097038269,9.087759971618652
0.9461250901222229,9.099727630615234
0.9305397272109985,9.106614112854004
0.9497545957565308,9.11097240447998
0.9457024335861206,9.114884376525879
0.9486929178237915,9.12226390838623
0.9333952069282532,9.127867698669434
0.9596413969993591,9.134474754333496
0.9490530490875244,9.13820743560791
0.951393723487854,9.142300605773926
0.9489929676055908,9.144146919250488
0.9480012059211731,9.144715309143066
0.9450978636741638,9.144835472106934
0.9554921388626099,9.145028114318848
0.9368060231208801,9.143372535705566
0.9470347166061401,9.142718315124512
0.9486093521118164,9.143355369567871
0.9548784494400024,9.150473594665527
0.956177830696106,9.15883731842041
0.9530530571937561,9.167162895202637
0.949543297290802,9.175379753112793
0.9441181421279907,9.189693450927734
0.9342613220214844,9.1981782913208
0.9391682744026184,9.206282615661621
0.9502133727073669,9.214621543884277
0.9463961124420166,9.22446060180664
0.9511035084724426,9.237323760986328
0.9450219869613647,9.246439933776855
0.9475838541984558,9.249415397644043
0.9344747066497803,9.25139331817627
0.9457030296325684,9.252185821533203
0.9366980195045471,9.256760597229004
0.936577320098877,9.258500099182129
0.9508333206176758,9.257278442382812
0.9635314345359802,9.257843017578125
0.9546452760696411,9.258509635925293
0.9472838640213013,9.255321502685547
0.9515361189842224,9.256733894348145
0.9555853009223938,9.258994102478027
0.9393429756164551,9.259810447692871
0.9471729397773743,9.257884979248047
0.9482758045196533,9.256104469299316
0.9490159153938293,9.258500099182129
0.958154022693634,9.26026439666748
0.9542885422706604,9.265860557556152
0.945328950881958,9.272810935974121
0.9612833261489868,9.276148796081543
0.964037299156189,9.284209251403809
0.9383267164230347,9.29178524017334
0.935437023639679,9.29759693145752
0.9495454430580139,9.301430702209473
0.9506011009216309,9.306715965270996
0.9472054243087769,9.311530113220215
0.9545317888259888,9.314453125
0.9560089111328125,9.320342063903809
0.9342674612998962,9.323378562927246
0.9498957395553589,9.326909065246582
0.9645689129829407,9.324726104736328
0.9421263337135315,9.327033042907715
0.9481557607650757,9.330756187438965
0.9536582827568054,9.3305082321167
0.9519105553627014,9.332443237304688
0.9408674240112305,9.339264869689941
0.9335212707519531,9.347480773925781
0.9542776942253113,9.355927467346191
0.9440587759017944,9.362521171569824
0.9553667902946472,9.366252899169922
0.9614083766937256,9.373269081115723
0.9525243639945984,9.37467098236084
0.9401633143424988,9.375649452209473
0.9462250471115112,9.377974510192871
0.933470606803894,9.377567291259766
0.9474756717681885,9.381851196289062
0.9667863249778748,9.392231941223145
0.9526916742324829,9.403550148010254
0.9392831325531006,9.4138765335083
0.9405959844589233,9.415923118591309
0.926753044128418,9.416172981262207
0.9579952955245972,9.42226791381836
0.9515215754508972,9.423295021057129
0.9514001607894897,9.424822807312012
0.9546756148338318,9.42663288116455
0.9378952383995056,9.427754402160645
0.9500096440315247,9.425987243652344
0.9472517967224121,9.423005104064941
0.9511181116104126,9.416271209716797
0.9533983469009399,9.407681465148926
0.9504514336585999,9.394633293151855
0.9598158001899719,9.385169982910156
0.9447500705718994,9.38109302520752
0.9381036162376404,9.380959510803223
0.9455304145812988,9.377846717834473
0.9451131224632263,9.370999336242676
0.9498345255851746,9.367300987243652
0.9522218704223633,9.357989311218262
0.9719700217247009,9.351116180419922
0.932727575302124,9.345818519592285
0.9452128410339355,9.340328216552734
0.9458428025245667,9.331969261169434
0.9549755454063416,9.325312614440918
0.9584380984306335,9.31479263305664
0.9416338801383972,9.308989524841309
0.9539499282836914,9.298796653747559
0.9611077308654785,9.29343318939209
0.9551683068275452,9.284384727478027
0.9596202373504639,9.273642539978027
0.9465824365615845,9.263771057128906
0.9590061902999878,9.255242347717285
0.9416471123695374,9.246338844299316
0.9570208191871643,9.239434242248535
0.9528294205665588,9.232794761657715
0.9467065334320068,9.228619575500488
0.9418832659721375,9.223212242126465
0.946425199508667,9.220540046691895
0.9374169111251831,9.213675498962402
0.9536631107330322,9.201804161071777
0.9421608448028564,9.187576293945312
0.9511957764625549,9.168839454650879
0.9568639397621155,9.15108871459961
0.957004725933075,9.136765480041504
0.9594079256057739,9.12374210357666
0.9451650381088257,9.112603187561035
0.9475919008255005,9.104142189025879
0.9517125487327576,9.093817710876465
0.941851019859314,9.08396053314209
0.9577363133430481,9.072548866271973
0.9436604976654053,9.0628662109375
0.9434478878974915,9.04770565032959
0.9491487741470337,9.029515266418457
0.9578434824943542,9.013930320739746
0.9555308222770691,8.997719764709473
0.9490898251533508,8.983962059020996
0.947526216506958,8.978018760681152
0.9498047828674316,8.970192909240723
0.9575711488723755,8.959242820739746
0.9553254246711731,8.953132629394531
0.9579766988754272,8.941939353942871
0.9388406276702881,8.930899620056152
0.9460469484329224,8.923178672790527
0.9500202536582947,8.917363166809082
0.9492257237434387,8.914423942565918
0.9386717081069946,8.9127197265625
0.9644919633865356,8.910676002502441
0.9428297877311707,8.908041954040527
0.9489195346832275,8.901604652404785
0.9496034979820251,8.895676612854004
0.9405468106269836,8.892897605895996
0.9443758726119995,8.893946647644043
0.9541357159614563,8.891948699951172
0.9446018934249878,8.891284942626953
0.9636006355285645,8.891765594482422
0.9477314949035645,8.891890525817871
0.9537425637245178,8.89146900177002
0.9495793581008911,8.891365051269531
0.9455723762512207,8.898186683654785
0.9322121739387512,8.904498100280762
0.9348324537277222,8.911572456359863
0.9485024809837341,8.921799659729004
0.9533016681671143,8.931984901428223
0.9568701982498169,8.942410469055176
0.9487330317497253,8.952826499938965
0.9464503526687622,8.964930534362793
0.9475887417793274,8.974811553955078
0.963475227355957,8.980834007263184
0.9438539147377014,8.984047889709473
0.947955310344696,8.992076873779297
0.9517350196838379,8.992934226989746
0.9504626393318176,8.996003150939941
0.9563748836517334,8.999627113342285
0.9543793797492981,9.000596046447754
0.9382588863372803,9.002440452575684
0.9459049701690674,9.010355949401855
0.9502731561660767,9.02225399017334
0.9486827850341797,9.028716087341309
0.9387847185134888,9.031485557556152
0.9567620754241943,9.040977478027344
0.95073401927948,9.05451488494873
0.9594711661338806,9.07247543334961
0.9435529708862305,9.087254524230957
0.9483222961425781,9.103710174560547
0.9436568021774292,9.118821144104004
0.9414253830909729,9.128417015075684
0.9619348049163818,9.140029907226562
0.9335364699363708,9.149725914001465
0.949679434299469,9.157910346984863
0.944265604019165,9.168496131896973
0.9521982669830322,9.177962303161621
0.9516324996948242,9.182930946350098
0.9547209739685059,9.190110206604004
0.95814049243927,9.194454193115234
0.9545986652374268,9.199005126953125
0.9519969820976257,9.203900337219238
0.9585979580879211,9.206958770751953
0.9439697861671448,9.211819648742676
0.9539036750793457,9.213974952697754
0.9481096863746643,9.218616485595703
0.9510722160339355,9.22569751739502
0.9569072127342224,9.237560272216797
0.9636664390563965,9.246493339538574
0.9421613216400146,9.256016731262207
0.9421282410621643,9.266234397888184
0.9485749006271362,9.271092414855957
0.9377042055130005,9.267613410949707
0.9407808184623718,9.267143249511719
0.9521357417106628,9.262093544006348
0.957923412322998,9.255265235900879
0.9499104022979736,9.247960090637207
0.9451234936714172,9.241214752197266
0.9501674771308899,9.237259864807129
0.9362515211105347,9.233643531799316
0.9475462436676025,9.229392051696777
0.9554986953735352,9.228014945983887
0.9470467567443848,9.230582237243652
0.9402294158935547,9.22451114654541
0.9358202219009399,9.216383934020996
0.9535161256790161,9.207603454589844
0.9469557404518127,9.1956787109375
0.949338436126709,9.187361717224121
0.9424004554748535,9.18359375
0.9456814527511597,9.176642417907715
0.936325192451477,9.166008949279785
0.9565483927726746,9.159750938415527
0.9471356868743896,9.152337074279785
0.9448100328445435,9.148289680480957
0.94676673412323,9.144073486328125
0.9464722275733948,9.142391204833984
0.9452492594718933,9.13973331451416
0.944604218006134,9.139660835266113
0.9336580634117126,9.137574195861816
0.9524134397506714,9.137378692626953
0.9422637224197388,9.138224601745605
0.953031063079834,9.133988380432129
0.9501416087150574,9.13485336303711
0.9333406686782837,9.133182525634766
0.961660623550415,9.130687713623047
0.9336397647857666,9.129231452941895
0.9480896592140198,9.130093574523926
0.9525175094604492,9.131263732910156
0.9417392611503601,9.138317108154297
0.945927083492279,9.142600059509277
0.9614382386207581,9.150592803955078
0.9488885998725891,9.158539772033691
0.953545093536377,9.16795825958252
0.9379626512527466,9.17469310760498
0.9473909139633179,9.179917335510254
0.9466767311096191,9.183769226074219
0.9556423425674438,9.18900203704834
0.9449024200439453,9.188652992248535
0.9364587664604187,9.187297821044922
0.9563144445419312,9.190873146057129
0.9421347975730896,9.188620567321777
0.9468804597854614,9.189692497253418
0.9462434649467468,9.192765235900879
0.9481195211410522,9.198819160461426
0.9609668254852295,9.205979347229004
0.966198205947876,9.214985847473145
0.9635237455368042,9.222068786621094
0.9469345808029175,9.229521751403809
0.9542776942253113,9.239134788513184
0.9604099988937378,9.248122215270996
0.9590292572975159,9.258952140808105
0.9317266941070557,9.275554656982422
0.9516207575798035,9.28454303741455
0.9534969925880432,9.29343318939209
0.9450666308403015,9.301697731018066
0.9250669479370117,9.308794975280762
0.9515994191169739,9.315829277038574
0.9585796594619751,9.319008827209473
0.9285658001899719,9.320382118225098
0.9642654061317444,9.315680503845215
0.9283697605133057,9.313027381896973
0.9427922368049622,9.311715126037598
0.9623043537139893,9.30659008026123
0.9480032324790955,9.301277160644531
0.9573812484741211,9.301093101501465
0.9386312961578369,9.301039695739746
0.9430492520332336,9.303738594055176
0.9542099237442017,9.307296752929688
0.9388914704322815,9.31101131439209
0.9415329098701477,9.310349464416504
0.9482326507568359,9.309617042541504
0.9250281453132629,9.307540893554688
0.9526710510253906,9.308762550354004
0.9514620900154114,9.309467315673828
0.9363792538642883,9.311308860778809
0.9470428824424744,9.30985164642334
0.9561845064163208,9.303577423095703
0.9463934898376465,9.297333717346191
0.9428404569625854,9.289433479309082
0.9581587314605713,9.28168773651123
0.9433377981185913,9.275150299072266
0.9581929445266724,9.265534400939941
0.9462939500808716,9.262751579284668
0.9501476883888245,9.260148048400879
0.9499528408050537,9.259476661682129
0.9524763226509094,9.254536628723145
0.9558513760566711,9.249076843261719
0.9506663084030151,9.246517181396484
0.9598582983016968,9.236815452575684
0.9460547566413879,9.231057167053223
0.9555470943450928,9.22453784942627
0.9376510977745056,9.216782569885254
0.9297280311584473,9.208245277404785
0.9488359093666077,9.19588851928711
0.9563790559768677,9.188275337219238
0.9450132250785828,9.187056541442871
0.9514869451522827,9.186314582824707
0.9439440965652466,9.185951232910156
0.95060795545578,9.18819522857666
0.9506287574768066,9.188858032226562
0.9384891390800476,9.186973571777344
0.9458823204040527,9.180914878845215
0.9502086639404297,9.175141334533691
0.948275089263916,9.171799659729004
0.9494621157646179,9.167134284973145
0.9542754292488098,9.165383338928223
0.9510889053344727,9.165066719055176
0.9560404419898987,9.163949012756348
0.9538432359695435,9.165377616882324
0.9438310861587524,9.168899536132812
0.9534907341003418,9.168787956237793
0.940163254737854,9.169429779052734
0.9374274015426636,9.167555809020996
0.9539801478385925,9.159981727600098
0.9533981084823608,9.152022361755371
0.9663417935371399,9.14101505279541
0.9540568590164185,9.130967140197754
0.9476566910743713,9.117247581481934
0.9578477144241333,9.102917671203613
0.9370498061180115,9.08814525604248
0.9473362565040588,9.07364273071289
0.9490689039230347,9.060776710510254
0.9411523342132568,9.047724723815918
0.9596173763275146,9.03568172454834
0.9407615661621094,9.023575782775879
0.9631856679916382,9.013319969177246
0.9460680484771729,8.999946594238281
0.942741334438324,8.992023468017578
0.9434421062469482,8.989319801330566
0.9533419013023376,8.986130714416504
0.9470183849334717,8.980324745178223
0.9391114115715027,8.97061538696289
0.9584512114524841,8.96017074584961
0.9342113733291626,8.95096492767334
0.9495126008987427,8.939730644226074
0.9545031785964966,8.925399780273438
0.9436607956886292,8.9114351272583
0.949268639087677,8.895451545715332
0.9446558356285095,8.879063606262207
0.9372990131378174,8.866562843322754
0.9467929005622864,8.861682891845703
0.9511899352073669,8.858214378356934
0.9444488883018494,8.85694408416748
0.9433448314666748,8.854945182800293
0.9570368528366089,8.858611106872559
0.9404526948928833,8.865341186523438
0.9352682828903198,8.873729705810547
0.940316379070282,8.8858642578125
0.9378337860107422,8.897132873535156
0.9585129618644714,8.909134864807129
0.9626594185829163,8.918206214904785
0.9331746101379395,8.924666404724121
0.9336146712303162,8.930970191955566
0.9473011493682861,8.934861183166504
0.9551761150360107,8.942341804504395
0.9415016770362854,8.948742866516113
0.9499087333679199,8.956170082092285
0.9380277991294861,8.963912010192871
0.9572551250457764,8.964664459228516
0.9372698664665222,8.963557243347168
0.9453970789909363,8.96296215057373
0.9524044394493103,8.961577415466309
0.9558805227279663,8.958979606628418
0.9371340870857239,8.955580711364746
0.9417248964309692,8.948040008544922
0.9570118188858032,8.943709373474121
0.9466617703437805,8.941462516784668
0.9554923176765442,8.938677787780762
0.9488990902900696,8.934966087341309
0.9505828022956848,8.934749603271484
0.9412568807601929,8.933724403381348
0.9485068321228027,8.933547973632812
0.9528164863586426,8.935723304748535
0.9560434818267822,8.937544822692871
0.9373559951782227,8.940428733825684
0.9541344046592712,8.944775581359863
0.9545589089393616,8.950085639953613
0.937267005443573,8.954070091247559
0.9313600063323975,8.964057922363281
0.9578133225440979,8.982369422912598
0.9515429735183716,9.002470970153809
0.9566503167152405,9.019661903381348
0.9464207291603088,9.040190696716309
0.9523099660873413,9.060420036315918
0.9408648014068604,9.079185485839844
0.9359257817268372,9.09006118774414
0.950527548789978,9.101807594299316
0.9465691447257996,9.111966133117676
0.9580544233322144,9.125667572021484
0.9456446766853333,9.13914966583252
0.9412420392036438,9.151337623596191
0.9485949277877808,9.164447784423828
0.9479992985725403,9.173393249511719
0.9543149471282959,9.180426597595215
0.9538511037826538,9.185259819030762
0.94398033618927,9.190316200256348
0.9448511600494385,9.187469482421875
0.9553981423377991,9.185192108154297
0.9530510306358337,9.188851356506348
0.9534319639205933,9.192852973937988
0.9509695172309875,9.199485778808594
0.9361541271209717,9.203593254089355
0.9461216330528259,9.206929206848145
0.9437595009803772,9.20737361907959
0.9466640949249268,9.209778785705566
0.9317861199378967,9.209498405456543
0.9414871335029602,9.204598426818848
0.9395560026168823,9.198355674743652
0.9543619155883789,9.192440032958984
0.9554587602615356,9.186514854431152
0.9628552794456482,9.182999610900879
0.9487320184707642,9.179299354553223
0.9495439529418945,9.17056941986084
0.9547531604766846,9.17039966583252
0.9295995831489563,9.172091484069824
0.9454663991928101,9.175796508789062
0.9422149658203125,9.180424690246582
0.9502547383308411,9.182923316955566
0.9310177564620972,9.177107810974121
0.9442132115364075,9.166306495666504
0.9489194750785828,9.1542329788208
0.9630273580551147,9.14413833618164
0.9354335069656372,9.139695167541504
0.9355531334877014,9.136244773864746
0.9384673237800598,9.135436058044434
0.9452002048492432,9.130614280700684
0.9509308934211731,9.125597953796387
0.945296049118042,9.12014102935791
0.9571143984794617,9.11391830444336
0.94634610414505,9.109953880310059
0.9463711977005005,9.104011535644531
0.9342968463897705,9.10280990600586
0.9405208230018616,9.104012489318848
0.9396796226501465,9.105032920837402
0.950421929359436,9.105202674865723
0.9571221470832825,9.10805892944336
0.9451920390129089,9.109210968017578
0.9347902536392212,9.11252498626709
0.9615448117256165,9.113821983337402
0.9584970474243164,9.120488166809082
0.9378043413162231,9.128398895263672
0.9524717330932617,9.12884521484375
0.9371058940887451,9.126221656799316
0.9550489187240601,9.123268127441406
0.9412052631378174,9.121687889099121
0.9494439363479614,9.121247291564941
0.9445009231567383,9.108939170837402
0.9516724348068237,9.102751731872559
0.9479970335960388,9.095718383789062
0.9560702443122864,9.081839561462402
0.9533851146697998,9.06844711303711
0.9496064782142639,9.062617301940918
0.9460168480873108,9.058762550354004
0.9439774751663208,9.055815696716309
0.9513871073722839,9.055140495300293
0.9334169626235962,9.051932334899902
