fidelity,pulse_duration
0.5052509903907776,33.27885437011719
0.5298648476600647,33.27199935913086
0.5466135144233704,33.25467300415039
0.5776930451393127,33.2428092956543
0.6024841666221619,33.23410415649414
0.6083425283432007,33.22475814819336
0.62964928150177,33.21718215942383
0.6447744965553284,33.20930862426758
0.6665130257606506,33.201053619384766
0.6333662867546082,33.19681930541992
0.6809554100036621,33.18739700317383
0.7003089189529419,33.17990493774414
0.6942639946937561,33.17319107055664
0.6903274059295654,33.1641845703125
0.6912712454795837,33.157867431640625
0.7189635038375854,33.14980697631836
0.7183552384376526,33.145320892333984
0.6833102703094482,33.140933990478516
0.7336301207542419,33.139461517333984
0.7047620415687561,33.13580322265625
0.701420247554779,33.1273193359375
0.7432961463928223,33.11891174316406
0.7432975769042969,33.107791900634766
0.7440903782844543,33.096988677978516
0.7513842582702637,33.08834457397461
0.7704541683197021,33.07991409301758
0.757683515548706,33.07516098022461
0.8010244965553284,33.06455993652344
0.7662978172302246,33.05562210083008
0.7956930994987488,33.04771423339844
0.7748953700065613,33.039546966552734
0.768342137336731,33.03704833984375
0.791010856628418,33.03525161743164
0.7953373193740845,33.03726577758789
0.7877799272537231,33.039310455322266
0.8043019771575928,33.04347229003906
0.7968127727508545,33.047603607177734
0.7963506579399109,33.0524787902832
0.8021084666252136,33.05960464477539
0.7868662476539612,33.064483642578125
0.8162823915481567,33.066585540771484
0.8034479022026062,33.06973648071289
0.8055217266082764,33.0711669921875
0.8048362731933594,33.069522857666016
0.81954026222229,33.06930923461914
0.8239234685897827,33.0662956237793
0.8188940286636353,33.059879302978516
0.8419026136398315,33.052852630615234
0.8279104232788086,33.04609298706055
0.8471453189849854,33.04331970214844
0.843484103679657,33.045867919921875
0.8367083072662354,33.04752731323242
0.8455265164375305,33.04701232910156
0.8447924852371216,33.045013427734375
0.8288204669952393,33.04356384277344
0.8585618734359741,33.04043960571289
0.8213495016098022,33.036624908447266
0.8395928144454956,33.030399322509766
0.8366050124168396,33.026241302490234
0.8390780687332153,33.02023696899414
0.8271509408950806,33.01545715332031
0.8293157815933228,33.00893783569336
0.8586142659187317,33.00309753417969
0.8371636867523193,32.99777603149414
0.8544331192970276,32.99666976928711
0.8470163941383362,32.99648666381836
0.8579735159873962,32.999969482421875
0.8483479022979736,33.0053825378418
0.8414546251296997,33.00837326049805
0.8518086671829224,33.01553726196289
0.8665956854820251,33.01559829711914
0.8447014093399048,33.01381301879883
0.8587781190872192,33.01124954223633
0.8600179553031921,33.00875473022461
0.8517293930053711,33.004581451416016
0.8668602705001831,32.99599838256836
0.8478659987449646,32.98781967163086
0.8340787887573242,32.980220794677734
0.8438326716423035,32.97829818725586
0.8798866271972656,32.97664260864258
0.8649827837944031,32.973419189453125
0.8532942533493042,32.97286605834961
0.8663995265960693,32.97462844848633
0.8632361888885498,32.97332763671875
0.8453612923622131,32.97146224975586
0.8722330927848816,32.97222900390625
0.8537998795509338,32.97189712524414
0.8699746131896973,32.970394134521484
0.8754475712776184,32.97085952758789
0.8452558517456055,32.97249984741211
0.8395853638648987,32.9688720703125
0.8579968214035034,32.968257904052734
0.8547308444976807,32.962554931640625
0.8557783365249634,32.96088790893555
0.8602869510650635,32.96140670776367
0.8479700684547424,32.959964752197266
0.8547400236129761,32.95756149291992
0.8525170087814331,32.95960998535156
0.85800701379776,32.96101760864258
0.8603711128234863,32.95779800415039
0.8636461496353149,32.95780944824219
0.8658271431922913,32.955875396728516
0.8703831434249878,32.95559310913086
0.8569813966751099,32.955440521240234
0.8617745637893677,32.95249557495117
0.8706067800521851,32.94827651977539
0.8618282675743103,32.94635009765625
0.8538771867752075,32.9455451965332
0.8712055087089539,32.94424819946289
0.8708946704864502,32.9451904296875
0.858671247959137,32.942779541015625
0.8588446974754333,32.93882751464844
0.8467204570770264,32.93717575073242
0.8552307486534119,32.932132720947266
0.8731160759925842,32.933624267578125
0.8643295764923096,32.9365348815918
0.8771997690200806,32.94407272338867
0.8494418859481812,32.952999114990234
0.8477129340171814,32.96064376831055
0.8626497983932495,32.96744918823242
0.8429442048072815,32.96977615356445
0.8513191342353821,32.97102737426758
0.8880379796028137,32.972537994384766
0.8815845251083374,32.97196960449219
0.8641899228096008,32.971527099609375
0.8612505793571472,32.96940231323242
0.8571011424064636,32.97053527832031
0.8329790234565735,32.973690032958984
0.8653597235679626,32.977603912353516
0.8665556311607361,32.98422622680664
0.8559295535087585,32.992794036865234
0.8634805083274841,33.003108978271484
0.8679457306861877,33.01335144042969
0.8756487369537354,33.0253791809082
0.87361079454422,33.035797119140625
0.8798733949661255,33.047725677490234
0.8540950417518616,33.062347412109375
0.8864800930023193,33.077701568603516
0.8910653591156006,33.09410095214844
0.8424632549285889,33.11227035522461
0.8790920972824097,33.12917709350586
0.8670837879180908,33.145172119140625
0.8615680932998657,33.16249084472656
0.8441489934921265,33.17770004272461
0.8629075288772583,33.189666748046875
0.8526512980461121,33.20003890991211
0.8864545226097107,33.205387115478516
0.8504445552825928,33.214874267578125
0.8821151256561279,33.2248649597168
0.8651430606842041,33.233341217041016
0.8675050735473633,33.24345779418945
0.8511219024658203,33.253631591796875
0.8505541086196899,33.26528549194336
0.8591076731681824,33.27803039550781
0.874606192111969,33.288326263427734
0.873302161693573,33.291385650634766
0.874585747718811,33.294219970703125
0.8761458992958069,33.29195022583008
0.8584176898002625,33.29043197631836
0.8577362298965454,33.29001235961914
0.8684555888175964,33.29085922241211
0.8776067495346069,33.290679931640625
0.9008615016937256,33.28611373901367
0.8894602656364441,33.278324127197266
0.8653338551521301,33.267208099365234
0.8757677674293518,33.25223159790039
0.8972352743148804,33.239654541015625
0.862973690032959,33.22969436645508
0.8679253458976746,33.22328186035156
0.8701838254928589,33.21746826171875
0.8530473709106445,33.21205139160156
0.8642191290855408,33.20846176147461
0.8809800744056702,33.210445404052734
0.8561749458312988,33.213565826416016
0.8243343830108643,33.21677017211914
0.8739849328994751,33.219783782958984
0.8579197525978088,33.22214126586914
0.8702844977378845,33.22134017944336
0.881065845489502,33.223453521728516
0.8661926984786987,33.224151611328125
0.8480606079101562,33.22622299194336
0.8874286413192749,33.23208999633789
0.8543341755867004,33.236541748046875
0.8637996912002563,33.24013900756836
0.8537880778312683,33.241092681884766
0.862259030342102,33.23720932006836
0.8911087512969971,33.23150634765625
0.8743422627449036,33.2295036315918
0.8554169535636902,33.22366714477539
0.8692370653152466,33.21988296508789
0.8693529963493347,33.218929290771484
0.8587662577629089,33.21516799926758
0.8639020919799805,33.21249008178711
0.8822683095932007,33.21275329589844
0.8780468106269836,33.211639404296875
0.8764020204544067,33.210384368896484
0.8603528738021851,33.20888900756836
0.863714337348938,33.20938491821289
0.8800232410430908,33.211360931396484
0.8790156841278076,33.214290618896484
0.8563001751899719,33.212284088134766
0.8797994256019592,33.21010208129883
0.8686121106147766,33.205997467041016
0.8607245683670044,33.19894790649414
0.8713248372077942,33.192138671875
0.8891533613204956,33.189273834228516
0.8712185025215149,33.18344497680664
0.8507705926895142,33.175048828125
0.864501953125,33.165557861328125
0.8798670172691345,33.15853500366211
0.8761715888977051,33.15748596191406
0.8696900606155396,33.16033935546875
0.8691993355751038,33.16623306274414
0.8783873319625854,33.17146682739258
0.8983604907989502,33.1757698059082
0.8766606450080872,33.181671142578125
0.8893852233886719,33.18838119506836
0.8667333126068115,33.1944580078125
0.8872593641281128,33.19793701171875
0.8692264556884766,33.2044677734375
0.88507080078125,33.20986557006836
0.8739393949508667,33.21484375
0.8611853718757629,33.21937561035156
0.8727417588233948,33.22652053833008
0.8681914210319519,33.23212814331055
0.874006986618042,33.23349380493164
0.8726906776428223,33.23847961425781
0.8647205233573914,33.244136810302734
0.853663980960846,33.2510871887207
0.8505268096923828,33.259159088134766
0.8630267977714539,33.26292419433594
0.8709676265716553,33.26528549194336
0.870420515537262,33.26743698120117
0.8897352814674377,33.267215728759766
0.8737224340438843,33.26502990722656
0.8598476648330688,33.263301849365234
0.8557878732681274,33.27012634277344
0.8553506135940552,33.28194808959961
0.8858754634857178,33.291656494140625
0.8565192222595215,33.3062629699707
0.8734707832336426,33.32027816772461
0.893473207950592,33.339778900146484
0.8769842982292175,33.357051849365234
0.8650109171867371,33.37173080444336
0.8738352060317993,33.38665771484375
0.8755742907524109,33.39796447753906
0.8522108197212219,33.409786224365234
0.8744609355926514,33.4147834777832
0.8912798166275024,33.42366409301758
0.8732873201370239,33.43010330200195
0.8678457736968994,33.4356803894043
0.8683918118476868,33.440677642822266
0.8716933131217957,33.44541549682617
0.8663418889045715,33.44729232788086
0.8844009637832642,33.44887161254883
0.8953227996826172,33.45134353637695
0.8625574707984924,33.45979690551758
0.8654381632804871,33.46955871582031
0.8585848212242126,33.47434616088867
0.8875152468681335,33.480133056640625
0.8879282474517822,33.480403900146484
0.8867238759994507,33.48630905151367
0.8771048784255981,33.4915657043457
0.8879561424255371,33.50230407714844
0.8609523773193359,33.517425537109375
0.8573075532913208,33.53318405151367
0.8546442985534668,33.54225540161133
0.8650712966918945,33.549076080322266
0.8616421222686768,33.550960540771484
0.8785251975059509,33.55446243286133
0.8681938648223877,33.559505462646484
0.8826876878738403,33.55734634399414
0.8725293278694153,33.55495834350586
0.8647873997688293,33.55546951293945
0.8974741697311401,33.55672073364258
0.8803282380104065,33.56669235229492
0.8863064050674438,33.581790924072266
0.889533519744873,33.59798812866211
0.8775447607040405,33.61544418334961
0.8759096264839172,33.62972640991211
0.8796753883361816,33.63880920410156
0.8795508742332458,33.64304733276367
0.8634523153305054,33.64712142944336
0.859194278717041,33.65120315551758
0.863304615020752,33.65943908691406
0.8760088086128235,33.66572952270508
0.8774946928024292,33.6695442199707
0.8781241178512573,33.67435836791992
0.8866344690322876,33.67767333984375
0.8908320069313049,33.68116760253906
0.8822457194328308,33.6885986328125
0.8964338302612305,33.69662857055664
0.8873556852340698,33.70492935180664
0.8746057152748108,33.70991897583008
0.8689368963241577,33.716739654541016
0.8827623128890991,33.72417068481445
0.8846989274024963,33.73504638671875
0.8683233261108398,33.74311447143555
0.8774101138114929,33.7536735534668
0.8800538778305054,33.7640380859375
0.8491357564926147,33.7691764831543
0.8576931953430176,33.768367767333984
0.8776383996009827,33.766361236572266
0.904796838760376,33.76182556152344
0.8742048740386963,33.7586555480957
0.9074717164039612,33.75804138183594
0.8794959187507629,33.757694244384766
0.8765954971313477,33.75790023803711
0.8907963037490845,33.75825119018555
0.8577300906181335,33.762969970703125
0.8727487325668335,33.765987396240234
0.870111882686615,33.767337799072266
0.8831267356872559,33.76974868774414
0.8990250825881958,33.768463134765625
0.8650191426277161,33.76821517944336
0.8796176314353943,33.766292572021484
0.8881028294563293,33.76747131347656
0.882952094078064,33.77238464355469
0.8885957598686218,33.775821685791016
0.8927648067474365,33.783939361572266
0.8582403063774109,33.79170608520508
0.8760294914245605,33.79718017578125
0.8769901394844055,33.80007553100586
0.8814560770988464,33.798336029052734
0.8844205141067505,33.79525375366211
0.9037004709243774,33.79336166381836
0.8632791042327881,33.79196548461914
0.8870037198066711,33.79653549194336
0.8801084160804749,33.79664993286133
0.879243791103363,33.794063568115234
0.8679168820381165,33.78936767578125
0.8725342154502869,33.78045654296875
0.8763923048973083,33.76645278930664
0.86516273021698,33.755367279052734
0.8964471817016602,33.74641799926758
0.8993657827377319,33.741146087646484
0.8639445900917053,33.734649658203125
0.8618416786193848,33.72796630859375
0.8689498901367188,33.721073150634766
0.8874958157539368,33.72148132324219
0.8804312348365784,33.71870422363281
0.8757685422897339,33.71305847167969
0.8777586817741394,33.70509338378906
0.8651798367500305,33.69563674926758
0.8697811365127563,33.68603515625
0.892829418182373,33.67811965942383
0.872560977935791,33.67348098754883
0.8734071850776672,33.67232894897461
0.8736172914505005,33.67022705078125
0.8635779619216919,33.67218017578125
0.8653970956802368,33.67435836791992
0.883729100227356,33.679630279541016
0.8749122619628906,33.68024826049805
0.8670769333839417,33.68145751953125
0.8840701580047607,33.67684555053711
0.8614555597305298,33.676753997802734
0.8943806290626526,33.68302536010742
0.8775653839111328,33.68711471557617
0.8775595426559448,33.69242858886719
0.8940108418464661,33.698123931884766
0.8728817701339722,33.69668197631836
0.8967447876930237,33.68844985961914
0.8832494616508484,33.67945861816406
0.9121136665344238,33.668766021728516
0.8962022066116333,33.65858459472656
0.8795984983444214,33.643733978271484
0.8711108565330505,33.62827682495117
0.8872243165969849,33.61766052246094
0.8723356127738953,33.604122161865234
0.8883234858512878,33.59477615356445
0.8980371952056885,33.583560943603516
0.8822603225708008,33.5761604309082
0.904352068901062,33.568302154541016
0.8916206359863281,33.56510543823242
0.8748044967651367,33.56502151489258
0.8920420408248901,33.56729507446289
0.867803692817688,33.56467819213867
0.8833222985267639,33.56105041503906
0.8672285079956055,33.55807876586914
0.883188009262085,33.55987548828125
0.8812830448150635,33.557308197021484
0.8731551766395569,33.56386184692383
0.8707324266433716,33.566654205322266
0.8796017169952393,33.57321548461914
0.8917930722236633,33.5752067565918
0.8774030208587646,33.577850341796875
0.8940448760986328,33.57961654663086
0.8864292502403259,33.5792350769043
0.8791497945785522,33.57986831665039
0.8998739123344421,33.5789680480957
0.8851944208145142,33.57155990600586
0.8942091464996338,33.562381744384766
0.8850327134132385,33.55266189575195
0.9072133898735046,33.54559326171875
0.892440915107727,33.54354476928711
0.888883113861084,33.546260833740234
0.8792014122009277,33.54823303222656
0.8697436451911926,33.55154800415039
0.8663201928138733,33.55148696899414
0.9056409597396851,33.5543098449707
0.9038361310958862,33.5576171875
0.895388662815094,33.56345748901367
0.8996185660362244,33.56608963012695
0.8978531360626221,33.56691360473633
0.8984360098838806,33.572025299072266
0.8810571432113647,33.57552719116211
0.9087450504302979,33.57595443725586
0.8875444531440735,33.57296371459961
0.9042967557907104,33.57162094116211
0.8824994564056396,33.569091796875
0.8880723714828491,33.56454849243164
0.8862344622612,33.557430267333984
0.8831385970115662,33.54988479614258
0.8922074437141418,33.538578033447266
0.8929572701454163,33.527034759521484
0.8912608623504639,33.5154914855957
0.8724675178527832,33.496612548828125
0.9011656641960144,33.47149658203125
0.9070899486541748,33.44920349121094
0.9048399925231934,33.43317794799805
0.8758671879768372,33.420162200927734
0.8946239352226257,33.4117546081543
0.8962594866752625,33.40036392211914
0.884864091873169,33.39267349243164
0.8524293899536133,33.38259506225586
0.8872873783111572,33.37705612182617
0.875816822052002,33.3717155456543
0.8897914886474609,33.371246337890625
0.8912096619606018,33.375301361083984
0.8855698108673096,33.37356185913086
0.8854501843452454,33.37056350708008
0.9025120139122009,33.36598587036133
0.8815488219261169,33.35995101928711
0.904727578163147,33.354129791259766
0.9057368040084839,33.34975814819336
0.8775255680084229,33.34306335449219
0.8658709526062012,33.342708587646484
0.8976322412490845,33.34128189086914
0.8877121210098267,33.33664321899414
0.8838290572166443,33.329586029052734
0.9028913974761963,33.324649810791016
0.8799691200256348,33.31845474243164
0.9019454717636108,33.31112289428711
0.8950701951980591,33.304691314697266
0.890034556388855,33.29619216918945
0.9036785960197449,33.2903938293457
0.8739979267120361,33.28252029418945
0.9008076786994934,33.2711181640625
0.8729883432388306,33.26185989379883
0.8888802528381348,33.25541687011719
0.8774162530899048,33.25822067260742
0.8739603757858276,33.25262451171875
0.887447714805603,33.24983215332031
0.8936545848846436,33.247806549072266
0.8663254976272583,33.245975494384766
0.8906664848327637,33.24321365356445
0.8905767202377319,33.24421310424805
0.9019222259521484,33.25239181518555
0.875874936580658,33.26251220703125
0.8787196278572083,33.274539947509766
0.8945323824882507,33.2831916809082
0.9010431170463562,33.2935791015625
0.8942893147468567,33.29795837402344
0.8917140960693359,33.31193923950195
0.9167428612709045,33.33094787597656
0.8849157691001892,33.34383773803711
0.8918001651763916,33.351985931396484
0.8895688056945801,33.359066009521484
0.9024355411529541,33.36371994018555
0.8826508522033691,33.36948776245117
0.8829025030136108,33.3730583190918
0.88316410779953,33.37032699584961
0.8984591960906982,33.3638916015625
0.8986576199531555,33.35659408569336
0.8678369522094727,33.35074234008789
0.9021016359329224,33.34193420410156
0.8875579833984375,33.33421325683594
0.8952648639678955,33.33173751831055
0.8799659013748169,33.325740814208984
0.8792318105697632,33.32563781738281
0.8953979015350342,33.32481002807617
0.901123046875,33.3250732421875
0.8910413980484009,33.3255729675293
0.8921099901199341,33.330997467041016
0.8986126184463501,33.337127685546875
0.8557665944099426,33.33945083618164
0.892332911491394,33.33219528198242
0.8888684511184692,33.326656341552734
0.8940271139144897,33.32419204711914
0.8904786109924316,33.321224212646484
0.8982682824134827,33.31747055053711
0.8865384459495544,33.309417724609375
0.899034321308136,33.30289077758789
0.9024757146835327,33.2988395690918
0.8654895424842834,33.29086685180664
0.9055992364883423,33.27762985229492
0.9115256071090698,33.26506423950195
0.8965898752212524,33.253662109375
0.8861111402511597,33.24374771118164
0.8851382732391357,33.23902893066406
0.8857771158218384,33.23489761352539
0.8939598798751831,33.226444244384766
0.8828297853469849,33.21835708618164
0.8861162066459656,33.211490631103516
0.8974976539611816,33.208370208740234
0.881271243095398,33.20270919799805
0.9012778401374817,33.19321823120117
0.9123399257659912,33.18153762817383
0.8831822872161865,33.16501235961914
0.8823868632316589,33.15335464477539
0.9041059613227844,33.14237594604492
0.8911104798316956,33.13437271118164
0.8936630487442017,33.13204574584961
0.8883081674575806,33.12771224975586
0.8967067003250122,33.12513732910156
0.9023527503013611,33.12448501586914
0.89784175157547,33.130985260009766
0.8996819257736206,33.134456634521484
0.9039113521575928,33.13692855834961
0.8918159008026123,33.135318756103516
0.876176118850708,33.136043548583984
0.8775886297225952,33.13681411743164
0.8897067904472351,33.138031005859375
0.899238109588623,33.13990783691406
0.8778140544891357,33.14157485961914
0.9015538096427917,33.139827728271484
0.9050083756446838,33.136627197265625
0.901761531829834,33.12932205200195
0.9069786071777344,33.11981201171875
0.8876067996025085,33.11220932006836
0.8987899422645569,33.110286712646484
0.9052151441574097,33.1099853515625
0.905498206615448,33.11506271362305
0.8899866938591003,33.11943435668945
0.9038498401641846,33.122066497802734
0.896763026714325,33.1243782043457
0.8854389190673828,33.126220703125
0.893362283706665,33.12514877319336
0.8853825926780701,33.123294830322266
0.8922833204269409,33.126766204833984
0.8785300850868225,33.13310623168945
0.8977833390235901,33.14802169799805
0.8672028183937073,33.16623306274414
0.8805080652236938,33.17782974243164
0.8951393961906433,33.182525634765625
0.8956018090248108,33.18716049194336
0.8806523084640503,33.18985366821289
0.9144965410232544,33.19672775268555
0.8656436800956726,33.20306396484375
0.8792173266410828,33.20731735229492
0.9009392857551575,33.21358871459961
0.8952271342277527,33.22232437133789
0.872917652130127,33.22932815551758
0.9001466035842896,33.23384475708008
0.8997114300727844,33.2312126159668
0.8874650597572327,33.22615432739258
0.9127920269966125,33.2182731628418
0.8815135955810547,33.2121467590332
0.8927673101425171,33.203216552734375
0.8954358696937561,33.196990966796875
0.9101341962814331,33.189334869384766
0.8893694281578064,33.18775939941406
0.8870207667350769,33.18572998046875
0.8935016393661499,33.18757629394531
0.881713330745697,33.18739318847656
0.8875653743743896,33.18205642700195
0.8928810358047485,33.170780181884766
0.8957669734954834,33.16738510131836
0.9020261764526367,33.158199310302734
0.8828749060630798,33.15139389038086
0.9102053642272949,33.14632797241211
0.9052889347076416,33.14505386352539
0.894157350063324,33.14067077636719
0.9238677620887756,33.13522720336914
0.8941735029220581,33.13606643676758
0.8838657736778259,33.131195068359375
0.8977296948432922,33.12845230102539
0.8902957439422607,33.11916732788086
0.9072984457015991,33.10690689086914
0.8803843259811401,33.0969123840332
0.8986145257949829,33.08572006225586
0.9053947925567627,33.07737350463867
0.8807743787765503,33.071048736572266
0.9092058539390564,33.06193161010742
0.8888156414031982,33.0533561706543
0.8791745901107788,33.054744720458984
0.8959912061691284,33.0565185546875
0.9174112677574158,33.06129455566406
0.887570321559906,33.06059265136719
0.8931618332862854,33.05898666381836
0.9192294478416443,33.059566497802734
0.8815721273422241,33.063411712646484
0.9072133302688599,33.063873291015625
0.8974626064300537,33.06351089477539
0.8908824324607849,33.0618896484375
0.896905243396759,33.06019592285156
0.8775063157081604,33.056331634521484
0.8978965282440186,33.04681396484375
0.888496994972229,33.0363883972168
0.9064918160438538,33.02598571777344
0.9116932153701782,33.014713287353516
0.8911713361740112,33.00626754760742
0.9016547203063965,32.99850845336914
0.9034026265144348,32.983211517333984
0.9009692072868347,32.967315673828125
0.8871442079544067,32.94632339477539
0.9064861536026001,32.92924499511719
0.8940136432647705,32.9152946472168
0.8865513205528259,32.898624420166016
0.9024437069892883,32.88491439819336
0.891177773475647,32.86550521850586
0.8906248807907104,32.846954345703125
0.889357328414917,32.83127212524414
0.8841572999954224,32.81964111328125
0.9107410311698914,32.80266189575195
0.9103896021842957,32.78371810913086
0.9096759557723999,32.770809173583984
0.8919395208358765,32.755069732666016
0.8880429267883301,32.73536682128906
0.8916056156158447,32.71943283081055
0.8986012935638428,32.70506286621094
0.8912872672080994,32.690792083740234
0.915329098701477,32.667510986328125
0.8904337882995605,32.64212417602539
0.8827000260353088,32.609195709228516
0.8827236890792847,32.585845947265625
0.9099758863449097,32.5662956237793
0.9142619967460632,32.5452880859375
0.8996663093566895,32.52848434448242
0.882628321647644,32.508209228515625
0.902710497379303,32.48422622680664
0.8883533477783203,32.46290969848633
0.8956212997436523,32.44566345214844
0.9039446711540222,32.42763900756836
0.9058961868286133,32.407283782958984
0.8906099200248718,32.38773727416992
0.8813647627830505,32.361568450927734
0.9122543334960938,32.34066390991211
0.8895581960678101,32.33028793334961
0.8812427520751953,32.3150520324707
0.8627347350120544,32.30027770996094
0.8937788605690002,32.29217529296875
0.9059447646141052,32.28410720825195
0.9116787910461426,32.28178787231445
0.908331036567688,32.27976989746094
0.8972318172454834,32.2769660949707
0.886184811592102,32.2763557434082
0.9077107906341553,32.27713394165039
0.8878138065338135,32.27763748168945
0.8986461758613586,32.276920318603516
0.9044414162635803,32.27969741821289
0.884061336517334,32.283260345458984
0.8720347881317139,32.27939987182617
0.9190813302993774,32.27615737915039
0.9145837426185608,32.270816802978516
0.9074516296386719,32.26583480834961
0.9125539064407349,32.26315689086914
0.8922988176345825,32.25889587402344
0.9067559242248535,32.25343322753906
0.8972771763801575,32.250431060791016
0.8929497003555298,32.249271392822266
0.9133619666099548,32.25004577636719
0.9098531603813171,32.24833679199219
0.9061238765716553,32.24191665649414
0.8757644891738892,32.234466552734375
0.9112675189971924,32.22513198852539
0.9001196622848511,32.213069915771484
0.9127406477928162,32.199527740478516
0.8856236934661865,32.18923568725586
0.9043514132499695,32.17982864379883
0.9010559320449829,32.16836166381836
0.9047577977180481,32.15553283691406
0.8817463517189026,32.139888763427734
0.8916829228401184,32.132503509521484
0.9048402309417725,32.117977142333984
0.9013909101486206,32.10248947143555
0.878270149230957,32.088382720947266
0.902697741985321,32.071590423583984
0.9017360210418701,32.053955078125
0.8967907428741455,32.036746978759766
0.8807269334793091,32.020450592041016
0.8998640775680542,32.010372161865234
0.8968196511268616,32.006107330322266
0.8748313784599304,32.003475189208984
0.8880165815353394,32.00027084350586
0.9002233743667603,32.002197265625
0.8838464617729187,32.003910064697266
0.894917905330658,31.996747970581055
0.9031057357788086,31.987791061401367
0.9025722742080688,31.983335494995117
0.9108787775039673,31.980073928833008
0.8733876347541809,31.975130081176758
0.9002262353897095,31.971342086791992
0.8936423659324646,31.97352409362793
0.9074885249137878,31.973312377929688
0.9151087999343872,31.979524612426758
0.8886599540710449,31.99146842956543
0.9016595482826233,32.009273529052734
0.900191068649292,32.033447265625
0.9087221622467041,32.05917739868164
0.9034422636032104,32.07914352416992
0.9028181433677673,32.0900764465332
0.9051690101623535,32.101192474365234
0.8988146185874939,32.116424560546875
0.8909980058670044,32.12819290161133
0.8964765071868896,32.13694763183594
0.8803293704986572,32.14828872680664
0.8703969120979309,32.15727233886719
0.8936386704444885,32.15840530395508
0.8981689214706421,32.159244537353516
0.9085615873336792,32.158206939697266
0.9051638245582581,32.15769958496094
0.8984962701797485,32.15886306762695
0.882908284664154,32.15848159790039
0.8870932459831238,32.1630859375
0.9117476344108582,32.16104507446289
0.889553427696228,32.1607780456543
0.8862780928611755,32.16107177734375
0.9029816389083862,32.164127349853516
0.8755602240562439,32.172115325927734
0.8871709108352661,32.17409133911133
0.9113069176673889,32.17831039428711
0.8945969343185425,32.185054779052734
0.8973689675331116,32.19679641723633
0.8946409225463867,32.21351623535156
0.8881002068519592,32.230953216552734
0.9011719226837158,32.24302673339844
0.9056282043457031,32.251338958740234
0.9104220271110535,32.258392333984375
0.895226240158081,32.26572799682617
0.8910021781921387,32.27301025390625
0.8822916150093079,32.27958297729492
0.8935481309890747,32.28647232055664
0.9096580743789673,32.29117202758789
0.8822193145751953,32.29708480834961
0.8914539813995361,32.301700592041016
0.9010594487190247,32.30746841430664
0.8771719336509705,32.31449508666992
0.8890714645385742,32.31696701049805
0.8814764618873596,32.32028579711914
0.8965996503829956,32.320987701416016
0.9023537039756775,32.325626373291016
0.8900825381278992,32.33169174194336
0.8953233957290649,32.3320426940918
0.8912586569786072,32.3294677734375
0.8939143419265747,32.32728958129883
0.886896014213562,32.327362060546875
0.8974792957305908,32.32917404174805
0.9095142483711243,32.336578369140625
0.9006432294845581,32.345035552978516
0.9011211395263672,32.353511810302734
0.896458089351654,32.362674713134766
0.88951575756073,32.365142822265625
0.9042277932167053,32.36769104003906
0.8915812969207764,32.36961364746094
0.9164623022079468,32.37247848510742
0.8895126581192017,32.37173843383789
0.8993518948554993,32.368587493896484
0.8943320512771606,32.36813735961914
0.9010729193687439,32.362606048583984
0.8944482207298279,32.35549545288086
0.8785951137542725,32.348018646240234
0.8892486691474915,32.34585952758789
0.8941665291786194,32.34169006347656
0.901860237121582,32.337520599365234
0.9237879514694214,32.32987976074219
0.9179455041885376,32.321224212646484
0.8984362483024597,32.31984329223633
0.902809202671051,32.32137680053711
0.9020131230354309,32.32133483886719
0.894137978553772,32.32211685180664
0.8944922685623169,32.32538986206055
0.9140839576721191,32.321163177490234
0.887586236000061,32.32130813598633
0.9011316299438477,32.325138092041016
0.9082521200180054,32.32760238647461
0.9038277864456177,32.32719802856445
0.9080103039741516,32.31874465942383
0.8829924464225769,32.310489654541016
0.8930585384368896,32.3053092956543
0.8828568458557129,32.3006706237793
0.9033628106117249,32.298614501953125
0.9021434783935547,32.29885482788086
0.8956335186958313,32.29753494262695
0.8972229361534119,32.2979850769043
0.8867484927177429,32.29611587524414
0.9055941700935364,32.29765319824219
0.8980234861373901,32.299747467041016
0.8874402642250061,32.29879379272461
0.8962804675102234,32.29380798339844
0.891431450843811,32.29057693481445
0.8911392688751221,32.28714370727539
0.8807224631309509,32.2872428894043
0.8843710422515869,32.291378021240234
0.8954556584358215,32.293216705322266
0.9141215085983276,32.29011535644531
0.9022810459136963,32.29071044921875
0.8868371248245239,32.29501724243164
0.9054224491119385,32.295597076416016
0.8728264570236206,32.29779052734375
0.9090408682823181,32.297977447509766
0.8736525774002075,32.295135498046875
0.9105708599090576,32.292476654052734
0.8960279226303101,32.293121337890625
0.9073896408081055,32.292083740234375
0.8769289255142212,32.296077728271484
0.8938616514205933,32.297664642333984
0.8900508284568787,32.308536529541016
0.9058346748352051,32.316898345947266
0.9236645698547363,32.31850814819336
0.902619481086731,32.31807327270508
0.9064434170722961,32.316158294677734
0.8980661034584045,32.315067291259766
0.9009507894515991,32.30927658081055
0.8990002870559692,32.30239486694336
0.8987394571304321,32.294124603271484
0.9036931395530701,32.2844352722168
0.8960596323013306,32.2712287902832
0.89716637134552,32.25407028198242
0.8844049572944641,32.245975494384766
0.9013240337371826,32.238826751708984
0.8941545486450195,32.236637115478516
0.8832160234451294,32.238162994384766
0.9122437834739685,32.24160385131836
0.9053094387054443,32.247676849365234
0.8993707299232483,32.255802154541016
0.8840423822402954,32.265045166015625
0.9192206263542175,32.26716995239258
0.8762378692626953,32.2711067199707
0.8887704610824585,32.26902770996094
0.898786723613739,32.26084899902344
0.8986186385154724,32.25180435180664
0.9096285104751587,32.248138427734375
0.8925477266311646,32.24564743041992
0.9069978594779968,32.241302490234375
0.9132327437400818,32.238006591796875
0.8817692995071411,32.23141098022461
0.9206288456916809,32.21883010864258
0.9005196690559387,32.209415435791016
0.9128649234771729,32.19418716430664
0.90902179479599,32.1770133972168
0.9051211476325989,32.16035842895508
0.8911081552505493,32.144344329833984
0.8897942304611206,32.13168716430664
0.8799368143081665,32.126708984375
0.8971872329711914,32.11673355102539
0.9012898206710815,32.102783203125
0.9137382507324219,32.090457916259766
0.9074293971061707,32.08546829223633
0.8907749652862549,32.08218002319336
0.9004732370376587,32.085994720458984
0.9011885523796082,32.085269927978516
0.8907691240310669,32.087032318115234
0.891620397567749,32.09225082397461
0.9071593284606934,32.09915542602539
0.8973065614700317,32.10524368286133
0.8922533392906189,32.11098861694336
0.9047101140022278,32.12356185913086
0.9087512493133545,32.134952545166016
0.8801345229148865,32.14436721801758
0.9317823648452759,32.15440368652344
0.896160364151001,32.16128921508789
0.8893274068832397,32.16763687133789
0.884034276008606,32.16988754272461
0.9089981913566589,32.169158935546875
0.8801812529563904,32.16104507446289
0.8866245746612549,32.15687561035156
0.9155129194259644,32.155582427978516
0.8952767848968506,32.15306091308594
0.9208760261535645,32.151397705078125
0.8891379237174988,32.15529251098633
0.8988866806030273,32.15291976928711
0.8932363986968994,32.146484375
0.8975988030433655,32.13466262817383
0.8872259855270386,32.12911605834961
0.9197968244552612,32.1248893737793
0.8888026475906372,32.12255859375
0.9035852551460266,32.123836517333984
0.893069863319397,32.12386703491211
0.8899638652801514,32.121761322021484
0.9264601469039917,32.13081359863281
0.9107750058174133,32.14212417602539
0.9069322943687439,32.14815902709961
0.8899621367454529,32.15768051147461
0.8977459073066711,32.158992767333984
0.9099596738815308,32.162967681884766
0.8813214302062988,32.16489028930664
0.8867427110671997,32.16647720336914
0.9044734239578247,32.173282623291016
0.9206702709197998,32.17741012573242
0.9025525450706482,32.18093490600586
0.9125357270240784,32.180572509765625
0.8860366940498352,32.17758560180664
0.8986952304840088,32.17315673828125
0.9161315560340881,32.16305923461914
0.8993273377418518,32.150020599365234
0.9046353697776794,32.14083480834961
0.8928364515304565,32.130767822265625
0.8853673338890076,32.11973190307617
0.8894304633140564,32.104312896728516
0.8964437246322632,32.090023040771484
0.8922588229179382,32.07709884643555
0.8893435001373291,32.06877136230469
0.8965007662773132,32.0663948059082
0.9071565270423889,32.07028579711914
0.9008834958076477,32.077144622802734
0.915113091468811,32.0871696472168
0.9014114141464233,32.095245361328125
0.9063050746917725,32.094974517822266
0.9074292182922363,32.09688949584961
0.8924373388290405,32.091556549072266
0.8993663191795349,32.08707809448242
0.8994080424308777,32.07997512817383
0.8772156834602356,32.07479476928711
0.9091479778289795,32.07749557495117
0.9153355360031128,32.082096099853516
0.925609827041626,32.082149505615234
0.8896700739860535,32.07693862915039
0.8945522308349609,32.07259750366211
0.8913947939872742,32.068790435791016
0.8669176697731018,32.06795883178711
0.9006799459457397,32.06466293334961
0.9020431041717529,32.06363296508789
0.9010173082351685,32.05828857421875
0.9078124761581421,32.05703353881836
0.912237286567688,32.05803298950195
0.8985558748245239,32.05960464477539
0.9062140583992004,32.0614128112793
0.9112270474433899,32.06001663208008
0.9025173783302307,32.06497573852539
0.9015600681304932,32.063411712646484
0.905758261680603,32.062129974365234
0.9073039293289185,32.057071685791016
0.8724875450134277,32.05295944213867
0.9033418297767639,32.049495697021484
0.8833187818527222,32.04326248168945
0.8914499282836914,32.04012680053711
0.899010181427002,32.03156661987305
0.8976012468338013,32.021610260009766
0.8831220269203186,32.005619049072266
0.8995528817176819,31.996553421020508
0.8955826759338379,31.992658615112305
0.9065424203872681,31.99201774597168
0.9099676609039307,31.993833541870117
0.8940826654434204,32.00136184692383
0.9010303020477295,32.00461196899414
0.9165052175521851,32.00106430053711
0.9058470129966736,31.993898391723633
0.9002314209938049,31.985868453979492
0.9037305116653442,31.978452682495117
0.903163492679596,31.976655960083008
0.89021897315979,31.964323043823242
0.8971685171127319,31.950040817260742
0.9130656719207764,31.944976806640625
0.9132083058357239,31.942827224731445
0.9172322750091553,31.938138961791992
0.8990910053253174,31.931852340698242
0.8956170678138733,31.921079635620117
0.8884509205818176,31.917116165161133
0.905090868473053,31.913545608520508
0.9085032343864441,31.909515380859375
0.8749997019767761,31.905546188354492
0.9050829410552979,31.905912399291992
0.9059754014015198,31.909059524536133
0.9199564456939697,31.91108512878418
0.9110435843467712,31.917924880981445
0.8932982087135315,31.926286697387695
0.9066210985183716,31.93596076965332
0.9226394891738892,31.94300651550293
0.9044452905654907,31.94862174987793
0.8896021842956543,31.95530891418457
0.910152792930603,31.958070755004883
0.8926663398742676,31.96748161315918
0.9018703699111938,31.979734420776367
0.9082170724868774,31.990690231323242
0.8948812484741211,31.997526168823242
0.9034958481788635,32.003631591796875
0.9051253199577332,32.00105285644531
0.904163122177124,31.994020462036133
0.8995150923728943,31.980817794799805
0.8944510221481323,31.965547561645508
0.8967772126197815,31.956541061401367
0.912113606929779,31.941205978393555
0.9001268148422241,31.921049118041992
0.8859588503837585,31.907304763793945
0.8951313495635986,31.893186569213867
0.9098156690597534,31.877363204956055
0.8997061848640442,31.86651611328125
0.9073250889778137,31.859373092651367
0.9105401039123535,31.85435676574707
0.9104142785072327,31.846403121948242
0.8959890007972717,31.841875076293945
0.8908872008323669,31.837018966674805
0.8936334848403931,31.83568000793457
0.9160894155502319,31.839433670043945
0.9062503576278687,31.841508865356445
0.915809690952301,31.84800910949707
0.8803170323371887,31.846803665161133
0.908867359161377,31.847349166870117
0.8949875831604004,31.847015380859375
0.8869644403457642,31.848222732543945
0.9068077802658081,31.846906661987305
0.9020707607269287,31.841218948364258
0.9263855814933777,31.843549728393555
0.9013144373893738,31.842679977416992
0.900049090385437,31.836870193481445
0.9120879769325256,31.831254959106445
0.8973010778427124,31.824033737182617
0.9231525659561157,31.813615798950195
0.9089415669441223,31.803728103637695
0.908403754234314,31.79448127746582
0.890632688999176,31.786619186401367
0.8902887105941772,31.78291130065918
0.897219717502594,31.77937126159668
0.9092147350311279,31.778226852416992
0.8919864296913147,31.77037239074707
0.8976753950119019,31.760164260864258
0.896472692489624,31.74968147277832
0.8896894454956055,31.739028930664062
0.9020300507545471,31.72947883605957
0.9133386611938477,31.725234985351562
0.89878910779953,31.719697952270508
0.9048968553543091,31.719221115112305
0.9232988357543945,31.713972091674805
0.8889421820640564,31.713594436645508
0.9028944969177246,31.711164474487305
0.8987956047058105,31.708982467651367
0.9004586338996887,31.70838737487793
0.8910092115402222,31.704317092895508
0.8983234167098999,31.70872688293457
0.9119542241096497,31.718290328979492
0.8979775905609131,31.72724723815918
0.9127951264381409,31.73967170715332
0.8975003361701965,31.741121292114258
0.8906010985374451,31.739500045776367
0.8832657337188721,31.732040405273438
0.9112048745155334,31.721006393432617
0.9245636463165283,31.70973014831543
0.9042618274688721,31.699968338012695
0.8807650804519653,31.697202682495117
0.9170328974723816,31.695951461791992
0.8907437920570374,31.698606491088867
0.8963460922241211,31.69788932800293
0.9000064134597778,31.699708938598633
0.9025176167488098,31.701662063598633
0.9144461750984192,31.70018196105957
0.9287240505218506,31.701066970825195
0.8939516544342041,31.708330154418945
0.8885825872421265,31.71916389465332
0.9101383686065674,31.734102249145508
0.8871775269508362,31.754304885864258
0.9001719355583191,31.774259567260742
0.899192214012146,31.795560836791992
0.9114572405815125,31.812543869018555
0.9063782095909119,31.821409225463867
0.9042193293571472,31.82426643371582
0.9109764695167542,31.825042724609375
0.8966044783592224,31.828874588012695
0.8916196823120117,31.834138870239258
0.9056644439697266,31.83610725402832
0.9012182950973511,31.83745002746582
0.8874558806419373,31.835359573364258
0.897989809513092,31.835981369018555
0.9113841652870178,31.83177375793457
0.9205567836761475,31.822919845581055
0.8855884671211243,31.812715530395508
0.9219809174537659,31.80286979675293
0.9046025276184082,31.792509078979492
0.8963136076927185,31.780794143676758
0.9153721928596497,31.767881393432617
0.9079271554946899,31.762651443481445
0.8904398679733276,31.756486892700195
0.9031087756156921,31.754121780395508
0.889228880405426,31.747434616088867
0.8850029706954956,31.73393440246582
0.9053878784179688,31.713655471801758
0.9172070026397705,31.69849967956543
0.8912593722343445,31.686643600463867
0.9063584208488464,31.673673629760742
0.912915050983429,31.66840934753418
0.9259144067764282,31.665159225463867
0.9044039249420166,31.658601760864258
0.8978767991065979,31.64805793762207
0.9096518158912659,31.637540817260742
0.8852981328964233,31.631975173950195
0.8808567523956299,31.630292892456055
0.9049853086471558,31.62190055847168
0.8862482905387878,31.61277961730957
0.8850772380828857,31.602506637573242
0.9036695957183838,31.591829299926758
0.9285849332809448,31.583345413208008
0.9139480590820312,31.575529098510742
0.8942943811416626,31.570798873901367
0.8809441924095154,31.56718635559082
0.8856896758079529,31.56336784362793
0.8804787397384644,31.559831619262695
0.9224191308021545,31.56260871887207
0.893042802810669,31.563295364379883
0.891577422618866,31.569929122924805
0.9112772941589355,31.571733474731445
0.8755996823310852,31.567716598510742
0.8963790535926819,31.56645393371582
0.9100220799446106,31.562210083007812
0.9000371694564819,31.55085563659668
0.9111881256103516,31.534072875976562
0.9097723364830017,31.516969680786133
0.9052790403366089,31.507810592651367
0.9028117060661316,31.499509811401367
0.9047552943229675,31.49139404296875
0.9158949255943298,31.491910934448242
0.8891047835350037,31.494962692260742
0.9182671904563904,31.49864387512207
0.900715708732605,31.501680374145508
0.8984382152557373,31.50568962097168
0.9159942269325256,31.510149002075195
0.8828632831573486,31.519926071166992
0.8911407589912415,31.534914016723633
0.8851590752601624,31.561141967773438
0.904363751411438,31.587934494018555
0.8994128704071045,31.610595703125
0.8898348212242126,31.633134841918945
0.9039828777313232,31.64958381652832
0.892752468585968,31.672056198120117
0.9030101299285889,31.695524215698242
0.9020371437072754,31.71702766418457
0.892788827419281,31.733278274536133
0.8905699849128723,31.745222091674805
0.8966988325119019,31.759035110473633
0.8813478946685791,31.773420333862305
0.8894509077072144,31.78666877746582
0.8926210999488831,31.795473098754883
0.885906457901001,31.802919387817383
0.8905621767044067,31.80925178527832
0.9149911403656006,31.816726684570312
0.8795746564865112,31.823762893676758
0.8716220855712891,31.82731819152832
0.9217698574066162,31.824735641479492
0.8831563591957092,31.82075309753418
0.8944444060325623,31.824172973632812
0.9132252931594849,31.825029373168945
0.8720916509628296,31.833114624023438
0.9039402008056641,31.836210250854492
0.8836661577224731,31.842130661010742
0.9153310656547546,31.84419059753418
0.8795872926712036,31.85212516784668
0.8799281120300293,31.86827278137207
0.9007611274719238,31.88340950012207
0.9135924577713013,31.897371292114258
0.9084459543228149,31.91578483581543
0.889899730682373,31.934629440307617
0.8991085886955261,31.950868606567383
0.8934498429298401,31.966615676879883
0.8918137550354004,31.985475540161133
0.8980517387390137,32.00126647949219
0.9028752446174622,32.01985168457031
0.9159396886825562,32.0322380065918
0.8959967494010925,32.03927230834961
0.9138977527618408,32.042728424072266
0.8993610739707947,32.0466194152832
0.9153656363487244,32.04702377319336
0.8889283537864685,32.042354583740234
0.9236477613449097,32.041259765625
0.8873892426490784,32.03508377075195
0.8786128759384155,32.03654479980469
0.8974076509475708,32.03779220581055
0.8860558271408081,32.04021072387695
0.8850935101509094,32.045867919921875
0.9102635383605957,32.0592155456543
0.880012571811676,32.07472229003906
0.9116771221160889,32.08157730102539
0.8717315793037415,32.091243743896484
0.9064206480979919,32.0941162109375
0.9109469056129456,32.09722900390625
0.9031667113304138,32.101959228515625
0.920234203338623,32.10346984863281
0.8920706510543823,32.09550476074219
0.9094431400299072,32.08420944213867
0.8964568972587585,32.07368850708008
0.8999877572059631,32.064083099365234
0.9219934940338135,32.05239486694336
0.9111050367355347,32.03696823120117
0.8923804759979248,32.02021408081055
0.9016534090042114,32.00257873535156
0.8939439654350281,31.98484992980957
0.9023014903068542,31.971586227416992
0.9126817584037781,31.96064567565918
0.9113723635673523,31.95298957824707
0.8974810838699341,31.956192016601562
0.9071058630943298,31.96110725402832
0.8826944828033447,31.971281051635742
0.8912868499755859,31.985013961791992
0.9051427841186523,31.996793746948242
0.8985503911972046,32.007572174072266
0.9014059901237488,32.01240158081055
0.9047822952270508,32.01678466796875
0.8977936506271362,32.02524185180664
0.9026947021484375,32.034297943115234
0.9016854166984558,32.03095626831055
0.9061571955680847,32.0218620300293
0.8928269147872925,32.01261520385742
0.9122083783149719,32.00468826293945
0.910180389881134,32.007328033447266
0.900302529335022,32.010746002197266
0.9162909388542175,32.015716552734375
0.8949875831604004,32.01726150512695
0.8790166974067688,32.02175521850586
0.9045865535736084,32.03316879272461
0.9009793400764465,32.04228210449219
0.8957511782646179,32.0489501953125
0.891348659992218,32.050724029541016
0.9195442199707031,32.05234146118164
0.9008917212486267,32.060482025146484
0.9062823057174683,32.071109771728516
0.8932374119758606,32.079986572265625
0.8971070647239685,32.08169937133789
0.8945572376251221,32.08700942993164
0.906214714050293,32.090484619140625
0.9138115644454956,32.09767532348633
0.9167819023132324,32.102298736572266
0.9097161293029785,32.11545181274414
0.9009420275688171,32.13190841674805
0.8890548348426819,32.15072250366211
0.9073250889778137,32.16926956176758
0.9000964760780334,32.184139251708984
0.8947306871414185,32.19443130493164
0.9255169630050659,32.20621109008789
0.9025824069976807,32.21672058105469
0.9145629405975342,32.22654342651367
0.8956561088562012,32.23109436035156
0.8753886222839355,32.23182678222656
0.9046869277954102,32.223114013671875
0.8867895603179932,32.21220397949219
0.896010160446167,32.20399856567383
0.9226987957954407,32.19485092163086
0.9067345857620239,32.17978286743164
0.8758246302604675,32.161922454833984
0.9014438390731812,32.146427154541016
0.9040154814720154,32.133060455322266
0.8918088674545288,32.120635986328125
0.9007115960121155,32.113826751708984
0.8950510025024414,32.112430572509766
0.9021337032318115,32.11112976074219
0.8995748162269592,32.10910415649414
0.8847620487213135,32.101715087890625
0.9073219299316406,32.102962493896484
0.9075987339019775,32.10234069824219
0.9054762125015259,32.10878372192383
0.9075900316238403,32.11105728149414
0.9130582809448242,32.11380386352539
0.8986371755599976,32.114994049072266
0.9237503409385681,32.11106491088867
0.9067708253860474,32.110870361328125
0.8935174345970154,32.111820220947266
0.911566436290741,32.11222839355469
0.8827190399169922,32.11312484741211
0.9102967381477356,32.11566162109375
0.8927791118621826,32.11447525024414
0.9097276329994202,32.11196517944336
0.9018136262893677,32.107479095458984
0.8955533504486084,32.10453796386719
0.9113128185272217,32.10520935058594
0.9222977757453918,32.098636627197266
0.9037017226219177,32.094757080078125
0.8957979679107666,32.088321685791016
0.902212917804718,32.08810043334961
0.911126434803009,32.087276458740234
0.8772888779640198,32.08156967163086
0.8971440196037292,32.06947708129883
0.9017190933227539,32.060115814208984
0.9024538397789001,32.05526351928711
0.9099042415618896,32.05207824707031
0.900803804397583,32.046817779541016
0.9111672639846802,32.034420013427734
0.8838310241699219,32.02895736694336
0.906319797039032,32.027774810791016
0.9099587798118591,32.02646255493164
0.8936243057250977,32.02543258666992
0.9138757586479187,32.02305603027344
0.9133660197257996,32.022769927978516
0.8894239664077759,32.025814056396484
0.9098908305168152,32.03042984008789
0.9051539897918701,32.03726577758789
0.8844172954559326,32.04274368286133
0.8971245884895325,32.04787063598633
0.936225175857544,32.04764175415039
0.8805339336395264,32.04725646972656
0.9042198657989502,32.05172348022461
0.907824695110321,32.04812240600586
0.9042322635650635,32.04446792602539
0.8970257639884949,32.041812896728516
0.8920731544494629,32.03700637817383
0.8922787308692932,32.03409194946289
0.9033229947090149,32.02457809448242
0.8968785405158997,32.01621627807617
0.8850991725921631,32.00801086425781
0.8862992525100708,31.99409294128418
0.9011475443840027,31.978010177612305
0.8959628343582153,31.967729568481445
0.9055301547050476,31.954452514648438
0.9070302844047546,31.94573974609375
0.8923159241676331,31.938934326171875
0.9065223932266235,31.928682327270508
0.893259584903717,31.926603317260742
0.9100984334945679,31.919206619262695
0.889451265335083,31.917219161987305
0.909561812877655,31.916242599487305
0.9093713760375977,31.91301155090332
0.8966485857963562,31.912431716918945
0.9037477970123291,31.911592483520508
0.903306245803833,31.906877517700195
0.9142043590545654,31.90009880065918
0.8994168043136597,31.894258499145508
0.9083688855171204,31.887514114379883
0.9026304483413696,31.88484001159668
0.8980868458747864,31.879091262817383
0.9082730412483215,31.874784469604492
0.906707763671875,31.872785568237305
0.8870996832847595,31.870851516723633
0.905484676361084,31.86817741394043
0.9274558424949646,31.869234085083008
0.9092310070991516,31.868026733398438
0.8966286182403564,31.867341995239258
0.8870165944099426,31.868547439575195
0.9057340025901794,31.871431350708008
0.9027153849601746,31.879152297973633
0.9134886264801025,31.884366989135742
0.9154893159866333,31.893659591674805
0.9100274443626404,31.899721145629883
0.9196730852127075,31.91081428527832
0.9196192622184753,31.928895950317383
0.8911960124969482,31.948244094848633
0.9211207032203674,31.964338302612305
0.9022691249847412,31.982419967651367
0.901005208492279,32.005252838134766
0.9150328636169434,32.02496337890625
0.8920730948448181,32.04049301147461
0.9120815396308899,32.05535888671875
0.8883107304573059,32.06985092163086
0.8976123332977295,32.07795333862305
0.9111895561218262,32.08358383178711
0.9014766812324524,32.081268310546875
0.8932390809059143,32.07844161987305
0.9139899015426636,32.07737731933594
0.9026930928230286,32.07789611816406
0.8920928835868835,32.079219818115234
0.8940463662147522,32.085941314697266
0.8948948383331299,32.08599853515625
0.9164004325866699,32.092227935791016
0.9158162474632263,32.09577941894531
0.9026403427124023,32.1020393371582
0.8897926807403564,32.112003326416016
0.9020987153053284,32.12051010131836
0.9138685464859009,32.12143325805664
0.9043906331062317,32.12297439575195
0.9031181931495667,32.12308883666992
0.9205805063247681,32.120845794677734
0.9015450477600098,32.12308120727539
0.9178345799446106,32.126461029052734
0.8877361416816711,32.124298095703125
0.9142934679985046,32.1284065246582
0.892012357711792,32.12668228149414
0.9068978428840637,32.117496490478516
0.9050695896148682,32.10831069946289
0.8989351987838745,32.101531982421875
0.9123453497886658,32.09322738647461
0.9032400250434875,32.08840560913086
0.8887421488761902,32.08366012573242
0.891737699508667,32.08771896362305
0.9027718901634216,32.09359359741211
0.8790678381919861,32.10074996948242
0.9104540348052979,32.10458755493164
0.8936491012573242,32.11001205444336
0.8954925537109375,32.114994049072266
0.9053364396095276,32.115421295166016
0.9210344552993774,32.115299224853516
0.9085245728492737,32.11208724975586
0.8814897537231445,32.11223220825195
0.8824852705001831,32.12237548828125
0.9042373895645142,32.13499450683594
0.9154154658317566,32.14973831176758
0.8922448754310608,32.15895080566406
0.892177164554596,32.16639709472656
0.8971641063690186,32.17555618286133
0.9063200950622559,32.192752838134766
0.907092809677124,32.21039962768555
0.9121577739715576,32.229461669921875
0.8907551765441895,32.24581527709961
0.9136791825294495,32.25638198852539
0.9034619331359863,32.26875305175781
0.8905816078186035,32.28128433227539
0.9122391939163208,32.28567123413086
0.8916563987731934,32.29410171508789
0.8981988430023193,32.29958724975586
0.8881615996360779,32.306427001953125
0.9060497879981995,32.32101058959961
0.914118230342865,32.32961654663086
0.8951486349105835,32.33639907836914
0.9018880128860474,32.34109115600586
0.9126685261726379,32.351871490478516
0.9068146347999573,32.361751556396484
0.899520993232727,32.377803802490234
0.8820719718933105,32.387821197509766
0.893439531326294,32.39621353149414
0.8798768520355225,32.40666580200195
0.9057087898254395,32.415462493896484
0.8930829763412476,32.428585052490234
0.9031352996826172,32.44198989868164
0.9061284065246582,32.452117919921875
0.8956997394561768,32.46115493774414
0.9153412580490112,32.46672439575195
0.9263570308685303,32.47566223144531
0.9076616168022156,32.47890090942383
0.9098499417304993,32.480865478515625
0.9010272026062012,32.47890853881836
0.8994681239128113,32.47677230834961
0.8973309993743896,32.47019958496094
0.8917930126190186,32.46181869506836
0.8909986019134521,32.450199127197266
0.9029764533042908,32.43658447265625
0.9000975489616394,32.428409576416016
0.9174262881278992,32.42536926269531
0.915709376335144,32.420406341552734
0.8750788569450378,32.417816162109375
0.9094952344894409,32.41598129272461
0.9046687483787537,32.409969329833984
0.885861873626709,32.41004943847656
0.8889564275741577,32.41592025756836
0.8878577947616577,32.42185592651367
0.9235097169876099,32.428104400634766
0.8876531720161438,32.431888580322266
0.8930693864822388,32.432586669921875
0.8976820707321167,32.431026458740234
0.907357931137085,32.42422103881836
0.9068135619163513,32.41966247558594
0.9092742800712585,32.413509368896484
0.9047988057136536,32.397762298583984
0.8877291679382324,32.38621139526367
0.9050385355949402,32.37173843383789
0.8954321146011353,32.362491607666016
0.9297870993614197,32.35175704956055
0.8900625109672546,32.343753814697266
0.9253698587417603,32.33780288696289
0.9278284311294556,32.325836181640625
0.9111649990081787,32.315242767333984
0.9123326539993286,32.304046630859375
0.9143592119216919,32.29323959350586
0.90068519115448,32.28793716430664
0.9120326042175293,32.279232025146484
0.9205474257469177,32.2745361328125
0.8980777263641357,32.271854400634766
0.9076523184776306,32.267208099365234
0.916527271270752,32.2701301574707
0.8849212527275085,32.2753791809082
0.9035881757736206,32.27619552612305
0.9208769202232361,32.27109146118164
0.8972510695457458,32.263885498046875
0.9086262583732605,32.255558013916016
0.9167478084564209,32.246585845947266
0.8691596388816833,32.237728118896484
0.9201562404632568,32.22291564941406
0.901442289352417,32.21163558959961
0.899340033531189,32.20412063598633
0.9118603467941284,32.199493408203125
0.9038456678390503,32.19144058227539
0.8816976547241211,32.18625259399414
0.9034469723701477,32.17424392700195
0.9021506905555725,32.16744613647461
0.8927344679832458,32.16777038574219
0.8930901288986206,32.17240905761719
0.9002134799957275,32.17409133911133
0.9199069738388062,32.17291259765625
0.8909703493118286,32.166717529296875
0.9049621820449829,32.15554428100586
0.9107482433319092,32.14668273925781
0.902738094329834,32.13859939575195
0.9041513204574585,32.13035583496094
0.8888692855834961,32.125858306884766
0.9032909870147705,32.11893081665039
0.892113983631134,32.11720275878906
0.8936139345169067,32.11741638183594
0.9160366058349609,32.11933898925781
0.9155678153038025,32.13296127319336
0.9079098701477051,32.14828109741211
0.9246960878372192,32.1641731262207
0.9130997061729431,32.17323303222656
0.914739727973938,32.17995071411133
0.8859119415283203,32.18783187866211
0.9084727764129639,32.19697952270508
0.8977866172790527,32.20738220214844
0.9173604249954224,32.21963119506836
0.9229978322982788,32.22641372680664
0.9054627418518066,32.226802825927734
0.9201698899269104,32.223567962646484
0.9001431465148926,32.21842575073242
0.9057579040527344,32.218936920166016
0.8900468945503235,32.21303939819336
0.8990158438682556,32.202877044677734
0.9074795246124268,32.19303512573242
0.911544144153595,32.19265365600586
0.8970852494239807,32.19382095336914
0.9283871650695801,32.198848724365234
0.9017208814620972,32.20216751098633
0.8873521089553833,32.20375061035156
0.8948806524276733,32.20416259765625
0.8785500526428223,32.197818756103516
0.9074777960777283,32.19290542602539
0.9244436025619507,32.1910400390625
0.8893362879753113,32.188873291015625
0.9088640213012695,32.189517974853516
0.9035808444023132,32.19169998168945
0.9090080261230469,32.18767166137695
0.9140494465827942,32.18425369262695
0.9247032403945923,32.17776870727539
0.8920067548751831,32.17155838012695
0.8971459269523621,32.16795349121094
0.891958475112915,32.16324234008789
0.9166879057884216,32.15357971191406
0.9114729762077332,32.14297866821289
0.8988823294639587,32.13631057739258
0.9004538059234619,32.126956939697266
0.9244470000267029,32.1120491027832
0.8978424668312073,32.09746170043945
0.8980824947357178,32.089839935302734
0.9014434814453125,32.08018493652344
0.9141729474067688,32.068599700927734
0.9041128754615784,32.05556106567383
0.9001699686050415,32.05021286010742
0.9025707840919495,32.04355239868164
0.8936744928359985,32.039306640625
0.9026650786399841,32.02920913696289
0.9007978439331055,32.02316665649414
0.9165403842926025,32.01650619506836
0.904183566570282,32.01112747192383
0.8963564038276672,32.01445007324219
0.9233142733573914,32.01577377319336
0.8779474496841431,32.01651382446289
0.9077175259590149,32.019927978515625
0.8891702890396118,32.011383056640625
0.9113987684249878,32.003231048583984
0.9040055871009827,31.996992111206055
0.8929377794265747,31.98558235168457
0.8969074487686157,31.968656539916992
0.8985012173652649,31.959474563598633
0.9021291136741638,31.949735641479492
0.9070545434951782,31.944135665893555
0.9003380537033081,31.939603805541992
0.9015448689460754,31.943601608276367
0.9180486798286438,31.946687698364258
0.890322208404541,31.952421188354492
0.9206046462059021,31.955991744995117
0.9062490463256836,31.958524703979492
0.8915054798126221,31.956451416015625
0.8938466906547546,31.958650588989258
0.906760573387146,31.964677810668945
0.9116653203964233,31.976396560668945
0.8857859373092651,31.983474731445312
0.8958362936973572,31.994626998901367
0.8943730592727661,32.002803802490234
0.8983493447303772,32.01091003417969
0.8914126753807068,32.01541519165039
0.902678370475769,32.01694107055664
0.9178460836410522,32.013675689697266
0.8923428654670715,32.012996673583984
0.9101105332374573,32.01597595214844
0.9155126810073853,32.01398849487305
0.9049015045166016,32.01762390136719
0.9133596420288086,32.023136138916016
0.9266047477722168,32.03335952758789
0.8950607776641846,32.04439926147461
0.9027133584022522,32.053775787353516
0.9186018109321594,32.05747985839844
0.8919690251350403,32.061649322509766
0.8923969268798828,32.06728744506836
0.9086363315582275,32.05971145629883
0.901740550994873,32.058963775634766
0.8956266641616821,32.061614990234375
0.8979409337043762,32.07126235961914
0.9028822183609009,32.08747482299805
0.9083170890808105,32.09736633300781
0.9080590605735779,32.10667419433594
0.9036767482757568,32.112640380859375
0.8981526494026184,32.12235641479492
0.8858844637870789,32.125850677490234
0.9268817901611328,32.13335037231445
0.9047203660011292,32.13447570800781
0.9170529246330261,32.137020111083984
0.9008347392082214,32.132205963134766
0.8998333215713501,32.1285400390625
0.911016047000885,32.128597259521484
0.8964745998382568,32.126251220703125
0.8822439312934875,32.12127685546875
0.9156616926193237,32.117008209228516
0.9059842824935913,32.11282730102539
0.8959735631942749,32.110443115234375
0.8715135455131531,32.105953216552734
0.8984952569007874,32.091854095458984
0.8986073732376099,32.08305740356445
0.9060794115066528,32.077640533447266
0.8953842520713806,32.06727600097656
0.8918128609657288,32.052974700927734
0.9044440388679504,32.038143157958984
0.895693838596344,32.027130126953125
0.8956079483032227,32.02447509765625
0.9237626194953918,32.025238037109375
0.8897512555122375,32.025115966796875
0.8996112942695618,32.02737808227539
0.897714376449585,32.020809173583984
0.906348466873169,32.01286697387695
0.9057717323303223,32.00263595581055
0.9203103184700012,31.993791580200195
0.9301308393478394,31.98127555847168
0.8792946934700012,31.965970993041992
0.9025131464004517,31.950044631958008
0.900672435760498,31.939878463745117
0.88661789894104,31.93055534362793
0.8971393704414368,31.92645263671875
0.8936119675636292,31.92750358581543
0.9025334119796753,31.929380416870117
0.9138588905334473,31.933698654174805
0.9073688983917236,31.937074661254883
0.8940873742103577,31.93956184387207
0.897998034954071,31.94096565246582
0.9023799300193787,31.942598342895508
0.8881341218948364,31.948183059692383
0.9097175598144531,31.94648551940918
0.9219399690628052,31.945005416870117
0.8980614542961121,31.945510864257812
0.8984388113021851,31.948381423950195
0.9228116273880005,31.948701858520508
0.892113208770752,31.943986892700195
0.8874311447143555,31.94012451171875
0.8978385925292969,31.935165405273438
0.8886011838912964,31.930009841918945
0.9039351344108582,31.92369270324707
0.9201307892799377,31.91914176940918
0.8935133814811707,31.911298751831055
0.9114356637001038,31.911592483520508
0.9104785919189453,31.912202835083008
0.9012517333030701,31.915895462036133
0.8888916373252869,31.916702270507812
0.8862571716308594,31.917177200317383
0.900689423084259,31.9208984375
0.8995864987373352,31.917692184448242
0.8849889636039734,31.917404174804688
0.8930492401123047,31.921449661254883
0.9227793216705322,31.923337936401367
0.8842238187789917,31.930814743041992
0.9073266386985779,31.941102981567383
0.8918477892875671,31.946378707885742
0.9164560437202454,31.946596145629883
0.9063758850097656,31.953493118286133
0.8836843967437744,31.962907791137695
0.9098804593086243,31.968538284301758
0.8801854848861694,31.969467163085938
0.8848662972450256,31.968935012817383
0.9041427969932556,31.967985153198242
0.8988536596298218,31.95753288269043
0.9328793883323669,31.941713333129883
0.9011385440826416,31.926069259643555
0.9089165329933167,31.91596794128418
0.9033545851707458,31.910249710083008
0.9036772847175598,31.899274826049805
0.9082306623458862,31.891340255737305
0.8885946273803711,31.884946823120117
0.8981335163116455,31.87837028503418
0.897551417350769,31.873659133911133
0.9020262956619263,31.866209030151367
0.9059009552001953,31.857637405395508
0.902011513710022,31.852890014648438
0.9107910990715027,31.852022171020508
0.9001513123512268,31.851608276367188
0.9041159152984619,31.850435256958008
0.8831942081451416,31.85106086730957
0.9155057072639465,31.852415084838867
0.8769540190696716,31.85783576965332
0.9034330248832703,31.86100959777832
0.903265118598938,31.86805534362793
0.9108552932739258,31.874162673950195
0.8977871537208557,31.881746292114258
0.9031937122344971,31.881376266479492
0.8854959011077881,31.87828254699707
0.9032605886459351,31.874832153320312
0.9040473699569702,31.869840621948242
0.904854416847229,31.862546920776367
0.9029771685600281,31.85417366027832
0.9018447399139404,31.84440803527832
0.8844435214996338,31.83464241027832
0.9054643511772156,31.823026657104492
0.8818727731704712,31.812070846557617
0.9044274091720581,31.795183181762695
0.9056075215339661,31.771713256835938
0.8987693190574646,31.751493453979492
0.9067554473876953,31.73338508605957
0.9032593965530396,31.712278366088867
0.8987395167350769,31.694734573364258
0.9048107862472534,31.673751831054688
0.8992952704429626,31.65437126159668
0.9039245247840881,31.63410758972168
0.9041646122932434,31.608991622924805
0.9168764352798462,31.585187911987305
0.9069649577140808,31.56184196472168
0.882553219795227,31.545625686645508
0.8986371755599976,31.526262283325195
0.9144521355628967,31.504087448120117
0.8842483758926392,31.48381233215332
0.8999211192131042,31.466157913208008
0.9077333211898804,31.455568313598633
0.8990417122840881,31.445755004882812
0.8841987252235413,31.44487190246582
0.8962672352790833,31.45167350769043
0.8775526881217957,31.469085693359375
0.9023930430412292,31.481691360473633
0.8992624282836914,31.489824295043945
0.9125609993934631,31.4986572265625
0.8913100957870483,31.502180099487305
0.8896566033363342,31.505340576171875
0.9003680348396301,31.505983352661133
0.9100872874259949,31.507659912109375
0.9053479433059692,31.511337280273438
0.9049441814422607,31.513883590698242
0.9097379446029663,31.52546501159668
0.9114147424697876,31.533388137817383
0.9233179688453674,31.542024612426758
0.8892343044281006,31.54857063293457
0.8972140550613403,31.559629440307617
0.8973743915557861,31.575410842895508
0.9163041710853577,31.587278366088867
0.9074854850769043,31.598283767700195
0.9066972732543945,31.607694625854492
0.8970777988433838,31.61189079284668
0.9028518795967102,31.615034103393555
0.9067307114601135,31.622224807739258
0.918182373046875,31.62230110168457
0.8903395533561707,31.626527786254883
0.8982654213905334,31.631637573242188
0.913998007774353,31.637163162231445
0.9175844192504883,31.640169143676758
0.9027559757232666,31.638349533081055
0.9167185425758362,31.645231246948242
0.9047722816467285,31.651578903198242
0.902942419052124,31.654268264770508
0.8972874283790588,31.650178909301758
0.9222838878631592,31.643049240112305
0.9171137809753418,31.631319046020508
0.9100189805030823,31.615812301635742
0.8867986798286438,31.604581832885742
0.914125919342041,31.594697952270508
0.9097927212715149,31.58192253112793
0.8764054179191589,31.57398796081543
0.9068860411643982,31.566804885864258
0.8704380989074707,31.56730842590332
0.9106138944625854,31.560590744018555
0.9112977385520935,31.55767822265625
0.9252535104751587,31.552091598510742
0.9011601805686951,31.548765182495117
0.8839024305343628,31.541746139526367
0.8974253535270691,31.540128707885742
0.9035868048667908,31.532930374145508
0.8907762765884399,31.52635383605957
0.8886668682098389,31.523284912109375
0.8993617296218872,31.516511917114258
0.8981513381004333,31.51646614074707
0.9206738471984863,31.51750373840332
0.8947823643684387,31.512956619262695
0.9113304018974304,31.510393142700195
0.9036529064178467,31.508272171020508
0.9036100506782532,31.50166130065918
0.9110618233680725,31.500917434692383
0.909230649471283,31.499448776245117
0.9010354280471802,31.501113891601562
0.9024839401245117,31.497785568237305
0.9062666296958923,31.49683952331543
0.8883509635925293,31.49846076965332
0.902967095375061,31.50407600402832
0.9184200763702393,31.512937545776367
0.9022361636161804,31.526094436645508
0.899114727973938,31.539766311645508
0.8915936946868896,31.551557540893555
0.8918042182922363,31.555938720703125
0.9112387895584106,31.56233024597168
0.9097962379455566,31.565183639526367
0.891931414604187,31.56859016418457
0.9170947074890137,31.56340217590332
0.8989607095718384,31.555177688598633
0.9170314073562622,31.545122146606445
0.9104450345039368,31.535385131835938
0.9049435257911682,31.525575637817383
0.9025076031684875,31.517316818237305
0.9195062518119812,31.511232376098633
0.8811482787132263,31.503616333007812
0.9002853035926819,31.488767623901367
0.8954893946647644,31.474912643432617
0.912000834941864,31.46122932434082
0.8715456128120422,31.447004318237305
0.9151695966720581,31.427412033081055
0.8970293402671814,31.40867805480957
0.9102113246917725,31.39369010925293
0.900006115436554,31.382963180541992
0.9004449248313904,31.374345779418945
0.8944593667984009,31.36168098449707
0.9263861775398254,31.356321334838867
0.8879854679107666,31.350526809692383
0.9209768772125244,31.350996017456055
0.9097362756729126,31.34764289855957
0.8954347968101501,31.33984375
0.8913132548332214,31.330976486206055
0.8950545191764832,31.329391479492188
0.9000678658485413,31.337324142456055
0.9111790060997009,31.340604782104492
0.9187966585159302,31.339841842651367
0.8932986259460449,31.339460372924805
0.9028130769729614,31.330747604370117
0.9038243293762207,31.316770553588867
0.90373694896698,31.298337936401367
0.887266218662262,31.282808303833008
0.8957430720329285,31.275663375854492
0.9149949550628662,31.265851974487305
0.9041885137557983,31.254777908325195
0.9046708345413208,31.242521286010742
0.904569685459137,31.22956657409668
0.8837670087814331,31.21015739440918
0.8944600820541382,31.191789627075195
0.9106670618057251,31.17127799987793
0.8857274055480957,31.145174026489258
0.9193323254585266,31.12580680847168
0.9143049716949463,31.10722541809082
0.9058331847190857,31.08607292175293
0.8952364921569824,31.063020706176758
0.9010443091392517,31.04643440246582
0.9263567924499512,31.028623580932617
0.9005333781242371,31.012113571166992
0.9041451215744019,30.99534797668457
0.9093486070632935,30.984052658081055
0.9067162275314331,30.982542037963867
0.8862065672874451,30.980100631713867
0.9088950753211975,30.979978561401367
0.9190506935119629,30.980178833007812
0.9051507711410522,30.97883415222168
0.9288830757141113,30.974458694458008
0.8971292972564697,30.972518920898438
0.9151327610015869,30.967241287231445
0.8981572389602661,30.96592903137207
0.9091107845306396,30.96034049987793
0.9095181822776794,30.954130172729492
0.9217336177825928,30.948225021362305
0.9134065508842468,30.943117141723633
0.891648530960083,30.937332153320312
0.9134386777877808,30.933683395385742
0.9212056398391724,30.940263748168945
0.9100759029388428,30.93787956237793
0.9018710851669312,30.935182571411133
0.9150965809822083,30.937501907348633
0.914729118347168,30.942476272583008
0.8971795439720154,30.952577590942383
0.9174497723579407,30.964078903198242
0.9243619441986084,30.970792770385742
0.8980115056037903,30.97547721862793
0.9070272445678711,30.976804733276367
0.8892898559570312,30.986330032348633
0.9192000031471252,30.99867057800293
0.8997084498405457,31.012880325317383
0.9059038162231445,31.022722244262695
0.9130832552909851,31.02549934387207
0.9041718244552612,31.029848098754883
0.9071828126907349,31.028884887695312
0.9119075536727905,31.03019905090332
0.9046266674995422,31.031585693359375
0.9160377383232117,31.037168502807617
0.889357328414917,31.03729248046875
0.8960264921188354,31.03779411315918
0.9043406248092651,31.038789749145508
0.9024010896682739,31.04161262512207
0.8934506177902222,31.04753303527832
0.9050132036209106,31.046018600463867
0.9049390554428101,31.044282913208008
0.9131752252578735,31.03717041015625
0.9088492393493652,31.027679443359375
0.9004165530204773,31.020524978637695
0.885564386844635,31.011442184448242
0.9090316891670227,31.00444221496582
0.9086501002311707,31.001375198364258
0.9004969596862793,30.999755859375
0.8749201893806458,31.005903244018555
0.8783005475997925,31.015138626098633
0.8904190063476562,31.017990112304688
0.8858174085617065,31.014467239379883
0.9264585375785828,31.016508102416992
0.8984607458114624,31.016801834106445
0.8783286809921265,31.018308639526367
0.9061374664306641,31.017839431762695
0.9054348468780518,31.01325798034668
0.8797275424003601,31.00990104675293
0.9046655893325806,31.002029418945312
0.9048104286193848,30.990724563598633
0.9022331237792969,30.976778030395508
0.8939732313156128,30.963960647583008
0.9005619883537292,30.955812454223633
0.9079897403717041,30.946043014526367
0.8869689702987671,30.93815803527832
0.9113955497741699,30.934099197387695
0.8895584344863892,30.935606002807617
0.9041690826416016,30.93635368347168
0.8909603357315063,30.939237594604492
0.9028676152229309,30.94087028503418
0.8979014158248901,30.936368942260742
0.9130924344062805,30.93092155456543
0.895688533782959,30.92039680480957
0.9078216552734375,30.916534423828125
0.9000564217567444,30.91850471496582
0.9026322960853577,30.914854049682617
0.9071559309959412,30.905378341674805
0.9042524099349976,30.901247024536133
0.9064307808876038,30.894712448120117
0.8912531137466431,30.889131546020508
0.8946242928504944,30.880399703979492
0.9004254341125488,30.880218505859375
0.8981611728668213,30.88200569152832
0.9054715633392334,30.878496170043945
0.9206632375717163,30.870954513549805
0.9114880561828613,30.863435745239258
0.9129385948181152,30.853548049926758
0.8808820843696594,30.849668502807617
0.9259335994720459,30.84605598449707
0.9056376218795776,30.849409103393555
0.8968123197555542,30.849550247192383
0.9146119952201843,30.841768264770508
0.9146804809570312,30.836946487426758
0.912684977054596,30.837461471557617
0.92011559009552,30.840517044067383
0.8968114852905273,30.849912643432617
0.9040747880935669,30.855730056762695
0.9031413793563843,30.865415573120117
0.9007774591445923,30.871553421020508
0.9051087498664856,30.87645149230957
0.9050491452217102,30.888261795043945
0.9142885208129883,30.899625778198242
0.9120635986328125,30.910293579101562
0.9011809825897217,30.91856575012207
0.9021968841552734,30.920547485351562
0.8999911546707153,30.926729202270508
0.8990010619163513,30.935243606567383
0.9090691804885864,30.940919876098633
0.9087105989456177,30.946931838989258
0.9009346961975098,30.95075798034668
0.9113718867301941,30.951967239379883
0.8925679922103882,30.952852249145508
0.9135755896568298,30.947053909301758
0.8942784070968628,30.935529708862305
0.9264448881149292,30.926576614379883
0.9159187078475952,30.919843673706055
0.9025722742080688,30.91639518737793
0.9157050848007202,30.912477493286133
0.9037429690361023,30.914213180541992
0.9132384657859802,30.920000076293945
0.9028921127319336,30.921445846557617
0.8855358362197876,30.92192268371582
0.9034326076507568,30.919008255004883
0.9138813018798828,30.91474723815918
0.8982456922531128,30.908613204956055
0.8924206495285034,30.906770706176758
0.9083661437034607,30.904996871948242
0.9061712026596069,30.906450271606445
0.9102453589439392,30.9111328125
0.8971107602119446,30.91712760925293
0.9091200828552246,30.93229866027832
0.8930808901786804,30.941835403442383
0.9021356701850891,30.944734573364258
0.9217207431793213,30.94019889831543
0.9084101319313049,30.927873611450195
0.8803885579109192,30.916868209838867
0.902509868144989,30.907060623168945
0.9060695171356201,30.891357421875
0.9018269181251526,30.880826950073242
0.893216073513031,30.874174118041992
0.9000023007392883,30.861421585083008
0.9133632183074951,30.850263595581055
0.9169593453407288,30.841630935668945
0.8973523378372192,30.829927444458008
0.9030921459197998,30.8154296875
0.9077946543693542,30.800905227661133
0.9035994410514832,30.788650512695312
0.8932883739471436,30.77409553527832
0.9244791269302368,30.759611129760742
0.9243255853652954,30.748197555541992
0.8983905911445618,30.74116325378418
0.8983801603317261,30.725385665893555
0.9053716063499451,30.710020065307617
0.9100743532180786,30.692136764526367
0.9081364870071411,30.678972244262695
0.9112486243247986,30.659421920776367
0.9005282521247864,30.638364791870117
0.9029425978660583,30.628721237182617
0.9065424799919128,30.620317459106445
0.921436071395874,30.614137649536133
0.8965442776679993,30.606401443481445
0.8987218737602234,30.599855422973633
0.9009986519813538,30.589372634887695
0.9087862968444824,30.57689094543457
0.9073513746261597,30.564802169799805
0.9173071384429932,30.558256149291992
0.9058167338371277,30.551374435424805
0.9131503105163574,30.543672561645508
0.9110175967216492,30.530946731567383
0.9076873660087585,30.524415969848633
0.8992508053779602,30.525009155273438
0.8880614042282104,30.534177780151367
0.921249270439148,30.543272018432617
0.9141262769699097,30.558259963989258
0.8945510387420654,30.572904586791992
0.9023102521896362,30.58555793762207
0.8950614333152771,30.597440719604492
0.8936820030212402,30.60911750793457
0.9239551424980164,30.622011184692383
0.9145174026489258,30.631303787231445
0.8983553051948547,30.642595291137695
0.9086902737617493,30.655641555786133
0.9063014984130859,30.669878005981445
0.9200595617294312,30.68187141418457
0.9033237099647522,30.69215202331543
0.8966702818870544,30.697771072387695
0.8978197574615479,30.704774856567383
0.9031129479408264,30.710065841674805
0.9023522734642029,30.722639083862305
0.9195418953895569,30.729520797729492
0.9180479049682617,30.738861083984375
0.8967752456665039,30.749448776245117
0.9030187726020813,30.761442184448242
0.9073242545127869,30.778947830200195
0.8954153656959534,30.798568725585938
0.9167518615722656,30.812042236328125
0.8857822418212891,30.819395065307617
0.911586582660675,30.82319450378418
0.9033897519111633,30.824705123901367
0.8946319222450256,30.822843551635742
0.9186422228813171,30.817750930786133
0.893616259098053,30.81492805480957
0.9072999358177185,30.817689895629883
0.9042608737945557,30.822370529174805
0.9041633605957031,30.82652473449707
0.9118991494178772,30.823896408081055
0.9143054485321045,30.81890869140625
0.9038129448890686,30.811372756958008
0.899504542350769,30.800691604614258
0.8926125764846802,30.787477493286133
0.88942551612854,30.772905349731445
0.9078776836395264,30.75773811340332
0.8802171349525452,30.744020462036133
0.9041029214859009,30.72514533996582
0.894339919090271,30.706815719604492
0.9055032730102539,30.696138381958008
0.9048902988433838,30.68687629699707
0.8921917676925659,30.673097610473633
0.8989254236221313,30.656328201293945
0.8926888108253479,30.640226364135742
0.9063386917114258,30.628189086914062
0.8967520594596863,30.614944458007812
0.9006362557411194,30.5989990234375
0.91191166639328,30.5888671875
0.9023434519767761,30.583513259887695
0.9028186202049255,30.582490921020508
0.883764922618866,30.586790084838867
0.9043062925338745,30.594087600708008
0.9069985151290894,30.600889205932617
0.9097942113876343,30.606094360351562
0.8830224275588989,30.605926513671875
0.9090790152549744,30.601076126098633
0.9148405194282532,30.592592239379883
0.9080541729927063,30.586729049682617
0.9134002327919006,30.587249755859375
0.8813349604606628,30.592405319213867
0.9115620851516724,30.601930618286133
0.8849201798439026,30.61253547668457
0.8769462704658508,30.623825073242188
0.8941435813903809,30.633806228637695
0.9203236699104309,30.642194747924805
0.9032802581787109,30.64744758605957
0.8848369121551514,30.65001106262207
0.8939176797866821,30.65260124206543
0.9042918682098389,30.657745361328125
0.8976424932479858,30.66105842590332
0.906875729560852,30.664613723754883
0.9063037037849426,30.666181564331055
0.8920453786849976,30.668458938598633
0.8955144882202148,30.671188354492188
0.8908395767211914,30.669706344604492
0.9112085700035095,30.662458419799805
0.905797004699707,30.655593872070312
0.9060573577880859,30.646726608276367
0.8992409110069275,30.634077072143555
0.8908624053001404,30.628538131713867
0.8942126631736755,30.623960494995117
0.91843581199646,30.61915397644043
0.8943758606910706,30.613615036010742
0.8839080333709717,30.606870651245117
0.8857312798500061,30.594404220581055
0.9227791428565979,30.581388473510742
0.8932048082351685,30.563825607299805
0.9164950847625732,30.54960823059082
0.9024233222007751,30.534194946289062
0.9014468789100647,30.519149780273438
0.892732560634613,30.50297737121582
0.9182723760604858,30.48505973815918
0.9019249677658081,30.47132682800293
0.8967310190200806,30.458343505859375
0.9102551341056824,30.43848991394043
0.8982688188552856,30.419065475463867
0.9281837344169617,30.400861740112305
0.9025125503540039,30.381696701049805
0.9157342910766602,30.369234085083008
0.9175280332565308,30.35630989074707
0.8994444608688354,30.346342086791992
0.9090318083763123,30.336793899536133
0.9014357924461365,30.32737922668457
0.8878994584083557,30.32219123840332
0.8975029587745667,30.31770133972168
0.8910192847251892,30.306289672851562
0.9111223220825195,30.299253463745117
0.9096447825431824,30.292448043823242
0.9081458449363708,30.287309646606445
0.8839626312255859,30.275484085083008
0.8997865319252014,30.270002365112305
0.8955016136169434,30.264986038208008
0.915960967540741,30.265230178833008
0.9013172388076782,30.257036209106445
0.9080987572669983,30.25010871887207
0.9081227779388428,30.24125862121582
0.9077910780906677,30.233430862426758
0.9081958532333374,30.22578239440918
0.9049267768859863,30.22679328918457
0.9025445580482483,30.22480583190918
0.9092929363250732,30.226133346557617
0.9038532376289368,30.227493286132812
0.925778865814209,30.224824905395508
0.9088572859764099,30.224014282226562
0.919772744178772,30.22502326965332
0.902401328086853,30.225954055786133
0.9221694469451904,30.230375289916992
0.9045276641845703,30.23963737487793
0.907050609588623,30.248262405395508
0.9053856134414673,30.250017166137695
0.8994506597518921,30.255643844604492
0.9079471230506897,30.252548217773438
0.9071682095527649,30.246549606323242
0.9086765646934509,30.245145797729492
0.8995417356491089,30.248106002807617
0.9048886299133301,30.25010871887207
0.9121833443641663,30.250883102416992
0.9234784841537476,30.25617790222168
0.9082755446434021,30.260330200195312
0.9119019508361816,30.262849807739258
0.890963077545166,30.266555786132812
0.9048845171928406,30.267011642456055
0.9062759876251221,30.27430534362793
0.8887311220169067,30.27613639831543
0.8847217559814453,30.27324104309082
0.8947557806968689,30.27379035949707
0.9008486270904541,30.280807495117188
0.8887124061584473,30.280698776245117
0.879509449005127,30.28693962097168
0.894751787185669,30.290346145629883
0.9031540751457214,30.292129516601562
0.895806610584259,30.294309616088867
0.9133731722831726,30.293867111206055
0.9017883539199829,30.290252685546875
0.8862497210502625,30.284971237182617
0.9245009422302246,30.286638259887695
0.9039598703384399,30.288591384887695
0.8930255174636841,30.297975540161133
0.9091721773147583,30.302961349487305
0.8937327861785889,30.307085037231445
0.9033293724060059,30.314424514770508
0.8998887538909912,30.32533073425293
0.8949744701385498,30.33515739440918
0.9209531545639038,30.341827392578125
0.9063087701797485,30.347305297851562
0.8924411535263062,30.365449905395508
0.9160665273666382,30.389890670776367
0.9060450792312622,30.41395378112793
0.8935288786888123,30.437376022338867
0.926084578037262,30.456525802612305
0.8988417983055115,30.47681999206543
0.9005076289176941,30.496200561523438
0.9184555411338806,30.513608932495117
0.8921289443969727,30.531644821166992
0.9056020975112915,30.547758102416992
0.9056045413017273,30.56536865234375
0.9012743234634399,30.578840255737305
0.8841238617897034,30.600357055664062
0.9202160835266113,30.62434196472168
0.9075266122817993,30.650449752807617
0.909076452255249,30.678939819335938
0.8917562365531921,30.704727172851562
0.9117094278335571,30.7305908203125
0.893486738204956,30.756132125854492
0.8943174481391907,30.77574348449707
0.8982292413711548,30.794832229614258
0.913153350353241,30.816741943359375
0.9070708155632019,30.837051391601562
0.8966959714889526,30.862272262573242
0.8950762748718262,30.882368087768555
0.9092288017272949,30.90168571472168
0.8970505595207214,30.916688919067383
0.9000896215438843,30.931121826171875
0.8964978456497192,30.943082809448242
0.9124283790588379,30.95387077331543
0.926145076751709,30.95966911315918
0.8927375078201294,30.970151901245117
0.8938881158828735,30.976747512817383
0.9099763631820679,30.985002517700195
0.8989675641059875,30.991106033325195
0.8883998990058899,30.997663497924805
0.8878381252288818,31.003921508789062
0.9019124507904053,31.013748168945312
0.9097520112991333,31.020978927612305
0.9002602100372314,31.031997680664062
0.8913902044296265,31.03504753112793
0.8926074504852295,31.036226272583008
0.8898346424102783,31.030336380004883
0.8963398933410645,31.025270462036133
0.9130630493164062,31.017820358276367
0.9044100046157837,31.008878707885742
0.9017813801765442,30.9945068359375
0.8961910009384155,30.979764938354492
0.8886814713478088,30.965299606323242
0.8987793326377869,30.958189010620117
0.9053974151611328,30.950761795043945
0.8976292610168457,30.929975509643555
0.8973013162612915,30.91505241394043
0.9160786867141724,30.902524948120117
0.8834688067436218,30.893632888793945
0.9161947965621948,30.890962600708008
0.9095447063446045,30.885530471801758
0.9156474471092224,30.870450973510742
0.9011439085006714,30.856491088867188
0.8931878805160522,30.844161987304688
0.9056640863418579,30.83369255065918
0.9004938006401062,30.827177047729492
0.898268461227417,30.82371711730957
0.8892620205879211,30.819684982299805
0.8953582644462585,30.810606002807617
0.9055029153823853,30.801023483276367
0.8854377865791321,30.79193115234375
0.8886083960533142,30.77897834777832
0.9087129235267639,30.768400192260742
0.9268818497657776,30.757753372192383
0.9152076840400696,30.747743606567383
0.9052844047546387,30.744871139526367
0.9087687134742737,30.734067916870117
0.8953871130943298,30.730085372924805
0.9000157117843628,30.72813606262207
0.9040770530700684,30.724245071411133
0.8985412120819092,30.721847534179688
0.8963260650634766,30.726625442504883
0.8962597846984863,30.733551025390625
0.8973221778869629,30.733186721801758
0.9040477871894836,30.736740112304688
0.9091260433197021,30.743988037109375
0.9055903553962708,30.751298904418945
0.9068461060523987,30.75285530090332
0.8921541571617126,30.749814987182617
0.8930599093437195,30.744977951049805
0.9122852683067322,30.737443923950195
0.8979222178459167,30.730667114257812
0.8799837827682495,30.73542594909668
0.894288182258606,30.735273361206055
0.9021519422531128,30.734296798706055
0.9101243019104004,30.736665725708008
0.894654393196106,30.739730834960938
0.9183108806610107,30.739042282104492
0.9101205468177795,30.732908248901367
0.9157278537750244,30.723634719848633
0.9037586450576782,30.714826583862305
0.8988454341888428,30.701095581054688
0.8868657350540161,30.681562423706055
0.9039731621742249,30.656709671020508
0.9161728024482727,30.645963668823242
0.8835119009017944,30.634458541870117
0.8833701610565186,30.620332717895508
0.9105234146118164,30.6090087890625
0.8986667990684509,30.593050003051758
0.8977216482162476,30.580507278442383
0.908249020576477,30.568693161010742
0.8964155912399292,30.56134033203125
0.9155880808830261,30.551206588745117
0.9078593850135803,30.54121208190918
0.8948401212692261,30.527206420898438
0.9024432897567749,30.51848030090332
0.8999928832054138,30.50855827331543
0.9005992412567139,30.50062370300293
0.9164557456970215,30.49030876159668
0.9127398133277893,30.483903884887695
0.8829168081283569,30.485519409179688
0.8985241055488586,30.484743118286133
0.8995315432548523,30.477113723754883
0.9048242568969727,30.474533081054688
0.8983814120292664,30.47294807434082
0.9141626954078674,30.470243453979492
0.9037283658981323,30.47148323059082
0.8876598477363586,30.471677780151367
0.9127601981163025,30.46601676940918
0.9202075004577637,30.452909469604492
0.9095742702484131,30.444196701049805
0.9061562418937683,30.43153190612793
0.9020125865936279,30.42396354675293
0.8998249769210815,30.42170524597168
0.8841435313224792,30.4156494140625
0.898360013961792,30.414077758789062
0.9106271266937256,30.41874885559082
0.9070010781288147,30.41920280456543
0.8840317130088806,30.417146682739258
0.886995255947113,30.418638229370117
0.9144665598869324,30.423612594604492
0.9195051789283752,30.425291061401367
0.907145619392395,30.431211471557617
0.8976573944091797,30.433683395385742
0.8987234830856323,30.440324783325195
0.9049015045166016,30.443941116333008
0.8945976495742798,30.458467483520508
0.8907274007797241,30.481382369995117
0.9015819430351257,30.499467849731445
0.884894073009491,30.510835647583008
0.9004202485084534,30.512479782104492
0.9026163816452026,30.512466430664062
0.8996472358703613,30.511398315429688
0.903266191482544,30.514131546020508
0.8916597366333008,30.514190673828125
0.9039097428321838,30.514631271362305
0.9036791324615479,30.517961502075195
0.9144283533096313,30.522825241088867
0.9022305607795715,30.52568244934082
0.9131743907928467,30.532930374145508
0.914371907711029,30.53924560546875
0.8847419619560242,30.54376220703125
0.9068195819854736,30.552217483520508
0.8950532078742981,30.568113327026367
0.9187412261962891,30.584379196166992
0.9039101004600525,30.589675903320312
0.9096501469612122,30.595441818237305
0.8996046185493469,30.603334426879883
0.9215025901794434,30.614885330200195
0.8891269564628601,30.627958297729492
0.9102967977523804,30.642946243286133
0.883679986000061,30.661561965942383
0.9089063405990601,30.676897048950195
0.9077182412147522,30.688751220703125
0.9158502817153931,30.697538375854492
0.9181984663009644,30.697614669799805
0.9064269065856934,30.699752807617188
0.9076368808746338,30.707277297973633
0.9104928374290466,30.709638595581055
0.8916195631027222,30.71031379699707
0.9286238551139832,30.709566116333008
0.8991833925247192,30.70903205871582
0.9178635478019714,30.710161209106445
0.8985288143157959,30.708009719848633
0.8928278684616089,30.696134567260742
0.9146860241889954,30.682954788208008
0.8841893672943115,30.671175003051758
0.9274222254753113,30.65955924987793
0.9020432233810425,30.651121139526367
0.9216356873512268,30.64372444152832
0.9047507643699646,30.643844604492188
0.913775622844696,30.639711380004883
0.9186643958091736,30.638364791870117
0.8725228309631348,30.632688522338867
0.9063864946365356,30.628965377807617
0.9114013314247131,30.62116813659668
0.9279197454452515,30.61768913269043
0.9090324640274048,30.609952926635742
0.8879222869873047,30.606294631958008
0.9003106355667114,30.60499382019043
0.9206145405769348,30.602815628051758
0.9193098545074463,30.59617805480957
0.893369734287262,30.582674026489258
0.9031792283058167,30.570283889770508
0.9250360727310181,30.55772590637207
0.9124386310577393,30.554994583129883
0.9180083870887756,30.55084228515625
0.9123103618621826,30.539487838745117
0.9153606295585632,30.52916145324707
0.9017386436462402,30.513381958007812
0.8997842669487,30.497835159301758
0.8862183094024658,30.473234176635742
0.9020692706108093,30.444337844848633
0.9060568809509277,30.416288375854492
0.8826730251312256,30.393342971801758
0.9058537483215332,30.369203567504883
0.9007812142372131,30.341779708862305
0.894564151763916,30.315462112426758
0.8925109505653381,30.29102897644043
0.9011262655258179,30.27055549621582
0.8777884840965271,30.254884719848633
0.8990654349327087,30.24046516418457
0.9043492078781128,30.224031448364258
0.90507972240448,30.207857131958008
0.8935549855232239,30.20191764831543
0.9017124176025391,30.193662643432617
0.8951177597045898,30.180206298828125
0.9044949412345886,30.181838989257812
0.9091662168502808,30.183595657348633
0.916763424873352,30.192354202270508
0.9004508256912231,30.195283889770508
0.9113823175430298,30.197568893432617
0.8999485373497009,30.198959350585938
0.9030579924583435,30.206464767456055
0.8940602540969849,30.214384078979492
0.8807363510131836,30.220720291137695
0.8932086825370789,30.22673225402832
0.9095459580421448,30.23185920715332
0.8948148488998413,30.238584518432617
0.9053249359130859,30.245695114135742
0.8883615732192993,30.252256393432617
0.9018133878707886,30.265562057495117
0.9045841693878174,30.275541305541992
0.9121779203414917,30.285341262817383
0.9033854603767395,30.294477462768555
0.8839191198348999,30.304624557495117
0.923150897026062,30.311861038208008
0.9136030673980713,30.3214111328125
0.9121649861335754,30.334566116333008
0.9023531079292297,30.349672317504883
0.905346155166626,30.362730026245117
0.9085267782211304,30.373884201049805
0.9063746929168701,30.394136428833008
0.8966390490531921,30.41187858581543
0.9114745855331421,30.425127029418945
0.9112842082977295,30.436017990112305
0.9019314050674438,30.450408935546875
0.9040688276290894,30.468368530273438
0.9164042472839355,30.481691360473633
0.9206653833389282,30.493684768676758
0.9191439151763916,30.504671096801758
0.9081722497940063,30.51923942565918
0.9002493023872375,30.526948928833008
0.9147018194198608,30.534055709838867
0.9118877649307251,30.544309616088867
0.9077216386795044,30.5621337890625
0.9030217528343201,30.575349807739258
0.9073315262794495,30.588895797729492
0.9083811640739441,30.595842361450195
0.9031267762184143,30.603681564331055
0.8937405347824097,30.612668991088867
0.9205527901649475,30.624311447143555
0.9028897881507874,30.634706497192383
0.892909586429596,30.653642654418945
0.8999332189559937,30.678098678588867
0.8866411447525024,30.696413040161133
0.9046207070350647,30.720674514770508
0.9242520332336426,30.744157791137695
0.900180459022522,30.763338088989258
0.9051623940467834,30.781112670898438
0.93508380651474,30.799650192260742
0.9218792915344238,30.819440841674805
0.9200574159622192,30.836027145385742
0.9125685691833496,30.847490310668945
0.8995795249938965,30.857301712036133
0.9235599637031555,30.864534378051758
0.8732199668884277,30.870391845703125
0.910370409488678,30.868867874145508
0.8964470624923706,30.86711311340332
0.907701313495636,30.861738204956055
0.9022343158721924,30.847688674926758
0.8958336710929871,30.83476448059082
0.9041998386383057,30.828580856323242
0.9018205404281616,30.819734573364258
0.9300184845924377,30.810728073120117
0.9082534313201904,30.7998046875
0.9311662912368774,30.786958694458008
0.9092578887939453,30.775495529174805
0.9000457525253296,30.76396369934082
0.8881235122680664,30.754243850708008
0.915136456489563,30.748567581176758
0.8887571692466736,30.741106033325195
0.9102637767791748,30.736831665039062
0.9069132208824158,30.732667922973633
0.8826709985733032,30.72715950012207
0.8953812122344971,30.720792770385742
0.916133463382721,30.715486526489258
0.912238359451294,30.71412467956543
0.9113383889198303,30.712343215942383
0.8942434787750244,30.714723587036133
0.9045798778533936,30.723068237304688
0.9017550945281982,30.734895706176758
0.8952337503433228,30.74090576171875
0.8922995328903198,30.742353439331055
0.8887202739715576,30.740659713745117
0.9070167541503906,30.739011764526367
0.9046173095703125,30.737638473510742
0.8813389539718628,30.74040412902832
0.9053236842155457,30.744308471679688
0.9093154668807983,30.746305465698242
0.915549099445343,30.748231887817383
0.9058722257614136,30.75407600402832
0.9038327932357788,30.755903244018555
0.9079421162605286,30.7529296875
0.8773883581161499,30.752840042114258
0.9048531651496887,30.751646041870117
0.9064446687698364,30.747007369995117
0.9071095585823059,30.743898391723633
0.9275177121162415,30.740507125854492
0.9051963686943054,30.739442825317383
0.8968356847763062,30.735567092895508
0.896453320980072,30.7220458984375
0.904661238193512,30.704530715942383
0.9255141615867615,30.689498901367188
0.9203007817268372,30.678647994995117
0.9074934720993042,30.66444206237793
0.9048656225204468,30.654253005981445
0.893569827079773,30.639297485351562
0.923644483089447,30.621599197387695
0.9185863137245178,30.60804557800293
0.8951619863510132,30.598756790161133
0.8914161324501038,30.598615646362305
0.9062321782112122,30.593172073364258
0.9021533727645874,30.583662033081055
0.8873341679573059,30.574783325195312
0.9074383974075317,30.56287956237793
0.9058127403259277,30.549867630004883
0.8915213346481323,30.535707473754883
0.9084288477897644,30.518037796020508
0.9106048941612244,30.501493453979492
0.9338876605033875,30.485946655273438
0.9093654751777649,30.47224235534668
0.900219738483429,30.45634651184082
0.9085932374000549,30.443513870239258
0.9246857166290283,30.43275260925293
0.8907856941223145,30.425703048706055
0.9056436419487,30.412946701049805
0.9159657955169678,30.404996871948242
0.9013092517852783,30.39404296875
0.8980868458747864,30.38627815246582
0.9091349840164185,30.38151741027832
0.8905909657478333,30.368223190307617
0.8970677256584167,30.358659744262695
0.9095131754875183,30.34269905090332
0.9057071208953857,30.326337814331055
0.8917573690414429,30.313764572143555
0.9052826166152954,30.302736282348633
0.9040073156356812,30.286012649536133
0.8968766927719116,30.270963668823242
0.920724093914032,30.248811721801758
0.8971598148345947,30.232986450195312
0.9020092487335205,30.21973991394043
0.8919527530670166,30.20759391784668
0.9171242713928223,30.200927734375
0.9089763760566711,30.196378707885742
0.9111193418502808,30.189453125
0.8940197825431824,30.182435989379883
0.8873263597488403,30.171785354614258
0.8895742297172546,30.170499801635742
0.9201233983039856,30.171297073364258
0.9070003032684326,30.173219680786133
0.8901568651199341,30.168027877807617
0.9032915234565735,30.164337158203125
0.8905462026596069,30.169340133666992
0.9196357131004333,30.167617797851562
0.9085968136787415,30.170900344848633
0.9044462442398071,30.17393684387207
0.9054434299468994,30.178739547729492
0.8929493427276611,30.177156448364258
0.911978006362915,30.172990798950195
0.8934024572372437,30.165937423706055
0.905117928981781,30.155885696411133
0.906879186630249,30.147951126098633
0.9233900904655457,30.142637252807617
0.9205337762832642,30.140413284301758
0.9056745767593384,30.13807487487793
0.9111905097961426,30.14061164855957
0.9064306616783142,30.140745162963867
0.9067463278770447,30.152223587036133
0.8974109888076782,30.159822463989258
0.9111977219581604,30.16404914855957
0.8957082629203796,30.168027877807617
0.8961920738220215,30.17216682434082
0.888695240020752,30.179609298706055
0.8949965238571167,30.18351936340332
0.8890974521636963,30.1798095703125
0.9042458534240723,30.181577682495117
0.9187604188919067,30.180192947387695
0.8778281807899475,30.17515754699707
0.9184001088142395,30.181886672973633
0.9048216342926025,30.187864303588867
0.8958330750465393,30.199172973632812
0.9012417793273926,30.199644088745117
0.8939719796180725,30.200899124145508
0.8972038626670837,30.199312210083008
0.9258479475975037,30.192461013793945
0.9062615633010864,30.184049606323242
0.9104983806610107,30.181243896484375
0.9109758734703064,30.181867599487305
0.9053117036819458,30.186614990234375
0.9148257970809937,30.199235916137695
0.8971917033195496,30.215578079223633
0.9012839794158936,30.237749099731445
0.9085566401481628,30.257356643676758
0.8956719636917114,30.277555465698242
0.9001500606536865,30.29676628112793
0.9119591116905212,30.31199836730957
0.9024547934532166,30.325868606567383
0.8791870474815369,30.337493896484375
0.9078711271286011,30.348617553710938
0.9109174609184265,30.357454299926758
0.9129260182380676,30.362611770629883
0.9262375235557556,30.375078201293945
0.9027723670005798,30.37956428527832
0.8945742845535278,30.38908576965332
0.9190828800201416,30.393768310546875
0.9000692367553711,30.401273727416992
0.8952503800392151,30.411470413208008
0.8874325156211853,30.418516159057617
0.8995674848556519,30.431119918823242
0.9065114259719849,30.43907356262207
0.89395672082901,30.440521240234375
0.9030277729034424,30.440229415893555
0.9022347331047058,30.447690963745117
0.8825643062591553,30.45069694519043
0.9034658074378967,30.44902229309082
0.8989382386207581,30.444852828979492
0.8928409814834595,30.44212532043457
0.9104534387588501,30.436540603637695
0.9053825736045837,30.434526443481445
0.8977475166320801,30.434921264648438
0.8820235729217529,30.439680099487305
0.914404571056366,30.450315475463867
0.9070684313774109,30.459745407104492
0.9138556122779846,30.470491409301758
0.9077095985412598,30.473787307739258
0.8916511535644531,30.474149703979492
0.903605580329895,30.464948654174805
0.9112036228179932,30.451231002807617
0.908153772354126,30.44148063659668
0.9120707511901855,30.432207107543945
0.900629460811615,30.426422119140625
0.9054930806159973,30.419801712036133
0.9211253523826599,30.41093635559082
0.9149653911590576,30.412580490112305
0.9133124947547913,30.419157028198242
0.9039721488952637,30.425233840942383
0.8888940215110779,30.433168411254883
0.9202098250389099,30.43614387512207
0.8948761820793152,30.446672439575195
0.903031587600708,30.454816818237305
0.8986844420433044,30.466093063354492
0.9065830111503601,30.473752975463867
0.9048391580581665,30.47913932800293
0.9098422527313232,30.486221313476562
0.9140496850013733,30.498201370239258
0.9132432341575623,30.506258010864258
0.9100106358528137,30.51124382019043
0.9217421412467957,30.520357131958008
0.9168692827224731,30.532716751098633
0.9074319005012512,30.542360305786133
0.8983486294746399,30.553163528442383
0.8920878767967224,30.564973831176758
0.898277759552002,30.56983757019043
0.9049123525619507,30.577573776245117
0.9309762716293335,30.579404830932617
0.9112403392791748,30.587003707885742
0.8998937606811523,30.591367721557617
0.9213797450065613,30.60004997253418
0.8925116062164307,30.60554313659668
0.9099088907241821,30.613679885864258
0.8953646421432495,30.621950149536133
0.9029431939125061,30.627622604370117
0.9019161462783813,30.638212203979492
0.883895218372345,30.64387321472168
0.8956905007362366,30.649229049682617
0.9210588335990906,30.655763626098633
0.8965221643447876,30.659379959106445
0.8893235325813293,30.66602897644043
0.8905726671218872,30.668046951293945
0.9082551002502441,30.668474197387695
0.898497462272644,30.666414260864258
0.8909428715705872,30.667436599731445
0.8955820202827454,30.670438766479492
0.8922648429870605,30.673521041870117
0.8935267925262451,30.675687789916992
0.8982537984848022,30.678373336791992
0.9033469557762146,30.68443489074707
0.9042266607284546,30.685304641723633
0.910968542098999,30.691556930541992
0.8937406539916992,30.697404861450195
0.9019321203231812,30.706083297729492
0.9146811366081238,30.713651657104492
0.9118073582649231,30.72559928894043
0.9255476593971252,30.74212646484375
0.9323713183403015,30.75629997253418
0.9098089933395386,30.76725959777832
0.9086020588874817,30.779630661010742
0.9051652550697327,30.794828414916992
0.9113789200782776,30.810945510864258
0.9239044189453125,30.82258415222168
0.9037410020828247,30.828737258911133
0.9023244976997375,30.83018684387207
0.9043508768081665,30.833831787109375
0.9318146109580994,30.832796096801758
0.9121354818344116,30.83918571472168
0.8992401361465454,30.842390060424805
0.9091006517410278,30.843961715698242
0.9016156196594238,30.850770950317383
0.9004881381988525,30.854890823364258
0.8941400051116943,30.862260818481445
0.9121888875961304,30.872373580932617
0.8910830616950989,30.884660720825195
0.884482741355896,30.886640548706055
0.9202805161476135,30.894197463989258
0.9113251566886902,30.903120040893555
0.9059587121009827,30.913637161254883
0.9204387068748474,30.92228889465332
0.9073114991188049,30.93077278137207
0.9112864136695862,30.946149826049805
0.9014343023300171,30.962705612182617
0.908477246761322,30.97874641418457
0.9095160961151123,30.991334915161133
0.8918142318725586,30.998979568481445
0.9105844497680664,31.00914192199707
0.8903994560241699,31.015546798706055
0.9115428924560547,31.020383834838867
0.8795151710510254,31.01835823059082
0.9052551984786987,31.010988235473633
0.9131496548652649,31.004133224487305
0.9135088920593262,31.001649856567383
0.8989136815071106,31.00439453125
0.8973950147628784,31.018922805786133
0.9143430590629578,31.03514289855957
0.9116744995117188,31.047929763793945
0.915592610836029,31.055269241333008
0.9116236567497253,31.067293167114258
0.8956774473190308,31.07371711730957
0.8775484561920166,31.086057662963867
0.9171419143676758,31.09227180480957
0.9211521148681641,31.09642219543457
0.8985103368759155,31.098573684692383
0.9110939502716064,31.102676391601562
0.9003250002861023,31.107847213745117
0.8908791542053223,31.116300582885742
0.9216729998588562,31.13319206237793
0.9048482179641724,31.14447021484375
0.8976377248764038,31.150602340698242
0.9040892720222473,31.152341842651367
0.9027588367462158,31.150144577026367
0.911129891872406,31.143129348754883
0.9016286134719849,31.136262893676758
0.903677225112915,31.12934684753418
0.9147177934646606,31.121427536010742
0.890680730342865,31.11659049987793
0.9126042127609253,31.115280151367188
0.9116894006729126,31.114561080932617
0.9057501554489136,31.108673095703125
0.9107281565666199,31.102785110473633
0.9114755988121033,31.094940185546875
0.9173066020011902,31.084959030151367
0.8998210430145264,31.072874069213867
0.9184680581092834,31.06129264831543
0.9098008275032043,31.050870895385742
0.9029039144515991,31.044248580932617
0.9040448069572449,31.03846549987793
0.905312180519104,31.033143997192383
0.9113955497741699,31.025894165039062
0.8907363414764404,31.018354415893555
0.9059565663337708,31.013044357299805
0.8981400728225708,31.00462532043457
0.8806979656219482,31.000795364379883
0.9178885221481323,30.992918014526367
0.9089054465293884,30.98896598815918
0.8944971561431885,30.98505973815918
0.9272807836532593,30.977445602416992
0.9042209982872009,30.966794967651367
0.9065901637077332,30.964113235473633
0.8978440761566162,30.96394157409668
0.8839912414550781,30.963178634643555
0.8681858777999878,30.963926315307617
0.907073974609375,30.964601516723633
0.8945774435997009,30.965269088745117
0.9096506237983704,30.959012985229492
0.9232374429702759,30.951812744140625
0.8956742882728577,30.944520950317383
0.8897960186004639,30.93385124206543
0.8961793184280396,30.92021369934082
0.8963077068328857,30.901933670043945
0.9001920819282532,30.89103889465332
0.9097685813903809,30.880189895629883
0.9163175821304321,30.867216110229492
0.9008290767669678,30.856534957885742
0.9028829336166382,30.846162796020508
0.9057736396789551,30.836214065551758
0.9003893136978149,30.82356071472168
0.8852359056472778,30.8076171875
0.8896667957305908,30.79231071472168
0.9058884382247925,30.773134231567383
0.9099700450897217,30.760831832885742
0.9077858924865723,30.752962112426758
0.9013586640357971,30.747602462768555
0.91338050365448,30.74516487121582
0.9087821245193481,30.747098922729492
0.9199678301811218,30.751218795776367
0.9029062986373901,30.754392623901367
0.9003384709358215,30.755815505981445
0.9305582642555237,30.754301071166992
0.9063475728034973,30.750581741333008
0.8925747871398926,30.756166458129883
0.8999866247177124,30.76374626159668
0.9124142527580261,30.775819778442383
0.8934675455093384,30.786848068237305
0.902789831161499,30.79887580871582
0.8876391649246216,30.812715530395508
0.9010368585586548,30.824384689331055
0.908837616443634,30.83375358581543
0.9030529260635376,30.848665237426758
0.898033857345581,30.860658645629883
0.9096193909645081,30.869964599609375
0.9001880884170532,30.883867263793945
0.9044091105461121,30.89732551574707
0.9263830184936523,30.90672492980957
0.9086576104164124,30.91084098815918
0.9115357398986816,30.908113479614258
0.896438479423523,30.905698776245117
0.9117305278778076,30.907562255859375
0.8986275792121887,30.904661178588867
0.8892420530319214,30.903852462768555
0.9008638858795166,30.904874801635742
0.8968929648399353,30.906984329223633
0.9153125882148743,30.91050910949707
0.8904322981834412,30.911819458007812
0.9218181371688843,30.914628982543945
0.900067925453186,30.920942306518555
0.9101917147636414,30.936494827270508
0.8881766200065613,30.950956344604492
0.9023302793502808,30.963394165039062
0.9286519289016724,30.966432571411133
0.8789627552032471,30.97114372253418
0.8944834470748901,30.97453498840332
0.8941656947135925,30.978254318237305
0.889000654220581,30.98213005065918
0.9006337523460388,30.987993240356445
0.9012572765350342,30.990814208984375
0.9126589894294739,30.997312545776367
0.9137760996818542,31.00318717956543
0.9066628217697144,31.008787155151367
0.9096383452415466,31.015974044799805
0.9083280563354492,31.020078659057617
0.9087847471237183,31.024017333984375
0.90561842918396,31.022035598754883
0.8960005044937134,31.020750045776367
0.9202067852020264,31.018800735473633
0.9054474830627441,31.02473258972168
0.8883364200592041,31.03337287902832
0.9034997224807739,31.035123825073242
0.9059877395629883,31.032258987426758
0.9019452333450317,31.029325485229492
0.8931787014007568,31.015825271606445
0.9071158766746521,31.00541877746582
0.9337958693504333,30.98933219909668
0.9132938981056213,30.98016357421875
0.9108089208602905,30.97370719909668
0.8911095857620239,30.968156814575195
0.9074347019195557,30.964174270629883
0.9106369018554688,30.959518432617188
0.8879214525222778,30.952531814575195
0.9131051898002625,30.946393966674805
0.9141950607299805,30.937467575073242
0.9074249267578125,30.932600021362305
0.9091101884841919,30.92466926574707
0.8719357848167419,30.916078567504883
0.9068102240562439,30.902189254760742
0.9008405208587646,30.886568069458008
0.9243470430374146,30.86674690246582
0.9147069454193115,30.845064163208008
0.9144287705421448,30.828340530395508
0.8964419960975647,30.813871383666992
0.893718957901001,30.790407180786133
0.8887178897857666,30.76719856262207
0.8910652995109558,30.748979568481445
0.9162758588790894,30.730817794799805
0.9074387550354004,30.717119216918945
0.8949137926101685,30.701231002807617
0.9115321040153503,30.688566207885742
0.8749045729637146,30.67976188659668
0.8983001112937927,30.673311233520508
0.9062899351119995,30.661378860473633
0.8928815722465515,30.653596878051758
0.9048271775245667,30.645036697387695
0.9060761332511902,30.63276481628418
0.9018581509590149,30.619813919067383
0.893364667892456,30.603483200073242
0.888746976852417,30.59046745300293
0.9058430194854736,30.576936721801758
0.9184050559997559,30.5660400390625
0.892680823802948,30.553983688354492
0.8825345635414124,30.539243698120117
0.9092457294464111,30.5228271484375
0.9147908687591553,30.507522583007812
0.9146313071250916,30.491056442260742
0.8859075307846069,30.479948043823242
0.9054811000823975,30.474184036254883
0.9002617597579956,30.470304489135742
0.8918550610542297,30.466203689575195
0.8975083827972412,30.471662521362305
0.919182300567627,30.481168746948242
0.892753541469574,30.496213912963867
0.9145406484603882,30.510805130004883
0.9103394150733948,30.519075393676758
0.9031617641448975,30.524717330932617
0.8918512463569641,30.52815055847168
0.9094197750091553,30.529420852661133
0.8799118995666504,30.52912712097168
0.9088898301124573,30.523420333862305
0.9039655327796936,30.523012161254883
0.9138668775558472,30.517805099487305
0.9145146608352661,30.513505935668945
0.8992241621017456,30.50584602355957
0.8972392678260803,30.507339477539062
0.9088730812072754,30.508638381958008
0.9077563285827637,30.507080078125
0.889467179775238,30.500852584838867
0.9133173227310181,30.502779006958008
0.9132972955703735,30.510637283325195
0.8988133668899536,30.515762329101562
0.9343934059143066,30.515548706054688
0.9144449830055237,30.515962600708008
0.9266848564147949,30.520307540893555
0.891121506690979,30.529619216918945
0.914717972278595,30.53538703918457
0.8944071531295776,30.542985916137695
0.914228081703186,30.550783157348633
0.9067498445510864,30.555376052856445
0.9279306530952454,30.563722610473633
0.9042165279388428,30.57426643371582
0.8956625461578369,30.583768844604492
0.8959303498268127,30.593843460083008
0.8991689682006836,30.591611862182617
0.925434410572052,30.586456298828125
0.9005245566368103,30.580842971801758
0.9024120569229126,30.575971603393555
0.9131711721420288,30.569181442260742
0.9014012813568115,30.564329147338867
0.9078369736671448,30.56633186340332
0.9060057997703552,30.567930221557617
0.9070205092430115,30.57536506652832
0.9273226857185364,30.577726364135742
0.8997376561164856,30.578306198120117
0.9008310437202454,30.578733444213867
0.8981123566627502,30.57890510559082
0.916872501373291,30.583223342895508
0.8962260484695435,30.58830451965332
0.8936445713043213,30.589399337768555
0.8952686786651611,30.587343215942383
0.9027893543243408,30.579988479614258
0.9035184979438782,30.573759078979492
0.8882225155830383,30.56663703918457
0.9162560701370239,30.564409255981445
0.892067551612854,30.55620002746582
0.9106926918029785,30.553998947143555
0.9042063355445862,30.554201126098633
0.9042989015579224,30.549650192260742
0.9012848138809204,30.541030883789062
0.9049478769302368,30.527284622192383
0.8953118920326233,30.508512496948242
0.8874433040618896,30.48554801940918
0.8859453797340393,30.472505569458008
0.9099259972572327,30.463014602661133
0.9000861644744873,30.452024459838867
0.9074319005012512,30.447938919067383
0.9099739789962769,30.44066047668457
0.9179267883300781,30.429536819458008
0.9009153842926025,30.421186447143555
0.9128215909004211,30.412168502807617
0.9029337167739868,30.407121658325195
0.9164512157440186,30.403059005737305
0.9110373854637146,30.397369384765625
0.8882789611816406,30.394777297973633
0.8911023736000061,30.395906448364258
0.9019639492034912,30.39710807800293
0.9062540531158447,30.404573440551758
0.902601957321167,30.403181076049805
0.9091901183128357,30.404401779174805
0.9014759063720703,30.411649703979492
0.894171416759491,30.417661666870117
0.900608241558075,30.417970657348633
0.9091473817825317,30.41453742980957
0.9012699723243713,30.401731491088867
0.9129077196121216,30.391450881958008
0.9105346202850342,30.389434814453125
0.9164062142372131,30.384443283081055
0.8932889699935913,30.374513626098633
0.8932641744613647,30.367843627929688
0.8991663455963135,30.371580123901367
0.8958528637886047,30.370771408081055
0.9129819869995117,30.373308181762695
0.9046090245246887,30.374284744262695
0.9063643217086792,30.374631881713867
0.8829905390739441,30.375215530395508
0.8986241817474365,30.377960205078125
0.8943303227424622,30.374799728393555
0.9141725301742554,30.37702751159668
0.9187056422233582,30.378324508666992
0.9056012034416199,30.374937057495117
0.892166793346405,30.366945266723633
0.911716103553772,30.364320755004883
0.9212468862533569,30.354612350463867
0.9048374891281128,30.350801467895508
0.9073007106781006,30.345216751098633
0.8877831697463989,30.341035842895508
0.8985292315483093,30.338104248046875
0.9079562425613403,30.339754104614258
0.9214801788330078,30.334230422973633
0.9213016629219055,30.327192306518555
0.9004223346710205,30.31889533996582
0.89621901512146,30.31028938293457
0.8866344690322876,30.29850959777832
0.9051843881607056,30.294313430786133
0.8966244459152222,30.294710159301758
0.9184514880180359,30.290695190429688
0.9160736203193665,30.28553581237793
0.9088424444198608,30.282060623168945
0.9007826447486877,30.279754638671875
0.8957634568214417,30.277692794799805
0.906234622001648,30.276704788208008
0.9131796360015869,30.27247428894043
0.8935148119926453,30.26301383972168
0.8758659362792969,30.25471305847168
0.890316367149353,30.25004768371582
0.9114668965339661,30.24278450012207
0.9091701507568359,30.239503860473633
0.9005259275436401,30.234006881713867
0.9196420311927795,30.223878860473633
0.933606743812561,30.212968826293945
0.8889582753181458,30.20829963684082
0.9152286648750305,30.201826095581055
0.9170721173286438,30.195451736450195
0.8999835848808289,30.193906784057617
0.8999237418174744,30.191251754760742
0.9099777340888977,30.194658279418945
0.9114046096801758,30.193300247192383
0.9077709317207336,30.18940544128418
0.8867023587226868,30.191743850708008
0.8985181450843811,30.19523811340332
0.9121990203857422,30.196699142456055
0.8987343311309814,30.203720092773438
0.8937770128250122,30.215700149536133
0.9009843468666077,30.227842330932617
0.9052937626838684,30.233003616333008
0.9176577925682068,30.245864868164062
0.8754148483276367,30.25434684753418
0.9120268225669861,30.257158279418945
0.8980488181114197,30.256441116333008
0.90227210521698,30.256746292114258
0.9057974815368652,30.259157180786133
0.9043483734130859,30.269594192504883
0.9115081429481506,30.274595260620117
0.8824052810668945,30.281753540039062
0.8893275856971741,30.292253494262695
0.9081134796142578,30.305662155151367
0.9006238579750061,30.315305709838867
0.8980891704559326,30.32444953918457
0.912193775177002,30.333463668823242
0.9088672995567322,30.341066360473633
0.8898937702178955,30.3492431640625
0.8948596119880676,30.359804153442383
0.880771279335022,30.371126174926758
0.9082910418510437,30.384035110473633
0.9001743793487549,30.394834518432617
0.91582852602005,30.401016235351562
0.8939484357833862,30.408205032348633
0.8934720158576965,30.407896041870117
0.8764343857765198,30.398466110229492
0.8977974057197571,30.388612747192383
0.9075139760971069,30.385345458984375
0.9181488156318665,30.38218879699707
0.907707154750824,30.378053665161133
0.906909704208374,30.374574661254883
0.8854296803474426,30.36701774597168
0.917066216468811,30.354814529418945
0.9249341487884521,30.348833084106445
0.9038833975791931,30.35316276550293
0.9073591232299805,30.359128952026367
0.8928849697113037,30.362241744995117
0.8937172889709473,30.368120193481445
0.9024956226348877,30.369491577148438
0.8978992104530334,30.370561599731445
0.9034143686294556,30.36851692199707
0.9210277795791626,30.36549186706543
0.8952555060386658,30.367128372192383
0.9161003828048706,30.367233276367188
0.9006855487823486,30.374849319458008
0.8920066356658936,30.384183883666992
0.9274237155914307,30.392885208129883
0.9104833602905273,30.402677536010742
0.9094902276992798,30.41015625
0.8972552418708801,30.414888381958008
0.9104229807853699,30.424348831176758
0.8991154432296753,30.437667846679688
0.9181697368621826,30.446670532226562
0.8889408707618713,30.451475143432617
0.9117388129234314,30.459611892700195
0.8847522735595703,30.468263626098633
0.9004127383232117,30.471818923950195
0.9108119010925293,30.48249626159668
0.9185280799865723,30.491392135620117
0.8979756236076355,30.508256912231445
0.9045746326446533,30.51878547668457
0.9026579856872559,30.530899047851562
0.9028963446617126,30.54255485534668
0.9172400832176208,30.5538330078125
0.8991315364837646,30.56523323059082
0.9068470001220703,30.572174072265625
0.909339964389801,30.57902717590332
0.9104821681976318,30.57966423034668
0.9098809957504272,30.589689254760742
0.920746386051178,30.597183227539062
0.9161638021469116,30.598569869995117
0.9093886613845825,30.596298217773438
0.9017350673675537,30.591310501098633
0.904621958732605,30.584566116333008
0.8975930213928223,30.580034255981445
0.8934016823768616,30.576904296875
0.9036033153533936,30.575944900512695
0.9181853532791138,30.569089889526367
0.9300326108932495,30.564298629760742
0.9072723984718323,30.55787467956543
0.9322481751441956,30.545289993286133
0.8978245258331299,30.53944206237793
0.9112013578414917,30.537050247192383
0.9318917393684387,30.531766891479492
0.9155255556106567,30.531095504760742
0.9206696152687073,30.534196853637695
0.9135780334472656,30.53569221496582
0.8984277844429016,30.531953811645508
0.90025395154953,30.526641845703125
0.8950693607330322,30.520830154418945
0.9064477682113647,30.513917922973633
0.907598614692688,30.515993118286133
0.8798913359642029,30.516145706176758
0.9052150249481201,30.51295280456543
0.9112823009490967,30.504274368286133
0.9083163738250732,30.50206184387207
0.9159554243087769,30.5006103515625
0.9080955386161804,30.498273849487305
0.8938935995101929,30.504758834838867
0.9105678796768188,30.515748977661133
0.9189183712005615,30.528291702270508
0.8912335634231567,30.543394088745117
0.9005705714225769,30.557767868041992
0.9012872576713562,30.568803787231445
0.9138201475143433,30.573453903198242
0.9085636138916016,30.58070182800293
0.9220575094223022,30.589750289916992
0.9128803014755249,30.59269905090332
0.9287524223327637,30.597978591918945
0.9097521305084229,30.601350784301758
0.9177518486976624,30.605348587036133
0.9001596570014954,30.610597610473633
0.9139693975448608,30.621320724487305
0.9203518629074097,30.637514114379883
0.8857352137565613,30.64973258972168
0.9153004884719849,30.661211013793945
0.9058868885040283,30.662397384643555
0.893986701965332,30.672040939331055
0.9183715581893921,30.677064895629883
0.9142056703567505,30.682527542114258
0.9077558517456055,30.687406539916992
0.8867928981781006,30.68464469909668
0.8974120616912842,30.679533004760742
0.9087152481079102,30.672395706176758
0.9029667377471924,30.668577194213867
0.9002572298049927,30.663541793823242
0.9214882850646973,30.663469314575195
0.8980833292007446,30.663362503051758
0.8979353308677673,30.654708862304688
0.9047254323959351,30.64723014831543
0.9020594358444214,30.643022537231445
0.887949526309967,30.640474319458008
0.91130131483078,30.640960693359375
0.8971242904663086,30.646087646484375
0.900218665599823,30.653165817260742
0.906592071056366,30.66009521484375
0.9075807332992554,30.665267944335938
0.9076130390167236,30.672819137573242
0.8956637978553772,30.681882858276367
0.9097957015037537,30.690732955932617
0.9192063808441162,30.69801139831543
0.9178056120872498,30.703535079956055
0.9073310494422913,30.7130126953125
0.9088374972343445,30.720674514770508
0.9154037833213806,30.723421096801758
0.9054665565490723,30.726469039916992
0.8949958682060242,30.72215461730957
0.8889710903167725,30.716707229614258
0.8900762796401978,30.712343215942383
0.9245058298110962,30.702543258666992
0.9441264271736145,30.69871711730957
0.9062328338623047,30.695493698120117
0.908025860786438,30.696989059448242
0.9029104113578796,30.69597053527832
0.8811613321304321,30.698713302612305
0.8846772313117981,30.697097778320312
0.9113869667053223,30.698244094848633
0.9183566570281982,30.691312789916992
0.9114074110984802,30.686922073364258
0.9113802313804626,30.679994583129883
0.9217677712440491,30.674039840698242
0.9060916304588318,30.67003059387207
0.9040043950080872,30.662843704223633
0.9189836382865906,30.660917282104492
0.9198611378669739,30.664033889770508
0.8904193043708801,30.67414665222168
0.8992634415626526,30.684389114379883
0.9316157102584839,30.688676834106445
0.9155883193016052,30.685075759887695
0.9125933051109314,30.685667037963867
0.8877801299095154,30.684968948364258
0.9189716577529907,30.684064865112305
0.9115824103355408,30.68842887878418
0.9042914509773254,30.695966720581055
0.9136275053024292,30.701414108276367
0.8766138553619385,30.709413528442383
0.9281487464904785,30.71379280090332
0.9130586981773376,30.717653274536133
0.9249407649040222,30.72968864440918
0.9024996757507324,30.737977981567383
0.9121143221855164,30.739484786987305
0.918208122253418,30.744016647338867
0.919399619102478,30.742952346801758
0.9292334318161011,30.746458053588867
0.9045966267585754,30.749296188354492
0.9094521999359131,30.74876594543457
0.9045803546905518,30.747114181518555
0.9044578075408936,30.748018264770508
0.8963770270347595,30.747682571411133
0.9109962582588196,30.751615524291992
0.9123193621635437,30.755292892456055
0.9037566184997559,30.7603759765625
0.9209468960762024,30.776124954223633
0.9026339054107666,30.79047966003418
0.8873974084854126,30.795194625854492
0.914932906627655,30.796586990356445
0.9127514958381653,30.796171188354492
0.9210301637649536,30.800535202026367
0.8814917206764221,30.806364059448242
0.906995415687561,30.80976676940918
0.8993920683860779,30.81428337097168
0.9114636778831482,30.81321907043457
0.8985973000526428,30.813203811645508
0.8930850625038147,30.811307907104492
0.9158704876899719,30.808273315429688
0.9073185920715332,30.80402946472168
0.9155474305152893,30.796430587768555
0.9006089568138123,30.793622970581055
0.8939058780670166,30.785341262817383
0.9011030197143555,30.781156539916992
0.9186487197875977,30.776838302612305
0.9019491076469421,30.775251388549805
0.8984466195106506,30.773435592651367
0.8992763161659241,30.76789665222168
0.8985738754272461,30.76649284362793
0.9105983376502991,30.765031814575195
0.9161202907562256,30.767702102661133
0.9092156291007996,30.767683029174805
0.8999314308166504,30.7677001953125
0.9147387146949768,30.763336181640625
0.8936410546302795,30.76707649230957
0.9080621004104614,30.76276969909668
0.90572190284729,30.755643844604492
0.9047147035598755,30.74470329284668
0.9037339687347412,30.732484817504883
0.8970484733581543,30.72125244140625
0.9023569226264954,30.702987670898438
0.904807984828949,30.68389892578125
0.9120765328407288,30.665969848632812
0.9084112644195557,30.648271560668945
0.9172458648681641,30.634416580200195
0.8972851037979126,30.616683959960938
0.9120101928710938,30.602205276489258
0.898604691028595,30.59052848815918
0.894180953502655,30.585569381713867
0.8992193937301636,30.583707809448242
0.9205482006072998,30.582504272460938
0.911686360836029,30.580778121948242
0.8993935585021973,30.575014114379883
0.9217998385429382,30.567964553833008
0.8967586159706116,30.554929733276367
0.8937023282051086,30.538908004760742
0.8924755454063416,30.530088424682617
0.9194825887680054,30.532167434692383
0.9097498655319214,30.53156852722168
0.8875158429145813,30.531614303588867
0.9155175089836121,30.53630256652832
0.9122563600540161,30.541536331176758
0.9009526968002319,30.53801155090332
0.919172465801239,30.531126022338867
0.9014081358909607,30.522356033325195
0.9078336954116821,30.52195930480957
0.8872755169868469,30.517562866210938
0.9101085662841797,30.516294479370117
0.90987229347229,30.51666259765625
0.8866770267486572,30.516511917114258
0.8910850882530212,30.524782180786133
0.8906124830245972,30.539566040039062
0.8893527984619141,30.555452346801758
0.8943169116973877,30.56471061706543
0.8857282996177673,30.566864013671875
0.9107095003128052,30.565109252929688
0.9144958257675171,30.56645393371582
0.9134092926979065,30.573759078979492
0.8923727869987488,30.57975959777832
0.9033579230308533,30.583524703979492
0.9203545451164246,30.583311080932617
0.9093815684318542,30.582521438598633
0.9128042459487915,30.578065872192383
0.9146196246147156,30.569852828979492
0.8978704810142517,30.559186935424805
0.9186825156211853,30.554170608520508
0.9221709966659546,30.553268432617188
0.9137746095657349,30.550718307495117
0.9061715006828308,30.545591354370117
0.9049235582351685,30.542905807495117
0.9387102127075195,30.538789749145508
0.9094653129577637,30.539915084838867
0.9171024560928345,30.545682907104492
0.9071546792984009,30.555376052856445
0.8974953293800354,30.56458854675293
0.9038003087043762,30.577531814575195
0.9140995740890503,30.587736129760742
0.9190605282783508,30.59562873840332
0.924484133720398,30.608293533325195
0.9095827341079712,30.614225387573242
0.9144864082336426,30.6153564453125
0.9160926342010498,30.619749069213867
0.8971695303916931,30.62101936340332
0.9233810901641846,30.620878219604492
0.896941065788269,30.62183952331543
0.9087532758712769,30.621641159057617
0.9103521704673767,30.620058059692383
0.9060817360877991,30.617433547973633
0.9040539264678955,30.609678268432617
0.8966400027275085,30.605913162231445
0.8810857534408569,30.601259231567383
0.9075347781181335,30.595857620239258
0.923078715801239,30.59345817565918
0.911043107509613,30.59074592590332
0.8915526866912842,30.590028762817383
0.919279932975769,30.592039108276367
0.9068436622619629,30.595857620239258
0.8913800716400146,30.596097946166992
0.9031280279159546,30.600431442260742
0.899976909160614,30.603349685668945
0.9055843353271484,30.604612350463867
0.9175254702568054,30.607023239135742
0.9056528806686401,30.611387252807617
0.8933747410774231,30.611221313476562
0.923425555229187,30.61461067199707
0.8772769570350647,30.6214599609375
0.8910536170005798,30.630048751831055
0.9157084822654724,30.63862419128418
0.9123979210853577,30.64738655090332
0.9070954918861389,30.653230667114258
0.9134963154792786,30.658201217651367
0.9159186482429504,30.660600662231445
0.9148626923561096,30.660158157348633
0.8966229557991028,30.663711547851562
0.9191853404045105,30.671873092651367
0.9098764061927795,30.667875289916992
0.8914544582366943,30.668790817260742
0.8996514081954956,30.670148849487305
0.9158559441566467,30.6661376953125
0.899351179599762,30.665712356567383
0.8958705067634583,30.667388916015625
0.9078649282455444,30.665864944458008
0.9114528894424438,30.660690307617188
0.9033755660057068,30.657804489135742
0.9033334851264954,30.652450561523438
0.8931425213813782,30.648239135742188
0.9064865112304688,30.64594841003418
0.9064416885375977,30.647706985473633
0.9161352515220642,30.648958206176758
0.9167777299880981,30.644468307495117
0.9068390130996704,30.63831901550293
0.9009284377098083,30.632827758789062
0.9136086106300354,30.628786087036133
0.9026837348937988,30.62415885925293
0.8990038633346558,30.618059158325195
0.9149355292320251,30.610258102416992
0.9214573502540588,30.600690841674805
0.8993696570396423,30.590927124023438
0.8870009779930115,30.574724197387695
0.886459469795227,30.560514450073242
0.9045324921607971,30.547624588012695
0.9097849726676941,30.53089714050293
0.9133222103118896,30.513427734375
0.9057562947273254,30.499357223510742
0.9161584377288818,30.485963821411133
0.9119976162910461,30.479093551635742
0.8891914486885071,30.472700119018555
0.9056991338729858,30.465608596801758
0.9146480560302734,30.45787239074707
0.9159457087516785,30.446195602416992
0.9208456873893738,30.430341720581055
0.8949769139289856,30.410707473754883
0.8920953273773193,30.399198532104492
0.888100266456604,30.38606071472168
0.8989418148994446,30.381559371948242
0.904388964176178,30.371397018432617
0.9141381978988647,30.356630325317383
0.9076376557350159,30.349550247192383
0.9136262536048889,30.34217643737793
0.9027471542358398,30.33403205871582
0.8889703750610352,30.327638626098633
0.9031510949134827,30.32023811340332
0.8906359076499939,30.308469772338867
0.9108726382255554,30.30128288269043
0.9140592813491821,30.293943405151367
0.8943641781806946,30.28883171081543
0.8873640894889832,30.281633377075195
0.9012864828109741,30.275819778442383
0.9147447347640991,30.27113151550293
0.8894796967506409,30.267213821411133
0.8967594504356384,30.261720657348633
0.9185214042663574,30.26222038269043
0.9371479153633118,30.27082633972168
0.9242392182350159,30.27562141418457
0.8971527218818665,30.277708053588867
0.8987718820571899,30.277711868286133
0.9082304835319519,30.27906608581543
0.9034584164619446,30.274656295776367
0.8901441097259521,30.268980026245117
0.9124597311019897,30.271665573120117
0.896374523639679,30.272737503051758
0.9076807498931885,30.260988235473633
0.9083570837974548,30.25684928894043
0.9108864068984985,30.25001335144043
0.9098204374313354,30.242841720581055
0.9169390201568604,30.236509323120117
0.903131902217865,30.22956657409668
0.9073529839515686,30.22361946105957
0.8908874988555908,30.215776443481445
0.9223232865333557,30.20612907409668
0.9000611901283264,30.19708251953125
0.9090948104858398,30.188875198364258
0.899071216583252,30.181169509887695
0.9070584774017334,30.174318313598633
0.9054662585258484,30.16520881652832
0.9104344248771667,30.156343460083008
0.9234148859977722,30.149991989135742
0.918040931224823,30.143526077270508
0.9023720622062683,30.13886833190918
0.8986238837242126,30.136627197265625
0.9144839644432068,30.136289596557617
0.9002739787101746,30.135099411010742
0.9174477458000183,30.137239456176758
0.9219036102294922,30.139326095581055
0.8855280876159668,30.146757125854492
0.9072524309158325,30.152738571166992
0.9012783765792847,30.156845092773438
0.9011824131011963,30.15478515625
0.9004122614860535,30.158203125
0.924850344657898,30.154085159301758
0.8935263156890869,30.155241012573242
0.8970947265625,30.159208297729492
0.8970439434051514,30.160737991333008
0.9090561866760254,30.160001754760742
0.9174971580505371,30.163480758666992
0.8931752443313599,30.160036087036133
0.8979035019874573,30.16236686706543
0.8724936842918396,30.165773391723633
0.903969407081604,30.164640426635742
0.9182754755020142,30.157472610473633
0.8938266038894653,30.150466918945312
0.8976855874061584,30.14048957824707
0.9264812469482422,30.132463455200195
0.9201278686523438,30.128816604614258
0.9112784266471863,30.130887985229492
0.9151015281677246,30.13456916809082
0.9119900465011597,30.129087448120117
0.9087697267532349,30.114896774291992
0.894201397895813,30.09648323059082
0.9166433811187744,30.074430465698242
0.9056729078292847,30.062746047973633
0.9231677651405334,30.053876876831055
0.9064351320266724,30.04020881652832
0.9051187038421631,30.024873733520508
0.9229438304901123,30.015836715698242
0.9063363671302795,30.010271072387695
0.920529305934906,30.008516311645508
0.9092035293579102,30.008651733398438
0.8883591890335083,30.006410598754883
0.9216092824935913,30.004945755004883
0.9139204621315002,30.002763748168945
0.9082133769989014,29.99931526184082
0.9129881262779236,29.992143630981445
0.8980021476745605,29.985807418823242
0.9141159653663635,29.980104446411133
0.9020546674728394,29.973176956176758
0.8956706523895264,29.969881057739258
0.8948827981948853,29.972673416137695
0.9149940609931946,29.971006393432617
0.9116635918617249,29.974672317504883
0.9105329513549805,29.973329544067383
0.9134148359298706,29.970932006835938
0.902229368686676,29.973142623901367
0.9277589321136475,29.97126579284668
0.9011266231536865,29.971006393432617
0.9237985014915466,29.973814010620117
0.9225866198539734,29.980863571166992
0.9078987836837769,29.988325119018555
0.914863646030426,29.99162483215332
0.8812870979309082,29.997968673706055
0.8878950476646423,30.009733200073242
0.9089428782463074,30.012723922729492
0.9203907251358032,30.014802932739258
0.9015755653381348,30.019590377807617
0.899646520614624,30.022294998168945
0.9190529584884644,30.024534225463867
0.9075077772140503,30.02531623840332
0.8957003355026245,30.0201416015625
0.8938817977905273,30.014190673828125
0.8945167064666748,30.016725540161133
0.9066359996795654,30.016218185424805
0.8877502679824829,30.018800735473633
0.8981903195381165,30.021989822387695
0.9076734185218811,30.028974533081055
0.9205860495567322,30.037538528442383
0.8999394178390503,30.047060012817383
0.8942192792892456,30.058229446411133
0.9069547653198242,30.062639236450195
0.9089398980140686,30.065275192260742
0.9015461802482605,30.067781448364258
0.8921217322349548,30.065427780151367
0.9009607434272766,30.063201904296875
0.9137051105499268,30.065217971801758
0.919882595539093,30.062742233276367
0.887599766254425,30.05906867980957
0.9045529365539551,30.059267044067383
0.9226287007331848,30.063722610473633
0.9050812125205994,30.067840576171875
0.9020296931266785,30.072664260864258
0.9165406823158264,30.073881149291992
0.911060094833374,30.071001052856445
0.9036901593208313,30.074430465698242
0.8841968774795532,30.078580856323242
0.899782121181488,30.082090377807617
0.923442542552948,30.090959548950195
0.9056171178817749,30.098234176635742
0.9056474566459656,30.102249145507812
0.9108520150184631,30.109848022460938
0.9188107252120972,30.106962203979492
0.9142078757286072,30.10285758972168
0.886902391910553,30.098905563354492
0.8985562324523926,30.095243453979492
0.9155908226966858,30.093080520629883
0.9207373261451721,30.09596061706543
0.896598756313324,30.095247268676758
0.9102252721786499,30.094942092895508
0.9131134152412415,30.093109130859375
0.9097362160682678,30.092222213745117
0.8782493472099304,30.094831466674805
0.8964452743530273,30.099668502807617
0.8949196338653564,30.10236930847168
0.9037511348724365,30.098936080932617
0.90553218126297,30.098188400268555
0.9057727456092834,30.098600387573242
0.8923932313919067,30.103151321411133
0.8914376497268677,30.111814498901367
0.8919219374656677,30.121213912963867
0.9117575883865356,30.129072189331055
0.9018904566764832,30.128679275512695
0.8795119524002075,30.138349533081055
0.90806645154953,30.140520095825195
0.9198674559593201,30.13252067565918
0.9172031283378601,30.127105712890625
0.918048083782196,30.126710891723633
0.9032317996025085,30.123289108276367
0.9057927131652832,30.117189407348633
0.88896644115448,30.107284545898438
0.8954070806503296,30.106157302856445
0.909150242805481,30.106382369995117
0.9173328280448914,30.103059768676758
0.9052606225013733,30.099716186523438
0.9051299691200256,30.097475051879883
0.9121179580688477,30.092679977416992
0.9046016931533813,30.090059280395508
0.9217584729194641,30.083433151245117
0.902905285358429,30.075654983520508
0.915543794631958,30.067258834838867
0.8851191401481628,30.057233810424805
0.889642059803009,30.047334671020508
0.9120147824287415,30.038728713989258
0.9020460247993469,30.029146194458008
0.8956647515296936,30.017379760742188
0.8963301777839661,29.993242263793945
0.9317734241485596,29.970304489135742
0.9079858660697937,29.951093673706055
0.9071820974349976,29.93281364440918
0.9085979461669922,29.916414260864258
0.9187390804290771,29.904054641723633
0.91208815574646,29.895586013793945
0.9149311184883118,29.88947868347168
0.8969110250473022,29.88209342956543
0.8942549824714661,29.874967575073242
0.9026570916175842,29.865203857421875
0.9021132588386536,29.854185104370117
0.9058210849761963,29.840072631835938
0.9112380743026733,29.819778442382812
0.9112638831138611,29.798521041870117
0.9111392498016357,29.781721115112305
0.9041671752929688,29.770017623901367
0.9143195152282715,29.754899978637695
0.9074368476867676,29.733335494995117
0.8970943689346313,29.711519241333008
0.9206215143203735,29.694730758666992
0.9053008556365967,29.685224533081055
0.9048078060150146,29.681642532348633
0.9024564027786255,29.680068969726562
0.8949867486953735,29.67878532409668
0.8979227542877197,29.680997848510742
0.9078772664070129,29.680803298950195
0.9209262728691101,29.683717727661133
0.9219943284988403,29.687925338745117
0.9110893607139587,29.69352912902832
0.9041484594345093,29.702470779418945
0.9003684520721436,29.705106735229492
0.916826605796814,29.70500373840332
0.9188277125358582,29.70350456237793
0.8930824398994446,29.704313278198242
0.9119517207145691,29.71238899230957
0.8886879682540894,29.71697998046875
0.9090946912765503,29.717653274536133
0.9151512384414673,29.726747512817383
0.9004177451133728,29.737638473510742
0.9127177000045776,29.75153923034668
0.9037014245986938,29.760770797729492
0.9062771797180176,29.772001266479492
0.9064004421234131,29.783048629760742
0.9172894954681396,29.795377731323242
0.9198546409606934,29.8016357421875
0.9093323945999146,29.80805778503418
0.9140001535415649,29.817670822143555
0.9192572832107544,29.829790115356445
0.9063602089881897,29.842741012573242
0.9128899574279785,29.852968215942383
0.8908301591873169,29.866655349731445
0.9070582985877991,29.880903244018555
0.9148348569869995,29.893815994262695
0.9179394841194153,29.904844284057617
0.9044420719146729,29.91920280456543
0.9084805250167847,29.937761306762695
0.9023932218551636,29.952146530151367
0.9256035685539246,29.970260620117188
0.9074926376342773,29.989229202270508
0.9097230434417725,30.010408401489258
0.8768506646156311,30.022003173828125
0.8939539194107056,30.019437789916992
0.9098514914512634,30.027616500854492
0.925355076789856,30.035005569458008
0.9172025918960571,30.03584098815918
0.8803688287734985,30.03547477722168
0.8933398723602295,30.03190803527832
0.9300267696380615,30.029251098632812
0.9127702116966248,30.02857780456543
0.9073607921600342,30.02476692199707
0.8936865329742432,30.015501022338867
0.8934777975082397,30.012006759643555
0.9151202440261841,30.003263473510742
0.9191913604736328,29.994264602661133
0.8878107666969299,29.980607986450195
0.914249062538147,29.96476936340332
0.900681734085083,29.94841194152832
0.8967105746269226,29.927629470825195
0.9074113368988037,29.91771125793457
0.9241854548454285,29.90540885925293
0.9062913060188293,29.90312385559082
0.9084154367446899,29.892072677612305
0.9130727648735046,29.882858276367188
0.9123077392578125,29.86323356628418
0.9190734624862671,29.850664138793945
0.9246088862419128,29.842622756958008
0.9154847860336304,29.842071533203125
0.9069766402244568,29.839860916137695
0.9084832668304443,29.840364456176758
0.8967498540878296,29.844587326049805
0.9178836345672607,29.849565505981445
0.9019640684127808,29.852174758911133
0.9096288681030273,29.855161666870117
0.904556155204773,29.861433029174805
0.9001139998435974,29.872007369995117
0.8900700807571411,29.886274337768555
0.8969724178314209,29.89628791809082
0.9095801115036011,29.911605834960938
0.9030128717422485,29.935945510864258
0.8986966609954834,29.963804244995117
0.9146304130554199,29.991209030151367
0.895189106464386,30.009397506713867
0.8943234086036682,30.02363395690918
0.9146925210952759,30.03822135925293
0.921902060508728,30.049787521362305
0.9050999879837036,30.063722610473633
0.9222052693367004,30.07832145690918
0.9239600896835327,30.087310791015625
0.9022764563560486,30.092470169067383
0.8965654373168945,30.101198196411133
0.9110987186431885,30.11834716796875
0.9116662740707397,30.127546310424805
0.9121254682540894,30.132505416870117
0.9041460752487183,30.142377853393555
0.9048842787742615,30.151552200317383
0.9059465527534485,30.15727424621582
0.9044380784034729,30.155153274536133
0.9129980802536011,30.151443481445312
0.8965058326721191,30.149564743041992
0.9014891982078552,30.142929077148438
0.9225938320159912,30.128965377807617
0.9074759483337402,30.12135124206543
0.8983900547027588,30.113691329956055
0.9005928039550781,30.103761672973633
0.9014095664024353,30.092573165893555
0.9020816087722778,30.078292846679688
0.9223459959030151,30.062410354614258
0.9022223949432373,30.047513961791992
0.9072791934013367,30.04252815246582
0.8984308242797852,30.036684036254883
0.8996915817260742,30.024717330932617
0.90479975938797,30.014188766479492
0.8926849365234375,30.005735397338867
0.9047697186470032,29.999025344848633
0.8887137174606323,29.991487503051758
0.9234660863876343,29.985654830932617
0.9101919531822205,29.974746704101562
0.9113367795944214,29.96708869934082
0.9198223948478699,29.961149215698242
0.8957027792930603,29.957551956176758
0.9268803000450134,29.951784133911133
0.9160059690475464,29.949583053588867
0.9059069752693176,29.944658279418945
0.901153564453125,29.937070846557617
0.8987103700637817,29.932035446166992
0.9105094075202942,29.929475784301758
0.9059444665908813,29.92719841003418
0.8990287780761719,29.92173957824707
0.9069972038269043,29.921113967895508
0.8944425582885742,29.919160842895508
0.9038863182067871,29.920652389526367
0.9139747619628906,29.921541213989258
0.9003258943557739,29.924562454223633
0.8995680809020996,29.938844680786133
0.9164430499076843,29.94908332824707
0.9237926602363586,29.961103439331055
0.9038088321685791,29.974031448364258
0.9041773080825806,29.985151290893555
0.9265737533569336,30.00236701965332
0.8959252834320068,30.021364212036133
0.9119114279747009,30.036542892456055
0.8985369801521301,30.052248001098633
0.886040210723877,30.06464958190918
0.8945069313049316,30.080324172973633
0.9100989699363708,30.096830368041992
0.9045313596725464,30.107664108276367
0.9119376540184021,30.11400032043457
0.9062739014625549,30.124605178833008
0.902712881565094,30.138229370117188
0.9076538681983948,30.159332275390625
0.9242879152297974,30.177289962768555
0.8946401476860046,30.190183639526367
0.906303346157074,30.206117630004883
0.9161390662193298,30.213804244995117
0.925837516784668,30.220779418945312
0.9091981649398804,30.221952438354492
0.9008916020393372,30.22395133972168
0.9170106649398804,30.228254318237305
0.9207333326339722,30.233427047729492
0.9073539972305298,30.229799270629883
0.894569993019104,30.229276657104492
0.9021714925765991,30.225603103637695
0.9058425426483154,30.22932243347168
0.8969339728355408,30.233980178833008
0.9116103649139404,30.24064826965332
0.9172440767288208,30.243410110473633
0.9021434783935547,30.24909782409668
0.9175418615341187,30.247468948364258
0.8925309777259827,30.254213333129883
0.9103891849517822,30.25609016418457
0.8969823718070984,30.260377883911133
0.8910737037658691,30.263547897338867
0.9092802405357361,30.265790939331055
0.899850070476532,30.269437789916992
0.9055417776107788,30.270662307739258
0.8977094292640686,30.270658493041992
0.9076052308082581,30.27659797668457
0.9113237857818604,30.284208297729492
0.9089027643203735,30.29444694519043
0.9000517725944519,30.308916091918945
0.9060432314872742,30.318513870239258
0.9100747108459473,30.32600212097168
0.8992039561271667,30.332212448120117
0.9051074385643005,30.332120895385742
0.9014891386032104,30.322050094604492
0.9257702827453613,30.314804077148438
0.8905112147331238,30.304506301879883
0.903610348701477,30.287691116333008
0.898066520690918,30.273405075073242
0.8890055418014526,30.25956916809082
0.9258943796157837,30.246309280395508
0.9105942249298096,30.227998733520508
0.9033656716346741,30.203733444213867
0.9120305776596069,30.182283401489258
0.9083229303359985,30.165189743041992
0.9108550548553467,30.14750862121582
0.9136813879013062,30.13519287109375
0.9069089889526367,30.123624801635742
0.9001264572143555,30.112028121948242
0.9171695709228516,30.101301193237305
0.9112486839294434,30.091657638549805
0.9115527868270874,30.085111618041992
0.9154779314994812,30.081449508666992
0.9085396528244019,30.066984176635742
0.9086562395095825,30.063920974731445
0.9115756750106812,30.057191848754883
0.8921003341674805,30.049528121948242
0.8936870694160461,30.036195755004883
0.8958109617233276,30.020263671875
0.9062831401824951,30.003480911254883
0.8881425261497498,29.98194694519043
0.901782751083374,29.962278366088867
0.9228739738464355,29.939664840698242
0.9028308391571045,29.917434692382812
0.898945689201355,29.899126052856445
0.9048078060150146,29.882020950317383
0.9035825133323669,29.870025634765625
0.9253191947937012,29.863340377807617
0.921039342880249,29.861143112182617
0.9028664231300354,29.858182907104492
0.9119933247566223,29.856889724731445
0.9196838736534119,29.854841232299805
0.892715573310852,29.84916877746582
0.9223222732543945,29.845489501953125
0.9099776744842529,29.843019485473633
0.9082005023956299,29.84687614440918
0.9042134284973145,29.850828170776367
0.9132858514785767,29.851804733276367
0.9134587645530701,29.854001998901367
0.907943844795227,29.854280471801758
0.9054232835769653,29.856107711791992
0.9128630757331848,29.853940963745117
0.92409348487854,29.847169876098633
0.8946734070777893,29.846342086791992
0.9169375896453857,29.850496292114258
0.9142342805862427,29.851533889770508
0.9067019820213318,29.850448608398438
0.89376300573349,29.85157585144043
0.9049826860427856,29.847457885742188
0.9032734036445618,29.845701217651367
0.919282078742981,29.840177536010742
0.9014309644699097,29.833738327026367
0.9017068147659302,29.82105827331543
0.9146402478218079,29.809873580932617
0.9068769216537476,29.803438186645508
0.9198325872421265,29.79649543762207
0.9309518933296204,29.787397384643555
0.9090078473091125,29.778364181518555
0.8962552547454834,29.768783569335938
0.9043818712234497,29.759445190429688
0.9135427474975586,29.747739791870117
0.9091105461120605,29.740144729614258
0.8925849199295044,29.732681274414062
0.9113395810127258,29.723859786987305
0.9055770635604858,29.726057052612305
0.9259350895881653,29.731401443481445
0.9064347743988037,29.73234748840332
0.8888496160507202,29.733125686645508
0.8836483359336853,29.729188919067383
0.9004055857658386,29.727418899536133
0.9255912899971008,29.726503372192383
0.897789716720581,29.728330612182617
0.9063683152198792,29.72697639465332
0.8990716934204102,29.723678588867188
0.8927872776985168,29.717485427856445
0.9112452268600464,29.71086311340332
0.9129214286804199,29.709794998168945
0.9202026724815369,29.705732345581055
0.8973711133003235,29.707822799682617
0.9061778783798218,29.707918167114258
0.9004380106925964,29.71278190612793
0.9222134351730347,29.718477249145508
0.9041991233825684,29.72053337097168
0.8973590731620789,29.722198486328125
0.9221802949905396,29.718294143676758
0.889154314994812,29.715909957885742
0.9120806455612183,29.727781295776367
0.9110572338104248,29.73759651184082
0.8952496647834778,29.748628616333008
0.9083503484725952,29.756805419921875
0.905588686466217,29.769777297973633
0.900147020816803,29.778608322143555
0.9006763696670532,29.786497116088867
0.8865845203399658,29.794767379760742
0.9158928394317627,29.792238235473633
0.9159626960754395,29.786725997924805
0.899372935295105,29.781328201293945
0.9154564142227173,29.767854690551758
0.915050208568573,29.755922317504883
0.9090889692306519,29.743928909301758
0.894338071346283,29.731367111206055
0.9050708413124084,29.718656539916992
0.896651566028595,29.707109451293945
0.9003908038139343,29.693906784057617
0.9055051207542419,29.671905517578125
0.919277548789978,29.659975051879883
0.9167444109916687,29.652891159057617
0.9152817726135254,29.649995803833008
0.891042947769165,29.650894165039062
0.901921808719635,29.655210494995117
0.90290367603302,29.657682418823242
0.9006852507591248,29.658464431762695
0.9048905968666077,29.658355712890625
0.9026564359664917,29.662996292114258
0.9044903516769409,29.675077438354492
0.9034153819084167,29.683443069458008
0.9113022685050964,29.686933517456055
0.8797134160995483,29.691099166870117
0.9168915748596191,29.695985794067383
0.8951407670974731,29.69764518737793
0.9247591495513916,29.695510864257812
0.9166536927223206,29.698789596557617
0.9034550786018372,29.693450927734375
0.919874906539917,29.69709587097168
0.895869791507721,29.699541091918945
0.9161893129348755,29.698514938354492
0.8989185690879822,29.697355270385742
0.9069982767105103,29.69795036315918
0.9037566184997559,29.700056076049805
0.9039120078086853,29.699918746948242
0.9013594388961792,29.696882247924805
0.9016323685646057,29.692258834838867
0.9174903631210327,29.685056686401367
0.8971457481384277,29.683137893676758
0.9185618162155151,29.686067581176758
0.9089388847351074,29.690290451049805
0.9278208613395691,29.698762893676758
0.9187440276145935,29.705398559570312
0.910430908203125,29.700315475463867
0.9005999565124512,29.698518753051758
0.9113606214523315,29.690202713012695
0.9236136674880981,29.678678512573242
0.9439446330070496,29.661684036254883
0.9115874171257019,29.647642135620117
0.9051246047019958,29.636381149291992
0.9100910425186157,29.62774658203125
0.9230873584747314,29.619382858276367
0.9178968071937561,29.612764358520508
0.9153190851211548,29.607892990112305
0.922885000705719,29.60316276550293
0.9225724935531616,29.599790573120117
0.915926992893219,29.59321403503418
0.8967258334159851,29.595563888549805
0.9151421189308167,29.60551643371582
0.9024062752723694,29.6156005859375
0.9243654608726501,29.627744674682617
0.882776141166687,29.643648147583008
0.9183096885681152,29.65898323059082
0.9077407717704773,29.681669235229492
0.9090887308120728,29.702072143554688
0.8991508483886719,29.712434768676758
0.9087059497833252,29.723039627075195
0.8995266556739807,29.72993278503418
0.9120331406593323,29.74336051940918
0.9048528075218201,29.753293991088867
0.8819031119346619,29.76753044128418
0.9014161825180054,29.782560348510742
0.8913622498512268,29.796249389648438
0.9047204256057739,29.801895141601562
0.9115991592407227,29.805177688598633
0.9098828434944153,29.80244255065918
0.9224461913108826,29.803056716918945
0.8950968384742737,29.802167892456055
0.9143095016479492,29.804059982299805
0.8977686762809753,29.81071662902832
0.9058153629302979,29.819887161254883
0.9119606018066406,29.828672409057617
0.9115946888923645,29.835647583007812
0.8943561911582947,29.83778190612793
0.9039384722709656,29.842042922973633
0.9104604721069336,29.843503952026367
0.9037132859230042,29.840452194213867
0.9057028293609619,29.832656860351562
0.914391815662384,29.82603645324707
0.9027460813522339,29.82270622253418
0.9056342840194702,29.821245193481445
0.8963313102722168,29.818574905395508
0.9180908203125,29.813356399536133
0.9003532528877258,29.81395149230957
0.9291946887969971,29.817106246948242
0.9070270657539368,29.818204879760742
0.8989569544792175,29.814910888671875
0.9054967761039734,29.810636520385742
0.9071731567382812,29.80156135559082
0.908816933631897,29.79051399230957
0.8917672038078308,29.77672004699707
0.8862733244895935,29.761411666870117
0.9156222343444824,29.746217727661133
0.8996803760528564,29.731767654418945
0.9229201078414917,29.723695755004883
0.9168161153793335,29.713760375976562
0.9003662467002869,29.70350456237793
0.8970693945884705,29.69182014465332
0.9029511213302612,29.681856155395508
0.9084784388542175,29.672731399536133
0.8966721296310425,29.66099739074707
0.9129346609115601,29.654298782348633
0.8943363428115845,29.652036666870117
0.9097754955291748,29.657377243041992
0.8884289264678955,29.659103393554688
0.9081904888153076,29.655977249145508
0.9101071357727051,29.64753532409668
0.9137932062149048,29.635801315307617
0.898043155670166,29.625932693481445
0.9178301095962524,29.61302375793457
0.8929604291915894,29.601289749145508
0.8949804902076721,29.594558715820312
0.9062647223472595,29.580629348754883
0.8983333110809326,29.564043045043945
0.9071348905563354,29.54771614074707
0.9180914759635925,29.532381057739258
0.9130600690841675,29.52476692199707
0.8998391032218933,29.524335861206055
0.8909748792648315,29.515592575073242
0.9155867099761963,29.506837844848633
0.9005007147789001,29.50775146484375
0.9134878516197205,29.51161003112793
0.9239085912704468,29.50691032409668
0.9088983535766602,29.504425048828125
0.9195189476013184,29.492597579956055
0.9131100177764893,29.484603881835938
0.892491340637207,29.478471755981445
0.9035684466362,29.477449417114258
0.9096083045005798,29.474578857421875
0.9044561386108398,29.476438522338867
0.9190524220466614,29.475265502929688
0.918260931968689,29.472000122070312
0.9047767519950867,29.47003173828125
0.8822075128555298,29.472139358520508
0.8984242081642151,29.47712516784668
0.910651683807373,29.46943473815918
0.9022974371910095,29.46143913269043
0.9194507598876953,29.455276489257812
0.9225927591323853,29.44590950012207
0.9115414619445801,29.440065383911133
0.9078448414802551,29.435483932495117
0.904649555683136,29.42926025390625
0.9001705646514893,29.430219650268555
0.9028279185295105,29.429290771484375
0.8920121788978577,29.433164596557617
0.9197955131530762,29.43873405456543
0.9263842105865479,29.44499397277832
0.9203800559043884,29.454496383666992
0.8983836770057678,29.462663650512695
0.9016756415367126,29.464994430541992
0.9043553471565247,29.468841552734375
0.9067990779876709,29.475461959838867
0.882055938243866,29.476057052612305
0.9040834903717041,29.477521896362305
0.9277370572090149,29.486188888549805
0.924412190914154,29.495819091796875
0.9101014137268066,29.502779006958008
0.9099893569946289,29.511613845825195
0.9109026193618774,29.520753860473633
0.9066643118858337,29.533708572387695
0.9034746885299683,29.542097091674805
0.9100892543792725,29.553693771362305
0.8914068937301636,29.558332443237305
0.9021333456039429,29.566057205200195
0.9060659408569336,29.575759887695312
0.9109846949577332,29.58057975769043
0.8862112164497375,29.580106735229492
0.9020664691925049,29.576963424682617
0.9016761779785156,29.58350944519043
0.8965329527854919,29.588640213012695
0.9109569787979126,29.60139274597168
0.8941184878349304,29.609601974487305
0.9073201417922974,29.61201286315918
0.9225156307220459,29.608827590942383
0.9131916761398315,29.604646682739258
0.9103591442108154,29.593660354614258
0.9227271676063538,29.580598831176758
0.8848395943641663,29.571077346801758
0.8958620429039001,29.565671920776367
0.9050590395927429,29.564085006713867
0.9041773080825806,29.55293083190918
0.8996066451072693,29.548460006713867
0.9054760932922363,29.544389724731445
0.9086198806762695,29.537641525268555
0.913600504398346,29.52825927734375
0.9066027402877808,29.516189575195312
0.9036014080047607,29.50898551940918
0.918488621711731,29.499788284301758
0.9160252213478088,29.485506057739258
0.9081181287765503,29.471189498901367
0.9129412770271301,29.454683303833008
0.886940598487854,29.434297561645508
0.9114061594009399,29.419736862182617
0.9173441529273987,29.410432815551758
0.9063931107521057,29.398073196411133
0.897852897644043,29.383573532104492
0.9002746343612671,29.371095657348633
0.8770408630371094,29.35664176940918
0.9053847193717957,29.344636917114258
0.9128606915473938,29.33348274230957
0.8770617246627808,29.323698043823242
0.8983739614486694,29.318220138549805
0.9070881605148315,29.309844970703125
0.9048389792442322,29.308778762817383
0.9057084918022156,29.309539794921875
0.9147045612335205,29.305818557739258
0.9093010425567627,29.295804977416992
0.915022611618042,29.285612106323242
0.8976843953132629,29.27655029296875
0.9210871458053589,29.271272659301758
0.8974080681800842,29.270265579223633
0.9372544288635254,29.268678665161133
0.919731616973877,29.267728805541992
0.9054333567619324,29.263442993164062
0.9307636022567749,29.259780883789062
0.899011492729187,29.250761032104492
0.9104171395301819,29.247344970703125
0.9110053181648254,29.247499465942383
0.9111279249191284,29.244169235229492
0.8977674245834351,29.245332717895508
0.9129918813705444,29.239606857299805
0.9188051819801331,29.232301712036133
0.9339993000030518,29.227323532104492
0.9167945384979248,29.223283767700195
0.8778399229049683,29.225908279418945
0.8893717527389526,29.232545852661133
0.9053744077682495,29.233003616333008
0.9020429849624634,29.23375129699707
0.8933228850364685,29.231904983520508
0.8963918089866638,29.236984252929688
0.9078015685081482,29.237668991088867
0.9165419340133667,29.23491096496582
0.9040141105651855,29.225584030151367
0.8918133974075317,29.224363327026367
0.8989143967628479,29.223634719848633
0.9292536377906799,29.223814010620117
0.916329026222229,29.22199821472168
0.880903959274292,29.222745895385742
0.904503583908081,29.228805541992188
0.9156402349472046,29.230592727661133
0.908013641834259,29.23515510559082
0.8988372683525085,29.23980712890625
0.9179976582527161,29.244901657104492
0.8976585268974304,29.252456665039062
0.9057775139808655,29.26795768737793
0.9183067083358765,29.280166625976562
0.9118062853813171,29.29844856262207
0.9015437364578247,29.314117431640625
0.9089910984039307,29.327268600463867
0.928776741027832,29.341371536254883
0.9177048802375793,29.35753059387207
0.9156373739242554,29.365705490112305
0.917493999004364,29.372526168823242
0.9103790521621704,29.379056930541992
0.8977870941162109,29.394426345825195
0.9099158644676208,29.407880783081055
0.9004376530647278,29.415956497192383
0.9127508997917175,29.417449951171875
0.9223766922950745,29.421873092651367
0.8926014304161072,29.423643112182617
0.9004819989204407,29.43153190612793
0.8963451385498047,29.439363479614258
0.9067276120185852,29.447830200195312
0.9020870923995972,29.455747604370117
0.8998981714248657,29.460237503051758
0.9126704335212708,29.459230422973633
0.907644510269165,29.463274002075195
0.9124779105186462,29.463682174682617
0.9093883633613586,29.461946487426758
0.9206957221031189,29.453702926635742
0.8926764130592346,29.448396682739258
0.9059480428695679,29.436891555786133
0.8974759578704834,29.419466018676758
0.9207028150558472,29.403594970703125
0.9077713489532471,29.391599655151367
0.9110119938850403,29.38184928894043
0.9162297248840332,29.373308181762695
0.8978918194770813,29.371156692504883
0.8965651392936707,29.365007400512695
0.9059092998504639,29.358396530151367
0.9061036109924316,29.354127883911133
0.9196995496749878,29.34910774230957
0.9058834314346313,29.35009765625
0.9044151306152344,29.355436325073242
0.9132588505744934,29.36473274230957
0.9044772386550903,29.374666213989258
0.906158447265625,29.378446578979492
0.9208177328109741,29.382232666015625
0.8986049890518188,29.386701583862305
0.9011408686637878,29.38939094543457
0.9078210592269897,29.390546798706055
0.9030954241752625,29.392656326293945
0.920367419719696,29.39307975769043
0.918658435344696,29.393857955932617
0.8958017826080322,29.392671585083008
0.9061681628227234,29.398099899291992
0.9085502624511719,29.40989875793457
0.9022795557975769,29.423723220825195
0.91647869348526,29.431974411010742
0.9054407477378845,29.444852828979492
0.8954190015792847,29.464082717895508
0.8894330859184265,29.479677200317383
0.924267053604126,29.495927810668945
0.913172721862793,29.506349563598633
0.9062808156013489,29.510663986206055
0.9163890480995178,29.518339157104492
0.9129287600517273,29.525754928588867
0.8902364373207092,29.531524658203125
0.9120520353317261,29.536865234375
0.8967840075492859,29.547700881958008
0.9189041256904602,29.559358596801758
0.9161587357521057,29.57615852355957
0.906936526298523,29.590757369995117
0.8973457217216492,29.607465744018555
0.9194983243942261,29.621503829956055
0.9243561029434204,29.63661003112793
0.9006540179252625,29.65117073059082
0.9060693979263306,29.662885665893555
0.9092302918434143,29.670930862426758
0.9227275848388672,29.679670333862305
0.899052083492279,29.687471389770508
0.9153532385826111,29.699888229370117
0.9227293729782104,29.714216232299805
0.916936993598938,29.72265625
0.903921902179718,29.727964401245117
0.9039267301559448,29.726778030395508
0.8897510170936584,29.727521896362305
0.9211716055870056,29.72984504699707
0.8856570720672607,29.731351852416992
0.9015581607818604,29.735063552856445
0.9160361289978027,29.734495162963867
0.9043648838996887,29.731782913208008
0.8985579013824463,29.730440139770508
0.9198333024978638,29.727754592895508
0.874994695186615,29.72883415222168
0.8955141305923462,29.725648880004883
0.9085829257965088,29.73029899597168
0.9320675730705261,29.72920036315918
0.9227864742279053,29.727373123168945
0.8914232850074768,29.721494674682617
0.900505781173706,29.715547561645508
0.906370222568512,29.70881462097168
0.8996960520744324,29.711729049682617
0.905534565448761,29.709169387817383
0.898287296295166,29.703004837036133
0.9053304195404053,29.700746536254883
0.9123062491416931,29.698652267456055
0.9129534959793091,29.695955276489258
0.8977078795433044,29.68681526184082
0.9009929895401001,29.675765991210938
0.9141741394996643,29.66584587097168
0.8869674801826477,29.659318923950195
0.9154840707778931,29.653444290161133
0.893135130405426,29.654691696166992
0.9132396578788757,29.648195266723633
0.9016215801239014,29.64253044128418
0.8929587602615356,29.632295608520508
0.9266812205314636,29.618818283081055
0.9049317240715027,29.609357833862305
0.9045389294624329,29.603837966918945
0.9135599732398987,29.600479125976562
0.9144003391265869,29.600662231445312
0.8809530735015869,29.59587287902832
0.9117474555969238,29.584243774414062
0.9214323163032532,29.578872680664062
0.9020938873291016,29.57420539855957
0.9145020246505737,29.567916870117188
0.9130804538726807,29.56828498840332
0.9109204411506653,29.569852828979492
0.9024354219436646,29.571184158325195
0.9048351645469666,29.57298469543457
0.9052709341049194,29.574766159057617
0.9027085900306702,29.572420120239258
0.9186928272247314,29.567476272583008
0.9292001724243164,29.561357498168945
0.9119234085083008,29.55145263671875
0.9021896123886108,29.543306350708008
0.899439811706543,29.535369873046875
0.901958167552948,29.520475387573242
0.9037249684333801,29.50640869140625
0.9103209972381592,29.496519088745117
0.9212939143180847,29.491670608520508
0.9155161380767822,29.488752365112305
0.900571882724762,29.493345260620117
0.9080641865730286,29.500152587890625
0.9043493270874023,29.51246452331543
0.9139907360076904,29.521482467651367
0.9126846194267273,29.528852462768555
0.9161679148674011,29.53840446472168
0.9202839136123657,29.549592971801758
0.9172191619873047,29.557390213012695
0.8917384147644043,29.562314987182617
0.9261553287506104,29.570207595825195
0.9037976264953613,29.58165168762207
0.9011997580528259,29.590791702270508
0.8975893259048462,29.60679817199707
0.9146698713302612,29.61448860168457
0.9085267186164856,29.618497848510742
0.8954010009765625,29.622220993041992
0.9105331897735596,29.618757247924805
0.9081414937973022,29.614290237426758
0.8976805210113525,29.608461380004883
0.8829119205474854,29.608137130737305
0.8979833722114563,29.606386184692383
0.907028317451477,29.603042602539062
0.8911755681037903,29.606538772583008
0.8907941579818726,29.600202560424805
0.9106822609901428,29.588869094848633
0.9143346548080444,29.5845947265625
0.9089661836624146,29.587614059448242
0.8966233134269714,29.590789794921875
0.9204797148704529,29.593660354614258
0.890512228012085,29.59092903137207
0.8940203189849854,29.586091995239258
0.9012912511825562,29.580156326293945
0.897935688495636,29.57914924621582
0.903610110282898,29.582609176635742
0.9050409197807312,29.589601516723633
0.8998708724975586,29.593017578125
0.9067660570144653,29.595243453979492
0.893365740776062,29.598299026489258
0.9064448475837708,29.598466873168945
0.8958889245986938,29.596328735351562
0.8861348032951355,29.591020584106445
0.9031009674072266,29.579984664916992
0.9075365662574768,29.572389602661133
0.8836097717285156,29.563478469848633
0.9091683030128479,29.5562744140625
0.9052981734275818,29.54376220703125
0.8873797655105591,29.531461715698242
0.892956554889679,29.524581909179688
0.9298306107521057,29.51899528503418
0.904285728931427,29.511457443237305
0.8981091976165771,29.505964279174805
0.8991817235946655,29.498746871948242
0.9047158360481262,29.498044967651367
0.9044529795646667,29.493654251098633
0.8996052742004395,29.485395431518555
0.9035843014717102,29.481645584106445
0.8971186280250549,29.481019973754883
0.8912615180015564,29.480161666870117
0.8956259489059448,29.482786178588867
0.8764752745628357,29.485776901245117
0.9140516519546509,29.491640090942383
0.8975690007209778,29.495084762573242
0.9129107594490051,29.495012283325195
0.9264935851097107,29.497133255004883
0.9197267889976501,29.50212287902832
0.9161023497581482,29.511045455932617
0.9063515663146973,29.51708984375
0.9118868708610535,29.513612747192383
0.9093946218490601,29.50895881652832
0.900638222694397,29.506223678588867
0.913397490978241,29.500213623046875
0.9163524508476257,29.490262985229492
0.915431559085846,29.485227584838867
0.9018459320068359,29.485288619995117
0.8953693509101868,29.486753463745117
0.9033749103546143,29.490995407104492
0.9204633235931396,29.493959426879883
0.8790268301963806,29.500959396362305
0.9113339185714722,29.507936477661133
0.9113761186599731,29.511749267578125
0.9050784111022949,29.518159866333008
0.9174135327339172,29.522947311401367
0.9097646474838257,29.532623291015625
0.9179361462593079,29.540544509887695
0.8914114236831665,29.543989181518555
0.9081668257713318,29.544923782348633
0.8857070803642273,29.53996467590332
0.9112864136695862,29.541566848754883
0.8956489562988281,29.546175003051758
0.9144209623336792,29.550981521606445
0.9090526700019836,29.562742233276367
0.9237779378890991,29.577409744262695
0.9006548523902893,29.591489791870117
0.9121568202972412,29.614046096801758
0.8987645506858826,29.639177322387695
0.8973655700683594,29.666913986206055
0.8975852727890015,29.695940017700195
0.9097564220428467,29.725526809692383
0.9260250926017761,29.747880935668945
0.9065136909484863,29.768232345581055
0.9192541241645813,29.78962516784668
0.8899713754653931,29.80665397644043
0.91647869348526,29.823270797729492
0.9317843317985535,29.832883834838867
0.8948232531547546,29.850034713745117
0.9072168469429016,29.859590530395508
0.916771411895752,29.865633010864258
0.9031040072441101,29.862333297729492
0.91111159324646,29.866971969604492
0.9061949253082275,29.86833381652832
0.9063932299613953,29.870391845703125
0.8988261818885803,29.873323440551758
0.9102110266685486,29.879487991333008
0.9245635867118835,29.885190963745117
0.8660718202590942,29.889432907104492
0.8868469595909119,29.891679763793945
0.906033456325531,29.90001106262207
0.891501784324646,29.904512405395508
0.894919216632843,29.909029006958008
0.9191293120384216,29.912229537963867
0.9113701581954956,29.918214797973633
0.8917737007141113,29.920591354370117
0.9152714014053345,29.92149543762207
0.9008081555366516,29.928327560424805
0.9024114012718201,29.94000244140625
0.907503604888916,29.950529098510742
0.9010782837867737,29.964296340942383
0.8917393088340759,29.979097366333008
0.9145441055297852,29.993257522583008
0.9124839901924133,30.00578498840332
0.9097117185592651,30.009843826293945
0.917029082775116,30.014204025268555
0.919922947883606,30.022184371948242
0.9140519499778748,30.032302856445312
0.9138140082359314,30.03571891784668
0.899948000907898,30.033201217651367
0.9195020794868469,30.03101921081543
0.9045652747154236,30.023664474487305
0.8937761783599854,30.024293899536133
0.9069129824638367,30.025510787963867
0.8989312648773193,30.023725509643555
0.9208073019981384,30.020769119262695
0.9109429717063904,30.01429557800293
0.9295520186424255,30.011812210083008
0.9139202833175659,30.002395629882812
0.9127646088600159,29.992338180541992
0.926349937915802,29.979154586791992
0.9190151691436768,29.96916389465332
0.905190110206604,29.961809158325195
0.9120790958404541,29.955137252807617
0.8972795605659485,29.947067260742188
0.9033821821212769,29.93696403503418
0.9208954572677612,29.93400764465332
0.8701943159103394,29.930831909179688
0.9184615612030029,29.92371940612793
0.8922927379608154,29.92296028137207
0.921952486038208,29.921598434448242
0.8954466581344604,29.922636032104492
0.8905004262924194,29.927139282226562
0.9001608490943909,29.935653686523438
0.8846943378448486,29.941572189331055
0.9051872491836548,29.952848434448242
0.9087529182434082,29.966920852661133
0.9149340391159058,29.97907829284668
0.8993334770202637,29.98817253112793
0.9151816368103027,29.99018669128418
0.887520432472229,29.996294021606445
0.9237715005874634,30.005964279174805
0.9125620722770691,30.017393112182617
0.878149151802063,30.025495529174805
0.8926830887794495,30.03809928894043
0.910843551158905,30.044496536254883
0.890651285648346,30.054487228393555
0.9039314389228821,30.06361198425293
0.9155991077423096,30.066831588745117
0.8963903188705444,30.072755813598633
0.9049590229988098,30.080839157104492
0.8956978917121887,30.092531204223633
0.912334680557251,30.105878829956055
0.9133766889572144,30.117874145507812
0.891556441783905,30.122190475463867
0.9108932018280029,30.124845504760742
0.9168068170547485,30.126787185668945
0.911754846572876,30.123140335083008
0.9071417450904846,30.115724563598633
0.8975071907043457,30.100921630859375
0.8876186609268188,30.09321403503418
0.8893178105354309,30.09712028503418
0.9024063944816589,30.101594924926758
0.9088059663772583,30.09739875793457
0.8995634913444519,30.100784301757812
0.9090299606323242,30.10218620300293
0.9107298254966736,30.104433059692383
0.9010758996009827,30.110929489135742
0.8815484642982483,30.116239547729492
0.9050646424293518,30.11956787109375
0.9199813604354858,30.120500564575195
0.8990148305892944,30.121978759765625
0.9020267128944397,30.123628616333008
0.9090909361839294,30.119918823242188
0.9074992537498474,30.106122970581055
0.8875176310539246,30.101287841796875
0.9088811278343201,30.09855842590332
0.8929481506347656,30.101194381713867
0.9013766050338745,30.106508255004883
0.9133227467536926,30.109939575195312
0.9052071571350098,30.10725212097168
0.9120302200317383,30.102720260620117
0.9130140542984009,30.098752975463867
0.9081608653068542,30.090120315551758
0.9103536009788513,30.075761795043945
0.9385856986045837,30.066499710083008
0.8976339101791382,30.060853958129883
0.9006863236427307,30.056058883666992
0.9054695963859558,30.050825119018555
0.9037298560142517,30.04936408996582
0.9217141270637512,30.047714233398438
0.9303878545761108,30.045793533325195
0.9058829545974731,30.044343948364258
0.910938024520874,30.048843383789062
0.9231623411178589,30.05592155456543
0.9151495695114136,30.056612014770508
0.9179055690765381,30.054475784301758
0.8997628092765808,30.054853439331055
0.9052220582962036,30.054166793823242
0.9279019236564636,30.051118850708008
0.8961321115493774,30.0472412109375
0.8950939178466797,30.04084587097168
0.8970845937728882,30.037107467651367
0.9199070930480957,30.035673141479492
0.9174037575721741,30.035642623901367
0.9108682870864868,30.03211784362793
0.8978468775749207,30.027482986450195
0.9078391194343567,30.026321411132812
0.897392213344574,30.026079177856445
0.916513204574585,30.028594970703125
0.9087396264076233,30.024259567260742
0.9082114100456238,30.029035568237305
0.9020041227340698,30.029172897338867
0.889694333076477,30.036165237426758
0.9172690510749817,30.04478645324707
0.9149339199066162,30.059968948364258
0.8925706148147583,30.069154739379883
0.8894220590591431,30.071592330932617
0.9034562110900879,30.072908401489258
0.9314210414886475,30.078340530395508
0.9108174443244934,30.084394454956055
0.8958497047424316,30.092039108276367
0.9129038453102112,30.093629837036133
0.9112229943275452,30.097429275512695
0.8961532115936279,30.097183227539062
0.9015803933143616,30.097715377807617
0.9246175289154053,30.098419189453125
0.9154811501502991,30.098756790161133
0.9030058979988098,30.09669303894043
0.9203852415084839,30.098604202270508
0.9139817953109741,30.098115921020508
0.9165987968444824,30.099180221557617
0.9050714373588562,30.091779708862305
0.926948606967926,30.085325241088867
0.9001244902610779,30.074647903442383
0.9041453003883362,30.06922721862793
0.9233624339103699,30.066072463989258
0.8964231014251709,30.066770553588867
0.8995019793510437,30.070085525512695
0.9052337408065796,30.067855834960938
0.9060825109481812,30.067476272583008
0.9069912433624268,30.078001022338867
0.9076313972473145,30.080293655395508
0.9001424908638,30.085798263549805
0.9063265323638916,30.087080001831055
0.9116628170013428,30.088685989379883
0.9263001084327698,30.088804244995117
0.9130661487579346,30.09034538269043
0.891758382320404,30.093473434448242
0.9097133874893188,30.094881057739258
0.9260790944099426,30.091707229614258
0.9109214544296265,30.088775634765625
0.9069014191627502,30.089475631713867
0.9157067537307739,30.091524124145508
0.9104195833206177,30.089033126831055
0.9146389365196228,30.083738327026367
0.8954014182090759,30.087190628051758
0.9078434705734253,30.084671020507812
0.9180347323417664,30.076841354370117
0.9083495140075684,30.071733474731445
0.9267868399620056,30.074567794799805
0.9229010343551636,30.07539176940918
0.9114922285079956,30.072004318237305
0.8998327255249023,30.061370849609375
0.9092043042182922,30.051313400268555
0.9210794568061829,30.047746658325195
0.9024094343185425,30.043001174926758
0.9137737154960632,30.040220260620117
0.9118125438690186,30.02568244934082
0.9072098135948181,30.010726928710938
0.9028809070587158,30.000276565551758
0.9162188172340393,29.992599487304688
0.919758677482605,29.987228393554688
0.8943914175033569,29.984647750854492
0.8899945616722107,29.982404708862305
0.8963994383811951,29.97624397277832
0.9125799536705017,29.974519729614258
0.9228091239929199,29.968778610229492
0.9051162004470825,29.966188430786133
0.8921658396720886,29.956571578979492
0.9257296323776245,29.946748733520508
0.894267737865448,29.936246871948242
0.8951634168624878,29.925230026245117
0.8875954747200012,29.910795211791992
0.9228525161743164,29.90361213684082
0.9215742945671082,29.898969650268555
0.9156545400619507,29.90119743347168
0.9175728559494019,29.908859252929688
0.9065341949462891,29.910690307617188
0.8932794332504272,29.910844802856445
0.8993490934371948,29.914396286010742
0.905070960521698,29.919450759887695
0.9117012619972229,29.927934646606445
0.8944876194000244,29.940523147583008
0.9140111207962036,29.94837760925293
0.8886132836341858,29.960283279418945
0.904453694820404,29.965803146362305
0.9004535675048828,29.970903396606445
0.9206159710884094,29.971616744995117
0.8864669799804688,29.971376419067383
0.9289848208427429,29.969724655151367
0.886512041091919,29.972349166870117
0.9043902158737183,29.974515914916992
0.8955979347229004,29.978010177612305
0.9084365963935852,29.97981071472168
0.9188390374183655,29.980501174926758
0.916117787361145,29.98463249206543
0.8955453038215637,29.99101448059082
0.9172725677490234,29.993406295776367
0.9088946580886841,29.989763259887695
0.9034098982810974,29.986421585083008
0.8840046525001526,29.978376388549805
0.9132426977157593,29.971559524536133
0.9062035083770752,29.971113204956055
0.9041966795921326,29.970796585083008
0.9277259707450867,29.974729537963867
0.9117165803909302,29.977937698364258
0.9079676866531372,29.98127555847168
0.8938835263252258,29.9873046875
0.8922824859619141,29.996337890625
0.8938241600990295,30.013029098510742
0.9174484610557556,30.02229118347168
0.9191362857818604,30.023530960083008
0.9250466823577881,30.028470993041992
0.9121061563491821,30.033815383911133
0.9094724059104919,30.046937942504883
0.9188197255134583,30.063264846801758
0.9030866622924805,30.066850662231445
0.9125781059265137,30.07054328918457
0.9015978574752808,30.07444953918457
0.8976315259933472,30.07794189453125
0.9108065962791443,30.07695198059082
0.9201973676681519,30.070863723754883
0.9059990048408508,30.063505172729492
0.9017903208732605,30.05293083190918
0.9064016342163086,30.041412353515625
0.9053567051887512,30.031862258911133
0.9127631187438965,30.024076461791992
0.908804178237915,30.01971435546875
0.8754134178161621,30.009199142456055
0.9007269144058228,29.996431350708008
0.901831328868866,29.984708786010742
0.9161827564239502,29.975008010864258
0.9012427926063538,29.964433670043945
0.9103896617889404,29.96150016784668
0.912756085395813,29.95781135559082
0.9099947810173035,29.951173782348633
0.8915276527404785,29.945175170898438
0.915462076663971,29.939496994018555
0.90321946144104,29.935762405395508
0.9058484435081482,29.940092086791992
0.9080765247344971,29.94542121887207
0.9050236940383911,29.950712203979492
0.9195820689201355,29.949861526489258
0.9203287363052368,29.951932907104492
0.9122282266616821,29.957155227661133
0.8848336338996887,29.962751388549805
0.8899361491203308,29.964967727661133
0.9215667843818665,29.966001510620117
0.9007406234741211,29.972196578979492
0.9094422459602356,29.977262496948242
0.9054867029190063,29.979890823364258
0.9066386818885803,29.983598709106445
0.9210652112960815,29.98759651184082
0.9012341499328613,29.993120193481445
0.9073938727378845,29.99403190612793
0.9296945333480835,29.990707397460938
0.9080194234848022,29.981843948364258
0.9067129492759705,29.969499588012695
0.9211658239364624,29.963197708129883
0.9021547436714172,29.957002639770508
0.9034518003463745,29.952301025390625
0.9207767248153687,29.942838668823242
0.8993585705757141,29.933134078979492
0.9231768250465393,29.923429489135742
0.9052062034606934,29.919721603393555
0.9071877598762512,29.921449661254883
0.9235844612121582,29.919450759887695
0.9032122492790222,29.926786422729492
0.9059664607048035,29.933774948120117
0.8879389762878418,29.941801071166992
0.9132459163665771,29.942838668823242
0.9129108190536499,29.943178176879883
0.9015200734138489,29.94487190246582
0.916324257850647,29.952299118041992
0.905590295791626,29.96009635925293
0.9341850876808167,29.968320846557617
0.9025381207466125,29.97252082824707
0.9111459255218506,29.972658157348633
0.9145573973655701,29.978029251098633
0.9022763967514038,29.992813110351562
0.9167237877845764,30.000181198120117
0.9037615060806274,30.008211135864258
0.8943604826927185,30.013166427612305
0.9130045175552368,30.018007278442383
0.8869919180870056,30.022216796875
0.908219575881958,30.026731491088867
0.9164560437202454,30.026628494262695
0.9016444087028503,30.022661209106445
0.9016421437263489,30.013612747192383
0.8986190557479858,30.00715446472168
0.8945090770721436,30.00410270690918
0.9230619668960571,30.000959396362305
0.8998844623565674,29.998994827270508
0.8959670066833496,29.989152908325195
0.9004080891609192,29.977785110473633
0.9118607640266418,29.966949462890625
0.9033979177474976,29.96156120300293
0.903114914894104,29.95789909362793
0.9068485498428345,29.960481643676758
0.8984829187393188,29.963685989379883
0.9208768010139465,29.96757698059082
0.9075397849082947,29.967714309692383
0.9215462803840637,29.962675094604492
0.9182340502738953,29.963623046875
0.8938643932342529,29.956724166870117
0.9083052277565002,29.949813842773438
0.9060624241828918,29.947664260864258
0.8957167863845825,29.951250076293945
0.9041935801506042,29.955366134643555
0.9028440713882446,29.961381912231445
0.9100815653800964,29.96040153503418
0.9275135397911072,29.958101272583008
0.8933658003807068,29.95643424987793
0.9006834030151367,29.95435905456543
0.9007109999656677,29.953031539916992
0.9057791233062744,29.939714431762695
0.9047756791114807,29.926328659057617
0.910662829875946,29.91301155090332
0.9059920310974121,29.910783767700195
0.9036394953727722,29.908063888549805
0.8939194679260254,29.904233932495117
0.900081992149353,29.906251907348633
0.9104881882667542,29.906038284301758
0.8992828726768494,29.908815383911133
0.9123402237892151,29.912809371948242
0.910178542137146,29.913206100463867
0.9134448170661926,29.915910720825195
0.9186282753944397,29.922792434692383
0.8699067831039429,29.92900276184082
0.8940770626068115,29.936019897460938
0.911729097366333,29.937349319458008
0.8849959969520569,29.93321418762207
0.9216341376304626,29.925722122192383
0.92047119140625,29.922836303710938
0.8958271145820618,29.919523239135742
0.9319447875022888,29.913908004760742
0.9124316573143005,29.91566276550293
0.8886218070983887,29.916765213012695
0.9103775024414062,29.92567253112793
0.8970058560371399,29.938631057739258
0.9254134893417358,29.948640823364258
0.9061857461929321,29.955183029174805
0.8904566764831543,29.955015182495117
0.9162731766700745,29.9542236328125
0.9045668840408325,29.952255249023438
0.9120585918426514,29.957841873168945
0.9072349667549133,29.959047317504883
0.9209744334220886,29.959169387817383
0.9189455509185791,29.967866897583008
0.8905211687088013,29.97484016418457
0.8934993743896484,29.975893020629883
0.8906959295272827,29.97123908996582
0.899048388004303,29.970705032348633
0.9072815179824829,29.975969314575195
0.9067426323890686,29.976839065551758
0.9161648750305176,29.978700637817383
0.9165400266647339,29.973127365112305
0.9295810461044312,29.967679977416992
0.8984335064888,29.963777542114258
0.8843883275985718,29.958234786987305
0.9303870797157288,29.962369918823242
0.9113551378250122,29.967466354370117
0.9182673692703247,29.968168258666992
0.8971530199050903,29.964523315429688
0.9268149733543396,29.961015701293945
0.9238474369049072,29.951860427856445
0.9015042185783386,29.941282272338867
0.8930286169052124,29.93092155456543
0.9146536588668823,29.9195556640625
0.9096297025680542,29.901702880859375
0.8899766802787781,29.89301872253418
0.892559289932251,29.88319206237793
0.9082645773887634,29.872358322143555
0.9089158177375793,29.859331130981445
0.9225264191627502,29.85392951965332
0.906825602054596,29.846097946166992
0.9209907054901123,29.83765983581543
0.8961309790611267,29.826261520385742
0.9087492227554321,29.812761306762695
0.9051123261451721,29.80311393737793
0.8910064101219177,29.795272827148438
0.8972501754760742,29.788896560668945
0.9010453820228577,29.785812377929688
0.8916764259338379,29.781431198120117
0.9154970049858093,29.779584884643555
0.9146589040756226,29.784299850463867
0.898216962814331,29.78883171081543
0.9273169040679932,29.791501998901367
0.8891128897666931,29.798994064331055
0.8903992772102356,29.804079055786133
0.8826326131820679,29.806306838989258
0.8921787142753601,29.807024002075195
0.906253457069397,29.809648513793945
0.9171707034111023,29.814424514770508
0.9102151989936829,29.813051223754883
0.8948752880096436,29.812578201293945
0.9012935161590576,29.799394607543945
0.9175733327865601,29.792207717895508
0.8960511684417725,29.78460693359375
0.8963409662246704,29.779691696166992
0.9067988395690918,29.769365310668945
0.9042482376098633,29.764936447143555
0.909416913986206,29.758956909179688
0.9193993806838989,29.754867553710938
0.921340823173523,29.748323440551758
0.8974853754043579,29.748960494995117
0.9118579626083374,29.74244499206543
0.9228116869926453,29.742738723754883
0.909525454044342,29.739336013793945
0.9204620122909546,29.734498977661133
0.916818380355835,29.734512329101562
0.9000678062438965,29.732175827026367
0.9233222007751465,29.71931266784668
0.920800507068634,29.702741622924805
0.926413357257843,29.685869216918945
0.9018968343734741,29.671157836914062
0.9133226275444031,29.658174514770508
0.908755362033844,29.642213821411133
0.8972302675247192,29.620119094848633
0.9052373170852661,29.59730339050293
0.9008163213729858,29.567811965942383
0.9071035981178284,29.542863845825195
0.9030259847640991,29.518449783325195
0.9033664464950562,29.495969772338867
0.9205512404441833,29.474321365356445
0.9156278967857361,29.449663162231445
0.9042204022407532,29.424104690551758
0.913608729839325,29.391752243041992
0.8957909345626831,29.360715866088867
0.9194023609161377,29.329513549804688
0.9276542067527771,29.303560256958008
0.9025055766105652,29.275392532348633
0.9179497361183167,29.255537033081055
0.906591534614563,29.241731643676758
0.9024009108543396,29.23328971862793
0.8799427151679993,29.223466873168945
0.9175852537155151,29.211637496948242
0.9091190695762634,29.200014114379883
0.9030843377113342,29.186342239379883
0.9249935150146484,29.180936813354492
0.9087350368499756,29.178329467773438
0.917944073677063,29.180086135864258
0.9142166972160339,29.176485061645508
0.8943155407905579,29.172422409057617
0.9173274040222168,29.17408561706543
0.8970130085945129,29.170560836791992
0.9127883911132812,29.16728401184082
0.8905735611915588,29.16688346862793
0.896625816822052,29.161943435668945
0.918861985206604,29.151094436645508
0.9014960527420044,29.133787155151367
0.934420108795166,29.128828048706055
0.9209780097007751,29.129030227661133
0.9189088940620422,29.137662887573242
0.9206094145774841,29.154356002807617
0.9108682870864868,29.168794631958008
0.8918381929397583,29.178041458129883
0.8932527899742126,29.186281204223633
0.905903697013855,29.191190719604492
0.9129559397697449,29.195646286010742
0.9081650972366333,29.204496383666992
0.9038622975349426,29.213743209838867
0.9084397554397583,29.219968795776367
0.920072078704834,29.225801467895508
0.9227396845817566,29.230405807495117
0.8850445747375488,29.23304557800293
0.9036155939102173,29.238954544067383
0.8989591598510742,29.236387252807617
0.9017481803894043,29.23069953918457
0.8915375471115112,29.232133865356445
0.8983193635940552,29.231294631958008
0.9180746078491211,29.22974967956543
0.9043202996253967,29.229612350463867
0.8847416639328003,29.228193283081055
0.8992563486099243,29.225278854370117
0.9117922782897949,29.22767448425293
0.8872377872467041,29.226682662963867
0.9056007862091064,29.224031448364258
0.9083162546157837,29.21885871887207
0.9069498181343079,29.212583541870117
0.9105834364891052,29.203569412231445
0.8862531781196594,29.195783615112305
0.9070679545402527,29.183626174926758
0.8999626636505127,29.169906616210938
0.892455518245697,29.155851364135742
0.8911534547805786,29.141450881958008
0.9234680533409119,29.125669479370117
0.9086802005767822,29.110746383666992
0.9072575569152832,29.093843460083008
0.9124171733856201,29.072446823120117
0.902050256729126,29.054014205932617
0.9133650064468384,29.035306930541992
0.9112272262573242,29.019716262817383
0.8852460980415344,29.000350952148438
0.9270835518836975,28.98560905456543
0.9046546816825867,28.972810745239258
0.8934240341186523,28.96428108215332
0.921808123588562,28.955442428588867
0.8934248685836792,28.948240280151367
0.8918483257293701,28.938478469848633
0.9229400157928467,28.93115234375
0.9019537568092346,28.926908493041992
0.9107906818389893,28.9259033203125
0.9144468307495117,28.922197341918945
0.9048396348953247,28.919279098510742
0.9048984050750732,28.915800094604492
0.901171088218689,28.918947219848633
0.9017124176025391,28.921934127807617
0.8956700563430786,28.92796516418457
0.8990081548690796,28.936674118041992
0.9129710793495178,28.930252075195312
0.9087914824485779,28.921630859375
0.9297363758087158,28.929244995117188
0.9002794623374939,28.941438674926758
0.9143356680870056,28.94975471496582
0.9224933385848999,28.955354690551758
0.9154483079910278,28.9617919921875
0.91977858543396,28.971403121948242
0.9183498024940491,28.97637939453125
0.8894658088684082,28.980009078979492
0.8880422711372375,28.986661911010742
0.9179595112800598,28.993406295776367
0.9015350937843323,28.998777389526367
0.9099427461624146,29.00615119934082
0.9073604941368103,29.015151977539062
0.9123979806900024,29.013139724731445
0.9230610728263855,29.007078170776367
0.9014889597892761,29.006685256958008
0.9234626889228821,29.000429153442383
0.8990034461021423,28.997224807739258
0.9061290621757507,28.991668701171875
0.881140947341919,28.987245559692383
0.8859639763832092,28.98322868347168
0.9139897227287292,28.972200393676758
0.9032251238822937,28.960081100463867
0.9109752774238586,28.947908401489258
0.9195706844329834,28.939363479614258
0.9176369905471802,28.93620491027832
0.9016575813293457,28.930482864379883
0.8997762799263,28.92371940612793
0.8970555663108826,28.91914176940918
0.9087003469467163,28.912202835083008
0.8936525583267212,28.911592483520508
0.9089368581771851,28.915727615356445
0.917919397354126,28.921964645385742
0.9125200510025024,28.926115036010742
0.90101557970047,28.929231643676758
0.9068729877471924,28.934629440307617
0.8871346712112427,28.940248489379883
0.8970978856086731,28.949554443359375
0.9119370579719543,28.956464767456055
0.9178486466407776,28.962217330932617
0.9187803864479065,28.962461471557617
0.9148187637329102,28.962432861328125
0.905942440032959,28.967863082885742
0.9040913581848145,28.982040405273438
0.894874632358551,28.99797248840332
0.9035691022872925,29.01512336730957
0.9106418490409851,29.029130935668945
0.9064408540725708,29.041044235229492
0.8959052562713623,29.054567337036133
0.9005992412567139,29.07103157043457
0.9160342812538147,29.087799072265625
0.9195322394371033,29.10297966003418
0.9041162729263306,29.118501663208008
0.919042706489563,29.139373779296875
0.906663715839386,29.16328239440918
0.8999724388122559,29.189908981323242
0.906792402267456,29.217714309692383
0.9070631265640259,29.24052619934082
0.9313347339630127,29.26170539855957
0.9149177670478821,29.279157638549805
0.8972226977348328,29.295820236206055
0.921385645866394,29.303178787231445
0.9018537998199463,29.306154251098633
0.895357608795166,29.306703567504883
0.9026084542274475,29.309099197387695
0.9101409316062927,29.30891227722168
0.8815202713012695,29.311429977416992
0.9239514470100403,29.319486618041992
0.8949390053749084,29.325258255004883
0.9105380177497864,29.33116340637207
0.9067466259002686,29.336240768432617
0.9147263765335083,29.334840774536133
0.8935578465461731,29.327924728393555
0.9222152233123779,29.325986862182617
0.9021704792976379,29.322662353515625
0.905439555644989,29.322114944458008
0.9155813455581665,29.32805061340332
0.8867553472518921,29.338163375854492
0.9085449576377869,29.346864700317383
0.9109388589859009,29.359407424926758
0.9198454022407532,29.367586135864258
0.9099509119987488,29.36924934387207
0.9037485718727112,29.372587203979492
0.9200922846794128,29.37830924987793
0.9142376184463501,29.383237838745117
0.9053491950035095,29.383790969848633
0.9154977202415466,29.379133224487305
0.9004834890365601,29.380434036254883
0.8905958533287048,29.387178421020508
0.9072669744491577,29.396425247192383
0.9311192035675049,29.407320022583008
0.9038221836090088,29.418304443359375
0.9175716042518616,29.431638717651367
0.9220072031021118,29.44825553894043
0.900922417640686,29.459653854370117
0.8816941976547241,29.476285934448242
0.9250046610832214,29.488815307617188
0.920975387096405,29.50733757019043
0.9245634078979492,29.521562576293945
0.9018203020095825,29.53990364074707
0.911838173866272,29.55925178527832
0.9083067178726196,29.577695846557617
0.9052497744560242,29.592374801635742
0.9220379590988159,29.61473274230957
0.8963083028793335,29.638837814331055
0.9022342562675476,29.660369873046875
0.9086232781410217,29.681974411010742
0.9084448218345642,29.701887130737305
0.8981167674064636,29.715059280395508
0.9272397756576538,29.721315383911133
0.9113467335700989,29.726346969604492
0.9195770025253296,29.732454299926758
0.9182577133178711,29.741697311401367
0.9003299474716187,29.74647331237793
0.9134514927864075,29.75157356262207
0.9181012511253357,29.760160446166992
0.9190877079963684,29.769258499145508
0.9226619005203247,29.774843215942383
0.9034377336502075,29.772581100463867
0.900149941444397,29.77113151550293
0.896402895450592,29.769472122192383
0.9247745275497437,29.777753829956055
0.9307183027267456,29.784391403198242
0.919279932975769,29.789766311645508
0.8980330228805542,29.803251266479492
0.8957763910293579,29.814453125
0.903136670589447,29.827667236328125
0.9016928672790527,29.83995246887207
0.899307131767273,29.847719192504883
0.9034757018089294,29.860063552856445
0.8848868608474731,29.874879837036133
0.8819582462310791,29.88524055480957
0.904445469379425,29.893766403198242
0.9074952006340027,29.897550582885742
0.9177296161651611,29.90478515625
0.9073022603988647,29.920686721801758
0.8998407125473022,29.933334350585938
0.9123477339744568,29.9459228515625
0.8967602252960205,29.955778121948242
0.9042162299156189,29.968290328979492
0.9204322695732117,29.981901168823242
0.9111085534095764,30.00079345703125
0.9006353616714478,30.019132614135742
0.8954579830169678,30.034650802612305
0.9083807468414307,30.046478271484375
0.9250544309616089,30.053499221801758
0.8990033864974976,30.06135368347168
0.9193055033683777,30.071760177612305
0.9037441611289978,30.084089279174805
0.902255654335022,30.097017288208008
0.9031764268875122,30.11829948425293
0.9131641983985901,30.13514518737793
0.8991509079933167,30.148862838745117
0.9093782305717468,30.156980514526367
0.8982863426208496,30.165130615234375
0.8897419571876526,30.172929763793945
0.923691987991333,30.19047737121582
0.8993353247642517,30.203489303588867
0.8918537497520447,30.220975875854492
0.9173612594604492,30.244688034057617
0.9127094149589539,30.26539421081543
0.9105241894721985,30.284727096557617
0.9005061388015747,30.302095413208008
0.9017390608787537,30.320024490356445
0.9225626587867737,30.336517333984375
0.8796759843826294,30.354063034057617
0.8989753723144531,30.37242317199707
0.8976337909698486,30.395933151245117
0.9135696887969971,30.418302536010742
0.8982244729995728,30.43120002746582
0.9139399528503418,30.443784713745117
0.9063911437988281,30.45579719543457
0.9121342301368713,30.45927619934082
0.9261125326156616,30.458280563354492
0.8923162221908569,30.460100173950195
0.8859345316886902,30.461898803710938
0.8813855051994324,30.457380294799805
0.8900160789489746,30.449630737304688
0.9095191955566406,30.44877815246582
0.9048371315002441,30.449296951293945
0.902157187461853,30.439008712768555
0.9075406193733215,30.42628288269043
0.8985013961791992,30.410078048706055
0.9113386273384094,30.394777297973633
0.9226222634315491,30.38306999206543
0.9145866632461548,30.366731643676758
0.9139289855957031,30.35331916809082
0.9171584248542786,30.34062385559082
0.9185823798179626,30.328046798706055
0.9188931584358215,30.32349967956543
0.9181348085403442,30.318708419799805
0.9049787521362305,30.31214714050293
0.908035933971405,30.30601692199707
0.8948580026626587,30.305940628051758
0.8999362587928772,30.308958053588867
0.9135626554489136,30.317869186401367
0.9023521542549133,30.324098587036133
0.8969326019287109,30.330854415893555
0.889196515083313,30.332380294799805
0.9053066968917847,30.337587356567383
0.9057807922363281,30.335588455200195
0.9212660789489746,30.332338333129883
0.909027636051178,30.327348709106445
0.9123146533966064,30.322935104370117
0.8972894549369812,30.31666374206543
0.9128421545028687,30.31092643737793
0.9230327010154724,30.304489135742188
0.9051037430763245,30.30375862121582
0.9200310707092285,30.299257278442383
0.8951284885406494,30.292055130004883
0.9140575528144836,30.284181594848633
0.886899471282959,30.282499313354492
0.9114066958427429,30.288484573364258
0.9081034660339355,30.300935745239258
0.9001853466033936,30.313386917114258
0.9112687706947327,30.322675704956055
0.9161986708641052,30.33570671081543
0.8958591818809509,30.339693069458008
0.8920984864234924,30.342470169067383
0.9205355048179626,30.35004997253418
0.9043269157409668,30.357622146606445
0.9231274127960205,30.369535446166992
0.918803870677948,30.381776809692383
0.8848539590835571,30.388704299926758
0.901237964630127,30.399202346801758
0.888384222984314,30.411161422729492
0.900624692440033,30.41990852355957
0.9075763821601868,30.42643928527832
0.8930894732475281,30.429826736450195
0.9039543271064758,30.439897537231445
0.9010518789291382,30.450223922729492
0.8939917087554932,30.461442947387695
0.9128195643424988,30.47376823425293
0.9085766077041626,30.48838996887207
0.9182036519050598,30.505952835083008
0.886354386806488,30.515871047973633
0.8933011889457703,30.524015426635742
0.9087281823158264,30.532102584838867
0.9098787307739258,30.542081832885742
0.8954638242721558,30.553327560424805
0.9171228408813477,30.55695915222168
0.9298229217529297,30.55354118347168
0.9058243036270142,30.544448852539062
0.9000613689422607,30.54022216796875
0.8847220540046692,30.529756546020508
0.8925714492797852,30.519289016723633
0.9035741090774536,30.513151168823242
0.9237461686134338,30.50593376159668
0.9245080351829529,30.501325607299805
0.9190922379493713,30.497526168823242
0.915499746799469,30.495271682739258
0.9069464206695557,30.493425369262695
0.865028440952301,30.483808517456055
0.9008061289787292,30.466445922851562
0.9148855209350586,30.448501586914062
0.9000624418258667,30.436525344848633
0.9184406399726868,30.427248001098633
0.9153122901916504,30.410722732543945
0.9174134731292725,30.400087356567383
0.9296504855155945,30.39710807800293
0.9018778800964355,30.393342971801758
0.906366229057312,30.386991500854492
0.9072261452674866,30.38353157043457
0.9235965609550476,30.380006790161133
0.8812575936317444,30.371110916137695
0.8933536410331726,30.361265182495117
0.8850196599960327,30.358675003051758
0.9104207158088684,30.36024284362793
0.9175488948822021,30.363710403442383
0.9121239185333252,30.367521286010742
0.9052631855010986,30.368803024291992
0.8930941820144653,30.370054244995117
0.9149402379989624,30.375673294067383
0.8840368986129761,30.381040573120117
0.9110963940620422,30.387712478637695
0.8855987191200256,30.39329719543457
0.9108960628509521,30.394365310668945
0.9039570689201355,30.390851974487305
0.9233945608139038,30.385530471801758
0.9196856617927551,30.376680374145508
0.8982951641082764,30.36297607421875
0.9032843708992004,30.35102653503418
0.915789008140564,30.344972610473633
0.9100762009620667,30.342927932739258
0.8985430598258972,30.345733642578125
0.9047839641571045,30.351057052612305
0.9058802127838135,30.354219436645508
0.9069184064865112,30.35401725769043
0.9108132123947144,30.349687576293945
0.9140412211418152,30.353696823120117
0.9039291143417358,30.34858512878418
0.9029057621955872,30.350828170776367
0.9087511897087097,30.347394943237305
0.9132579565048218,30.340791702270508
0.9054118394851685,30.32685661315918
0.9078725576400757,30.31907844543457
0.8939659595489502,30.314054489135742
0.9124211668968201,30.313356399536133
0.9279181361198425,30.316421508789062
0.9125252366065979,30.316925048828125
0.9076390862464905,30.32014274597168
0.9202424883842468,30.321611404418945
0.9086875319480896,30.328718185424805
0.915420413017273,30.33568000793457
0.8885842561721802,30.339920043945312
0.9210296869277954,30.342790603637695
0.9104770421981812,30.343568801879883
0.9050254225730896,30.34846305847168
0.9124994874000549,30.35688591003418
0.9049657583236694,30.361848831176758
0.8875066637992859,30.369264602661133
0.9104908108711243,30.373044967651367
0.9190693497657776,30.361894607543945
0.8964691162109375,30.35169792175293
0.9192512631416321,30.34782600402832
0.9123315215110779,30.344266891479492
0.9052148461341858,30.343137741088867
0.9099887609481812,30.342103958129883
0.9106569886207581,30.335508346557617
0.9165921807289124,30.325899124145508
0.9114018678665161,30.323165893554688
0.8991433382034302,30.321290969848633
0.9003111124038696,30.314346313476562
0.9126408100128174,30.304716110229492
0.8990944027900696,30.29777717590332
0.9108352661132812,30.295957565307617
0.9108225703239441,30.29548454284668
0.9032427072525024,30.293500900268555
0.9252389669418335,30.28321647644043
0.9067241549491882,30.279218673706055
0.9173567295074463,30.276884078979492
0.9015145301818848,30.279571533203125
0.925530195236206,30.280637741088867
0.8942638039588928,30.280885696411133
0.9029741287231445,30.273942947387695
0.9132475256919861,30.267702102661133
0.8982548117637634,30.256471633911133
0.9285399317741394,30.248029708862305
0.9193411469459534,30.240644454956055
0.9099326133728027,30.237367630004883
0.8868166208267212,30.235979080200195
0.9223112463951111,30.229814529418945
0.8831987380981445,30.226228713989258
0.8917495012283325,30.220808029174805
0.9034245014190674,30.210603713989258
0.9163162708282471,30.198789596557617
0.900017261505127,30.187227249145508
0.9183943867683411,30.182540893554688
0.9016900062561035,30.180326461791992
0.8976960182189941,30.171968460083008
0.9035048484802246,30.16185188293457
0.911300778388977,30.147871017456055
0.9091687202453613,30.13569450378418
0.9107857942581177,30.122968673706055
0.8978381752967834,30.11338996887207
0.9151610136032104,30.101850509643555
0.8833406567573547,30.091293334960938
0.9005511999130249,30.076051712036133
0.8855852484703064,30.064973831176758
0.9069543480873108,30.049375534057617
0.9081545472145081,30.03367805480957
0.9116349220275879,30.01970100402832
0.9047936797142029,30.004547119140625
0.8899528980255127,29.996294021606445
0.9126698970794678,29.979230880737305
0.9070096015930176,29.960630416870117
0.9081677794456482,29.942873001098633
0.9325420260429382,29.922988891601562
0.9024491310119629,29.901060104370117
0.9111191630363464,29.88737678527832
0.9223394989967346,29.875944137573242
0.8937979936599731,29.862382888793945
0.8972442746162415,29.847688674926758
0.8986548185348511,29.830415725708008
0.9166204929351807,29.816146850585938
0.9160239100456238,29.803251266479492
0.8967628479003906,29.793792724609375
0.8857478499412537,29.782365798950195
0.8969403505325317,29.76885986328125
0.9233646988868713,29.758695602416992
0.9122059345245361,29.748781204223633
0.9076943397521973,29.737180709838867
0.9084758162498474,29.724700927734375
0.9070038199424744,29.714292526245117
0.8994746804237366,29.711212158203125
0.9045501351356506,29.710298538208008
0.9204767346382141,29.710447311401367
0.9102858901023865,29.713624954223633
0.9194789528846741,29.714860916137695
0.9036864042282104,29.715055465698242
0.8934400677680969,29.71898078918457
0.8986994028091431,29.722898483276367
0.90283203125,29.72675895690918
0.8959652185440063,29.73286247253418
0.8779395222663879,29.739320755004883
0.8985328078269958,29.74376106262207
0.9112277030944824,29.74949836730957
0.9039217829704285,29.75446891784668
0.886290431022644,29.748186111450195
0.9116807579994202,29.741640090942383
0.9181960225105286,29.736709594726562
0.9007411599159241,29.72868537902832
0.9085873365402222,29.719831466674805
0.9303114414215088,29.716676712036133
0.9240580201148987,29.718645095825195
0.9001023769378662,29.717744827270508
0.9190382957458496,29.715269088745117
0.8959066271781921,29.70826530456543
0.902030348777771,29.702421188354492
0.9035024046897888,29.694276809692383
0.8923444151878357,29.685396194458008
0.9008671045303345,29.670488357543945
0.9078854322433472,29.658037185668945
0.9179785847663879,29.645204544067383
0.906295657157898,29.631940841674805
0.8982903957366943,29.61680793762207
0.9156880974769592,29.600051879882812
0.9071639180183411,29.586442947387695
0.9141133427619934,29.571073532104492
0.9104941487312317,29.565458297729492
0.9382898807525635,29.557680130004883
0.9095414280891418,29.548507690429688
0.9097868800163269,29.543642044067383
0.9132375717163086,29.537778854370117
0.9152494072914124,29.53645133972168
0.9032267928123474,29.543058395385742
0.920482873916626,29.541536331176758
0.9238555431365967,29.541242599487305
0.9231821298599243,29.538877487182617
0.8896928429603577,29.533510208129883
0.9054960012435913,29.530576705932617
0.8983531594276428,29.532365798950195
0.9087362289428711,29.531801223754883
0.9114140868186951,29.537492752075195
0.8929892182350159,29.540739059448242
0.9046680927276611,29.543428421020508
0.8949562311172485,29.548337936401367
0.8961715698242188,29.554014205932617
0.9170249104499817,29.553909301757812
0.9085702896118164,29.556350708007812
0.8997527360916138,29.565946578979492
0.9053490161895752,29.566560745239258
0.9098917841911316,29.558683395385742
0.9220207929611206,29.548322677612305
0.9162190556526184,29.542009353637695
0.8916304111480713,29.539735794067383
0.9020000696182251,29.542692184448242
0.8948267698287964,29.548555374145508
0.91652911901474,29.550886154174805
0.9024200439453125,29.55561637878418
0.8953772783279419,29.557876586914062
0.8997141718864441,29.559415817260742
0.8882539868354797,29.56178092956543
0.9003438949584961,29.565916061401367
0.9130010008811951,29.573015213012695
0.9221433997154236,29.574430465698242
0.90215003490448,29.571762084960938
0.9211462140083313,29.567655563354492
0.9065924882888794,29.561063766479492
0.904112696647644,29.554197311401367
0.9096362590789795,29.55055046081543
0.894990086555481,29.550325393676758
0.8880113363265991,29.549436569213867
0.894268274307251,29.537538528442383
0.9035255908966064,29.530092239379883
0.8963915705680847,29.521207809448242
0.8990517854690552,29.518556594848633
0.9070780277252197,29.51472282409668
0.9020106792449951,29.514678955078125
0.9112038612365723,29.512388229370117
0.9098418951034546,29.517087936401367
0.9103440046310425,29.527082443237305
0.9106098413467407,29.53822135925293
0.9073954820632935,29.553129196166992
0.9278702139854431,29.563371658325195
0.9052031636238098,29.576017379760742
0.9095931649208069,29.595090866088867
0.9017386436462402,29.61485481262207
0.9137777090072632,29.634336471557617
0.9004634022712708,29.652006149291992
0.9034322500228882,29.676176071166992
0.8875325322151184,29.701875686645508
0.9077123403549194,29.7415771484375
0.923794150352478,29.774961471557617
0.9131211042404175,29.807523727416992
0.9004998207092285,29.835298538208008
0.890598475933075,29.855562210083008
0.8988271355628967,29.876588821411133
0.8982388973236084,29.897947311401367
0.9245109558105469,29.919631958007812
0.9121313095092773,29.93309211730957
0.8938247561454773,29.94548225402832
0.9168245792388916,29.955472946166992
0.9141671657562256,29.965391159057617
0.9113153219223022,29.977109909057617
0.9118360877037048,29.983186721801758
0.9042936563491821,29.987897872924805
0.8895019888877869,29.98979377746582
0.9134753942489624,29.994003295898438
0.9114099740982056,29.996610641479492
0.9171807765960693,29.998228073120117
0.8951588869094849,30.00242805480957
0.9164755344390869,30.010297775268555
0.8822567462921143,30.025558471679688
0.8818234205245972,30.033384323120117
0.910202145576477,30.03734016418457
0.9139561653137207,30.038558959960938
0.8833374977111816,30.0426025390625
0.9152227640151978,30.036943435668945
0.9098506569862366,30.03087043762207
0.9132100343704224,30.02458381652832
0.9142691493034363,30.017532348632812
0.90166175365448,30.00334358215332
0.8855977058410645,29.989198684692383
0.8957839012145996,29.973020553588867
0.900642454624176,29.957597732543945
0.8850299119949341,29.945924758911133
0.9252108931541443,29.93311882019043
0.912823498249054,29.92249870300293
0.9137698411941528,29.916898727416992
0.9219983816146851,29.911420822143555
0.8906717896461487,29.910703659057617
0.9064401388168335,29.911039352416992
0.8951981067657471,29.914106369018555
0.9201788306236267,29.914976119995117
0.9117728471755981,29.91111946105957
0.8776326179504395,29.911100387573242
0.9079311490058899,29.90184211730957
0.8976316452026367,29.887651443481445
0.9080686569213867,29.873411178588867
0.91134113073349,29.864397048950195
0.900300920009613,29.857770919799805
0.9156511425971985,29.847780227661133
0.9093413949012756,29.837690353393555
0.9182106256484985,29.82756233215332
0.8944910764694214,29.825117111206055
0.9109665155410767,29.820798873901367
0.88848876953125,29.810773849487305
0.892677366733551,29.797574996948242
0.903147280216217,29.788984298706055
0.8858749866485596,29.785017013549805
0.9228055477142334,29.777830123901367
0.8859087228775024,29.77134895324707
0.9099988341331482,29.765352249145508
0.9148140549659729,29.759443283081055
0.9145803451538086,29.752077102661133
0.8959328532218933,29.74066162109375
0.932659387588501,29.725252151489258
0.8838667869567871,29.715070724487305
0.8787252902984619,29.715288162231445
0.897684633731842,29.716981887817383
0.9108219146728516,29.730161666870117
0.9132529497146606,29.739076614379883
0.884337842464447,29.751676559448242
0.8946635723114014,29.763566970825195
0.8967139720916748,29.7728271484375
0.9029924869537354,29.781618118286133
0.9229117035865784,29.784318923950195
0.8975111246109009,29.786714553833008
0.9143766164779663,29.793943405151367
0.9049662947654724,29.797700881958008
0.9171316027641296,29.8031005859375
0.9253180027008057,29.80711555480957
0.9003053903579712,29.810060501098633
0.9242098927497864,29.81397819519043
0.9216558933258057,29.816497802734375
0.9326575994491577,29.826189041137695
0.9178899526596069,29.834882736206055
0.9111710786819458,29.839445114135742
0.9219843149185181,29.843687057495117
0.9125462174415588,29.846616744995117
0.9085500240325928,29.842256546020508
0.9022536873817444,29.840726852416992
0.8959442377090454,29.83961296081543
0.9023603796958923,29.834823608398438
0.9082531929016113,29.82386589050293
0.9137219190597534,29.818296432495117
0.9089735746383667,29.814924240112305
0.9374756217002869,29.811874389648438
0.8881561756134033,29.81464958190918
0.8957594633102417,29.820066452026367
0.8860912919044495,29.826234817504883
0.9090337157249451,29.828794479370117
0.9197385311126709,29.830656051635742
0.8921017646789551,29.830812454223633
0.9247758984565735,29.837644577026367
0.9034600257873535,29.84172248840332
0.9018256068229675,29.852876663208008
0.9125601053237915,29.868865966796875
0.8977121710777283,29.886045455932617
0.9142400026321411,29.901018142700195
0.911665678024292,29.91691780090332
0.9024930000305176,29.937196731567383
0.9136619567871094,29.95414924621582
0.9007622003555298,29.967985153198242
0.9058878421783447,29.976930618286133
0.9173886775970459,29.988798141479492
0.889745831489563,29.999387741088867
0.9313458204269409,30.00938606262207
0.8842374086380005,30.022977828979492
0.9030945301055908,30.026487350463867
0.9041544795036316,30.032243728637695
0.9127816557884216,30.035810470581055
0.8960056304931641,30.039045333862305
0.9028530120849609,30.0399169921875
0.9061998128890991,30.037935256958008
0.9156078696250916,30.041898727416992
0.9246152639389038,30.052080154418945
0.9095356464385986,30.060287475585938
0.8938409090042114,30.068191528320312
0.9049177765846252,30.074079513549805
0.9096111059188843,30.079832077026367
0.8797829151153564,30.08098030090332
0.9186907410621643,30.069978713989258
0.8976478576660156,30.065671920776367
0.9195038676261902,30.064924240112305
0.9109774827957153,30.05797004699707
0.9010879397392273,30.056882858276367
0.9027338027954102,30.05388069152832
0.8947281241416931,30.057785034179688
0.8976748585700989,30.055387496948242
0.9194486141204834,30.053678512573242
0.8952468037605286,30.043928146362305
0.9058579206466675,30.038331985473633
0.9058318734169006,30.03813362121582
0.9073687195777893,30.039155960083008
0.9089789390563965,30.03822135925293
0.9010798335075378,30.040544509887695
0.9068174958229065,30.045822143554688
0.9283942580223083,30.054319381713867
0.9165011644363403,30.063322067260742
0.9184747338294983,30.06855583190918
0.9196099638938904,30.071840286254883
0.903334379196167,30.074308395385742
0.87981116771698,30.077116012573242
0.9275513887405396,30.073896408081055
0.9320722818374634,30.068206787109375
0.916174054145813,30.065584182739258
0.860698401927948,30.063173294067383
0.9323413372039795,30.05994987487793
0.9074440598487854,30.0537109375
0.9179786443710327,30.05320930480957
0.9025075435638428,30.04981803894043
0.9001609086990356,30.043535232543945
0.9167377352714539,30.031373977661133
0.8962454199790955,30.017168045043945
0.9079726934432983,30.002866744995117
0.8927361369132996,29.986557006835938
0.9199013710021973,29.964536666870117
0.906191349029541,29.941789627075195
0.8951737880706787,29.918001174926758
0.8999131917953491,29.894441604614258
0.8869592547416687,29.877668380737305
0.9281933307647705,29.864778518676758
0.908935546875,29.852170944213867
0.9126631021499634,29.837587356567383
0.9039455056190491,29.822309494018555
0.9109536409378052,29.808149337768555
0.8931136727333069,29.802370071411133
0.9019704461097717,29.796113967895508
0.9199484586715698,29.781326293945312
0.909800112247467,29.766141891479492
0.9068284034729004,29.75871467590332
0.9258021116256714,29.753143310546875
0.9041228890419006,29.739944458007812
0.9113333821296692,29.732011795043945
0.9082221984863281,29.726713180541992
0.9120100736618042,29.729951858520508
0.9058241844177246,29.730562210083008
0.9122495651245117,29.733232498168945
0.9117774963378906,29.739316940307617
0.9144765138626099,29.73902702331543
0.9255982041358948,29.742048263549805
0.9053597450256348,29.745803833007812
0.895806074142456,29.746854782104492
0.9092715978622437,29.75086784362793
0.9215774536132812,29.74955940246582
0.8961082696914673,29.742998123168945
0.9177619218826294,29.737581253051758
0.9048217535018921,29.735658645629883
0.8830466270446777,29.736970901489258
0.913648247718811,29.742799758911133
0.8780505657196045,29.750307083129883
0.9061115384101868,29.758211135864258
0.9073454737663269,29.767364501953125
0.9015699028968811,29.782684326171875
0.9133509397506714,29.793302536010742
0.9137058258056641,29.808439254760742
0.9083690643310547,29.813432693481445
0.9011197686195374,29.821870803833008
0.919646143913269,29.826276779174805
0.9423276782035828,29.829912185668945
0.9213047027587891,29.832033157348633
0.9245063662528992,29.835115432739258
0.9041755795478821,29.834566116333008
0.9246394038200378,29.83635139465332
0.8978077173233032,29.840147018432617
0.9015179872512817,29.85209846496582
0.895573616027832,29.864408493041992
0.8932938575744629,29.87047004699707
0.9113059043884277,29.875093460083008
0.8994973301887512,29.878477096557617
0.9128844738006592,29.874269485473633
0.9041451215744019,29.876203536987305
0.9002183079719543,29.875200271606445
0.9174444675445557,29.876802444458008
0.9157772660255432,29.883359909057617
0.9084855914115906,29.891477584838867
0.9153631329536438,29.899309158325195
0.903914749622345,29.902132034301758
0.9174547791481018,29.90754508972168
0.9049373865127563,29.91374397277832
0.9202940464019775,29.916048049926758
0.9081107378005981,29.922393798828125
0.9121758341789246,29.931337356567383
0.8977910876274109,29.94659423828125
0.9044662714004517,29.957748413085938
0.9128048419952393,29.965456008911133
0.9177670478820801,29.979019165039062
0.8900537490844727,29.98765754699707
0.9185917973518372,29.991117477416992
0.9125816822052002,29.997907638549805
0.8963907957077026,30.006864547729492
0.9091605544090271,30.010971069335938
0.908746600151062,30.01463508605957
0.8992434740066528,30.011629104614258
0.9144547581672668,30.009992599487305
0.8797758221626282,30.009798049926758
0.9091122150421143,30.010480880737305
0.9172455668449402,30.00599479675293
0.9071029424667358,29.99702262878418
0.9120559096336365,29.987226486206055
0.9186086654663086,29.97813606262207
0.9107389450073242,29.974611282348633
0.9105556011199951,29.975479125976562
0.9036352038383484,29.974136352539062
0.9112788438796997,29.969453811645508
0.9169144034385681,29.959760665893555
0.9023073315620422,29.954530715942383
0.9336362481117249,29.951475143432617
0.8927531242370605,29.947877883911133
0.904425859451294,29.947038650512695
0.9215368628501892,29.946622848510742
0.907545804977417,29.949081420898438
0.9230160117149353,29.951719284057617
0.906649112701416,29.958192825317383
0.8935350775718689,29.966157913208008
0.9306617975234985,29.971647262573242
0.89456707239151,29.97801399230957
0.9057442545890808,29.988618850708008
0.9232015013694763,29.99366569519043
0.9283111095428467,29.998044967651367
0.901770293712616,29.998960494995117
0.8798657655715942,30.004316329956055
0.9251750707626343,30.008939743041992
0.9167624711990356,30.012601852416992
0.9056664705276489,30.012590408325195
0.9189136028289795,30.017457962036133
0.9082430601119995,30.02638053894043
0.9106371402740479,30.029253005981445
0.8937388062477112,30.028154373168945
0.9129343628883362,30.033769607543945
0.908408522605896,30.038969039916992
0.9106096029281616,30.042661666870117
0.9183439612388611,30.044740676879883
0.9002436399459839,30.046369552612305
0.8963404893875122,30.04737663269043
0.9120185375213623,30.043519973754883
0.9064428210258484,30.035951614379883
0.9068389534950256,30.031450271606445
0.9323784708976746,30.026308059692383
0.9081726670265198,30.027481079101562
0.8937728404998779,30.03057861328125
0.897254228591919,30.039979934692383
0.8966034054756165,30.050567626953125
0.9097877740859985,30.06376838684082
0.9056857824325562,30.077268600463867
0.913574755191803,30.089876174926758
0.9058787822723389,30.107513427734375
0.9121705293655396,30.120649337768555
0.9119212627410889,30.129562377929688
0.9054704308509827,30.138242721557617
0.9054194092750549,30.143449783325195
0.9029485583305359,30.152555465698242
0.8991718292236328,30.167726516723633
0.9006786346435547,30.18147087097168
0.9115526080131531,30.19273567199707
0.8895323276519775,30.198972702026367
0.9032701253890991,30.208951950073242
0.9184467196464539,30.222734451293945
0.9085983037948608,30.230100631713867
0.9045675992965698,30.237791061401367
0.915037214756012,30.238981246948242
0.8957350254058838,30.231691360473633
0.902791440486908,30.22010612487793
0.8980274200439453,30.21302604675293
0.9086911082267761,30.20280647277832
0.921293318271637,30.191530227661133
0.9036523699760437,30.185945510864258
0.9066647291183472,30.188276290893555
0.8988233804702759,30.19793701171875
0.9149684906005859,30.203794479370117
0.9077391624450684,30.203855514526367
0.9071138501167297,30.209333419799805
0.9129425883293152,30.215639114379883
0.8992844820022583,30.224409103393555
0.8862704038619995,30.229524612426758
0.8974491953849792,30.227994918823242
0.9225019812583923,30.226167678833008
0.9307096004486084,30.22144889831543
0.8916394114494324,30.216642379760742
0.9161775708198547,30.211576461791992
0.9171821475028992,30.207246780395508
0.901292085647583,30.203733444213867
0.9216449856758118,30.206113815307617
0.9136534929275513,30.20734977722168
0.9163641929626465,30.20252799987793
0.9070912003517151,30.199922561645508
0.9026799201965332,30.197587966918945
0.9015746712684631,30.191743850708008
0.8896223902702332,30.192808151245117
0.9156073927879333,30.184511184692383
0.9150930643081665,30.174375534057617
0.902987003326416,30.154298782348633
0.8924912214279175,30.143556594848633
0.9132543206214905,30.133638381958008
0.9129423499107361,30.128921508789062
0.922617495059967,30.13056755065918
0.8913799524307251,30.128355026245117
0.9097509384155273,30.126676559448242
0.9139919281005859,30.121000289916992
0.8944249749183655,30.116090774536133
0.9033849239349365,30.104753494262695
0.898489236831665,30.09368896484375
0.884844958782196,30.077882766723633
0.9031940698623657,30.059907913208008
0.8939222693443298,30.036863327026367
0.9018082618713379,30.01170539855957
0.9122452139854431,29.986387252807617
0.9102829098701477,29.962251663208008
0.9042398929595947,29.939786911010742
0.9169405102729797,29.917085647583008
0.9122875928878784,29.894973754882812
0.905268669128418,29.876386642456055
0.8979102373123169,29.855924606323242
0.9273837804794312,29.848661422729492
0.8968533277511597,29.843782424926758
0.8945275545120239,29.842191696166992
0.9080694317817688,29.846025466918945
0.911082923412323,29.848970413208008
0.903917133808136,29.854616165161133
0.8978592753410339,29.85569953918457
0.9032806158065796,29.857393264770508
0.8997997641563416,29.867124557495117
0.9121442437171936,29.885740280151367
0.900689959526062,29.905698776245117
0.9190467596054077,29.927568435668945
0.8964718580245972,29.949644088745117
0.9063620567321777,29.969789505004883
0.9131097793579102,29.991117477416992
0.9000853300094604,30.020341873168945
0.9087458252906799,30.040315628051758
0.8953337669372559,30.05750846862793
0.9012516140937805,30.07512092590332
0.8998109698295593,30.092103958129883
0.9165831804275513,30.106142044067383
0.9040149450302124,30.120500564575195
0.9246939420700073,30.134140014648438
0.906337320804596,30.144208908081055
0.8948457837104797,30.158750534057617
0.8983249068260193,30.167417526245117
0.9094443321228027,30.181215286254883
0.9234256148338318,30.19676399230957
0.8987730741500854,30.215452194213867
0.9106122255325317,30.23716926574707
0.886992335319519,30.252412796020508
0.9127100110054016,30.25904655456543
0.9150934219360352,30.255704879760742
0.9200230836868286,30.253023147583008
0.8915610313415527,30.253496170043945
0.9093298316001892,30.254030227661133
0.9255526065826416,30.254487991333008
0.8977640867233276,30.25929069519043
0.8992072939872742,30.27039909362793
0.9062997698783875,30.276811599731445
0.8867601156234741,30.283876419067383
0.9293832778930664,30.301816940307617
0.9345353245735168,30.320554733276367
0.9023436307907104,30.337846755981445
0.8973254561424255,30.35633659362793
0.891465425491333,30.375898361206055
0.8920273780822754,30.395002365112305
0.9190660119056702,30.407106399536133
0.9218122363090515,30.419267654418945
0.9071495532989502,30.422590255737305
0.8928080797195435,30.432281494140625
0.8982262015342712,30.444765090942383
0.9075174331665039,30.449018478393555
0.9000627994537354,30.451936721801758
0.9190810918807983,30.45210075378418
0.9156256914138794,30.452741622924805
0.8934028148651123,30.447111129760742
0.9142500758171082,30.449708938598633
0.9083982706069946,30.455411911010742
0.9251547455787659,30.462175369262695
0.897598147392273,30.462724685668945
0.9050515294075012,30.460298538208008
0.8892417550086975,30.45643424987793
0.9191003441810608,30.446683883666992
0.9183750152587891,30.438886642456055
0.9119693040847778,30.432401657104492
0.9040084481239319,30.43121337890625
0.9136697053909302,30.42677116394043
0.8989667296409607,30.422578811645508
0.899969220161438,30.415712356567383
0.9164429903030396,30.406770706176758
0.9087374806404114,30.394302368164062
0.9005002379417419,30.382783889770508
0.9213564991950989,30.381898880004883
0.9009393453598022,30.38458251953125
0.9205312132835388,30.384885787963867
0.9256322979927063,30.387971878051758
0.9092313051223755,30.400266647338867
0.8973329067230225,30.409269332885742
0.9217653870582581,30.414762496948242
0.9264748096466064,30.4149169921875
0.9128549098968506,30.416717529296875
0.9076383709907532,30.422014236450195
0.8787843585014343,30.435792922973633
0.9078928232192993,30.445358276367188
0.9253256320953369,30.459047317504883
0.916887640953064,30.469423294067383
0.8890058994293213,30.479413986206055
0.911460280418396,30.48835563659668
0.8861086964607239,30.50023078918457
0.8972735404968262,30.515443801879883
0.9143689870834351,30.530210494995117
0.9096817374229431,30.539567947387695
0.8787003755569458,30.54389762878418
0.9140629172325134,30.554473876953125
0.9201390743255615,30.559404373168945
0.9011037945747375,30.563962936401367
0.9216077327728271,30.569791793823242
0.9035612940788269,30.571090698242188
0.9344063997268677,30.576478958129883
0.8907473683357239,30.57667350769043
0.8856913447380066,30.57945442199707
0.907234251499176,30.578798294067383
0.9014303088188171,30.581953048706055
0.9276034235954285,30.580812454223633
0.9073123931884766,30.582242965698242
0.8837246894836426,30.583053588867188
0.9114400744438171,30.57536506652832
0.8935295343399048,30.569778442382812
0.896970808506012,30.55879020690918
0.9033179879188538,30.547883987426758
0.8994816541671753,30.530488967895508
0.9016038179397583,30.513505935668945
0.9025387763977051,30.497556686401367
0.8943665623664856,30.486696243286133
0.8911436796188354,30.47883415222168
0.9048053622245789,30.467008590698242
0.9050019383430481,30.4615478515625
0.9069088697433472,30.45118522644043
0.9314281940460205,30.438844680786133
0.9000810384750366,30.424116134643555
0.9058156609535217,30.412599563598633
0.8934633731842041,30.395444869995117
0.8910044431686401,30.382143020629883
0.8990751504898071,30.367612838745117
0.9135818481445312,30.351743698120117
0.9047366380691528,30.344865798950195
0.9003046154975891,30.339570999145508
0.9120011329650879,30.341995239257812
0.9078729152679443,30.348234176635742
0.9107735753059387,30.358766555786133
0.9193636178970337,30.364561080932617
0.9183958768844604,30.365602493286133
0.9280371069908142,30.367738723754883
0.8858591914176941,30.361814498901367
0.8977219462394714,30.35614013671875
0.9310659170150757,30.344467163085938
0.8894094228744507,30.330202102661133
0.915507972240448,30.315261840820312
0.9171217083930969,30.303316116333008
0.9232235550880432,30.28282356262207
0.9308682084083557,30.266359329223633
0.8933711647987366,30.25071907043457
0.9062548875808716,30.239870071411133
0.9017865657806396,30.223222732543945
0.9190874099731445,30.20941162109375
0.9106559753417969,30.20106315612793
0.8985108137130737,30.193422317504883
0.9050703644752502,30.191801071166992
0.8846848607063293,30.190948486328125
0.8869333863258362,30.193634033203125
0.9184620380401611,30.198747634887695
0.8983113765716553,30.207717895507812
0.9012897610664368,30.211591720581055
0.9245384931564331,30.211807250976562
0.9021066427230835,30.210039138793945
0.8909528255462646,30.211759567260742
0.9183400869369507,30.21546745300293
0.9119023084640503,30.215391159057617
0.9094554781913757,30.216718673706055
0.9104604721069336,30.213224411010742
0.9161449074745178,30.210309982299805
0.9061397910118103,30.205522537231445
0.9093769788742065,30.201536178588867
0.9131419062614441,30.202211380004883
0.8947106599807739,30.207857131958008
0.9225901961326599,30.214445114135742
0.9059563279151917,30.222394943237305
0.9221753478050232,30.226470947265625
0.916335940361023,30.23423957824707
0.9071934819221497,30.242555618286133
0.9110285043716431,30.254423141479492
0.9167890548706055,30.26515007019043
0.9044540524482727,30.269655227661133
0.9023178815841675,30.27256965637207
0.897810697555542,30.275129318237305
0.9177485108375549,30.270292282104492
0.9007174372673035,30.264310836791992
0.9029659032821655,30.258867263793945
0.9163411259651184,30.246612548828125
0.9236512184143066,30.236360549926758
0.9036122560501099,30.233213424682617
0.8998492956161499,30.229738235473633
0.902005672454834,30.226118087768555
0.8892063498497009,30.222993850708008
0.9146302342414856,30.215944290161133
0.9015375971794128,30.204206466674805
0.9303917288780212,30.192506790161133
0.9161161184310913,30.18208122253418
0.8967334032058716,30.176908493041992
0.9165345430374146,30.172056198120117
0.9080703258514404,30.167524337768555
0.9181495308876038,30.158842086791992
0.918692409992218,30.152070999145508
0.9280558824539185,30.147233963012695
0.905319094657898,30.141752243041992
0.9232480525970459,30.138521194458008
0.8970810770988464,30.136154174804688
0.9251021146774292,30.129743576049805
0.9058880805969238,30.122636795043945
0.922932505607605,30.115385055541992
0.9108344912528992,30.11235237121582
0.9088099002838135,30.108488082885742
0.9051985740661621,30.104097366333008
0.9145163893699646,30.09596061706543
0.8996267318725586,30.083404541015625
0.9107131958007812,30.072649002075195
0.9283233880996704,30.065248489379883
0.9169856309890747,30.049638748168945
0.8959172964096069,30.036420822143555
0.9127031564712524,30.020492553710938
0.9059392809867859,29.997709274291992
0.8985421657562256,29.986799240112305
0.91136634349823,29.976926803588867
0.9038122892379761,29.972517013549805
0.9013214111328125,29.966459274291992
0.8941507339477539,29.963624954223633
0.9057779312133789,29.952913284301758
0.9082763195037842,29.94441032409668
0.9070115089416504,29.933561325073242
0.9274080991744995,29.922330856323242
0.8908431529998779,29.91242790222168
0.8977965116500854,29.909238815307617
0.8953196406364441,29.91612434387207
0.915223240852356,29.926422119140625
0.890110194683075,29.937515258789062
0.9054785370826721,29.947526931762695
0.907717227935791,29.961244583129883
0.9249832630157471,29.96931266784668
0.9280933737754822,29.972902297973633
0.9028692245483398,29.9742431640625
0.9151390790939331,29.974838256835938
0.9046140313148499,29.976530075073242
0.9100940227508545,29.975324630737305
0.9196196794509888,29.979108810424805
0.8994805812835693,29.98066520690918
0.8989531993865967,29.98175048828125
0.8875997066497803,29.979402542114258
0.9132322669029236,29.972536087036133
0.9035537838935852,29.96660041809082
0.9298588633537292,29.954896926879883
0.8997986912727356,29.948305130004883
0.8945198059082031,29.941007614135742
0.9062850475311279,29.934812545776367
0.9052035212516785,29.929044723510742
0.900783360004425,29.926450729370117
0.9086174964904785,29.916715621948242
0.8813948035240173,29.901611328125
0.9002380967140198,29.893095016479492
0.8953238129615784,29.890104293823242
0.9288212656974792,29.882368087768555
0.9112243056297302,29.869977951049805
0.9304308891296387,29.860597610473633
0.9208487272262573,29.852399826049805
0.9038751125335693,29.84820556640625
0.9023482799530029,29.840620040893555
0.9169643521308899,29.840940475463867
0.8875346183776855,29.837631225585938
0.8997974991798401,29.832304000854492
0.8976444602012634,29.823911666870117
0.8991879820823669,29.815431594848633
0.910564661026001,29.810625076293945
0.9110440015792847,29.802597045898438
0.8936790227890015,29.793058395385742
0.8827764987945557,29.78984260559082
0.8964772820472717,29.786954879760742
0.8994396924972534,29.782686233520508
0.9130354523658752,29.776277542114258
0.8847841024398804,29.773420333862305
0.9156796932220459,29.769437789916992
0.9081352353096008,29.761751174926758
0.9096084237098694,29.753141403198242
0.8915298581123352,29.746843338012695
0.9103052020072937,29.741838455200195
0.9081400036811829,29.733884811401367
0.8812496066093445,29.729585647583008
0.9210720062255859,29.73503303527832
0.8944675326347351,29.740646362304688
0.8763912320137024,29.747833251953125
0.9143267273902893,29.760454177856445
0.8988407850265503,29.768922805786133
0.9044770002365112,29.774415969848633
0.8967010974884033,29.774263381958008
0.9050317406654358,29.776777267456055
0.8992564678192139,29.78154182434082
0.9115817546844482,29.790555953979492
0.9119875431060791,29.80781364440918
0.8909160494804382,29.825469970703125
0.919552743434906,29.844907760620117
0.891478419303894,29.866361618041992
0.922979474067688,29.88916015625
0.9042991995811462,29.907745361328125
0.9142001867294312,29.923307418823242
0.896943986415863,29.932844161987305
0.9187493920326233,29.942258834838867
0.9130252599716187,29.956621170043945
0.8929966688156128,29.965227127075195
0.892435610294342,29.973100662231445
0.91327303647995,29.986068725585938
0.9040808081626892,29.997270584106445
0.9236569404602051,30.005617141723633
0.915054202079773,30.013673782348633
0.8985962867736816,30.021669387817383
0.9106083512306213,30.027910232543945
0.9155852198600769,30.035934448242188
0.9043315052986145,30.03529167175293
0.8928226828575134,30.037446975708008
0.9122434258460999,30.043699264526367
0.9044478535652161,30.046506881713867
0.9096804261207581,30.046463012695312
0.9029258489608765,30.0447998046875
0.9123600125312805,30.04484748840332
0.9001252055168152,30.045988082885742
0.9102692604064941,30.047548294067383
0.8968849182128906,30.047941207885742
0.9249026775360107,30.046571731567383
0.9001071453094482,30.048097610473633
0.9172852635383606,30.046812057495117
0.8980615139007568,30.049577713012695
0.9111663103103638,30.05421257019043
0.8980697393417358,30.04945182800293
0.913218080997467,30.05119514465332
0.9060993194580078,30.052141189575195
0.924241840839386,30.050752639770508
0.9175657033920288,30.049589157104492
0.9008544683456421,30.04594612121582
0.9051549434661865,30.031156539916992
0.8986928462982178,30.017608642578125
0.8927152752876282,30.005647659301758
0.9248622059822083,29.992813110351562
0.896022617816925,29.981966018676758
0.9198020696640015,29.968828201293945
0.909028172492981,29.95305061340332
0.8843972086906433,29.934568405151367
0.9106539487838745,29.909456253051758
0.9011912941932678,29.890336990356445
0.8757068514823914,29.873140335083008
0.8898265957832336,29.849287033081055
0.9203253984451294,29.822019577026367
0.8885319232940674,29.796171188354492
0.9115425944328308,29.774812698364258
0.8988564610481262,29.759248733520508
0.8994583487510681,29.730878829956055
0.8942081332206726,29.701993942260742
0.9181619882583618,29.67317008972168
0.9088233113288879,29.648252487182617
0.9036334156990051,29.62626838684082
0.8988152742385864,29.605928421020508
0.906132161617279,29.58439826965332
0.9003381133079529,29.567567825317383
0.9042869806289673,29.55229377746582
0.8859153985977173,29.543119430541992
0.9041417837142944,29.53350830078125
0.9143604636192322,29.523408889770508
0.908171534538269,29.51276969909668
0.8998400568962097,29.501800537109375
0.9098852276802063,29.488527297973633
0.8989769816398621,29.477266311645508
0.9119338989257812,29.466630935668945
0.9027571082115173,29.456220626831055
0.9094827771186829,29.452163696289062
0.9017930030822754,29.453123092651367
0.9079015851020813,29.452653884887695
0.9144384860992432,29.452714920043945
0.8955474495887756,29.449480056762695
0.9090157747268677,29.448881149291992
0.9291154146194458,29.452848434448242
0.9008585214614868,29.459169387817383
0.9128508567810059,29.460695266723633
0.9043734073638916,29.466184616088867
0.9182032942771912,29.46485710144043
0.9069551825523376,29.460084915161133
0.9256491661071777,29.45698356628418
0.8971737027168274,29.454496383666992
0.9062610864639282,29.453720092773438
0.9263188242912292,29.453645706176758
0.8999622464179993,29.452455520629883
0.9025793671607971,29.45454216003418
0.9221312403678894,29.461851119995117
0.906309187412262,29.467103958129883
0.9170465469360352,29.470563888549805
0.9098631739616394,29.47767448425293
0.9014783501625061,29.481931686401367
0.9080239534378052,29.48661994934082
0.9026298522949219,29.495359420776367
0.8917646408081055,29.506410598754883
0.9045405387878418,29.514467239379883
0.9110237956047058,29.516096115112305
0.9005918502807617,29.520811080932617
0.8902749419212341,29.52952766418457
0.8825159668922424,29.53361701965332
0.9101356863975525,29.535917282104492
0.9050832390785217,29.532487869262695
0.8945260047912598,29.52338981628418
0.8812482357025146,29.51099967956543
0.8929892778396606,29.503190994262695
0.889229416847229,29.491106033325195
0.8957973718643188,29.483184814453125
0.9092838764190674,29.47663688659668
0.9102994203567505,29.465654373168945
0.9086777567863464,29.458250045776367
0.904533326625824,29.451066970825195
0.8959401845932007,29.44636344909668
0.9094366431236267,29.436174392700195
0.9117911458015442,29.41911506652832
0.8996647596359253,29.404264450073242
0.9045019149780273,29.39106559753418
0.9118937849998474,29.384138107299805
0.9054657816886902,29.373537063598633
0.9047573804855347,29.36829948425293
0.9075639843940735,29.357667922973633
0.9154660105705261,29.34712028503418
0.9035407900810242,29.340864181518555
0.9106007218360901,29.339048385620117
0.9103518724441528,29.33879280090332
0.9152402281761169,29.336042404174805
0.902613639831543,29.336942672729492
0.8831653594970703,29.338224411010742
0.9085577130317688,29.335599899291992
0.9229168891906738,29.334501266479492
0.9148682951927185,29.332242965698242
0.9020571112632751,29.331541061401367
0.9074254631996155,29.342073440551758
0.9086370468139648,29.348417282104492
0.9045378565788269,29.356966018676758
0.9236620664596558,29.363525390625
0.9202430844306946,29.369661331176758
0.9221106171607971,29.375883102416992
0.9047318696975708,29.381559371948242
0.8859221339225769,29.381288528442383
0.9091048240661621,29.381669998168945
0.9190608263015747,29.38160514831543
0.911513090133667,29.377714157104492
0.9050407409667969,29.365476608276367
0.918633222579956,29.361787796020508
0.9106248617172241,29.350568771362305
0.8903300762176514,29.342329025268555
0.9090577363967896,29.338729858398438
0.8967000246047974,29.337923049926758
0.9023677110671997,29.338075637817383
0.9116199016571045,29.343076705932617
0.9181966781616211,29.343019485473633
0.910606324672699,29.333127975463867
0.918359100818634,29.323331832885742
0.9304417967796326,29.313932418823242
0.8926095366477966,29.299684524536133
0.9236627817153931,29.285932540893555
0.9194964170455933,29.27393913269043
0.9043541550636292,29.269636154174805
0.912570595741272,29.266630172729492
0.8906087279319763,29.259490966796875
0.9085279703140259,29.252504348754883
0.9111603498458862,29.247804641723633
0.9102259278297424,29.245649337768555
0.9136329293251038,29.236146926879883
0.883898913860321,29.234407424926758
0.9040279388427734,29.222288131713867
0.9039705991744995,29.21009635925293
0.891357958316803,29.200971603393555
0.8922445774078369,29.184221267700195
0.9029677510261536,29.16688346862793
0.9108135104179382,29.152956008911133
0.9189597368240356,29.146257400512695
0.9159846901893616,29.13231086730957
0.9151089191436768,29.11945915222168
0.9041467308998108,29.107881546020508
0.907376229763031,29.09483528137207
0.9110753536224365,29.081586837768555
0.9117630124092102,29.071027755737305
0.9027876257896423,29.060869216918945
0.9112593531608582,29.046525955200195
0.9062968492507935,29.039396286010742
0.9222325086593628,29.03441047668457
0.9226641654968262,29.033143997192383
0.9004957675933838,29.035980224609375
0.9122762680053711,29.03819465637207
0.9188074469566345,29.036497116088867
0.9235673546791077,29.033903121948242
0.906542956829071,29.022798538208008
0.8986481428146362,29.014890670776367
0.9015564322471619,29.008913040161133
0.9041329622268677,29.00529670715332
0.9233328104019165,29.001604080200195
0.9075253009796143,28.99958610534668
0.9074059128761292,29.001035690307617
0.908350944519043,28.998857498168945
0.9044058322906494,29.006986618041992
0.9207570552825928,29.019514083862305
0.9106098413467407,29.038423538208008
0.917621910572052,29.056917190551758
0.9229761362075806,29.076143264770508
0.9082078337669373,29.09868049621582
0.8997316956520081,29.120405197143555
0.9024521112442017,29.137845993041992
0.890547513961792,29.154800415039062
0.8984970450401306,29.166532516479492
0.898480236530304,29.176115036010742
0.9050959348678589,29.18476676940918
0.8985588550567627,29.19053840637207
0.8979648351669312,29.198122024536133
0.9260140061378479,29.203535079956055
0.9174213409423828,29.210508346557617
0.9279789924621582,29.216737747192383
0.8972113728523254,29.224973678588867
0.9168716669082642,29.232450485229492
0.9003180265426636,29.245405197143555
0.9041264057159424,29.250425338745117
0.9134120941162109,29.251527786254883
0.9188880920410156,29.254411697387695
0.9139111638069153,29.251314163208008
0.9139482975006104,29.252382278442383
0.9067003130912781,29.248842239379883
0.9228054881095886,29.250608444213867
0.9062626957893372,29.257123947143555
0.9264165163040161,29.263641357421875
0.9146695733070374,29.276275634765625
0.8867321014404297,29.289995193481445
0.9049404859542847,29.307783126831055
0.9014750123023987,29.32853889465332
0.9121231436729431,29.342466354370117
0.9088975191116333,29.35577392578125
0.9052402973175049,29.368345260620117
0.9234034419059753,29.391115188598633
0.9125085473060608,29.40941047668457
0.9105637073516846,29.422834396362305
0.9092167615890503,29.429765701293945
0.9011035561561584,29.433319091796875
0.8977163434028625,29.43116569519043
0.9011178016662598,29.425493240356445
0.9118347764015198,29.418550491333008
0.9217828512191772,29.412858963012695
0.9197871685028076,29.402742385864258
0.898491382598877,29.386564254760742
0.9167272448539734,29.36558723449707
0.907707929611206,29.345260620117188
0.9026992917060852,29.32335090637207
0.893221914768219,29.297426223754883
0.9043380618095398,29.273284912109375
0.8957549333572388,29.248231887817383
0.9141416549682617,29.218141555786133
0.9168553948402405,29.195249557495117
0.9035667181015015,29.177400588989258
0.9016521573066711,29.162519454956055
0.9073505401611328,29.143648147583008
0.8958802223205566,29.127561569213867
0.9140766859054565,29.108718872070312
0.9016805291175842,29.096284866333008
0.9101327061653137,29.090513229370117
0.9049053192138672,29.086469650268555
0.9039103984832764,29.083724975585938
0.8993669152259827,29.084806442260742
0.8932486176490784,29.084138870239258
0.9007870554924011,29.08439826965332
0.9071863889694214,29.080366134643555
0.8826567530632019,29.076583862304688
0.9137214422225952,29.077438354492188
0.9064455628395081,29.079252243041992
0.9058759212493896,29.078657150268555
0.9354845285415649,29.08399772644043
0.903315007686615,29.090559005737305
0.904180109500885,29.089536666870117
0.906844437122345,29.08299446105957
0.9264584183692932,29.077787399291992
0.89274001121521,29.078001022338867
0.8815447688102722,29.076812744140625
0.914085328578949,29.08015251159668
0.9154903292655945,29.084165573120117
0.9113754034042358,29.089296340942383
0.9071832895278931,29.094362258911133
0.9066450595855713,29.09913444519043
0.911404550075531,29.099336624145508
0.9106452465057373,29.098405838012695
0.9098607897758484,29.095487594604492
0.910554051399231,29.093294143676758
0.9137513041496277,29.091245651245117
0.9017079472541809,29.086793899536133
0.9164275527000427,29.085786819458008
0.9111315608024597,29.093412399291992
0.8951244354248047,29.108612060546875
0.902151346206665,29.12544059753418
0.9118143320083618,29.133207321166992
0.9049338698387146,29.139707565307617
0.9282869696617126,29.150724411010742
0.9239978790283203,29.156492233276367
0.9122472405433655,29.15992546081543
0.8946402668952942,29.16234016418457
0.9119897484779358,29.156997680664062
0.9262425303459167,29.148759841918945
0.9089312553405762,29.149076461791992
0.9061830639839172,29.147947311401367
0.9057517647743225,29.144670486450195
0.9200353622436523,29.145872116088867
0.8948600888252258,29.143739700317383
0.8896965384483337,29.14610481262207
0.9050784111022949,29.145795822143555
0.9054887890815735,29.142148971557617
0.9024348258972168,29.140871047973633
0.914332926273346,29.142683029174805
0.9004458785057068,29.147581100463867
0.891038179397583,29.148469924926758
0.9083748459815979,29.148481369018555
0.923855185508728,29.149030685424805
0.9204846620559692,29.153091430664062
0.8908278346061707,29.157060623168945
0.9102869629859924,29.164579391479492
0.9141730666160583,29.166643142700195
0.9049131870269775,29.166765213012695
0.928062379360199,29.169431686401367
0.8772622346878052,29.164888381958008
0.9255176782608032,29.162782669067383
0.9142747521400452,29.162202835083008
0.9012033939361572,29.157243728637695
0.8989625573158264,29.142560958862305
0.9086933732032776,29.126890182495117
0.9111392498016357,29.1094970703125
0.9044950604438782,29.094633102416992
0.9082746505737305,29.087800979614258
0.8999542593955994,29.080764770507812
0.8965544700622559,29.07758903503418
0.9139014482498169,29.075210571289062
0.8960854411125183,29.074739456176758
0.8829440474510193,29.075742721557617
0.9135259389877319,29.081331253051758
0.9092394113540649,29.094602584838867
0.9050792455673218,29.104097366333008
0.9081705808639526,29.11024284362793
0.9154586791992188,29.119966506958008
0.8976359963417053,29.127546310424805
0.9032832384109497,29.133893966674805
0.893536388874054,29.14387321472168
0.8677914142608643,29.152585983276367
0.917712926864624,29.156509399414062
0.8994160890579224,29.163604736328125
0.9005188345909119,29.165132522583008
0.8938596248626709,29.158098220825195
0.9062967300415039,29.147016525268555
0.9101139903068542,29.140348434448242
0.9239257574081421,29.136640548706055
0.9055105447769165,29.138944625854492
0.9150726795196533,29.144426345825195
0.9158270359039307,29.144670486450195
0.9122744202613831,29.145357131958008
0.8971906900405884,29.152921676635742
0.9054141640663147,29.164457321166992
0.9206981062889099,29.174421310424805
0.9074792861938477,29.191530227661133
0.9225905537605286,29.212678909301758
0.8852053880691528,29.231279373168945
0.9074432849884033,29.252073287963867
0.9059668183326721,29.262514114379883
0.9200222492218018,29.27314567565918
0.8894410729408264,29.280790328979492
0.9214881062507629,29.283586502075195
0.9362792372703552,29.284181594848633
0.9184525609016418,29.28571891784668
0.923770010471344,29.292631149291992
0.8968654274940491,29.292646408081055
0.907741904258728,29.287580490112305
0.9120528101921082,29.281906127929688
0.8863818049430847,29.274869918823242
0.9170210957527161,29.267698287963867
0.9031135439872742,29.260358810424805
0.8791422247886658,29.257707595825195
0.8962340354919434,29.247148513793945
0.8868483304977417,29.239534378051758
0.8895647525787354,29.240171432495117
0.9173383116722107,29.242277145385742
0.8989099264144897,29.249208450317383
0.8978466987609863,29.252151489257812
0.911111056804657,29.25788688659668
0.9220727682113647,29.255159378051758
0.8866363763809204,29.257368087768555
0.8897324800491333,29.262773513793945
0.9134904146194458,29.27595329284668
0.9246851205825806,29.291318893432617
0.9021241068840027,29.303421020507812
0.9090986251831055,29.311323165893555
0.899879515171051,29.320144653320312
0.9148052334785461,29.322465896606445
0.8989365696907043,29.321260452270508
0.8943317532539368,29.320573806762695
0.9054206609725952,29.323396682739258
0.9108163714408875,29.32403564453125
0.9202268719673157,29.315505981445312
0.9021490812301636,29.306623458862305
0.891779363155365,29.2957763671875
0.8965550065040588,29.281862258911133
0.9069611430168152,29.273422241210938
0.906487762928009,29.26689338684082
0.9087479114532471,29.259550094604492
0.8924574851989746,29.250974655151367
0.9120548367500305,29.243497848510742
0.8908624053001404,29.235734939575195
0.8947662115097046,29.230863571166992
0.9155179262161255,29.228944778442383
0.9177595376968384,29.220659255981445
0.9330300688743591,29.212646484375
0.9057141542434692,29.205751419067383
0.9033285975456238,29.200441360473633
0.907640278339386,29.199251174926758
0.887677013874054,29.201799392700195
0.9093180894851685,29.206819534301758
0.9053565859794617,29.202558517456055
0.9117910265922546,29.193418502807617
0.9136361479759216,29.184160232543945
0.9118345975875854,29.175809860229492
0.9097904562950134,29.168535232543945
0.9162849187850952,29.16584587097168
0.9211230874061584,29.160001754760742
0.9029843807220459,29.153398513793945
0.9233108758926392,29.147216796875
0.9207157492637634,29.141939163208008
0.908096969127655,29.141420364379883
0.9101713299751282,29.143035888671875
0.9093349575996399,29.13899040222168
0.9015159010887146,29.135040283203125
0.9025939702987671,29.12895393371582
0.9137287735939026,29.128084182739258
0.8843727111816406,29.129011154174805
0.9207581281661987,29.126752853393555
0.8900855779647827,29.123994827270508
0.9069699048995972,29.12211799621582
0.9111537933349609,29.12773323059082
0.8866902589797974,29.129865646362305
0.9265397787094116,29.132829666137695
0.9003869295120239,29.138303756713867
0.9240449070930481,29.145219802856445
0.9108033180236816,29.147371292114258
0.9111319780349731,29.150117874145508
0.9075666069984436,29.156919479370117
0.9232463240623474,29.16322135925293
0.911969006061554,29.166900634765625
0.8994237780570984,29.167022705078125
0.8979578018188477,29.16267204284668
0.9130748510360718,29.157808303833008
0.8836982846260071,29.156614303588867
0.9092186689376831,29.157712936401367
0.9071387052536011,29.156248092651367
0.9031219482421875,29.156435012817383
0.9224643111228943,29.161039352416992
0.9042365550994873,29.159149169921875
0.9114847183227539,29.15788459777832
0.9004642963409424,29.156007766723633
0.9185436964035034,29.153398513793945
0.9288045167922974,29.153230667114258
0.9132625460624695,29.153409957885742
0.8908394575119019,29.151552200317383
0.9063894152641296,29.151533126831055
0.8904483318328857,29.152128219604492
0.908098578453064,29.151166915893555
0.90597003698349,29.151948928833008
0.9076999425888062,29.149843215942383
0.9321199059486389,29.145963668823242
0.8959173560142517,29.13960075378418
0.9044321179389954,29.133621215820312
0.9110686779022217,29.128631591796875
0.9040325880050659,29.124601364135742
0.9021957516670227,29.120405197143555
0.9230812191963196,29.11595344543457
0.9077076315879822,29.108522415161133
0.9082595109939575,29.09962272644043
0.9173672795295715,29.08332633972168
0.894201397895813,29.067811965942383
0.9205641150474548,29.05449104309082
0.9289303421974182,29.036895751953125
0.9200559854507446,29.02534294128418
0.9149652123451233,29.01567268371582
0.886784017086029,29.001741409301758
0.891079843044281,28.995420455932617
0.9171116948127747,28.988828659057617
0.9247678518295288,28.986417770385742
0.894509494304657,28.977506637573242
0.9140283465385437,28.966367721557617
0.9184900522232056,28.95484733581543
0.9245228171348572,28.936172485351562
0.8980849981307983,28.921785354614258
0.9045999050140381,28.910751342773438
0.9241107106208801,28.901334762573242
0.9187033772468567,28.893659591674805
0.9090765118598938,28.887575149536133
0.9092938899993896,28.879976272583008
0.9145553708076477,28.87409782409668
0.9123890399932861,28.86662483215332
0.9209517240524292,28.85737419128418
0.9069109559059143,28.84535026550293
0.9081990718841553,28.834657669067383
0.922713577747345,28.82423210144043
0.9043383598327637,28.810392379760742
0.8834799528121948,28.799165725708008
0.8965879678726196,28.78392219543457
0.9088141918182373,28.770292282104492
0.9273885488510132,28.762662887573242
0.9034332633018494,28.744810104370117
0.8978199362754822,28.727128982543945
0.9055076837539673,28.71446418762207
0.9269794225692749,28.704378128051758
0.9232195615768433,28.694211959838867
0.9139791131019592,28.681869506835938
0.9090389013290405,28.675031661987305
0.9070055484771729,28.669206619262695
0.9064704179763794,28.664182662963867
0.9194836616516113,28.660783767700195
0.9143679141998291,28.652494430541992
0.9048040509223938,28.647476196289062
0.9165312051773071,28.64118766784668
0.9255819320678711,28.637784957885742
0.8976144194602966,28.631486892700195
0.918838620185852,28.635149002075195
0.9169604778289795,28.636873245239258
0.9260364174842834,28.635927200317383
0.9096363186836243,28.63316535949707
0.8934216499328613,28.634443283081055
0.90362548828125,28.62950325012207
0.9207241535186768,28.617876052856445
0.8748981952667236,28.60954475402832
0.9180800914764404,28.597227096557617
0.8974065780639648,28.591157913208008
0.9164153933525085,28.587160110473633
0.9172709584236145,28.582033157348633
0.8890664577484131,28.583587646484375
0.8943424820899963,28.585676193237305
0.8875609040260315,28.586090087890625
0.9185624718666077,28.588150024414062
0.9110535383224487,28.582456588745117
0.8995636701583862,28.574037551879883
0.9174951910972595,28.569488525390625
0.9172499179840088,28.557771682739258
0.8997884392738342,28.537107467651367
0.8977499008178711,28.517698287963867
0.8840158581733704,28.501161575317383
0.902973473072052,28.483888626098633
0.8920366168022156,28.463777542114258
0.9135184288024902,28.445711135864258
0.8923574686050415,28.42902946472168
0.9121426343917847,28.407487869262695
0.9077789187431335,28.382814407348633
0.9059393405914307,28.355466842651367
0.9036843776702881,28.331510543823242
0.8960075974464417,28.311994552612305
0.911689281463623,28.292787551879883
0.9040164351463318,28.273252487182617
0.8972779512405396,28.269407272338867
0.9203168153762817,28.260055541992188
0.9127792716026306,28.251741409301758
0.9190114140510559,28.247968673706055
0.8830996155738831,28.248720169067383
0.895132303237915,28.256803512573242
0.8930182456970215,28.26118278503418
0.9131884574890137,28.270353317260742
0.9024604558944702,28.279664993286133
0.9109038710594177,28.286623001098633
0.9197831153869629,28.292234420776367
0.9078764319419861,28.301559448242188
0.8792030215263367,28.312225341796875
0.8934122920036316,28.325681686401367
0.9122486114501953,28.341886520385742
0.9211639165878296,28.351045608520508
0.9251297116279602,28.36390495300293
0.8961076140403748,28.378263473510742
0.9124842882156372,28.386293411254883
0.9048295021057129,28.393491744995117
0.9046804308891296,28.394712448120117
0.8978193402290344,28.393491744995117
0.9107953906059265,28.395139694213867
0.9200390577316284,28.402559280395508
0.9115886688232422,28.403657913208008
0.9035636782646179,28.410478591918945
0.9015065431594849,28.406476974487305
0.9078618884086609,28.402116775512695
0.8981188535690308,28.395174026489258
0.9075214266777039,28.383207321166992
0.9128074049949646,28.37120246887207
0.8983490467071533,28.35478401184082
0.8926985859870911,28.342226028442383
0.9105470776557922,28.330366134643555
0.9175862073898315,28.32124137878418
0.9077234268188477,28.312807083129883
0.9044185876846313,28.307252883911133
0.9197989702224731,28.294340133666992
0.9226986169815063,28.281938552856445
0.9073598980903625,28.269407272338867
0.8976015448570251,28.261812210083008
0.901451051235199,28.257810592651367
0.9032198786735535,28.25251579284668
0.9106160402297974,28.248048782348633
0.9119383692741394,28.243833541870117
0.8862839937210083,28.238828659057617
0.8889123201370239,28.237974166870117
0.8939262628555298,28.237638473510742
0.9159893989562988,28.24540901184082
0.9214730262756348,28.253419876098633
0.899629533290863,28.269548416137695
0.8973285555839539,28.279874801635742
0.9085140824317932,28.289278030395508
0.9173170328140259,28.293638229370117
0.9216882586479187,28.292922973632812
0.8994250893592834,28.294588088989258
0.9070972800254822,28.299131393432617
0.9145972728729248,28.308042526245117
0.9135066866874695,28.312376022338867
0.9088243842124939,28.317853927612305
0.9124947786331177,28.3243408203125
0.8848256468772888,28.32752799987793
0.9088132381439209,28.325929641723633
0.9071654081344604,28.321229934692383
0.8989782929420471,28.312284469604492
0.9101674556732178,28.296567916870117
0.8948685526847839,28.28376579284668
0.915551483631134,28.275209426879883
0.8999484181404114,28.255704879760742
0.8973792195320129,28.234102249145508
0.917766273021698,28.2188720703125
0.8965742588043213,28.210081100463867
0.8929048180580139,28.201231002807617
0.9196726679801941,28.195112228393555
0.8983065485954285,28.181550979614258
0.8990145921707153,28.170499801635742
0.9254565834999084,28.162385940551758
0.8932062983512878,28.153444290161133
0.9127718806266785,28.144256591796875
0.9023991227149963,28.146757125854492
0.9099285006523132,28.153169631958008
0.8887498378753662,28.162141799926758
0.899158239364624,28.17176628112793
0.9218032956123352,28.17852783203125
0.9269452095031738,28.186614990234375
0.909458577632904,28.192228317260742
0.8948737978935242,28.19957160949707
0.9205436706542969,28.21135139465332
0.9042769074440002,28.21934700012207
0.8927494287490845,28.230180740356445
0.8951897025108337,28.239351272583008
0.9072632193565369,28.247224807739258
0.9044992327690125,28.24824333190918
0.9150519371032715,28.249467849731445
0.8963286280632019,28.250089645385742
0.8859657645225525,28.25456428527832
0.9180054068565369,28.261919021606445
0.9048430323600769,28.274106979370117
0.9264397621154785,28.281938552856445
0.9033962488174438,28.282407760620117
0.9189069271087646,28.295045852661133
0.9123457074165344,28.309616088867188
0.9171692132949829,28.319822311401367
0.9055097103118896,28.33372688293457
0.9100234508514404,28.343751907348633
0.9017567038536072,28.351484298706055
0.90984046459198,28.356245040893555
0.9250341653823853,28.356962203979492
0.9147778749465942,28.354230880737305
0.911358118057251,28.35460090637207
0.8736642599105835,28.354520797729492
0.9093306064605713,28.358488082885742
0.9094598889350891,28.363676071166992
0.9054474830627441,28.362276077270508
0.9147557616233826,28.36979866027832
0.9161843061447144,28.37751579284668
0.9077117443084717,28.38713264465332
0.9016065001487732,28.392091751098633
0.9203301668167114,28.389020919799805
0.8906468152999878,28.390592575073242
0.94063401222229,28.3887939453125
0.8919391632080078,28.389572143554688
0.9048523902893066,28.398256301879883
0.8856707811355591,28.395856857299805
0.9077861309051514,28.390182495117188
0.9002991318702698,28.386154174804688
0.9046121835708618,28.38465690612793
0.9115515947341919,28.37922477722168
0.9172049760818481,28.376466751098633
0.8835865259170532,28.376314163208008
0.9269817471504211,28.384462356567383
0.9192912578582764,28.391050338745117
0.9153885841369629,28.402204513549805
0.9310507774353027,28.406217575073242
0.9149219393730164,28.411787033081055
0.900245726108551,28.416933059692383
0.8935881853103638,28.410783767700195
0.9260479807853699,28.406160354614258
0.9057049751281738,28.40434455871582
0.9017700552940369,28.400041580200195
0.9135473966598511,28.391389846801758
0.8909795880317688,28.383390426635742
0.893873929977417,28.377973556518555
0.9057491421699524,28.36717414855957
0.8969658017158508,28.366945266723633
0.8810428977012634,28.36445426940918
0.9099962711334229,28.359163284301758
0.9119125604629517,28.35692024230957
0.9229965209960938,28.359830856323242
0.9093425869941711,28.363981246948242
0.8926094770431519,28.3614501953125
0.905278205871582,28.357210159301758
0.9112492203712463,28.35407829284668
0.9108368158340454,28.345735549926758
0.9159036874771118,28.337282180786133
0.9183950424194336,28.33564567565918
0.9150748252868652,28.338289260864258
0.8903266191482544,28.340652465820312
0.9232978224754333,28.341703414916992
0.8993713855743408,28.346635818481445
0.9328571557998657,28.355287551879883
0.8954242467880249,28.366117477416992
0.9036927819252014,28.375944137573242
0.8916094899177551,28.389554977416992
0.8972941040992737,28.40528678894043
0.9068372845649719,28.420381546020508
0.9079920053482056,28.435529708862305
0.9009467959403992,28.45460319519043
0.8886796236038208,28.47218132019043
0.8917458653450012,28.490142822265625
0.8895561099052429,28.502561569213867
0.9044812917709351,28.51298713684082
0.8901361227035522,28.519208908081055
0.9158266186714172,28.527847290039062
0.9069797992706299,28.538101196289062
0.9015321731567383,28.551942825317383
0.9067949652671814,28.561445236206055
0.9067350029945374,28.572540283203125
0.9147542715072632,28.583147048950195
0.8924696445465088,28.588441848754883
0.89985191822052,28.597440719604492
0.9371064305305481,28.608823776245117
0.8959482908248901,28.62092399597168
0.8993028402328491,28.633115768432617
0.925711989402771,28.642820358276367
0.9132664203643799,28.65776252746582
0.891596257686615,28.670717239379883
0.9138455390930176,28.681123733520508
0.9273988008499146,28.691221237182617
0.9050270318984985,28.697237014770508
0.8962314128875732,28.70734977722168
0.9122158885002136,28.716081619262695
0.8981680274009705,28.723114013671875
0.8949143886566162,28.744321823120117
0.9199342131614685,28.76414680480957
0.8945897817611694,28.788942337036133
0.9045249819755554,28.81352424621582
0.9073286056518555,28.835783004760742
0.9373302459716797,28.84965705871582
0.903656005859375,28.861282348632812
0.9160207509994507,28.875104904174805
0.8939828872680664,28.891069412231445
0.8918790221214294,28.901384353637695
0.91168612241745,28.913251876831055
0.9187743067741394,28.924837112426758
0.8963633179664612,28.939115524291992
0.8933955430984497,28.955568313598633
0.9145867228507996,28.970796585083008
0.918901801109314,28.989652633666992
0.9119595289230347,29.002500534057617
0.8991740942001343,29.014541625976562
0.8965468406677246,29.03050422668457
0.9032143950462341,29.048368453979492
0.9077579975128174,29.065736770629883
0.9140751361846924,29.079954147338867
0.8973355293273926,29.089143753051758
0.9039092659950256,29.097627639770508
0.8927046656608582,29.107650756835938
0.9010029435157776,29.117338180541992
0.9015008807182312,29.126466751098633
0.924112856388092,29.135713577270508
0.9020846486091614,29.137741088867188
0.9031683206558228,29.13585090637207
0.8859093189239502,29.13121223449707
0.8930536508560181,29.12360954284668
0.9127207398414612,29.113920211791992
0.9062471389770508,29.100465774536133
0.8920117020606995,29.087308883666992
0.9134624004364014,29.073972702026367
0.8874319791793823,29.059431076049805
0.9093421697616577,29.04887580871582
0.901949942111969,29.03577995300293
0.9077963829040527,29.026140213012695
0.8984114527702332,29.01923942565918
0.9295312166213989,29.015138626098633
0.9200799465179443,29.015409469604492
0.9049787521362305,29.016328811645508
0.9185670018196106,29.014284133911133
0.8908162713050842,29.009809494018555
0.9238650798797607,29.00724983215332
0.9061923623085022,29.009611129760742
0.9331084489822388,29.011533737182617
0.9163472652435303,29.006441116333008
0.9008743166923523,28.99567985534668
0.9289397597312927,28.984682083129883
0.8891056776046753,28.974306106567383
0.9200463891029358,28.96925163269043
0.9024372696876526,28.968107223510742
0.9023315906524658,28.967042922973633
0.9182826280593872,28.968935012817383
0.9114739894866943,28.972734451293945
0.9074324369430542,28.979368209838867
0.9143767952919006,28.984556198120117
0.9230802059173584,28.988401412963867
0.9090901613235474,28.991361618041992
0.9203526973724365,28.993680953979492
0.9091264605522156,29.00286865234375
0.9145005345344543,29.006929397583008
0.9071742296218872,29.005373001098633
0.9004920125007629,29.001253128051758
0.9158475399017334,28.994672775268555
0.9216829538345337,28.993623733520508
0.9029875993728638,28.993223190307617
0.9008459448814392,28.98963737487793
0.9045827984809875,28.98399543762207
0.9085021615028381,28.97895622253418
0.9077643156051636,28.976682662963867
0.9299724102020264,28.96733283996582
0.8948764801025391,28.961000442504883
0.9131616353988647,28.955686569213867
0.9244005680084229,28.947771072387695
0.9151939153671265,28.943544387817383
0.8875969052314758,28.942520141601562
0.9238147735595703,28.943254470825195
0.9175913333892822,28.949739456176758
0.9033563137054443,28.961164474487305
0.8987256288528442,28.977479934692383
0.8920040726661682,28.989961624145508
0.9142969846725464,28.993072509765625
0.9077063798904419,28.994508743286133
0.9004894495010376,28.995023727416992
0.9064267873764038,28.991334915161133
0.9133314490318298,28.984296798706055
0.8861343860626221,28.98231315612793
0.9019826650619507,28.987167358398438
0.9146928787231445,28.988569259643555
0.8946064710617065,28.995271682739258
0.9156695008277893,28.998018264770508
0.8943204283714294,29.002138137817383
0.9084283709526062,29.00074577331543
0.9123241901397705,28.99577522277832
0.8985394239425659,28.983154296875
0.8933897614479065,28.966005325317383
0.9051575660705566,28.94093132019043
0.9005511999130249,28.921247482299805
0.8969097137451172,28.900312423706055
0.9077352285385132,28.87773323059082
0.9187384247779846,28.858095169067383
0.903803825378418,28.836713790893555
0.917347252368927,28.821596145629883
0.8867312669754028,28.80872917175293
0.9088948369026184,28.796964645385742
0.9035720825195312,28.78790283203125
0.8999696373939514,28.780214309692383
0.9095147848129272,28.779325485229492
0.9240390658378601,28.780502319335938
0.8864082098007202,28.785186767578125
0.9133417010307312,28.78343391418457
0.8973667025566101,28.783159255981445
0.8968440294265747,28.78190803527832
0.9039011001586914,28.774930953979492
0.922193169593811,28.767179489135742
0.9105679988861084,28.765378952026367
0.9078285098075867,28.757585525512695
0.9014745950698853,28.75285530090332
0.911142110824585,28.750761032104492
0.909580409526825,28.74785041809082
0.922160804271698,28.74774169921875
0.9179480075836182,28.742525100708008
0.9105013012886047,28.743011474609375
0.8847885727882385,28.749727249145508
0.9048244953155518,28.758132934570312
0.9176162481307983,28.762250900268555
0.9067750573158264,28.765714645385742
0.9022351503372192,28.775087356567383
0.911147952079773,28.787141799926758
0.9064319133758545,28.805419921875
0.9146935939788818,28.817426681518555
0.9102603197097778,28.83064079284668
0.9044504165649414,28.840303421020508
0.903666079044342,28.846895217895508
0.8886395692825317,28.855257034301758
0.8949368596076965,28.859926223754883
0.9132276177406311,28.866792678833008
0.9223760962486267,28.872373580932617
0.8930059671401978,28.875471115112305
0.9094319343566895,28.876741409301758
0.9129682779312134,28.87904167175293
0.8947950601577759,28.88728141784668
0.917235791683197,28.892133712768555
0.907976508140564,28.884904861450195
0.9093297719955444,28.88123893737793
0.9212982058525085,28.87773323059082
0.9253537654876709,28.867780685424805
0.9146302342414856,28.868741989135742
0.9085394740104675,28.862958908081055
0.9032467603683472,28.858152389526367
0.9010351896286011,28.848100662231445
0.8930877447128296,28.839296340942383
0.9078043103218079,28.824752807617188
0.9087469577789307,28.810195922851562
0.9078203439712524,28.78782844543457
0.9223909974098206,28.76640510559082
0.8894088268280029,28.752031326293945
0.8901997804641724,28.737104415893555
0.9155875444412231,28.727689743041992
0.8979986906051636,28.718400955200195
0.9093837738037109,28.711868286132812
0.9064937233924866,28.710954666137695
0.904622495174408,28.7125244140625
0.9049648642539978,28.713991165161133
0.8968753218650818,28.7178955078125
0.9069141149520874,28.71583366394043
0.9113060832023621,28.711275100708008
0.9075350165367126,28.705598831176758
0.8848837614059448,28.702425003051758
0.9079314470291138,28.702329635620117
0.9000064730644226,28.707307815551758
0.9061538577079773,28.716352462768555
0.897180438041687,28.72132682800293
0.9172645211219788,28.72035026550293
0.8943918347358704,28.723159790039062
0.9210644364356995,28.720430374145508
0.9088237881660461,28.712858200073242
0.9134823083877563,28.70338249206543
0.902395486831665,28.690580368041992
0.9039555191993713,28.684188842773438
0.9098519086837769,28.671220779418945
0.9124414324760437,28.658567428588867
0.9063805341720581,28.6507568359375
0.9052543640136719,28.639678955078125
0.9177212119102478,28.624876022338867
0.8984809517860413,28.610689163208008
0.9188978672027588,28.598127365112305
0.8802304267883301,28.587202072143555
0.8945528268814087,28.577756881713867
0.8850783705711365,28.564699172973633
0.9053066968917847,28.547788619995117
0.9172431230545044,28.536802291870117
0.9152454137802124,28.526609420776367
0.8952256441116333,28.520936965942383
0.906225860118866,28.517545700073242
0.9167494177818298,28.514204025268555
0.8895165324211121,28.509218215942383
0.8950533866882324,28.505661010742188
0.9201586842536926,28.502779006958008
0.8944157958030701,28.506242752075195
0.9214420914649963,28.509397506713867
0.9106932878494263,28.508634567260742
0.8983701467514038,28.507356643676758
0.9009429812431335,28.512496948242188
0.9128664135932922,28.518875122070312
0.901369571685791,28.52226448059082
0.9297313690185547,28.527894973754883
0.9030400514602661,28.53129768371582
0.9078800678253174,28.540971755981445
0.8936311602592468,28.550918579101562
0.8969892263412476,28.557283401489258
0.8999356031417847,28.5587158203125
0.9171844720840454,28.555681228637695
0.904695987701416,28.554380416870117
0.8975006341934204,28.56132698059082
0.8792392611503601,28.565351486206055
0.8861498832702637,28.567537307739258
0.9027433395385742,28.570650100708008
0.9166887998580933,28.575239181518555
0.9154938459396362,28.580137252807617
0.9004815816879272,28.583070755004883
0.8984609246253967,28.582441329956055
0.9089388847351074,28.57899284362793
0.8905258178710938,28.569257736206055
0.9082393050193787,28.555099487304688
0.9016209244728088,28.54387092590332
0.9034377336502075,28.53254508972168
0.9153618216514587,28.52610969543457
0.9026983976364136,28.51617431640625
0.9005174040794373,28.504056930541992
0.9093056917190552,28.498580932617188
0.8986210227012634,28.494140625
0.91105717420578,28.493375778198242
0.9082228541374207,28.488584518432617
0.9207414388656616,28.486631393432617
0.8993793725967407,28.4788818359375
0.8880735635757446,28.470352172851562
0.9189194440841675,28.45530891418457
0.921862006187439,28.442108154296875
0.9124873876571655,28.434328079223633
0.9148402810096741,28.423521041870117
0.914097249507904,28.413881301879883
0.8965209126472473,28.403196334838867
0.8937937617301941,28.39067268371582
0.9015408754348755,28.380983352661133
0.9217274785041809,28.36775016784668
0.9177377223968506,28.353120803833008
0.922770619392395,28.340986251831055
0.8860523700714111,28.334611892700195
0.9013668894767761,28.325803756713867
0.8941488265991211,28.321027755737305
0.8879528045654297,28.316469192504883
0.9024207592010498,28.315752029418945
0.9131755828857422,28.312929153442383
0.9002547860145569,28.307588577270508
0.916511058807373,28.299318313598633
0.9087408185005188,28.29747200012207
0.9039392471313477,28.297151565551758
0.902422308921814,28.303098678588867
0.9103072881698608,28.307462692260742
0.9162059426307678,28.314088821411133
0.8964864015579224,28.32349967956543
0.9090856909751892,28.331085205078125
0.8914254903793335,28.34099006652832
0.9077414870262146,28.351900100708008
0.8951066732406616,28.359085083007812
0.9222973585128784,28.365354537963867
0.9179572463035583,28.367631912231445
0.8860799670219421,28.375272750854492
0.9124611020088196,28.385282516479492
0.9128814935684204,28.388063430786133
0.9324699640274048,28.398298263549805
0.9016589522361755,28.409822463989258
0.9070478081703186,28.425874710083008
0.9174314737319946,28.436491012573242
0.9105086326599121,28.441495895385742
0.9294896125793457,28.448396682739258
0.9026767015457153,28.45555305480957
0.8829250931739807,28.46080207824707
0.9069947004318237,28.46082878112793
0.9051000475883484,28.462953567504883
0.8913362622261047,28.465761184692383
0.9080895185470581,28.460233688354492
0.9025413990020752,28.451963424682617
0.9012999534606934,28.443281173706055
0.893979012966156,28.44108772277832
0.9026373624801636,28.446626663208008
0.9166426658630371,28.454133987426758
0.8927839994430542,28.464982986450195
0.9145892858505249,28.476076126098633
0.90813809633255,28.488218307495117
0.9070720672607422,28.499967575073242
0.9257926344871521,28.502653121948242
0.8977394700050354,28.50621223449707
0.9028617143630981,28.50263786315918
0.9088459610939026,28.500322341918945
0.9026473164558411,28.494993209838867
0.9044519662857056,28.493654251098633
0.9013104438781738,28.493791580200195
0.8965713977813721,28.489778518676758
0.8969206213951111,28.483705520629883
0.9138701558113098,28.478849411010742
0.9190011620521545,28.474214553833008
0.920128345489502,28.46721076965332
0.8981624841690063,28.464967727661133
0.8997025489807129,28.461729049682617
0.8872233033180237,28.463714599609375
0.8908640146255493,28.47614860534668
0.9114511013031006,28.487916946411133
0.8982927203178406,28.4910888671875
0.9211152195930481,28.494688034057617
0.9233212471008301,28.498598098754883
0.9174995422363281,28.499448776245117
0.8981602787971497,28.496248245239258
0.9152871370315552,28.49620246887207
0.9013643860816956,28.500486373901367
0.8878971338272095,28.503372192382812
0.9191287755966187,28.502260208129883
0.9092345237731934,28.505918502807617
0.9025963544845581,28.506731033325195
0.9054834842681885,28.512514114379883
0.9092673659324646,28.513120651245117
0.8972716927528381,28.513654708862305
0.9178353548049927,28.518125534057617
0.9098603129386902,28.520143508911133
0.8880949020385742,28.518278121948242
0.891347348690033,28.514860153198242
0.8912490010261536,28.514020919799805
0.9166275858879089,28.514055252075195
0.9190340042114258,28.513334274291992
0.8897825479507446,28.513978958129883
0.9142341017723083,28.510284423828125
0.9146243929862976,28.50529670715332
0.9062501192092896,28.503509521484375
0.8944589495658875,28.501314163208008
0.8984412550926208,28.500791549682617
0.9071692228317261,28.499605178833008
0.8854677677154541,28.500288009643555
0.9169854521751404,28.502702713012695
0.8919188976287842,28.507768630981445
0.918376624584198,28.517396926879883
0.9018449783325195,28.529542922973633
0.8962072134017944,28.535219192504883
0.8990557193756104,28.541593551635742
0.9334280490875244,28.54438591003418
0.9122727513313293,28.550870895385742
0.9067943692207336,28.556716918945312
0.876078724861145,28.564178466796875
0.9268222451210022,28.567873001098633
0.9114732146263123,28.56212043762207
0.8904735445976257,28.560762405395508
0.9174433946609497,28.553529739379883
0.9198933839797974,28.551374435424805
0.8870406150817871,28.549589157104492
0.9049271941184998,28.548398971557617
0.8970807790756226,28.547822952270508
0.9170118570327759,28.539670944213867
0.9195157289505005,28.536439895629883
0.9157171249389648,28.540082931518555
0.9156731367111206,28.54704475402832
0.9052109122276306,28.54969596862793
0.9210553765296936,28.549497604370117
0.8972892761230469,28.553754806518555
0.9003204703330994,28.553693771362305
0.9068869948387146,28.560606002807617
0.9187928438186646,28.566423416137695
0.9135456681251526,28.57130241394043
0.9111431837081909,28.580812454223633
0.9093180894851685,28.587587356567383
0.888666570186615,28.592317581176758
0.8888980150222778,28.59208869934082
0.890673816204071,28.597124099731445
0.8961886167526245,28.59507942199707
0.916601300239563,28.593076705932617
0.9072434306144714,28.588285446166992
0.8814560174942017,28.587188720703125
0.9067891240119934,28.581819534301758
0.9016603231430054,28.577150344848633
0.9277952909469604,28.570100784301758
0.8998982906341553,28.56494140625
0.8826778531074524,28.568025588989258
0.9286750555038452,28.57298469543457
0.9294030666351318,28.572751998901367
0.9132403135299683,28.57447624206543
0.8984092473983765,28.579530715942383
0.9233505725860596,28.587892532348633
0.9036840200424194,28.58812141418457
0.8855406045913696,28.586471557617188
0.8948517441749573,28.582643508911133
0.9069133400917053,28.579496383666992
0.9027674198150635,28.574281692504883
0.9031322598457336,28.566329956054688
0.909675657749176,28.560834884643555
0.9074666500091553,28.557695388793945
0.8779887557029724,28.54899787902832
0.9114683866500854,28.532209396362305
0.8974758386611938,28.51628303527832
0.9172785878181458,28.501008987426758
0.8977778553962708,28.48011589050293
0.9156726002693176,28.45435905456543
0.9153275489807129,28.433317184448242
0.9146627187728882,28.421186447143555
0.9002588987350464,28.411176681518555
0.9280892610549927,28.397977828979492
0.9197085499763489,28.382627487182617
0.9223908185958862,28.363311767578125
0.905874490737915,28.348176956176758
0.9015274047851562,28.343767166137695
0.9056668281555176,28.34446907043457
0.9054959416389465,28.352476119995117
0.9024958610534668,28.362077713012695
0.9048800468444824,28.372835159301758
0.8919495940208435,28.383760452270508
0.9198601841926575,28.388978958129883
0.9164372682571411,28.39222526550293
0.9194533824920654,28.399919509887695
0.9214015007019043,28.413911819458008
0.9207300543785095,28.428255081176758
0.9145231246948242,28.440797805786133
0.9123640060424805,28.45245361328125
0.9206275939941406,28.462217330932617
0.9192706942558289,28.470476150512695
0.9136030673980713,28.478452682495117
0.8970741629600525,28.481595993041992
0.9193878173828125,28.487367630004883
0.898597240447998,28.494035720825195
0.9106352925300598,28.500089645385742
0.8992130756378174,28.51228141784668
0.9211809039115906,28.523252487182617
0.9050047397613525,28.537797927856445
0.9120408296585083,28.555036544799805
0.893496572971344,28.579652786254883
0.9143973588943481,28.612607955932617
0.9179243445396423,28.636018753051758
0.9099299311637878,28.653566360473633
0.8654539585113525,28.668886184692383
0.91032475233078,28.681913375854492
0.9008705615997314,28.692766189575195
0.9293003082275391,28.704557418823242
0.921191930770874,28.71858024597168
0.8853493928909302,28.728132247924805
0.891426682472229,28.73029899597168
0.8987646102905273,28.731779098510742
0.8650180101394653,28.738828659057617
0.9007736444473267,28.740507125854492
0.9130932092666626,28.738874435424805
0.911983072757721,28.736526489257812
0.9070836901664734,28.73505973815918
0.9043262600898743,28.73112678527832
0.8951817750930786,28.725156784057617
0.8964658379554749,28.723066329956055
0.8982179164886475,28.722368240356445
0.9049873352050781,28.729398727416992
0.9028866291046143,28.737014770507812
0.8700839281082153,28.749998092651367
0.8940837979316711,28.76188850402832
0.901255190372467,28.76673698425293
0.9134772419929504,28.767972946166992
0.911961555480957,28.769912719726562
0.9043490886688232,28.776992797851562
0.9060071110725403,28.783445358276367
0.9129299521446228,28.79539680480957
0.8853424787521362,28.79969596862793
0.9010018706321716,28.80516242980957
0.9043412804603577,28.812074661254883
0.9135047197341919,28.821413040161133
0.9145801067352295,28.82957649230957
0.9060367345809937,28.835115432739258
0.9167934656143188,28.838258743286133
0.9156156778335571,28.838743209838867
0.9193671345710754,28.837373733520508
0.9049001932144165,28.836809158325195
0.9168723821640015,28.833650588989258
0.892900824546814,28.833711624145508
0.8989161252975464,28.836973190307617
0.8953658938407898,28.833723068237305
0.9057376980781555,28.837188720703125
0.8925927877426147,28.841733932495117
0.9014711380004883,28.845518112182617
0.8984981775283813,28.847213745117188
0.9173940420150757,28.848360061645508
0.9016544818878174,28.85076904296875
0.8983210325241089,28.85429573059082
0.9115349650382996,28.867414474487305
0.9097189903259277,28.879915237426758
0.9085330367088318,28.891691207885742
0.9025970101356506,28.908464431762695
0.8963072299957275,28.923677444458008
0.8884726166725159,28.928953170776367
0.9237677454948425,28.937807083129883
0.8948377370834351,28.94420051574707
0.8950088024139404,28.95338249206543
0.9287080764770508,28.95989990234375
0.8968673944473267,28.967039108276367
0.9011337161064148,28.97321891784668
0.9118281602859497,28.974470138549805
0.9124583005905151,28.978622436523438
0.9090490937232971,28.982866287231445
0.9062605500221252,28.990140914916992
0.9033050537109375,28.996660232543945
0.911527156829834,28.997129440307617
0.9016964435577393,29.000137329101562
0.900903582572937,29.008878707885742
0.9257233142852783,29.017290115356445
0.9104921221733093,29.029722213745117
0.8999817371368408,29.040132522583008
0.9156469106674194,29.052824020385742
0.8986780047416687,29.057449340820312
0.9039174318313599,29.059160232543945
0.9217941761016846,29.063962936401367
0.8852019906044006,29.067001342773438
0.9202486276626587,29.06391716003418
0.9278660416603088,29.060468673706055
0.9227129817008972,29.05940055847168
0.9062750935554504,29.064529418945312
0.9103485345840454,29.07441520690918
0.9180806875228882,29.087907791137695
0.8966715335845947,29.097333908081055
0.9018850326538086,29.102617263793945
0.8969104886054993,29.098493576049805
0.9159753918647766,29.095277786254883
0.9088267683982849,29.087923049926758
0.9128779768943787,29.075895309448242
0.9102680683135986,29.063993453979492
0.9037021398544312,29.047929763793945
0.9041234850883484,29.03550910949707
0.9041476845741272,29.022478103637695
0.9309951663017273,29.011655807495117
0.9201476573944092,28.996171951293945
0.9191807508468628,28.979536056518555
0.8970881700515747,28.964323043823242
0.9070287942886353,28.952926635742188
0.8958174586296082,28.939407348632812
0.9030848741531372,28.92340087890625
0.9072350859642029,28.905622482299805
0.8961539268493652,28.89661979675293
0.8926335573196411,28.889741897583008
0.9205055236816406,28.88661003112793
0.9185242652893066,28.885236740112305
0.8881312608718872,28.88245964050293
0.910129725933075,28.872697830200195
0.8888852000236511,28.864456176757812
0.8748183250427246,28.849428176879883
0.8844486474990845,28.84153938293457
0.8824933767318726,28.832548141479492
0.9084847569465637,28.824281692504883
0.9009069204330444,28.819246292114258
0.9102470874786377,28.814924240112305
0.9163735508918762,28.80927848815918
0.9096766114234924,28.80375862121582
0.9057947397232056,28.800596237182617
0.9094020128250122,28.802106857299805
0.9012724757194519,28.811521530151367
0.9093120098114014,28.817232131958008
0.9191647171974182,28.817899703979492
0.9110082983970642,28.820343017578125
0.9258001446723938,28.835981369018555
0.9059302806854248,28.855913162231445
0.9114742875099182,28.872465133666992
0.9070457816123962,28.888460159301758
0.8937269449234009,28.901411056518555
0.892274022102356,28.912321090698242
0.9212262630462646,28.921968460083008
0.9148628115653992,28.926633834838867
0.9092580080032349,28.93626594543457
0.910932183265686,28.94847297668457
0.9071594476699829,28.956144332885742
0.8954587578773499,28.9693603515625
0.9168522357940674,28.979799270629883
0.9022073745727539,28.99622917175293
0.9207318425178528,29.009733200073242
0.9108012318611145,29.022672653198242
0.9028259515762329,29.034257888793945
0.8955519199371338,29.04890251159668
0.9309159517288208,29.065412521362305
0.9002836346626282,29.081743240356445
0.911237359046936,29.09575080871582
0.9005346298217773,29.11100959777832
0.9261250495910645,29.120698928833008
0.9044907093048096,29.130983352661133
0.9131934642791748,29.14586067199707
0.9150620102882385,29.158475875854492
0.9057526588439941,29.171205520629883
0.9109010696411133,29.189760208129883
0.8951241970062256,29.20677375793457
0.9272357821464539,29.22532844543457
0.9003273248672485,29.241485595703125
0.9122735261917114,29.260786056518555
0.9057961106300354,29.283124923706055
0.9161404967308044,29.312286376953125
0.9008370637893677,29.343717575073242
0.9065778851509094,29.374025344848633
0.9028658866882324,29.402009963989258
0.9048989415168762,29.425504684448242
0.8996187448501587,29.44465446472168
0.8964939713478088,29.461088180541992
0.9189517498016357,29.472932815551758
0.9116041660308838,29.487974166870117
0.9113229513168335,29.505170822143555
0.9165616035461426,29.519914627075195
0.8924908638000488,29.538896560668945
0.9014804363250732,29.556001663208008
0.9200583100318909,29.570615768432617
0.9121150970458984,29.579879760742188
0.9042969942092896,29.584138870239258
0.9057561159133911,29.592954635620117
0.9012808799743652,29.595643997192383
0.8869245052337646,29.597917556762695
0.9156189560890198,29.596162796020508
0.9192084074020386,29.592622756958008
0.9071245789527893,29.590896606445312
0.8922597765922546,29.594820022583008
0.8964600563049316,29.601865768432617
0.9011274576187134,29.604936599731445
0.8887847661972046,29.614423751831055
0.9268768429756165,29.617612838745117
0.9051980376243591,29.620500564575195
0.9199004769325256,29.62043571472168
0.905099630355835,29.62006950378418
0.9177803993225098,29.618345260620117
0.9095515012741089,29.620115280151367
0.9110308885574341,29.623842239379883
0.9203724265098572,29.623369216918945
0.9212329387664795,29.621137619018555
0.9016275405883789,29.62415885925293
0.8943436145782471,29.623231887817383
0.9187108278274536,29.623870849609375
0.90793377161026,29.619415283203125
0.9212003946304321,29.60936164855957
0.9025672674179077,29.597124099731445
0.921096920967102,29.580656051635742
0.9140931367874146,29.565244674682617
0.913356602191925,29.547040939331055
0.9143156409263611,29.528684616088867
0.9141111373901367,29.517656326293945
0.9051462411880493,29.51063346862793
0.9122262597084045,29.508317947387695
0.8954381942749023,29.510560989379883
0.9094254374504089,29.511945724487305
0.9111971855163574,29.510026931762695
0.9058024287223816,29.505861282348633
0.921072781085968,29.502443313598633
0.9008118510246277,29.501646041870117
0.8915801048278809,29.503664016723633
0.8894215822219849,29.497222900390625
0.9034985303878784,29.487442016601562
0.8995882272720337,29.475526809692383
0.9177928566932678,29.462556838989258
0.9137320518493652,29.449310302734375
0.8939308524131775,29.440229415893555
0.9163786768913269,29.438077926635742
0.8962119221687317,29.434537887573242
0.8887280821800232,29.427810668945312
0.9012761116027832,29.425565719604492
0.9085487127304077,29.42854118347168
0.9157276153564453,29.431180953979492
0.9043426513671875,29.434995651245117
0.9139422178268433,29.43903923034668
0.9069557785987854,29.44664192199707
0.9291374087333679,29.457443237304688
0.9032412767410278,29.468111038208008
0.8954319953918457,29.486833572387695
0.916975200176239,29.49955940246582
0.9031025171279907,29.513975143432617
0.9111741781234741,29.51911735534668
0.9074385762214661,29.525407791137695
0.8996164798736572,29.52482795715332
0.9141625165939331,29.516695022583008
0.9145858883857727,29.51201057434082
0.9075745344161987,29.50847053527832
0.9091454148292542,29.502519607543945
0.9131341576576233,29.495878219604492
0.9176408648490906,29.485902786254883
0.9156088829040527,29.47895622253418
0.9137151837348938,29.470840454101562
0.9160292148590088,29.467529296875
0.9127699732780457,29.460493087768555
0.9124510288238525,29.460235595703125
0.9157475233078003,29.46333122253418
0.895583987236023,29.47657585144043
0.901073694229126,29.482465744018555
0.9112868309020996,29.49034309387207
0.9212422966957092,29.500520706176758
0.897444486618042,29.510042190551758
0.913189172744751,29.519868850708008
0.9039462804794312,29.52802848815918
0.9049511551856995,29.532211303710938
0.9142363667488098,29.538467407226562
0.9136589765548706,29.542509078979492
0.9020324349403381,29.546127319335938
0.8955687284469604,29.550796508789062
0.9316233992576599,29.558412551879883
0.8884613513946533,29.567474365234375
0.8830506801605225,29.575258255004883
0.9189279079437256,29.58625602722168
0.8852134943008423,29.595365524291992
0.8938776850700378,29.61054801940918
0.8961191773414612,29.61680793762207
0.9119539260864258,29.623929977416992
0.91046541929245,29.635404586791992
0.9125568270683289,29.647367477416992
0.9116338491439819,29.65748405456543
0.9229199886322021,29.65880012512207
0.8969348669052124,29.65526008605957
0.9008078575134277,29.66151237487793
0.8911623358726501,29.670913696289062
0.9050830602645874,29.68272590637207
0.9206990599632263,29.699663162231445
0.9119388461112976,29.716875076293945
0.8953324556350708,29.728483200073242
0.8978197574615479,29.738309860229492
0.8927064538002014,29.745786666870117
0.9098570346832275,29.757017135620117
0.9247386455535889,29.772857666015625
0.9040612578392029,29.784025192260742
0.9020073413848877,29.796890258789062
0.9019400477409363,29.810579299926758
0.9086062908172607,29.812013626098633
0.915274441242218,29.81547737121582
0.9099705815315247,29.818601608276367
0.9140440821647644,29.819547653198242
0.9092298746109009,29.827024459838867
0.9264386892318726,29.834579467773438
0.8969765901565552,29.840147018432617
0.9012709856033325,29.845291137695312
0.8842350244522095,29.852476119995117
0.8900784850120544,29.863374710083008
0.89687579870224,29.875825881958008
0.9011440873146057,29.881471633911133
0.8905926942825317,29.88945198059082
0.8953226208686829,29.89471435546875
0.9199621677398682,29.894254684448242
0.9175368547439575,29.892427444458008
0.9176560640335083,29.891477584838867
0.898820698261261,29.887941360473633
0.8968663215637207,29.878679275512695
0.9059625267982483,29.87495231628418
0.9236324429512024,29.874481201171875
0.8943431973457336,29.876508712768555
0.9130744338035583,29.874345779418945
0.9038327932357788,29.872236251831055
0.9097561836242676,29.876646041870117
0.9090765714645386,29.88361930847168
0.9160535931587219,29.892484664916992
0.898821234703064,29.90308952331543
0.9204211235046387,29.909059524536133
0.9046611189842224,29.918928146362305
0.9038515090942383,29.928525924682617
0.9015355706214905,29.937301635742188
0.9285770654678345,29.943771362304688
0.9048509001731873,29.954299926757812
0.8978219032287598,29.95750617980957
0.9257171750068665,29.959426879882812
0.9145099520683289,29.962953567504883
0.899796724319458,29.965959548950195
0.9324027299880981,29.976259231567383
0.9040482640266418,29.98066520690918
0.9182916879653931,29.981428146362305
0.8929980397224426,29.982053756713867
0.9270864725112915,29.981565475463867
0.9066967964172363,29.983980178833008
0.9084945321083069,29.98487663269043
0.8972704410552979,29.987260818481445
0.8984086513519287,29.99189567565918
0.9018537998199463,29.999021530151367
0.9085232615470886,30.00922966003418
0.9124312996864319,30.014772415161133
0.901692271232605,30.024991989135742
0.8987259268760681,30.035585403442383
0.9071753621101379,30.048246383666992
0.9137385487556458,30.062498092651367
0.8985317349433899,30.073789596557617
0.8939301371574402,30.08526611328125
0.8899134397506714,30.097505569458008
0.9292042851448059,30.104829788208008
0.9012419581413269,30.121992111206055
0.918399453163147,30.137784957885742
0.9081933498382568,30.147611618041992
0.900516152381897,30.158998489379883
0.9100005626678467,30.172075271606445
0.9112704396247864,30.182939529418945
0.8965352177619934,30.195344924926758
0.9264973402023315,30.201400756835938
0.9016704559326172,30.20893669128418
0.9018120765686035,30.211854934692383
0.9197982549667358,30.207990646362305
0.9226283431053162,30.207918167114258
0.8959211111068726,30.206911087036133
0.9247036576271057,30.196699142456055
0.886972188949585,30.183637619018555
0.8932492733001709,30.174985885620117
0.9152294397354126,30.16731071472168
0.9226672649383545,30.154142379760742
0.9217309355735779,30.135648727416992
0.9249503016471863,30.118864059448242
0.9115248322486877,30.10026741027832
0.8951483964920044,30.078428268432617
0.9223549962043762,30.06010627746582
0.8883956670761108,30.04161262512207
0.8904510140419006,30.019498825073242
0.9107064008712769,29.998807907104492
0.8849709033966064,29.98594856262207
0.88409823179245,29.977262496948242
0.9162563681602478,29.969575881958008
0.9071975350379944,29.952333450317383
0.8856470584869385,29.933439254760742
0.9161641001701355,29.924530029296875
0.8831966519355774,29.922239303588867
0.8887017369270325,29.917722702026367
0.8926159739494324,29.912981033325195
0.9167445302009583,29.90888786315918
0.8871200680732727,29.908842086791992
0.9025707244873047,29.907747268676758
0.9061698317527771,29.909151077270508
0.9089675545692444,29.898862838745117
0.9125559329986572,29.887250900268555
0.9057405591011047,29.870468139648438
0.8898873925209045,29.855253219604492
0.8978726863861084,29.841367721557617
0.9015833139419556,29.832536697387695
0.9184536933898926,29.821365356445312
0.9088031053543091,29.809598922729492
0.9114565849304199,29.796327590942383
0.9035160541534424,29.778810501098633
0.9011160135269165,29.767515182495117
0.892815351486206,29.756881713867188
0.9089704751968384,29.745027542114258
0.9067438244819641,29.725465774536133
0.9139178395271301,29.707735061645508
0.9023771286010742,29.680818557739258
0.9192684888839722,29.655275344848633
0.9016427397727966,29.63197135925293
0.9101852178573608,29.607467651367188
0.9077895879745483,29.581850051879883
0.8860738277435303,29.556028366088867
0.9119861125946045,29.525815963745117
0.9047475457191467,29.495450973510742
0.9201580286026001,29.47340202331543
0.9055771231651306,29.452194213867188
0.9130276441574097,29.437746047973633
0.9131979942321777,29.426651000976562
0.917074978351593,29.422685623168945
0.9100013971328735,29.419782638549805
0.9170918464660645,29.419034957885742
0.9076279401779175,29.418458938598633
0.9213069081306458,29.412521362304688
0.8933665752410889,29.408475875854492
0.9106749892234802,29.399568557739258
0.9076567888259888,29.393495559692383
0.901286244392395,29.383468627929688
0.8806847333908081,29.372785568237305
0.9004535675048828,29.369169235229492
0.9082334637641907,29.367250442504883
0.9183855652809143,29.374162673950195
0.9212311506271362,29.39021110534668
0.9120178818702698,29.408601760864258
0.9003291130065918,29.42732048034668
0.9065905213356018,29.448026657104492
0.9106066823005676,29.46034049987793
0.9032553434371948,29.480499267578125
0.9072668552398682,29.502717971801758
0.9096158146858215,29.521955490112305
0.9223982095718384,29.538373947143555
0.8832966685295105,29.543275833129883
0.9055448770523071,29.539213180541992
0.896930992603302,29.540800094604492
0.906702995300293,29.541593551635742
0.9055044054985046,29.544710159301758
0.9030939340591431,29.54571533203125
0.9102205634117126,29.551103591918945
0.913952112197876,29.55572509765625
0.9245951771736145,29.55609130859375
0.9196550846099854,29.552934646606445
0.9065920114517212,29.55122184753418
0.907625138759613,29.55171012878418
0.8909481167793274,29.55150032043457
0.9039251208305359,29.553850173950195
0.9035799503326416,29.55699348449707
0.9279174208641052,29.546815872192383
0.9117400646209717,29.534730911254883
0.9000216126441956,29.525774002075195
0.9307119250297546,29.51597785949707
0.9164744019508362,29.502229690551758
0.8815414905548096,29.494949340820312
0.9049825668334961,29.488859176635742
0.9146521687507629,29.481294631958008
0.903386116027832,29.481138229370117
0.9227281808853149,29.487943649291992
0.8893640041351318,29.494125366210938
0.8996900320053101,29.49778938293457
0.9132893085479736,29.500200271606445
0.9178453087806702,29.507352828979492
0.9069151282310486,29.51017951965332
0.8954261541366577,29.514787673950195
0.912980318069458,29.523164749145508
0.9163845181465149,29.527742385864258
0.8976750373840332,29.532377243041992
0.9004084467887878,29.534151077270508
0.9033031463623047,29.53980827331543
0.9040190577507019,29.543912887573242
0.9226539731025696,29.544755935668945
0.9228026866912842,29.5496826171875
0.9094235301017761,29.556718826293945
0.901495099067688,29.558853149414062
0.9328229427337646,29.561796188354492
0.8765973448753357,29.561647415161133
0.9026974439620972,29.565732955932617
0.9056236743927002,29.56861686706543
0.9078508615493774,29.565046310424805
0.9073517918586731,29.562408447265625
0.9158313870429993,29.562118530273438
0.9059094786643982,29.559511184692383
0.9074538946151733,29.554155349731445
0.9237926006317139,29.55406379699707
0.8721460700035095,29.551698684692383
0.9153077602386475,29.54191780090332
0.9058098196983337,29.536924362182617
0.908678412437439,29.54151725769043
0.8862144947052002,29.555753707885742
0.8969452977180481,29.565793991088867
0.9192808866500854,29.576189041137695
0.9248725175857544,29.591386795043945
0.9104878306388855,29.605913162231445
0.8868857026100159,29.61857795715332
0.9104859232902527,29.629549026489258
0.8956710696220398,29.632036209106445
0.9105501770973206,29.634519577026367
0.9350255727767944,29.636735916137695
0.9052355885505676,29.635862350463867
0.876576840877533,29.63701057434082
0.9114701151847839,29.642515182495117
0.9177567362785339,29.643342971801758
0.9341968297958374,29.63874626159668
0.8998628854751587,29.63896369934082
0.9155541658401489,29.632490158081055
0.9058923125267029,29.633359909057617
0.9160563945770264,29.637466430664062
0.8884663581848145,29.64195442199707
0.8974652290344238,29.651933670043945
0.9122536182403564,29.662904739379883
0.9204704165458679,29.671937942504883
0.8831235766410828,29.667604446411133
0.9125065207481384,29.664155960083008
0.9074625372886658,29.661893844604492
0.9077731966972351,29.659088134765625
0.9233331084251404,29.65730094909668
0.9072527289390564,29.658309936523438
0.9003053903579712,29.661100387573242
0.8898237347602844,29.662324905395508
0.897862434387207,29.6563720703125
0.916488766670227,29.660860061645508
0.8948376178741455,29.662626266479492
0.9110600352287292,29.669157028198242
0.893064558506012,29.67694091796875
0.903888463973999,29.68895149230957
0.9025238156318665,29.699140548706055
0.9017351865768433,29.707429885864258
0.9147906303405762,29.711042404174805
0.924862802028656,29.71702766418457
0.906454861164093,29.722869873046875
0.9201234579086304,29.720746994018555
0.9095557928085327,29.721513748168945
0.8848710656166077,29.718597412109375
0.9168331623077393,29.71830940246582
0.9011523723602295,29.716672897338867
0.9006280303001404,29.71226692199707
0.9010595083236694,29.711915969848633
0.9028669595718384,29.712934494018555
0.8895070552825928,29.710660934448242
0.9072173833847046,29.714662551879883
0.9218475818634033,29.723020553588867
0.9052125811576843,29.730222702026367
0.8977254033088684,29.732648849487305
0.9190123081207275,29.74000358581543
0.897223174571991,29.74140739440918
0.9099275469779968,29.734298706054688
0.9112675786018372,29.725341796875
0.8992090225219727,29.720460891723633
0.9251381754875183,29.720212936401367
0.9086434245109558,29.71989631652832
0.9101337790489197,29.721712112426758
0.9029654264450073,29.72065544128418
0.9179707169532776,29.71806526184082
0.8891687393188477,29.71122932434082
0.9375073313713074,29.70500373840332
0.8999457955360413,29.700044631958008
0.8968607187271118,29.694673538208008
0.9196309447288513,29.691255569458008
0.887688398361206,29.687650680541992
0.8877311944961548,29.679460525512695
0.9146692156791687,29.667266845703125
0.9108611941337585,29.663055419921875
0.9006503224372864,29.661666870117188
0.9287879467010498,29.666231155395508
0.8904420137405396,29.67497444152832
0.9028168320655823,29.67506217956543
0.9314749836921692,29.672529220581055
0.8970574140548706,29.672285079956055
0.8913921117782593,29.66819953918457
0.9006053805351257,29.672975540161133
0.9189983606338501,29.678407669067383
0.9053677320480347,29.681474685668945
0.9110106229782104,29.679624557495117
0.9106875658035278,29.681276321411133
0.9095790982246399,29.679597854614258
0.9225211143493652,29.677827835083008
0.928613007068634,29.678359985351562
0.9220515489578247,29.682832717895508
0.9177932143211365,29.690229415893555
0.9017457962036133,29.695096969604492
0.9031021595001221,29.701433181762695
0.9178282022476196,29.70496940612793
0.9093278646469116,29.701841354370117
0.9010389447212219,29.70442008972168
0.9018993973731995,29.71125602722168
0.9110192656517029,29.719297409057617
0.9065769910812378,29.727506637573242
0.9104338884353638,29.736207962036133
0.9268069267272949,29.750028610229492
0.9188748598098755,29.770906448364258
0.902819037437439,29.790895462036133
0.9080386757850647,29.802444458007812
0.910499095916748,29.809873580932617
0.916263997554779,29.814176559448242
0.8989557027816772,29.818923950195312
0.9030075669288635,29.824235916137695
0.885701060295105,29.829145431518555
0.8980333209037781,29.835695266723633
0.9024665355682373,29.84686279296875
0.9068796038627625,29.85194206237793
0.9294600486755371,29.850053787231445
0.9110427498817444,29.848283767700195
0.8942902088165283,29.851198196411133
0.8965554237365723,29.861528396606445
0.904471755027771,29.873414993286133
0.8864103555679321,29.883390426635742
0.8966866731643677,29.89056396484375
0.9067683815956116,29.887983322143555
0.8989668488502502,29.885759353637695
0.9151590466499329,29.87999153137207
0.9087226390838623,29.877424240112305
0.9057939052581787,29.88035774230957
0.9007785320281982,29.885190963745117
0.8779711723327637,29.887374877929688
0.9047093987464905,29.88947868347168
0.9179925918579102,29.88922119140625
0.9160658121109009,29.896299362182617
0.885371744632721,29.899507522583008
0.9016210436820984,29.909151077270508
0.8952609896659851,29.911895751953125
0.9149248003959656,29.910737991333008
0.9011380672454834,29.910247802734375
0.9151598811149597,29.91259765625
0.9000968933105469,29.914505004882812
0.9182032942771912,29.911680221557617
0.8998233079910278,29.911531448364258
0.9161049127578735,29.91070556640625
0.9079986810684204,29.915315628051758
0.8949348330497742,29.91154670715332
0.9342312216758728,29.90869140625
0.9019799828529358,29.903623580932617
0.9213899374008179,29.90980339050293
0.8968511819839478,29.91142463684082
0.9157356023788452,29.910247802734375
0.91032475233078,29.907560348510742
0.9038864374160767,29.896211624145508
0.9105604887008667,29.882966995239258
0.9125397205352783,29.875410079956055
0.9255849719047546,29.8682861328125
0.9025653600692749,29.859298706054688
0.8953971266746521,29.845733642578125
0.9104262590408325,29.839826583862305
0.917478621006012,29.83842658996582
0.9056745767593384,29.835693359375
0.8925595283508301,29.826738357543945
0.9120632410049438,29.82154655456543
0.8913627862930298,29.81214714050293
0.8901144862174988,29.810895919799805
0.9169985055923462,29.81334114074707
0.9146763682365417,29.81330680847168
0.8921344876289368,29.813356399536133
0.910679817199707,29.810577392578125
0.9026095867156982,29.801836013793945
0.9062157869338989,29.80463981628418
0.8988115787506104,29.806135177612305
0.894390881061554,29.807601928710938
0.9088462591171265,29.812257766723633
0.901008129119873,29.813186645507812
0.8993369340896606,29.819976806640625
0.9009689092636108,29.826871871948242
0.8891132473945618,29.830827713012695
0.9214124083518982,29.835786819458008
0.91246497631073,29.84425163269043
0.9138591289520264,29.84825325012207
0.9039816856384277,29.859376907348633
0.9098576307296753,29.868074417114258
0.9020431637763977,29.87730598449707
0.9123966693878174,29.881589889526367
0.9081056714057922,29.883955001831055
0.9128960371017456,29.882596969604492
0.8871643543243408,29.885225296020508
0.8986654281616211,29.894182205200195
0.902346134185791,29.904497146606445
0.8935524225234985,29.905611038208008
0.9137383699417114,29.896835327148438
0.9094424843788147,29.891677856445312
0.8817703127861023,29.892290115356445
0.9143069386482239,29.888837814331055
0.8903725743293762,29.889358520507812
0.9209213256835938,29.88878059387207
0.9069476127624512,29.884599685668945
0.8853050470352173,29.880678176879883
0.9161404371261597,29.875608444213867
0.9222307801246643,29.868925094604492
0.9162330627441406,29.85853385925293
0.9030585289001465,29.851808547973633
0.9223644733428955,29.84613037109375
0.9227058291435242,29.841398239135742
0.9024864435195923,29.83824348449707
0.9083068370819092,29.838376998901367
0.9021092653274536,29.837125778198242
0.9104609489440918,29.836441040039062
0.8998214602470398,29.839021682739258
0.8814151883125305,29.837175369262695
0.9113046526908875,29.835693359375
0.8952518105506897,29.83198356628418
0.9142521619796753,29.828035354614258
0.9100786447525024,29.827177047729492
0.9024401307106018,29.822786331176758
0.9214443564414978,29.820266723632812
0.8950966000556946,29.818296432495117
0.899468183517456,29.813947677612305
0.8974524140357971,29.807538986206055
0.8839165568351746,29.801969528198242
0.9211655259132385,29.792402267456055
0.9012056589126587,29.787961959838867
0.8997105360031128,29.789857864379883
0.9002498984336853,29.791229248046875
0.8940345048904419,29.786394119262695
0.9101552963256836,29.780550003051758
0.8959213495254517,29.775938034057617
0.9076170921325684,29.767637252807617
0.9114854335784912,29.75999641418457
0.8978702425956726,29.75031852722168
0.9002923369407654,29.741788864135742
0.8973034024238586,29.738008499145508
0.9058313369750977,29.735185623168945
0.9084593057632446,29.733583450317383
0.907132089138031,29.724885940551758
0.9005047082901001,29.713716506958008
0.9125784635543823,29.700868606567383
0.9117370843887329,29.691434860229492
0.9073907732963562,29.684663772583008
0.9158504605293274,29.675138473510742
0.8979772925376892,29.664308547973633
0.9031751155853271,29.654069900512695
0.9041602611541748,29.644350051879883
0.9066793918609619,29.641950607299805
0.911359965801239,29.634218215942383
0.8983348608016968,29.634504318237305
0.900505542755127,29.636688232421875
0.9086236953735352,29.641664505004883
0.9132642149925232,29.654035568237305
0.9247648119926453,29.666868209838867
0.8921290636062622,29.678937911987305
0.9036215543746948,29.690717697143555
0.9066819548606873,29.702390670776367
0.8968769311904907,29.718748092651367
0.9211379885673523,29.732145309448242
0.9100537300109863,29.739274978637695
0.8965786099433899,29.74962043762207
0.9053844809532166,29.75895881652832
0.9068926572799683,29.766204833984375
0.9057000875473022,29.772844314575195
0.9214447140693665,29.781600952148438
0.9037750363349915,29.789918899536133
0.9163927435874939,29.791749954223633
0.9007527232170105,29.79670524597168
0.9117892980575562,29.79975700378418
0.9195073843002319,29.79979133605957
0.895057737827301,29.79606819152832
0.8960356712341309,29.78502082824707
0.8918886184692383,29.770187377929688
0.9269418716430664,29.752901077270508
0.922725260257721,29.73933219909668
0.9190667271614075,29.726118087768555
0.9002702832221985,29.718534469604492
0.8919281363487244,29.710176467895508
0.9196667075157166,29.705137252807617
0.9262643456459045,29.701093673706055
0.8904938697814941,29.694108963012695
0.9047960042953491,29.692703247070312
0.9245706796646118,29.691617965698242
0.91291344165802,29.696958541870117
0.9173462390899658,29.701400756835938
0.9267933964729309,29.704729080200195
0.9113195538520813,29.710386276245117
0.9094893336296082,29.714250564575195
0.9139609932899475,29.71674919128418
0.9214337468147278,29.719175338745117
0.9110734462738037,29.721559524536133
0.9115767478942871,29.723493576049805
0.9079585075378418,29.726163864135742
0.9114481210708618,29.734163284301758
0.9185688495635986,29.73741340637207
0.8997933268547058,29.739152908325195
0.8799595236778259,29.749116897583008
0.8972809314727783,29.767839431762695
0.9048841595649719,29.782716751098633
0.9294711351394653,29.795015335083008
0.9143165349960327,29.798402786254883
0.9147681593894958,29.798810958862305
0.9085468053817749,29.806303024291992
0.8996524810791016,29.810503005981445
0.9224585890769958,29.813291549682617
0.9128775000572205,29.81541633605957
0.9135663509368896,29.823652267456055
0.9200690388679504,29.83366584777832
0.9201918840408325,29.844514846801758
0.9075530171394348,29.86067008972168
0.9064205288887024,29.874448776245117
0.9103256464004517,29.884794235229492
0.91181480884552,29.894956588745117
0.9197448492050171,29.903654098510742
0.8931054472923279,29.910703659057617
0.9055795669555664,29.914644241333008
0.8956841230392456,29.92188835144043
0.9076262712478638,29.926664352416992
0.8908277750015259,29.92609977722168
0.890641987323761,29.920610427856445
0.900085985660553,29.915924072265625
0.9022029042243958,29.918001174926758
0.8966555595397949,29.915021896362305
0.9132478833198547,29.909940719604492
0.9299657940864563,29.904630661010742
0.9144390821456909,29.90123176574707
0.8980587124824524,29.901182174682617
0.9019953012466431,29.895017623901367
0.9067105650901794,29.888532638549805
0.8983040452003479,29.88361930847168
0.900643527507782,29.87779426574707
0.9133472442626953,29.867874145507812
0.8941537141799927,29.857847213745117
0.8956370949745178,29.849611282348633
0.8996173143386841,29.842790603637695
0.898154616355896,29.839658737182617
0.9122272729873657,29.82872200012207
0.8953953981399536,29.82261848449707
0.9091063141822815,29.815183639526367
0.8939101696014404,29.811185836791992
0.9134684801101685,29.804288864135742
0.9021649360656738,29.798751831054688
0.9014694690704346,29.789260864257812
0.9017550349235535,29.7786865234375
0.9118421673774719,29.770418167114258
0.9077074527740479,29.76130485534668
0.9131513833999634,29.754514694213867
0.9088693857192993,29.752059936523438
0.8983185291290283,29.748014450073242
0.9260489344596863,29.749956130981445
0.9228988289833069,29.749910354614258
0.899499237537384,29.75250244140625
0.9256826043128967,29.75355339050293
0.9018065333366394,29.753171920776367
0.9225090146064758,29.76368522644043
0.8990523219108582,29.77269172668457
0.9088273644447327,29.786256790161133
0.889295220375061,29.795743942260742
0.92401522397995,29.80634880065918
0.9018025398254395,29.813310623168945
0.8832641839981079,29.826372146606445
0.8928996324539185,29.835512161254883
0.8896957039833069,29.84074592590332
0.9193456768989563,29.840375900268555
0.9086546897888184,29.83763313293457
0.9132080674171448,29.828046798706055
0.9042003750801086,29.816957473754883
0.922541618347168,29.810503005981445
0.8934847712516785,29.806533813476562
0.9292126297950745,29.801347732543945
0.9047555923461914,29.797086715698242
0.8909311890602112,29.783964157104492
0.8968716859817505,29.777814865112305
0.8973395228385925,29.77149772644043
0.9198613166809082,29.772829055786133
0.8951331973075867,29.770050048828125
0.9168177247047424,29.764890670776367
0.9071317911148071,29.759153366088867
0.9118489027023315,29.75682258605957
0.8852249979972839,29.75200080871582
0.8857665657997131,29.750307083129883
0.9029617309570312,29.744962692260742
0.9206967949867249,29.736635208129883
0.9131854772567749,29.735654830932617
0.9128256440162659,29.733884811401367
0.8947502374649048,29.73933219909668
0.9222685098648071,29.74211311340332
0.89305579662323,29.744598388671875
0.9181689620018005,29.745161056518555
0.9078946113586426,29.753007888793945
0.9173722863197327,29.759244918823242
0.9060424566268921,29.769254684448242
0.9104203581809998,29.781309127807617
0.9189045429229736,29.787233352661133
0.9226218461990356,29.793668746948242
0.8996710777282715,29.796369552612305
0.9182463884353638,29.79615592956543
0.9034126400947571,29.794431686401367
0.9104976058006287,29.796110153198242
0.8932710886001587,29.802350997924805
0.899815559387207,29.80461311340332
0.887876570224762,29.806169509887695
0.9028082489967346,29.796510696411133
0.8943331837654114,29.787137985229492
0.9352378845214844,29.779695510864258
0.9002279043197632,29.774232864379883
0.9105937480926514,29.770673751831055
0.9237706661224365,29.772138595581055
0.8981293439865112,29.774627685546875
0.9216747879981995,29.77842903137207
0.9217586517333984,29.778318405151367
0.9182912111282349,29.77815055847168
0.8951656818389893,29.77079963684082
0.9031922817230225,29.768341064453125
0.916439414024353,29.769136428833008
0.9018465876579285,29.775697708129883
0.9003860950469971,29.779294967651367
0.8888112306594849,29.783159255981445
0.8890612125396729,29.792390823364258
0.9118775129318237,29.796384811401367
0.9107801914215088,29.804994583129883
0.8858003616333008,29.814069747924805
0.9203400611877441,29.813188552856445
0.9241639971733093,29.815292358398438
0.8904629945755005,29.826265335083008
0.8952429294586182,29.837934494018555
0.9170396327972412,29.85118293762207
0.9036775231361389,29.85926628112793
0.9189104437828064,29.86823844909668
0.8961629867553711,29.874448776245117
0.9101414680480957,29.881837844848633
0.9189261198043823,29.894851684570312
0.8998132944107056,29.905807495117188
0.9172626733779907,29.911012649536133
0.905400276184082,29.913236618041992
0.8992833495140076,29.916257858276367
0.9128069877624512,29.924196243286133
0.8931388854980469,29.936220169067383
0.9268515110015869,29.945741653442383
0.9077975153923035,29.951139450073242
0.9115443229675293,29.957063674926758
0.8954708576202393,29.963056564331055
0.9303286671638489,29.969423294067383
0.9009955525398254,29.972917556762695
0.8867475986480713,29.969255447387695
0.9128221869468689,29.96714973449707
0.8934173583984375,29.969820022583008
0.9043048620223999,29.97102165222168
0.9039552807807922,29.968107223510742
0.9048687815666199,29.96592903137207
0.9171679019927979,29.960100173950195
0.9115352034568787,29.958005905151367
0.8937408924102783,29.950559616088867
0.925844669342041,29.94334602355957
0.8960901498794556,29.937471389770508
0.9030712842941284,29.925825119018555
0.9013722538948059,29.912397384643555
0.9051237106323242,29.896455764770508
0.9045877456665039,29.888639450073242
0.9073976278305054,29.872255325317383
0.8912051916122437,29.858110427856445
0.9065561890602112,29.838441848754883
0.9077295064926147,29.821229934692383
0.9003196358680725,29.798673629760742
0.9014342427253723,29.777769088745117
0.897956132888794,29.762388229370117
0.9140734672546387,29.743059158325195
0.9159709811210632,29.729433059692383
0.9234648942947388,29.719099044799805
0.9160346388816833,29.709993362426758
0.9053692817687988,29.69941520690918
0.9139102697372437,29.691957473754883
0.9199987649917603,29.687959671020508
0.9063498377799988,29.68568229675293
0.9143262505531311,29.683412551879883
0.9267975091934204,29.682371139526367
0.9120806455612183,29.678726196289062
0.9231019616127014,29.678255081176758
0.8977625966072083,29.672012329101562
0.9051135778427124,29.67280387878418
0.9223343133926392,29.676450729370117
0.9154533743858337,29.676179885864258
0.8965597748756409,29.678056716918945
0.8998778462409973,29.680376052856445
0.9073095321655273,29.678098678588867
0.9018255472183228,29.677274703979492
0.9224347472190857,29.67192268371582
0.9057902097702026,29.668672561645508
0.8924710154533386,29.660825729370117
0.8871282339096069,29.650571823120117
0.894769012928009,29.638338088989258
0.9120900630950928,29.62391471862793
0.9159156084060669,29.61054801940918
0.9177495241165161,29.599672317504883
0.9098604917526245,29.592897415161133
0.9055655002593994,29.589689254760742
0.9167979955673218,29.585527420043945
0.9163846969604492,29.583831787109375
0.9130668640136719,29.586103439331055
0.9001737833023071,29.587766647338867
0.8968331813812256,29.592744827270508
0.8999978303909302,29.590087890625
0.9289938807487488,29.591108322143555
0.9004364013671875,29.589277267456055
0.8980615139007568,29.594072341918945
0.8993659615516663,29.597169876098633
0.9154196381568909,29.597551345825195
0.886744499206543,29.596479415893555
0.9136855006217957,29.59691047668457
0.900418758392334,29.60203742980957
0.8937603235244751,29.606504440307617
0.9201636910438538,29.612092971801758
0.9038305878639221,29.618635177612305
0.9114774465560913,29.62141227722168
0.9163318276405334,29.631818771362305
0.9229632616043091,29.644254684448242
0.9265249967575073,29.656431198120117
0.9015216827392578,29.666318893432617
0.920487642288208,29.67127799987793
0.904163122177124,29.67918586730957
0.9249003529548645,29.683671951293945
0.9047393798828125,29.687288284301758
0.8973780870437622,29.69556999206543
0.8974757790565491,29.708311080932617
0.9153832793235779,29.717897415161133
0.9147573113441467,29.732114791870117
0.8906348347663879,29.745542526245117
0.9031095504760742,29.758926391601562
0.9023124575614929,29.772066116333008
0.9036664962768555,29.781341552734375
0.8979823589324951,29.787416458129883
0.9010668992996216,29.789594650268555
0.9131621718406677,29.793657302856445
0.9164578318595886,29.79632568359375
0.9019551873207092,29.797456741333008
0.9010199308395386,29.794557571411133
0.9088746905326843,29.79210090637207
0.9083074331283569,29.791231155395508
0.9132546782493591,29.793336868286133
0.8985217809677124,29.788515090942383
0.885418176651001,29.784852981567383
0.9104040265083313,29.78169059753418
0.917485773563385,29.785871505737305
0.9040232300758362,29.78956413269043
0.9074269533157349,29.79170036315918
0.907862663269043,29.792356491088867
0.909553587436676,29.794511795043945
0.8977370858192444,29.800413131713867
0.9080537557601929,29.814374923706055
0.9232487082481384,29.824766159057617
0.902764081954956,29.833662033081055
0.8904873132705688,29.841249465942383
0.9064186215400696,29.846784591674805
0.9078409671783447,29.855268478393555
0.894111156463623,29.865171432495117
0.9006795287132263,29.876924514770508
0.897388756275177,29.889280319213867
0.9281060099601746,29.89874267578125
0.9149619936943054,29.906862258911133
0.9250729084014893,29.916749954223633
0.9084382653236389,29.92448616027832
0.8896458148956299,29.926057815551758
0.8914228677749634,29.928876876831055
0.9144226312637329,29.929853439331055
0.904103696346283,29.933073043823242
0.9157142639160156,29.942476272583008
0.8941521644592285,29.954999923706055
0.8855410814285278,29.969392776489258
0.884343683719635,29.981168746948242
0.9219439625740051,29.990480422973633
0.9033187031745911,29.994077682495117
0.9101773500442505,30.000761032104492
0.926892876625061,30.009275436401367
0.9137001037597656,30.017423629760742
0.9146603941917419,30.02880859375
0.9139350056648254,30.045869827270508
0.9037873148918152,30.059080123901367
0.9107488989830017,30.068864822387695
0.8979361653327942,30.076799392700195
0.9000995755195618,30.086153030395508
0.8991512060165405,30.094602584838867
0.9006326794624329,30.095216751098633
0.9060824513435364,30.102357864379883
0.9002671241760254,30.114789962768555
0.9069674611091614,30.122453689575195
0.9108198881149292,30.12928581237793
0.9190764427185059,30.135236740112305
0.8933492302894592,30.13801383972168
0.9078564047813416,30.142362594604492
0.8988487720489502,30.14988899230957
0.90805584192276,30.154539108276367
0.8860571980476379,30.162673950195312
0.9077087640762329,30.171358108520508
0.9038180112838745,30.179367065429688
0.9178041815757751,30.177627563476562
0.9023421406745911,30.179960250854492
0.9046107530593872,30.18153190612793
0.9058802127838135,30.18242073059082
0.9099280834197998,30.17884635925293
0.9106796979904175,30.184690475463867
0.8827047348022461,30.192659378051758
0.9007992744445801,30.202360153198242
0.9045969247817993,30.215238571166992
0.9017584323883057,30.21794319152832
0.9091259241104126,30.21843147277832
0.8828556537628174,30.21122932434082
0.8818457126617432,30.20277214050293
0.9192596673965454,30.20216178894043
0.9316874742507935,30.20427131652832
0.9214040040969849,30.20396614074707
0.9006242752075195,30.205049514770508
0.9221702218055725,30.19947624206543
0.939238429069519,30.194442749023438
0.9142377376556396,30.187498092651367
0.9156259894371033,30.181440353393555
0.9153321385383606,30.168424606323242
0.9135791063308716,30.158449172973633
0.9108501672744751,30.14936637878418
0.8990121483802795,30.14091682434082
0.9195409417152405,30.132936477661133
0.9033874869346619,30.126497268676758
0.904046356678009,30.126604080200195
0.907365620136261,30.127016067504883
0.8944557905197144,30.12849235534668
0.8995944261550903,30.133684158325195
0.8984500169754028,30.13231086730957
0.9223212599754333,30.12858772277832
0.9105163812637329,30.128786087036133
0.9077348709106445,30.138076782226562
0.9032875299453735,30.14918327331543
0.9174033403396606,30.164030075073242
0.894781768321991,30.17442512512207
0.9146147966384888,30.186845779418945
0.9049310684204102,30.197294235229492
0.9117606282234192,30.204469680786133
0.9299587607383728,30.202394485473633
0.9058796167373657,30.202375411987305
0.9002367854118347,30.20173454284668
0.9149624109268188,30.19801139831543
0.9160014390945435,30.20182991027832
0.9106422662734985,30.208284378051758
0.9121587872505188,30.213895797729492
0.9267634749412537,30.22014045715332
0.8987672328948975,30.220304489135742
0.895841658115387,30.216215133666992
0.9105587601661682,30.210477828979492
0.8915361762046814,30.204256057739258
0.9237964749336243,30.201875686645508
0.8945164084434509,30.207639694213867
0.9196652173995972,30.207719802856445
0.9182955622673035,30.204343795776367
0.9038786888122559,30.206010818481445
0.8853976130485535,30.208436965942383
0.9108586311340332,30.202470779418945
0.9018257856369019,30.196393966674805
0.9021897912025452,30.184738159179688
0.8962309956550598,30.171506881713867
0.8898910284042358,30.163911819458008
0.8915573954582214,30.153459548950195
0.9079954028129578,30.145998001098633
0.8986946940422058,30.137788772583008
0.897067666053772,30.124082565307617
0.9140142798423767,30.11207389831543
0.8990330696105957,30.10270881652832
0.8967593312263489,30.097822189331055
0.8941658139228821,30.10261344909668
0.9036868214607239,30.106168746948242
0.9275473952293396,30.1087646484375
0.9286882877349854,30.111906051635742
0.9213610887527466,30.116697311401367
0.905340313911438,30.121747970581055
0.9165377020835876,30.125579833984375
0.8910185098648071,30.131044387817383
0.9266693592071533,30.13262939453125
0.9265395998954773,30.135190963745117
0.9213087558746338,30.137784957885742
0.9158462285995483,30.13783073425293
0.913343071937561,30.13062858581543
0.9036476612091064,30.126802444458008
0.9019762277603149,30.122236251831055
0.9109066724777222,30.119295120239258
0.9030426740646362,30.123016357421875
0.9163236618041992,30.122209548950195
0.9018460512161255,30.131563186645508
0.9234493970870972,30.142362594604492
0.9225407838821411,30.14723014831543
0.9029077291488647,30.14777946472168
0.902013897895813,30.144193649291992
0.9236950278282166,30.142194747924805
0.8902811408042908,30.14164924621582
0.9196452498435974,30.146543502807617
0.9125182032585144,30.153928756713867
0.912409245967865,30.165082931518555
0.9150545597076416,30.175443649291992
0.8951274156570435,30.179885864257812
0.8937821388244629,30.189725875854492
0.8910186290740967,30.19255256652832
0.9243514537811279,30.194107055664062
0.9290380477905273,30.187040328979492
0.8951307535171509,30.183744430541992
0.9259549379348755,30.181791305541992
0.9155483841896057,30.179046630859375
0.9097067713737488,30.178998947143555
0.9337138533592224,30.180082321166992
0.9122772812843323,30.184175491333008
0.9033163785934448,30.184587478637695
0.9154242277145386,30.178770065307617
0.9068620800971985,30.172042846679688
0.9189683794975281,30.170717239379883
0.9157965183258057,30.169675827026367
0.8735218644142151,30.170866012573242
0.9000992774963379,30.174272537231445
0.9151046872138977,30.182661056518555
0.9024819135665894,30.184995651245117
0.8924817442893982,30.196149826049805
0.920245885848999,30.210359573364258
0.8865066170692444,30.22559928894043
0.9121824502944946,30.240629196166992
0.9100695848464966,30.255887985229492
0.9047784805297852,30.264436721801758
0.9168851375579834,30.275068283081055
0.9196491837501526,30.286664962768555
0.8846513628959656,30.29530143737793
0.915510356426239,30.301881790161133
0.90456622838974,30.306703567504883
0.9017764329910278,30.309980392456055
0.9053415656089783,30.313871383666992
0.9063594341278076,30.313966751098633
0.8979780077934265,30.316862106323242
0.9081746339797974,30.31043815612793
0.9132745265960693,30.306230545043945
0.9209606051445007,30.302019119262695
0.9009852409362793,30.293304443359375
0.8881113529205322,30.284639358520508
0.897529661655426,30.276765823364258
0.9116407036781311,30.267911911010742
0.9308608174324036,30.263320922851562
0.8990845680236816,30.262224197387695
0.9142959713935852,30.25764274597168
0.9196858406066895,30.254426956176758
0.9292290806770325,30.248506546020508
0.908414363861084,30.241456985473633
0.9190174341201782,30.236173629760742
0.9193279147148132,30.22850227355957
0.9058251976966858,30.22191047668457
0.9028748869895935,30.218732833862305
0.9106787443161011,30.21754264831543
0.9114401936531067,30.216445922851562
0.9176591634750366,30.213773727416992
0.8889060616493225,30.215604782104492
0.9032148122787476,30.220001220703125
0.9170054197311401,30.22850227355957
0.9250115752220154,30.229522705078125
0.9008584022521973,30.22938346862793
0.9037604331970215,30.227479934692383
0.9129695296287537,30.224609375
0.9257633090019226,30.222562789916992
0.9065835475921631,30.21919059753418
0.889554500579834,30.218137741088867
0.9192020297050476,30.217531204223633
0.9073381423950195,30.217618942260742
0.904213547706604,30.21388053894043
0.9186978936195374,30.210206985473633
0.9202017784118652,30.206954956054688
0.8940021395683289,30.199403762817383
0.9069874286651611,30.190353393554688
0.9162301421165466,30.18092155456543
0.8916773796081543,30.170412063598633
0.904187023639679,30.154998779296875
0.91512531042099,30.143373489379883
0.9068264961242676,30.125394821166992
0.9073601961135864,30.107927322387695
0.9086591005325317,30.096742630004883
0.8861485719680786,30.08390998840332
0.8963426351547241,30.075010299682617
0.9248027801513672,30.06317138671875
0.911915123462677,30.054536819458008
0.8946589231491089,30.050504684448242
0.8924358487129211,30.056028366088867
0.9140616059303284,30.059389114379883
0.9170854091644287,30.065156936645508
0.8947044610977173,30.071535110473633
0.9015470147132874,30.076292037963867
0.9160413146018982,30.080093383789062
0.8759303092956543,30.087888717651367
0.9119197130203247,30.084688186645508
0.9026511907577515,30.078474044799805
0.890289843082428,30.071836471557617
0.9009792804718018,30.071088790893555
0.9048606753349304,30.076601028442383
0.9107462167739868,30.082731246948242
0.8984872698783875,30.084089279174805
0.9059041738510132,30.08677864074707
0.9081827998161316,30.086942672729492
0.9143193364143372,30.085187911987305
0.9075984358787537,30.081205368041992
0.9042488932609558,30.076719284057617
0.9248635768890381,30.068574905395508
0.9192036986351013,30.062623977661133
0.901238203048706,30.056398391723633
0.9155098795890808,30.054166793823242
0.9018652439117432,30.056257247924805
0.9010541439056396,30.048585891723633
0.905092716217041,30.042875289916992
0.8977985978126526,30.038406372070312
0.899747908115387,30.031509399414062
0.8949645161628723,30.027772903442383
0.9023659229278564,30.023529052734375
0.9268035292625427,30.019041061401367
0.8979800939559937,30.00965690612793
0.8813130259513855,29.999834060668945
0.9207046031951904,29.999422073364258
0.9056584239006042,30.006376266479492
0.9097181558609009,30.007204055786133
0.892892599105835,30.00153923034668
0.9081345796585083,29.993284225463867
0.9138465523719788,29.98283576965332
0.8957371115684509,29.97401237487793
0.9046645760536194,29.96160888671875
0.9155705571174622,29.95286750793457
0.9177669882774353,29.94593620300293
0.902718722820282,29.94025993347168
0.9021090269088745,29.933073043823242
0.9051636457443237,29.928083419799805
0.9084685444831848,29.92411994934082
0.8997213840484619,29.925214767456055
0.9237440228462219,29.925397872924805
0.9047791361808777,29.923799514770508
0.909898042678833,29.92194938659668
0.9062723517417908,29.921445846557617
0.9166756868362427,29.915178298950195
0.9208211302757263,29.916641235351562
0.9110215902328491,29.916990280151367
0.8938295841217041,29.905057907104492
0.886394739151001,29.89903450012207
0.9161698818206787,29.891630172729492
0.9188615083694458,29.886720657348633
0.894628643989563,29.88551139831543
0.8855516910552979,29.881929397583008
0.9212741255760193,29.882490158081055
0.9088992476463318,29.881223678588867
0.9063723683357239,29.880859375
0.9236376881599426,29.87486457824707
0.9118072986602783,29.870683670043945
0.9069926142692566,29.878110885620117
0.8978300094604492,29.883211135864258
0.9146069288253784,29.890485763549805
0.9276308417320251,29.89561653137207
0.9109323024749756,29.894105911254883
0.906944751739502,29.889970779418945
0.9125458002090454,29.88092041015625
0.8817680478096008,29.879274368286133
0.9049062132835388,29.87005615234375
0.9072299003601074,29.86005973815918
0.912579357624054,29.851362228393555
0.8994874358177185,29.84697151184082
0.9113687872886658,29.84214973449707
0.9089323878288269,29.840425491333008
0.8890399932861328,29.838136672973633
0.883647084236145,29.844114303588867
0.8987941741943359,29.854646682739258
0.9044589400291443,29.863313674926758
0.9284141659736633,29.879682540893555
0.911107063293457,29.895902633666992
0.919180154800415,29.913267135620117
0.8962196707725525,29.931516647338867
0.9174421429634094,29.946073532104492
0.9056063890457153,29.961637496948242
0.9104399085044861,29.972200393676758
0.8950542211532593,29.98344612121582
0.91339111328125,29.99458122253418
0.9103728532791138,29.997299194335938
0.8862345218658447,29.991243362426758
0.8887022137641907,29.98509407043457
0.9077401161193848,29.980514526367188
0.8904268741607666,29.972043991088867
0.9073074460029602,29.968263626098633
0.9174089431762695,29.963302612304688
0.8788877129554749,29.961626052856445
0.8944085836410522,29.963685989379883
0.8953917622566223,29.96806526184082
0.9008259177207947,29.973310470581055
0.9249051809310913,29.980588912963867
0.9118585586547852,29.98124885559082
0.9051154851913452,29.98248291015625
0.9128466248512268,29.979143142700195
0.9111138582229614,29.978899002075195
0.9083486199378967,29.979475021362305
0.9214670658111572,29.975496292114258
0.8945280909538269,29.97529411315918
0.9090914130210876,29.966646194458008
0.9001076817512512,29.95796012878418
0.893764078617096,29.949968338012695
0.9076755046844482,29.946443557739258
0.9115729928016663,29.945772171020508
0.9238370656967163,29.944276809692383
0.924142599105835,29.941465377807617
0.9026962518692017,29.93815803527832
0.895128607749939,29.934431076049805
0.9097815752029419,29.927732467651367
0.9312103986740112,29.914047241210938
0.9058918356895447,29.902162551879883
0.913743793964386,29.893827438354492
0.9098933339118958,29.886808395385742
0.9224331974983215,29.88206672668457
0.915173351764679,29.879365921020508
0.9142385125160217,29.87806510925293
0.8902997970581055,29.881853103637695
0.8950708508491516,29.882402420043945
0.9261921048164368,29.885177612304688
0.8976532220840454,29.886751174926758
0.9142187237739563,29.886703491210938
0.9090358018875122,29.883344650268555
0.89771968126297,29.8876953125
0.915724515914917,29.89375114440918
0.9158982634544373,29.892425537109375
0.8975983262062073,29.891752243041992
0.9341921210289001,29.888975143432617
0.8978487253189087,29.889509201049805
0.9086785316467285,29.891860961914062
0.9119998216629028,29.890762329101562
0.907699465751648,29.890714645385742
0.8949351906776428,29.893632888793945
0.911236047744751,29.906766891479492
0.883473813533783,29.916227340698242
0.9036738276481628,29.92759895324707
0.9075943827629089,29.940462112426758
0.914696216583252,29.950515747070312
0.9064023494720459,29.95634651184082
0.9119259119033813,29.963289260864258
0.9021957516670227,29.966920852661133
0.9051572680473328,29.972288131713867
0.9108750224113464,29.979738235473633
0.9100326895713806,29.989763259887695
0.9122416377067566,29.994733810424805
0.9032734036445618,29.999956130981445
0.9075472950935364,30.006147384643555
0.9033044576644897,30.005311965942383
0.9145828485488892,30.002517700195312
0.9110752940177917,29.992189407348633
0.9019762873649597,29.979997634887695
0.9111720323562622,29.965517044067383
0.9156438112258911,29.952192306518555
0.8866686820983887,29.936782836914062
0.8902432918548584,29.921964645385742
0.8912773728370667,29.901838302612305
0.8924696445465088,29.882490158081055
0.9138702154159546,29.864730834960938
0.8960977792739868,29.85438346862793
0.9164701700210571,29.845090866088867
0.8847332000732422,29.836881637573242
0.8995621204376221,29.838104248046875
0.9013571739196777,29.828535079956055
0.915489673614502,29.81892204284668
0.9022557735443115,29.80528450012207
0.9160019755363464,29.794126510620117
0.9140845537185669,29.785858154296875
0.8808960318565369,29.788206100463867
0.8947716355323792,29.784894943237305
0.8960059881210327,29.780427932739258
0.8959326148033142,29.781007766723633
0.922892153263092,29.774612426757812
0.9180117845535278,29.770217895507812
0.9021562933921814,29.766172409057617
0.8984630107879639,29.76849365234375
0.9038728475570679,29.772233963012695
0.9090338945388794,29.776044845581055
0.9149799942970276,29.775190353393555
0.9165384769439697,29.776338577270508
0.9025144577026367,29.774629592895508
0.8975011110305786,29.771039962768555
0.8839329481124878,29.772676467895508
0.9151906967163086,29.774595260620117
0.897865891456604,29.778043746948242
0.9058820009231567,29.780824661254883
0.8953801393508911,29.780195236206055
0.9241235256195068,29.781400680541992
0.9082722067832947,29.7884521484375
0.8943097591400146,29.791505813598633
0.9143556952476501,29.794204711914062
0.9140356779098511,29.792753219604492
0.9179611206054688,29.790681838989258
0.9060372710227966,29.792512893676758
0.917583703994751,29.79130744934082
0.9190361499786377,29.796449661254883
0.9014882445335388,29.801786422729492
0.894159197807312,29.803743362426758
0.9014452695846558,29.801742553710938
0.9094600677490234,29.79594612121582
0.9229035973548889,29.789888381958008
0.9271834492683411,29.79046630859375
0.914303719997406,29.79197883605957
0.9212284088134766,29.792768478393555
0.8983485102653503,29.795286178588867
0.9053022861480713,29.792068481445312
0.9205272793769836,29.790021896362305
0.8971704244613647,29.790451049804688
0.9184920191764832,29.791776657104492
0.8937960267066956,29.790361404418945
0.9294223785400391,29.786134719848633
0.9091278314590454,29.775789260864258
0.899880051612854,29.769044876098633
0.9159926176071167,29.761781692504883
0.9130122661590576,29.758745193481445
0.8943393230438232,29.758756637573242
0.8958415389060974,29.74891471862793
0.9084122776985168,29.733243942260742
0.9208163022994995,29.72508430480957
0.8954658508300781,29.721284866333008
0.8967936635017395,29.716779708862305
0.892946183681488,29.70512580871582
0.8935099840164185,29.694414138793945
0.9242835640907288,29.689176559448242
0.9095116853713989,29.683774948120117
0.9136288166046143,29.67790412902832
0.920397162437439,29.673612594604492
0.8920512795448303,29.667879104614258
0.9241428971290588,29.662233352661133
0.9175991415977478,29.65852165222168
0.9296687841415405,29.657743453979492
0.9166239500045776,29.65672492980957
0.8944625854492188,29.659635543823242
0.9044946432113647,29.660398483276367
0.8940784335136414,29.654024124145508
0.9163311719894409,29.645174026489258
0.9139344096183777,29.642044067382812
0.8942050933837891,29.63911247253418
0.9148988127708435,29.637235641479492
0.9144684672355652,29.632413864135742
0.921354353427887,29.627317428588867
0.9030827283859253,29.6236572265625
0.9063224196434021,29.621965408325195
0.8934200406074524,29.622041702270508
0.9055922031402588,29.617246627807617
0.911709725856781,29.609128952026367
0.9091871380805969,29.599714279174805
0.9111287593841553,29.591276168823242
0.9210985898971558,29.582963943481445
0.922268807888031,29.572084426879883
0.9144222736358643,29.568727493286133
0.9039929509162903,29.562410354614258
0.8954198360443115,29.56623649597168
0.8906059265136719,29.56764030456543
0.9167646169662476,29.56812858581543
0.9146847724914551,29.567625045776367
0.9036188125610352,29.56629753112793
0.9030775427818298,29.566801071166992
0.9115321636199951,29.568571090698242
0.9087887406349182,29.572877883911133
0.9184637069702148,29.563505172729492
0.8930952548980713,29.548383712768555
0.906186580657959,29.538984298706055
0.9220218062400818,29.517656326293945
0.9173659086227417,29.498674392700195
0.9081066250801086,29.480302810668945
0.9159449338912964,29.470643997192383
0.8951264023780823,29.459104537963867
0.9188401699066162,29.450956344604492
0.9169221520423889,29.438051223754883
0.9031111001968384,29.423093795776367
0.9248239994049072,29.403656005859375
0.8932332992553711,29.388837814331055
0.8950221538543701,29.37542724609375
0.9139770865440369,29.366544723510742
0.9090704321861267,29.368898391723633
0.9150901436805725,29.369386672973633
0.9175620079040527,29.36981201171875
0.9106872081756592,29.37394905090332
0.9155862927436829,29.37342643737793
0.928388774394989,29.365800857543945
0.9040516018867493,29.357633590698242
0.9042778611183167,29.351057052612305
0.893807590007782,29.340927124023438
0.9109867811203003,29.328584671020508
0.9187924861907959,29.320009231567383
0.9101617336273193,29.31129264831543
0.9107956886291504,29.298097610473633
0.9063925743103027,29.288785934448242
0.9046935439109802,29.273651123046875
0.9060267806053162,29.263551712036133
0.9018539786338806,29.253461837768555
0.8982754349708557,29.243314743041992
0.9068126678466797,29.238691329956055
0.9269575476646423,29.233732223510742
0.9101857542991638,29.228605270385742
0.9146146774291992,29.228775024414062
0.9229604601860046,29.22889518737793
0.904647946357727,29.223329544067383
0.8998574018478394,29.218782424926758
0.8917722105979919,29.20994758605957
0.9316074252128601,29.200544357299805
0.8789467215538025,29.188539505004883
0.9143945574760437,29.165559768676758
0.9250889420509338,29.146913528442383
0.8938547968864441,29.133882522583008
0.9136059880256653,29.116836547851562
0.9086312055587769,29.10228157043457
0.9212896823883057,29.09089469909668
0.898074746131897,29.08049201965332
0.9183061122894287,29.063570022583008
0.9065775871276855,29.046113967895508
0.9174193143844604,29.025739669799805
0.9208451509475708,29.008943557739258
0.9212832450866699,28.989381790161133
0.889617919921875,28.978086471557617
0.9047973155975342,28.968109130859375
0.9183740019798279,28.959943771362305
0.8836621642112732,28.94769287109375
0.9117467999458313,28.941404342651367
0.9245290160179138,28.935823440551758
0.9006775617599487,28.936647415161133
0.8788024187088013,28.932207107543945
0.8988521099090576,28.920793533325195
0.8962451815605164,28.91221809387207
0.9000934958457947,28.905851364135742
0.8973341584205627,28.893999099731445
0.8933054208755493,28.885175704956055
0.9004067182540894,28.87382698059082
0.9156020283699036,28.863004684448242
0.8993088006973267,28.857255935668945
0.9055027961730957,28.853899002075195
0.9111070036888123,28.853609085083008
0.8945462703704834,28.850496292114258
0.926615834236145,28.849275588989258
0.910953938961029,28.85139274597168
0.9088802337646484,28.854032516479492
0.900323212146759,28.854249954223633
0.8899869322776794,28.858854293823242
0.9037274718284607,28.86204719543457
0.9246220588684082,28.868207931518555
0.9028425812721252,28.876588821411133
0.8851430416107178,28.885225296020508
0.9129149913787842,28.89661979675293
0.8680866360664368,28.8978271484375
0.9062209129333496,28.90110969543457
0.9122463464736938,28.899492263793945
0.9062443971633911,28.905988693237305
0.9108428955078125,28.91151237487793
0.9108443856239319,28.916549682617188
0.9275299310684204,28.922468185424805
0.9023348093032837,28.926910400390625
0.8956497311592102,28.924638748168945
0.906112790107727,28.927156448364258
0.9366585612297058,28.922760009765625
0.9221824407577515,28.917203903198242
0.8922915458679199,28.913179397583008
0.9158884882926941,28.913576126098633
0.9015319347381592,28.915267944335938
0.8958275318145752,28.91578483581543
0.9106512665748596,28.91746711730957
0.918501079082489,28.91786003112793
0.9103802442550659,28.915437698364258
0.9124390482902527,28.907350540161133
0.9092732071876526,28.89708137512207
0.9014372229576111,28.88279914855957
0.9131536483764648,28.877046585083008
0.9232487082481384,28.86988639831543
0.9141893982887268,28.865541458129883
0.9213452935218811,28.861146926879883
0.8998433947563171,28.86100959777832
0.9064477682113647,28.861021041870117
0.922383725643158,28.864381790161133
0.9205748438835144,28.87071418762207
0.9091520309448242,28.87584114074707
0.8874478936195374,28.884260177612305
0.9101790189743042,28.885286331176758
0.9159402251243591,28.881654739379883
0.9231851100921631,28.878843307495117
0.9003525972366333,28.870332717895508
0.9077077507972717,28.86457633972168
0.9017722606658936,28.85942268371582
0.9302971959114075,28.857892990112305
0.9017732739448547,28.859479904174805
0.9202721118927002,28.85548210144043
0.8952416777610779,28.85413932800293
0.9193921685218811,28.8515625
0.911965012550354,28.848421096801758
0.8837098479270935,28.840925216674805
0.9057334661483765,28.833391189575195
0.8916093111038208,28.824262619018555
0.8927221894264221,28.820600509643555
0.9042572379112244,28.811429977416992
0.8982453346252441,28.807832717895508
0.9060506224632263,28.802276611328125
0.9125744700431824,28.79802131652832
0.900025486946106,28.795793533325195
0.8994195461273193,28.791658401489258
0.9159020185470581,28.786409378051758
0.9136696457862854,28.789411544799805
0.9148614406585693,28.796506881713867
0.9184921979904175,28.801633834838867
0.9040259122848511,28.809049606323242
0.9071112871170044,28.816146850585938
0.8969645500183105,28.820192337036133
0.9134490489959717,28.827375411987305
0.9056960344314575,28.837770462036133
0.9015691876411438,28.84495735168457
0.9016185998916626,28.850065231323242
0.8899780511856079,28.85426139831543
0.9105120897293091,28.853883743286133
0.9003216028213501,28.849105834960938
0.899858295917511,28.843324661254883
0.8994489312171936,28.834745407104492
0.9192473888397217,28.828109741210938
0.9365321397781372,28.820528030395508
0.899705708026886,28.812009811401367
0.9149736166000366,28.800752639770508
0.9017354249954224,28.791746139526367
0.9298737049102783,28.783811569213867
0.917702853679657,28.777433395385742
0.9079629778862,28.767486572265625
0.8935649991035461,28.76237678527832
0.9141842126846313,28.762208938598633
0.898069441318512,28.763795852661133
0.9072657823562622,28.76679801940918
0.9032426476478577,28.773820877075195
0.9096460938453674,28.783723831176758
0.9000250101089478,28.799776077270508
0.9092462062835693,28.814180374145508
0.9147104024887085,28.830717086791992
0.9123553037643433,28.843534469604492
0.9009184837341309,28.860857009887695
0.9021240472793579,28.874374389648438
0.9092851877212524,28.884035110473633
0.9265308976173401,28.890409469604492
0.9240321516990662,28.907928466796875
0.9095777273178101,28.91767692565918
0.9098559617996216,28.927736282348633
0.9142851829528809,28.936342239379883
0.8966983556747437,28.943893432617188
0.9026917219161987,28.956300735473633
0.8969237804412842,28.971845626831055
0.8995477557182312,28.98676872253418
0.9214314818382263,29.000043869018555
0.9222742319107056,29.008071899414062
0.8787314295768738,29.020614624023438
0.9149337410926819,29.030427932739258
0.8999303579330444,29.03099250793457
0.8964170217514038,29.04100227355957
0.9033749103546143,29.042264938354492
0.902148425579071,29.036972045898438
0.8846877217292786,29.04347038269043
0.8975309729576111,29.04646110534668
0.9101497530937195,29.051742553710938
0.906178891658783,29.057004928588867
0.9023566246032715,29.06513786315918
0.8980509042739868,29.064971923828125
0.8781968951225281,29.062929153442383
0.9063736796379089,29.067045211791992
0.9348573088645935,29.069427490234375
0.9101648330688477,29.074308395385742
0.8937860727310181,29.076658248901367
0.9199106097221375,29.07484245300293
0.9074641466140747,29.068405151367188
0.905255913734436,29.065839767456055
0.9181895852088928,29.062299728393555
0.8794726729393005,29.064191818237305
0.912023663520813,29.071744918823242
0.9283258318901062,29.079862594604492
0.9086050987243652,29.085664749145508
0.9146263599395752,29.093292236328125
0.9051474332809448,29.096208572387695
0.9144389629364014,29.101699829101562
0.9085381031036377,29.108797073364258
0.8992127180099487,29.119264602661133
0.9154834747314453,29.127397537231445
0.8870507478713989,29.12898063659668
0.8963096141815186,29.130094528198242
0.9105859994888306,29.12061882019043
0.9149084687232971,29.107938766479492
0.9229353070259094,29.09869384765625
0.8981385231018066,29.093172073364258
0.9206691384315491,29.089998245239258
0.9138869643211365,29.084489822387695
0.9173469543457031,29.074037551879883
0.916422426700592,29.062135696411133
0.9005088210105896,29.051618576049805
0.9074104428291321,29.041227340698242
0.9021715521812439,29.029830932617188
0.9027234315872192,29.0281982421875
0.8975346684455872,29.031251907348633
0.8957296013832092,29.032899856567383
0.8941492438316345,29.029054641723633
0.9124249219894409,29.02294921875
0.9105654358863831,29.019804000854492
0.9087713360786438,29.021760940551758
0.9065265655517578,29.021913528442383
0.9174464344978333,29.025480270385742
0.92230224609375,29.02794075012207
0.9139946103096008,29.034242630004883
0.8995158672332764,29.049257278442383
0.8978270292282104,29.06342887878418
0.9122512936592102,29.074140548706055
0.8933671712875366,29.0877685546875
0.9186185598373413,29.103925704956055
0.9111413955688477,29.119535446166992
0.9194667935371399,29.139616012573242
0.9045938849449158,29.157503128051758
0.90308678150177,29.171541213989258
0.9054259061813354,29.18061637878418
0.9163280129432678,29.189226150512695
0.8928542137145996,29.198488235473633
0.909517228603363,29.205795288085938
0.8933480381965637,29.211606979370117
0.9100196957588196,29.213808059692383
0.8994782567024231,29.219999313354492
0.8982933759689331,29.218477249145508
0.9028887748718262,29.220046997070312
0.8988235592842102,29.217466354370117
0.9037383794784546,29.216341018676758
0.9050295948982239,29.217744827270508
0.9121549129486084,29.215574264526367
0.9219812154769897,29.217344284057617
0.9053130149841309,29.223173141479492
0.8988100290298462,29.221952438354492
0.8832632899284363,29.21580696105957
0.8914162516593933,29.203428268432617
0.8987999558448792,29.198898315429688
0.9261689782142639,29.20469856262207
0.8844025731086731,29.207609176635742
0.9236162900924683,29.210145950317383
0.9268476963043213,29.211502075195312
0.8951614499092102,29.212221145629883
0.9151741862297058,29.216917037963867
0.9063724279403687,29.220273971557617
0.9061044454574585,29.23267936706543
0.9103385210037231,29.245500564575195
0.9250169992446899,29.247955322265625
0.9147552251815796,29.24867057800293
0.9282159805297852,29.246076583862305
0.913895845413208,29.24370002746582
0.9003015756607056,29.245588302612305
0.8977795839309692,29.257902145385742
0.8926975131034851,29.26588249206543
0.9132305383682251,29.27448844909668
0.9271118640899658,29.290237426757812
0.8942996263504028,29.310148239135742
0.8942685723304749,29.329195022583008
0.9133408665657043,29.349349975585938
0.8829149007797241,29.365156173706055
0.9043618440628052,29.372957229614258
0.90132075548172,29.38145637512207
0.8925018906593323,29.391080856323242
0.9029324054718018,29.397645950317383
0.9164040088653564,29.402923583984375
0.9069978594779968,29.404661178588867
0.9272188544273376,29.404146194458008
0.8992413878440857,29.40583610534668
0.9293890595436096,29.40400505065918
0.9130930304527283,29.392412185668945
0.8910843729972839,29.380765914916992
0.9274318218231201,29.368379592895508
0.9115167856216431,29.359647750854492
0.9139304161071777,29.35395622253418
0.9017560482025146,29.354459762573242
0.9141006469726562,29.353300094604492
0.8969523310661316,29.3564453125
0.8838738203048706,29.360960006713867
0.897683322429657,29.361818313598633
0.9161321520805359,29.360933303833008
0.9127964377403259,29.349729537963867
0.9116895198822021,29.345949172973633
0.8997519016265869,29.346006393432617
0.8996865153312683,29.344301223754883
0.8828417062759399,29.344011306762695
0.9154523015022278,29.336393356323242
0.9149342179298401,29.327970504760742
0.9201992154121399,29.322463989257812
0.9318709969520569,29.32127571105957
0.9096187949180603,29.319852828979492
0.8814921975135803,29.317808151245117
0.8931491374969482,29.308805465698242
0.9020430445671082,29.30980110168457
0.915382981300354,29.306943893432617
0.9192778468132019,29.30558967590332
0.9166817665100098,29.300264358520508
0.8917845487594604,29.304872512817383
0.8841192722320557,29.310361862182617
0.9130189418792725,29.312685012817383
0.9018694758415222,29.309385299682617
0.9169188737869263,29.30784797668457
0.9133420586585999,29.30909538269043
0.9078420996665955,29.308637619018555
0.8952549695968628,29.310789108276367
0.9109575152397156,29.320173263549805
0.8915377259254456,29.328367233276367
0.904964029788971,29.335325241088867
0.8922310471534729,29.348798751831055
0.9114533066749573,29.36121940612793
0.9133062362670898,29.366487503051758
0.8979414105415344,29.37248420715332
0.8874391913414001,29.383316040039062
0.8973963856697083,29.39430046081543
0.909040629863739,29.402116775512695
0.9014108180999756,29.411344528198242
0.9067230224609375,29.41642951965332
0.9003434181213379,29.421279907226562
0.8961083292961121,29.420656204223633
0.8989356160163879,29.415071487426758
0.8922236561775208,29.416181564331055
0.9259788990020752,29.415998458862305
0.9172700047492981,29.418045043945312
0.9127635955810547,29.418729782104492
0.9183816313743591,29.421998977661133
0.9163328409194946,29.430938720703125
0.89713054895401,29.43425178527832
0.9009864926338196,29.439422607421875
0.9152942299842834,29.447813034057617
0.9078801870346069,29.463165283203125
0.9143840670585632,29.471738815307617
0.9005100131034851,29.476030349731445
0.9139079451560974,29.479890823364258
0.8984143733978271,29.486173629760742
0.8924952149391174,29.497404098510742
0.9195972681045532,29.500337600708008
0.8937869668006897,29.504182815551758
0.8966793417930603,29.506742477416992
0.9090407490730286,29.510099411010742
0.9090842008590698,29.50568962097168
0.902728796005249,29.504152297973633
0.8847128748893738,29.499055862426758
0.8931431174278259,29.500394821166992
0.9015873670578003,29.500333786010742
0.888961672782898,29.505216598510742
0.8857491612434387,29.51080322265625
0.9180325269699097,29.519346237182617
0.8975878953933716,29.529970169067383
0.9128218293190002,29.53541374206543
0.9029699563980103,29.540437698364258
0.9228084087371826,29.54191780090332
0.9152396321296692,29.541261672973633
0.9040877223014832,29.539522171020508
0.8964482545852661,29.53782844543457
0.9317579865455627,29.54088020324707
0.918769896030426,29.544950485229492
0.9020472764968872,29.551481246948242
0.9060865044593811,29.550321578979492
0.8907139897346497,29.548093795776367
0.9063474535942078,29.544008255004883
0.9223148822784424,29.53581428527832
0.9084289073944092,29.53266716003418
0.900830864906311,29.529558181762695
0.8970015645027161,29.53471565246582
0.9036538004875183,29.538053512573242
0.9013712406158447,29.544538497924805
0.9063054323196411,29.551652908325195
0.9032722115516663,29.557619094848633
0.9090806841850281,29.568510055541992
0.9079480767250061,29.574907302856445
0.9087375402450562,29.576005935668945
0.9100629091262817,29.582059860229492
0.9035825133323669,29.590242385864258
0.9083424806594849,29.604278564453125
0.9225637912750244,29.61189079284668
0.9290594458580017,29.620939254760742
0.8857229948043823,29.623762130737305
0.8959865570068359,29.618501663208008
0.9096230268478394,29.60246467590332
0.9061423540115356,29.591707229614258
0.8963060975074768,29.58119010925293
0.8971854448318481,29.568845748901367
0.9088565111160278,29.557891845703125
0.8992630243301392,29.548006057739258
0.914581835269928,29.540525436401367
0.9073754549026489,29.533266067504883
0.8922587633132935,29.526838302612305
0.9020581245422363,29.521364212036133
0.8998467326164246,29.516660690307617
0.9049129486083984,29.514986038208008
0.8902465105056763,29.511274337768555
0.8906283378601074,29.514680862426758
0.906793475151062,29.520845413208008
0.8991550207138062,29.533052444458008
0.9108001589775085,29.55034065246582
0.8957806825637817,29.568910598754883
0.9231418371200562,29.581972122192383
0.9055813550949097,29.591615676879883
0.9027090668678284,29.597932815551758
0.9114166498184204,29.59861946105957
0.9141395688056946,29.599729537963867
0.9048329591751099,29.597185134887695
0.9218047857284546,29.591386795043945
0.8944157361984253,29.59581184387207
0.9126496315002441,29.598039627075195
0.9050093293190002,29.596223831176758
0.91176837682724,29.591812133789062
0.8949999213218689,29.583053588867188
0.9137354493141174,29.580232620239258
0.9100974798202515,29.573320388793945
0.901857316493988,29.57048225402832
0.9077190160751343,29.563810348510742
0.9073529839515686,29.553726196289062
0.9232304096221924,29.543777465820312
0.9114257097244263,29.542341232299805
0.9021364450454712,29.544816970825195
0.9059904217720032,29.549928665161133
0.9115387797355652,29.551729202270508
0.9181039333343506,29.558561325073242
0.8961689472198486,29.559083938598633
0.9115793704986572,29.553361892700195
0.9102644920349121,29.547744750976562
0.9014678597450256,29.545194625854492
0.9181594252586365,29.538663864135742
0.909706711769104,29.533647537231445
0.9030789732933044,29.52546501159668
0.9141968488693237,29.519487380981445
0.8965283632278442,29.51170539855957
0.9061636924743652,29.498735427856445
0.9118377566337585,29.48944091796875
0.893646776676178,29.484296798706055
0.9000693559646606,29.485750198364258
0.9104313254356384,29.488508224487305
0.9327884912490845,29.489595413208008
0.9127222299575806,29.488176345825195
0.9129835367202759,29.48466682434082
0.8995938897132874,29.476930618286133
0.9082225561141968,29.463075637817383
0.9179178476333618,29.446531295776367
0.9008753895759583,29.43461799621582
0.8935709595680237,29.420713424682617
0.9129159450531006,29.410921096801758
0.9101074934005737,29.408002853393555
0.9115790724754333,29.410707473754883
0.9005978107452393,29.411195755004883
0.9091894030570984,29.412717819213867
0.9065772891044617,29.414430618286133
0.9141781330108643,29.412322998046875
0.8894396424293518,29.414949417114258
0.9350513219833374,29.415315628051758
0.8874231576919556,29.413087844848633
0.9112035036087036,29.407747268676758
0.9044615626335144,29.405256271362305
0.8929241299629211,29.400999069213867
0.894426167011261,29.398618698120117
0.8996748924255371,29.398954391479492
0.9242424964904785,29.395097732543945
0.9379557371139526,29.389677047729492
0.8935611844062805,29.384916305541992
0.908374011516571,29.37663459777832
0.9132106900215149,29.372591018676758
0.8963382244110107,29.371183395385742
0.9132525324821472,29.370115280151367
0.9063115119934082,29.371675491333008
0.9069980382919312,29.374223709106445
0.9027155637741089,29.378875732421875
0.9043125510215759,29.383440017700195
0.8975549936294556,29.38157844543457
0.9005741477012634,29.383543014526367
0.8937718272209167,29.38304328918457
0.8976683020591736,29.380464553833008
0.9195396304130554,29.383455276489258
0.9113271236419678,29.389970779418945
0.9096738696098328,29.389081954956055
0.9031871557235718,29.390321731567383
0.9023454189300537,29.396272659301758
0.9032275676727295,29.405548095703125
0.9146682024002075,29.416276931762695
0.923782229423523,29.416763305664062
0.8991361856460571,29.42021369934082
0.9017636179924011,29.420942306518555
0.9256025552749634,29.416627883911133
0.9138110876083374,29.411623001098633
0.9233697652816772,29.40766716003418
0.9131128787994385,29.407163619995117
0.9126380681991577,29.408357620239258
0.8985587954521179,29.414596557617188
0.8944267630577087,29.41792106628418
0.9176145792007446,29.428556442260742
0.9063560366630554,29.441116333007812
0.9089782238006592,29.452573776245117
0.925123929977417,29.453065872192383
0.9252902269363403,29.450958251953125
0.9199140667915344,29.450838088989258
0.8854022026062012,29.455230712890625
0.9206531047821045,29.458574295043945
0.905639111995697,29.464982986450195
0.894491970539093,29.472246170043945
0.9065566658973694,29.481691360473633
0.9042292237281799,29.492998123168945
0.8768517971038818,29.503252029418945
0.9154486656188965,29.507780075073242
0.9061279892921448,29.51005744934082
0.9179937839508057,29.509126663208008
0.9154151678085327,29.517621994018555
0.9115919470787048,29.521894454956055
0.9090909957885742,29.52491569519043
0.9142624139785767,29.529327392578125
0.912739634513855,29.539411544799805
0.9140588045120239,29.548540115356445
0.92598956823349,29.560972213745117
0.9197995662689209,29.574552536010742
0.909756064414978,29.583894729614258
0.9022017121315002,29.585466384887695
0.9149248600006104,29.583616256713867
0.9189642071723938,29.574495315551758
0.9168698191642761,29.55958366394043
0.9092288613319397,29.546369552612305
0.9195679426193237,29.531476974487305
0.8908313512802124,29.52210807800293
0.9102612137794495,29.515382766723633
0.9036906361579895,29.509916305541992
0.9143328666687012,29.507524490356445
0.93052077293396,29.50010871887207
0.9099359512329102,29.49406623840332
0.9058661460876465,29.49152946472168
0.90237957239151,29.482542037963867
0.9053042531013489,29.472196578979492
0.8846889734268188,29.460756301879883
0.9166375398635864,29.44896125793457
0.905934751033783,29.440092086791992
0.91566002368927,29.430131912231445
0.916614294052124,29.419679641723633
0.9118900299072266,29.410247802734375
0.9055575728416443,29.40345573425293
0.8945554494857788,29.397506713867188
0.890272319316864,29.397157669067383
0.8942927122116089,29.391660690307617
0.9034392237663269,29.390226364135742
0.9239577651023865,29.388185501098633
0.9168227314949036,29.386823654174805
0.9013282656669617,29.37950325012207
0.9180623292922974,29.366331100463867
0.9177716970443726,29.348037719726562
0.9102499485015869,29.337995529174805
0.9318407773971558,29.324907302856445
0.8981360197067261,29.315431594848633
0.9285804033279419,29.302934646606445
0.8908764123916626,29.289670944213867
0.9071167707443237,29.278013229370117
0.9024736285209656,29.271196365356445
0.9156957864761353,29.261445999145508
0.8965960741043091,29.254377365112305
0.9182537198066711,29.247835159301758
0.9024574160575867,29.24615478515625
0.8949186205863953,29.241178512573242
0.9165360927581787,29.240694046020508
0.9308574199676514,29.244794845581055
0.9251198768615723,29.258682250976562
0.9074761867523193,29.274385452270508
0.9029168486595154,29.291292190551758
0.9118326902389526,29.30335807800293
0.9167279601097107,29.31480598449707
0.8969072103500366,29.329069137573242
0.8907085061073303,29.34619140625
0.9145297408103943,29.362382888793945
0.9067704081535339,29.373533248901367
0.9200324416160583,29.377641677856445
0.8984159231185913,29.387710571289062
0.9159543514251709,29.39091682434082
0.9073052406311035,29.40296745300293
0.9154044389724731,29.412002563476562
0.9184004068374634,29.421934127807617
0.9075828194618225,29.432985305786133
0.9115661382675171,29.439393997192383
0.9178228378295898,29.444669723510742
0.9151031970977783,29.448347091674805
0.927705705165863,29.456100463867188
0.9044919013977051,29.463605880737305
0.9172992706298828,29.46586799621582
0.9312647581100464,29.47075080871582
0.9021362066268921,29.47003173828125
0.9090166687965393,29.462446212768555
0.898259162902832,29.454103469848633
0.9132938981056213,29.450223922729492
0.9188095331192017,29.445798873901367
0.9127628207206726,29.446805953979492
0.9171401858329773,29.44279670715332
0.9100984930992126,29.437482833862305
0.8992302417755127,29.43370246887207
0.9025245904922485,29.431777954101562
0.8990957736968994,29.433244705200195
0.9092211127281189,29.439102172851562
0.927340567111969,29.441923141479492
0.9061469435691833,29.448549270629883
0.9222503900527954,29.45057487487793
0.8997963070869446,29.449615478515625
0.9010654091835022,29.449907302856445
0.9068544507026672,29.44520378112793
0.9054031372070312,29.438356399536133
0.9071467518806458,29.440492630004883
0.9096837043762207,29.448469161987305
0.9046423435211182,29.45726203918457
0.9187387228012085,29.465913772583008
0.9347988963127136,29.472457885742188
0.8976337313652039,29.481966018676758
0.8909847736358643,29.484268188476562
0.8989349603652954,29.491579055786133
0.9331521391868591,29.507400512695312
0.928525447845459,29.517669677734375
0.9017548561096191,29.522003173828125
0.9413912296295166,29.518781661987305
0.8940678834915161,29.515764236450195
0.9143829941749573,29.519224166870117
0.9101802110671997,29.521013259887695
0.9084479212760925,29.520967483520508
0.9046337604522705,29.517576217651367
0.9082988500595093,29.51075553894043
0.9046851992607117,29.504304885864258
0.9203701019287109,29.50218391418457
0.9192404747009277,29.50096321105957
0.8929582238197327,29.50486946105957
0.8945116996765137,29.512998580932617
0.9221410155296326,29.5118408203125
0.913628339767456,29.512723922729492
0.8940577507019043,29.50977897644043
0.9194159507751465,29.500991821289062
0.9112464785575867,29.49040412902832
0.8816606998443604,29.473543167114258
0.9013069272041321,29.456056594848633
0.9112029075622559,29.433866500854492
0.9276351928710938,29.418825149536133
0.9222383499145508,29.404035568237305
0.9058445692062378,29.396257400512695
0.8964598774909973,29.394804000854492
0.9099135398864746,29.390840530395508
0.9266788959503174,29.39161491394043
0.8933749794960022,29.392484664916992
0.9198074340820312,29.39372444152832
0.8771123290061951,29.393966674804688
0.9155173301696777,29.390213012695312
0.908324658870697,29.383272171020508
0.9230464696884155,29.365354537963867
0.9160022139549255,29.350065231323242
0.9010090231895447,29.336118698120117
0.9237022399902344,29.320924758911133
0.9142518639564514,29.30851936340332
0.9011179208755493,29.300127029418945
0.9004000425338745,29.294509887695312
0.8952786326408386,29.292022705078125
0.9034245610237122,29.28900146484375
0.9121439456939697,29.292818069458008
0.9143961668014526,29.299314498901367
0.9247554540634155,29.302474975585938
0.900445818901062,29.298006057739258
0.899065375328064,29.29205322265625
0.9056121110916138,29.282899856567383
0.8985903859138489,29.281156539916992
0.9233490228652954,29.2755126953125
0.8959078788757324,29.275331497192383
0.8939869999885559,29.278409957885742
0.9044307470321655,29.277284622192383
0.912689208984375,29.27787971496582
0.8951566815376282,29.27833366394043
0.9118297696113586,29.285261154174805
0.9199760556221008,29.289491653442383
0.918441116809845,29.294008255004883
0.9210834503173828,29.299623489379883
0.9075644612312317,29.31434440612793
0.9202268123626709,29.331602096557617
0.9213213920593262,29.344833374023438
0.9230450391769409,29.35984992980957
0.863968014717102,29.376222610473633
0.933158814907074,29.392915725708008
0.8877284526824951,29.405458450317383
0.9129394292831421,29.42243766784668
0.9221082329750061,29.434816360473633
0.901957631111145,29.445737838745117
0.9174026846885681,29.460676193237305
0.9089213013648987,29.47816276550293
0.9129557609558105,29.490522384643555
0.9169503450393677,29.50200080871582
0.884129524230957,29.512876510620117
0.8909909129142761,29.521894454956055
0.9063591957092285,29.52916145324707
0.9195871353149414,29.538225173950195
0.8988708257675171,29.54112434387207
0.9165933132171631,29.541093826293945
0.8916770815849304,29.542879104614258
0.8919312953948975,29.543058395385742
0.9192773103713989,29.542940139770508
0.8969619274139404,29.544694900512695
0.8951511979103088,29.545988082885742
0.8985233902931213,29.549009323120117
0.8980088233947754,29.54035758972168
0.8947303891181946,29.529497146606445
0.9094048738479614,29.526304244995117
0.8998986482620239,29.521482467651367
0.8745837807655334,29.520248413085938
0.9173641800880432,29.51951789855957
0.889270544052124,29.521116256713867
0.9156583547592163,29.524274826049805
0.9174003005027771,29.526033401489258
0.909503698348999,29.53184700012207
0.9254704117774963,29.535524368286133
0.901482343673706,29.538179397583008
0.8868883848190308,29.54694938659668
0.9279756546020508,29.550844192504883
0.9104501605033875,29.550230026245117
0.9046830534934998,29.547697067260742
0.8972293138504028,29.541364669799805
0.9171180725097656,29.533966064453125
0.8837748765945435,29.525222778320312
0.9030376672744751,29.506834030151367
0.8985190391540527,29.490447998046875
0.917381227016449,29.476442337036133
0.9257497787475586,29.459579467773438
0.8942352533340454,29.446626663208008
0.9007186889648438,29.427490234375
0.9152845144271851,29.411882400512695
0.9140523672103882,29.400146484375
0.889062225818634,29.390443801879883
0.9168548583984375,29.373825073242188
0.9160333275794983,29.354902267456055
0.9150286316871643,29.338516235351562
0.8994958400726318,29.324785232543945
0.8967671990394592,29.316085815429688
0.8999685645103455,29.30980110168457
0.9144814014434814,29.301027297973633
0.9184426069259644,29.298398971557617
0.8982035517692566,29.299957275390625
0.896053671836853,29.299604415893555
0.929518461227417,29.306367874145508
0.8973373174667358,29.31309700012207
0.9031559228897095,29.314558029174805
0.8955646753311157,29.315614700317383
0.9184476733207703,29.312955856323242
0.9261791706085205,29.312288284301758
0.8962235450744629,29.312532424926758
0.9077785611152649,29.312288284301758
0.9080005884170532,29.309415817260742
0.9224838614463806,29.307815551757812
0.9218088388442993,29.309843063354492
0.8969132304191589,29.314149856567383
0.9116737842559814,29.319028854370117
0.9001388549804688,29.32172966003418
0.9078813791275024,29.325288772583008
0.8986531496047974,29.324142456054688
0.9075453877449036,29.323089599609375
0.9158647656440735,29.323240280151367
0.891389787197113,29.323015213012695
0.9186108708381653,29.323015213012695
0.9035646319389343,29.32029914855957
0.8980445265769958,29.313142776489258
0.9146082401275635,29.31182861328125
0.9074373245239258,29.311738967895508
0.9123029708862305,29.316312789916992
0.903884768486023,29.321168899536133
0.9193248748779297,29.328645706176758
0.9062055349349976,29.33595085144043
0.9181451201438904,29.34126091003418
0.9094034433364868,29.348299026489258
0.9127376079559326,29.35066032409668
0.9161816835403442,29.350553512573242
0.9282990097999573,29.35053825378418
0.9174405932426453,29.349411010742188
0.8812758326530457,29.35038948059082
0.9040917158126831,29.35316276550293
0.8937325477600098,29.356658935546875
0.9051439762115479,29.357755661010742
0.8943703770637512,29.360746383666992
0.9144406914710999,29.36876106262207
0.9124003052711487,29.37596321105957
0.9100486040115356,29.390409469604492
0.909663200378418,29.407407760620117
0.8933008313179016,29.419614791870117
0.91682368516922,29.42949104309082
0.9125949740409851,29.435483932495117
0.9071154594421387,29.440858840942383
0.9224408864974976,29.448911666870117
0.913575291633606,29.456708908081055
0.9144008159637451,29.455564498901367
0.9094634056091309,29.452512741088867
0.8945184946060181,29.448163986206055
0.9186122417449951,29.438932418823242
0.9007737636566162,29.42680549621582
0.8984561562538147,29.407899856567383
0.887907862663269,29.386686325073242
0.9279637336730957,29.36473274230957
0.8949447870254517,29.343172073364258
0.9024944305419922,29.325422286987305
0.9099447131156921,29.307344436645508
0.9257996678352356,29.28974723815918
0.9067901968955994,29.275495529174805
0.9005065560340881,29.259963989257812
0.8908926844596863,29.24879264831543
0.8937618136405945,29.234071731567383
0.9260492324829102,29.219255447387695
0.9015601277351379,29.207792282104492
0.8930915594100952,29.192899703979492
0.8994736671447754,29.174301147460938
0.9134891033172607,29.153535842895508
0.9218043088912964,29.14122200012207
0.9073244333267212,29.141084671020508
0.9018168449401855,29.142244338989258
0.9091324210166931,29.142030715942383
0.9082529544830322,29.145631790161133
0.8953978419303894,29.1390380859375
0.9038094878196716,29.130582809448242
0.9126333594322205,29.122831344604492
0.9108127355575562,29.117246627807617
0.895399808883667,29.11665153503418
0.9194875359535217,29.118318557739258
0.9120104312896729,29.120132446289062
0.9059028029441833,29.118436813354492
0.895369827747345,29.116365432739258
0.9017267227172852,29.12010383605957
0.9248395562171936,29.12611198425293
0.9112499356269836,29.131607055664062
0.9215762615203857,29.140581130981445
0.9150080680847168,29.149396896362305
0.9047396183013916,29.145723342895508
0.9039131999015808,29.147308349609375
0.9074091911315918,29.149263381958008
0.9119021892547607,29.145326614379883
0.9103610515594482,29.138673782348633
0.9089275598526001,29.13743782043457
0.9131329655647278,29.138059616088867
0.9140366315841675,29.13475227355957
0.9139012694358826,29.128267288208008
0.8938811421394348,29.11512565612793
0.9049737453460693,29.105268478393555
0.9171636700630188,29.10026741027832
0.8911700248718262,29.101896286010742
0.9055350422859192,29.101900100708008
0.8937658667564392,29.10167121887207
0.9232507944107056,29.100065231323242
0.9080896377563477,29.097883224487305
0.9123835563659668,29.102510452270508
0.9083418846130371,29.110593795776367
0.9163443446159363,29.124879837036133
0.9223844408988953,29.141572952270508
0.9121609926223755,29.157075881958008
0.9135662913322449,29.171937942504883
0.9107654094696045,29.181196212768555
0.9118664264678955,29.189542770385742
0.8855783939361572,29.199922561645508
0.9186838269233704,29.206987380981445
0.906194806098938,29.208894729614258
0.9045419096946716,29.207170486450195
0.8805561065673828,29.206239700317383
0.9105339646339417,29.20313835144043
0.8986634016036987,29.203824996948242
0.9110348224639893,29.20600700378418
0.9068870544433594,29.207275390625
0.8995924592018127,29.210405349731445
0.9316100478172302,29.211580276489258
0.9150111675262451,29.209211349487305
0.8965652585029602,29.204954147338867
0.904901385307312,29.204607009887695
0.9107818603515625,29.20863151550293
0.9213560223579407,29.21525764465332
0.9146810173988342,29.220090866088867
0.8913891315460205,29.223299026489258
0.9193565845489502,29.229368209838867
0.9131019711494446,29.234861373901367
0.9205864667892456,29.24250602722168
0.9012324213981628,29.251192092895508
0.8987478017807007,29.257017135620117
0.9025042653083801,29.265947341918945
0.9113732576370239,29.27653694152832
0.9060327410697937,29.281463623046875
0.9135818481445312,29.28706169128418
0.9052459001541138,29.297014236450195
0.9237940907478333,29.312211990356445
0.9210578799247742,29.322816848754883
0.9035377502441406,29.32786750793457
0.9336397647857666,29.328153610229492
0.9064492583274841,29.326051712036133
0.9062358736991882,29.324663162231445
0.915631890296936,29.324216842651367
0.8934867978096008,29.320188522338867
0.9011985063552856,29.32066535949707
0.9261998534202576,29.3206787109375
0.9088842868804932,29.32276725769043
0.9110002517700195,29.322877883911133
0.9107515811920166,29.326629638671875
0.9130327105522156,29.328886032104492
0.8989934921264648,29.326810836791992
0.9106939435005188,29.321809768676758
0.9126492738723755,29.322065353393555
0.8990741968154907,29.318326950073242
0.9119446873664856,29.316177368164062
0.9136557579040527,29.307024002075195
0.8983729481697083,29.296796798706055
0.9206541180610657,29.2900390625
0.901918351650238,29.281587600708008
0.9149280786514282,29.279569625854492
0.9138199687004089,29.278444290161133
0.8948704600334167,29.27739143371582
0.9163389205932617,29.270872116088867
0.9160351157188416,29.264450073242188
0.9167338013648987,29.25691032409668
0.9123470783233643,29.252412796020508
0.909138023853302,29.245878219604492
0.882904052734375,29.243391036987305
0.8985353708267212,29.24449348449707
0.9150248765945435,29.243135452270508
0.8943785429000854,29.24376106262207
0.9074617624282837,29.246305465698242
0.8990911841392517,29.243974685668945
0.9064538478851318,29.243043899536133
0.8956084847450256,29.24781608581543
0.8901762962341309,29.25262451171875
0.9118194580078125,29.257047653198242
0.9180904030799866,29.262392044067383
0.928269624710083,29.26478385925293
0.9146435856819153,29.267377853393555
0.9177570343017578,29.262815475463867
0.9244394302368164,29.25993537902832
0.9035167098045349,29.26246452331543
0.8918256163597107,29.26313591003418
0.9013793468475342,29.256528854370117
0.886008620262146,29.244260787963867
0.9028968214988708,29.230024337768555
0.9190390110015869,29.212751388549805
0.9114245772361755,29.198667526245117
0.9203256964683533,29.19306755065918
0.9106903672218323,29.184587478637695
0.9073413610458374,29.16975212097168
0.8936014175415039,29.15650749206543
0.9121478796005249,29.141069412231445
0.9048212766647339,29.12696647644043
0.9049131870269775,29.110231399536133
0.9066721200942993,29.09227180480957
0.905017614364624,29.071409225463867
0.9073582291603088,29.051008224487305
0.9286602735519409,29.036211013793945
0.8985517024993896,29.02448844909668
0.9092066287994385,29.018964767456055
0.9035561680793762,29.007383346557617
0.9176650047302246,29.001983642578125
0.9155718088150024,29.00389289855957
0.9002462029457092,29.011869430541992
0.9222692847251892,29.018644332885742
0.9150834083557129,29.024320602416992
0.9247660636901855,29.031005859375
0.9092961549758911,29.028291702270508
0.9147805571556091,29.02277946472168
0.9173780679702759,29.013261795043945
0.9191440343856812,29.00379753112793
0.9109774231910706,28.99211311340332
0.8821589946746826,28.987089157104492
0.8956695199012756,28.980134963989258
0.9054029583930969,28.972108840942383
0.8849521279335022,28.970842361450195
0.9281233549118042,28.968780517578125
0.8857681155204773,28.967405319213867
0.908239483833313,28.96928596496582
0.8916898965835571,28.967927932739258
0.9176350235939026,28.97027587890625
0.8818300366401672,28.976591110229492
0.8989639282226562,28.98143196105957
0.8895746469497681,28.985715866088867
0.916731059551239,28.993406295776367
0.9047024250030518,29.002378463745117
0.9044612050056458,29.012147903442383
0.9204676151275635,29.021181106567383
0.9074479937553406,29.02662467956543
0.9108754396438599,29.035980224609375
0.9015385508537292,29.039976119995117
0.9039961695671082,29.038633346557617
0.8941479325294495,29.040143966674805
0.8994488716125488,29.040849685668945
0.8928511142730713,29.04130744934082
0.9139733910560608,29.046846389770508
0.9091315269470215,29.05677604675293
0.9113062620162964,29.064390182495117
0.9038968086242676,29.075288772583008
0.9112516641616821,29.084165573120117
0.9071531891822815,29.089723587036133
0.8967791795730591,29.10145378112793
0.9212361574172974,29.114532470703125
0.8986751437187195,29.12530517578125
0.9299608469009399,29.14085578918457
0.9058834910392761,29.155668258666992
0.9229766130447388,29.167863845825195
0.8959172368049622,29.17457389831543
0.9009451866149902,29.179323196411133
0.8851698637008667,29.18507194519043
0.8994856476783752,29.18705940246582
0.9079720377922058,29.174375534057617
0.9037606716156006,29.161787033081055
0.8982855677604675,29.149091720581055
0.9053018093109131,29.144681930541992
0.9058869481086731,29.138216018676758
0.8860708475112915,29.130996704101562
0.9094628095626831,29.12067985534668
0.8977245092391968,29.110044479370117
0.9120302200317383,29.102277755737305
0.9037473201751709,29.095964431762695
0.9005142450332642,29.099184036254883
0.9021280407905579,29.100404739379883
0.9028521180152893,29.10261344909668
0.8935913443565369,29.106081008911133
0.9098556041717529,29.10944938659668
0.9136441349983215,29.113876342773438
0.9071289300918579,29.114242553710938
0.923566997051239,29.110563278198242
0.9053817987442017,29.106599807739258
0.9095141291618347,29.101438522338867
0.9104617834091187,29.093839645385742
0.8994492888450623,29.097993850708008
0.8960121870040894,29.097013473510742
0.914772093296051,29.090272903442383
0.907223105430603,29.089231491088867
0.9037699103355408,29.09593391418457
0.9062482118606567,29.101774215698242
0.8894866704940796,29.108308792114258
0.918341875076294,29.109132766723633
0.8954886198043823,29.107145309448242
0.9219604730606079,29.102800369262695
0.8930799961090088,29.10334587097168
0.9113099575042725,29.095170974731445
0.9149117469787598,29.087369918823242
0.9054062366485596,29.080535888671875
0.9244860410690308,29.075361251831055
0.9139939546585083,29.067808151245117
0.9122444987297058,29.05824089050293
0.9067898988723755,29.050752639770508
0.9175909161567688,29.043746948242188
0.9247830510139465,29.034517288208008
0.8772848844528198,29.02562141418457
0.9140493869781494,29.017534255981445
0.8993064165115356,29.00419807434082
0.9254246950149536,28.996461868286133
0.9073144793510437,28.98997688293457
0.9071958661079407,28.982194900512695
0.8980566263198853,28.984254837036133
0.923272430896759,28.986772537231445
0.9134734272956848,28.989866256713867
0.9106053113937378,28.986862182617188
0.8989441394805908,28.98082160949707
0.9058609008789062,28.976470947265625
0.8945123553276062,28.978822708129883
0.9212493896484375,28.976211547851562
0.9254569411277771,28.974027633666992
0.9082463979721069,28.97813606262207
0.8959603309631348,28.98370361328125
0.9016558527946472,28.98729133605957
0.905036449432373,28.99397087097168
0.8915227651596069,29.003767013549805
0.9104458689689636,29.013917922973633
0.8806816935539246,29.02409553527832
0.9085045456886292,29.032270431518555
0.910813570022583,29.031293869018555
0.9019341468811035,29.030057907104492
0.9038810729980469,29.02728271484375
0.9107089638710022,29.030866622924805
0.9138444066047668,29.037748336791992
0.8924955129623413,29.03925895690918
0.891028881072998,29.039167404174805
0.9168130159378052,29.0318603515625
0.9124640822410583,29.02488899230957
0.915285050868988,29.019563674926758
0.908158540725708,29.013277053833008
0.9153246879577637,29.015108108520508
0.9091929197311401,29.013547897338867
0.8883812427520752,29.023958206176758
0.9112987518310547,29.030244827270508
0.9128885269165039,29.038270950317383
0.8960170745849609,29.046049118041992
0.8861266374588013,29.05381965637207
0.9217504262924194,29.065351486206055
0.9111539721488953,29.078184127807617
0.921048641204834,29.09153938293457
0.9302692413330078,29.102205276489258
0.9218354821205139,29.105436325073242
0.9001994729042053,29.11192512512207
0.9113963842391968,29.11732292175293
0.9075179100036621,29.12104606628418
0.9150702953338623,29.125795364379883
0.9048479199409485,29.135269165039062
0.9140560030937195,29.144330978393555
0.9058979749679565,29.152158737182617
0.9072423577308655,29.156766891479492
0.9034383296966553,29.161256790161133
0.8925641179084778,29.160676956176758
0.8927570581436157,29.159669876098633
0.9054456949234009,29.160600662231445
0.9228906035423279,29.16551399230957
0.9050185680389404,29.173051834106445
0.8961211442947388,29.181396484375
0.9190055131912231,29.18244743347168
0.9163554906845093,29.187501907348633
0.9076511859893799,29.191377639770508
0.9036150574684143,29.193403244018555
0.9015478491783142,29.20005989074707
0.9017069339752197,29.21348762512207
0.9266402125358582,29.23304557800293
0.9032418131828308,29.253995895385742
0.9110487699508667,29.274139404296875
0.9222896695137024,29.295671463012695
0.9049711227416992,29.316301345825195
0.8985249996185303,29.337491989135742
0.9040603637695312,29.361772537231445
0.9126145243644714,29.381635665893555
0.9014416337013245,29.401887893676758
0.9254629611968994,29.418302536010742
0.9011349678039551,29.432680130004883
0.8968681693077087,29.444761276245117
0.8996245861053467,29.45612907409668
0.9075419902801514,29.463884353637695
0.8942438960075378,29.473371505737305
0.9101757407188416,29.48316764831543
0.9060961604118347,29.495393753051758
0.9278053045272827,29.506345748901367
0.8880407214164734,29.512758255004883
0.8939711451530457,29.516584396362305
0.8906545042991638,29.521013259887695
0.897088348865509,29.534360885620117
0.9070837497711182,29.546613693237305
0.9063277244567871,29.554243087768555
0.9173574447631836,29.559112548828125
0.8973501920700073,29.564680099487305
0.908593475818634,29.57691764831543
0.9198769330978394,29.592466354370117
0.9202479124069214,29.612306594848633
0.938474714756012,29.626401901245117
0.9144917726516724,29.63557243347168
0.9178385734558105,29.642484664916992
0.9213073253631592,29.64317512512207
0.9061205983161926,29.64215087890625
0.8859648704528809,29.636751174926758
0.9026472568511963,29.634889602661133
0.9101278185844421,29.6304931640625
0.9195419549942017,29.629274368286133
0.9173840880393982,29.628252029418945
0.9115351438522339,29.618669509887695
0.923511266708374,29.613954544067383
0.9102759957313538,29.610776901245117
0.8953415155410767,29.608049392700195
0.9286292195320129,29.605653762817383
0.9217740297317505,29.600309371948242
0.9169703125953674,29.593400955200195
0.9121086597442627,29.587770462036133
0.9365654587745667,29.58262825012207
0.9125219583511353,29.580442428588867
0.9184084534645081,29.57972526550293
0.9192104935646057,29.578092575073242
0.9193741083145142,29.578353881835938
0.9041666388511658,29.58283805847168
0.9005621075630188,29.586286544799805
0.9254517555236816,29.592573165893555
0.9027932286262512,29.59412956237793
0.8996151089668274,29.597658157348633
0.9063432812690735,29.604843139648438
0.9002668261528015,29.609907150268555
0.8987364768981934,29.614946365356445
0.8985307812690735,29.61602783203125
0.8992007374763489,29.61309814453125
0.916896402835846,29.610244750976562
0.9118934869766235,29.607576370239258
0.9009072184562683,29.60173225402832
0.8824021220207214,29.598388671875
0.9114301204681396,29.596376419067383
0.901159942150116,29.60218620300293
0.9185602068901062,29.607816696166992
0.9257386922836304,29.611127853393555
0.9087687134742737,29.617292404174805
0.9078871607780457,29.62379264831543
0.9128057956695557,29.625181198120117
0.897921621799469,29.628828048706055
0.9019707441329956,29.639616012573242
0.897787868976593,29.643144607543945
0.910028338432312,29.646699905395508
0.9145638942718506,29.648149490356445
0.918800413608551,29.651609420776367
0.9174007177352905,29.645444869995117
0.9133889675140381,29.638338088989258
0.9090208411216736,29.627824783325195
0.9195539951324463,29.616544723510742
0.8821983337402344,29.605329513549805
0.9163035154342651,29.592439651489258
0.9026813507080078,29.578702926635742
0.9124962091445923,29.573575973510742
0.9133562445640564,29.565397262573242
0.9155911207199097,29.555723190307617
0.9040907025337219,29.54295539855957
0.9083265066146851,29.530000686645508
0.8853374123573303,29.5162353515625
0.9157778024673462,29.506898880004883
0.9156403541564941,29.501386642456055
0.8886587619781494,29.492338180541992
0.9095309972763062,29.492582321166992
0.9078187942504883,29.488080978393555
0.907557487487793,29.48499870300293
0.898999035358429,29.488584518432617
0.9212597012519836,29.496965408325195
0.9064747095108032,29.50312614440918
0.9164538979530334,29.508333206176758
0.901419460773468,29.510042190551758
0.9116342067718506,29.512372970581055
0.9068046808242798,29.515901565551758
0.8971035480499268,29.52238655090332
0.9191012978553772,29.519529342651367
0.9161685705184937,29.517396926879883
0.8880387544631958,29.522306442260742
0.9047268629074097,29.526212692260742
0.9168769717216492,29.523298263549805
0.9044700860977173,29.52070426940918
0.898287832736969,29.519487380981445
0.9183463454246521,29.516950607299805
0.9119020104408264,29.513090133666992
0.9277681708335876,29.514421463012695
0.9001153707504272,29.520368576049805
0.8944333791732788,29.530485153198242
0.8907867074012756,29.544282913208008
0.9133882522583008,29.549562454223633
0.9001225233078003,29.556318283081055
0.9102147817611694,29.563505172729492
0.8953857421875,29.56544303894043
0.918916642665863,29.573274612426758
0.9195608496665955,29.583131790161133
0.8982483744621277,29.591840744018555
0.8924542665481567,29.602523803710938
0.9149354100227356,29.611326217651367
0.9194862842559814,29.618894577026367
0.9144476652145386,29.61927604675293
0.9162957072257996,29.619218826293945
0.9042267203330994,29.62205696105957
0.9099980592727661,29.631912231445312
0.8837120532989502,29.639177322387695
0.8942073583602905,29.64720344543457
0.8878156542778015,29.657060623168945
0.9067994952201843,29.667203903198242
0.8910524845123291,29.674331665039062
0.9080075621604919,29.680709838867188
0.9171476364135742,29.687013626098633
0.916628897190094,29.691774368286133
0.9111478328704834,29.690767288208008
0.8890113234519958,29.686506271362305
0.9192766547203064,29.68315315246582
0.921198844909668,29.68348503112793
0.9049611687660217,29.683916091918945
0.9167042970657349,29.684263229370117
0.9046822190284729,29.684247970581055
0.9099531173706055,29.683549880981445
0.8895629048347473,29.678342819213867
0.9168386459350586,29.671342849731445
0.9189214110374451,29.670852661132812
0.9167733788490295,29.669431686401367
0.9067573547363281,29.663179397583008
0.9078790545463562,29.654294967651367
0.9083598852157593,29.644376754760742
0.92356938123703,29.635665893554688
0.8941802382469177,29.625776290893555
0.8939393758773804,29.615095138549805
0.9216887354850769,29.606477737426758
0.8951551914215088,29.5965576171875
0.9159982800483704,29.584611892700195
0.9135501384735107,29.577131271362305
0.892289936542511,29.570894241333008
0.914179265499115,29.565519332885742
0.9326651096343994,29.562864303588867
0.9126790761947632,29.565780639648438
0.8983656167984009,29.573015213012695
0.9035761952400208,29.578889846801758
0.898668110370636,29.584867477416992
0.9081084728240967,29.593107223510742
0.9176015257835388,29.592527389526367
0.9141961336135864,29.592100143432617
0.9216396808624268,29.595626831054688
0.8967354893684387,29.605607986450195
0.9028339982032776,29.61805534362793
0.9093037247657776,29.63055419921875
0.9125537276268005,29.640226364135742
0.9077457785606384,29.6434326171875
0.9199545979499817,29.63957405090332
0.9169718027114868,29.62846565246582
0.910115659236908,29.622983932495117
0.8885797262191772,29.616762161254883
0.9064550399780273,29.616960525512695
0.9016607999801636,29.614595413208008
0.9153993725776672,29.61216926574707
0.9139216542243958,29.618013381958008
0.9075705409049988,29.620222091674805
0.9200813174247742,29.62632942199707
0.9167885780334473,29.62617301940918
0.9189150333404541,29.630403518676758
0.9031131267547607,29.644575119018555
0.9097093939781189,29.65434455871582
0.9106992483139038,29.667097091674805
0.9011633396148682,29.68232536315918
0.9133412837982178,29.694259643554688
0.9116133451461792,29.706605911254883
0.8889188766479492,29.721982955932617
0.8995249271392822,29.738067626953125
0.932896077632904,29.75651741027832
0.9169382452964783,29.770219802856445
0.9148132801055908,29.783124923706055
0.8985545635223389,29.798261642456055
0.9015059471130371,29.81584358215332
0.9333674907684326,29.831361770629883
0.9091499447822571,29.844785690307617
0.9096624851226807,29.863462448120117
0.9152043461799622,29.88397216796875
0.9053415656089783,29.910646438598633
0.911578357219696,29.93800163269043
0.8999229073524475,29.958219528198242
0.8925949931144714,29.975234985351562
0.8906828165054321,29.993043899536133
0.9189867973327637,30.00975227355957
0.9174551963806152,30.022247314453125
0.9008084535598755,30.024904251098633
0.9365043640136719,30.026336669921875
0.9108912944793701,30.02470588684082
0.9048763513565063,30.024049758911133
0.9115639328956604,30.027055740356445
0.9227340221405029,30.032392501831055
0.9229608774185181,30.044069290161133
0.9055370092391968,30.052732467651367
0.8917050361633301,30.056612014770508
0.9236569404602051,30.059114456176758
0.8832101225852966,30.062881469726562
0.896299421787262,30.06672477722168
0.8891850709915161,30.058137893676758
0.9104714393615723,30.058839797973633
0.9009023308753967,30.062849044799805
0.8944902420043945,30.065126419067383
0.8944969177246094,30.06550407409668
0.9177924990653992,30.06043815612793
0.9040514826774597,30.056928634643555
0.9097963571548462,30.053937911987305
0.9176088571548462,30.049436569213867
0.9160957932472229,30.040895462036133
0.9061326384544373,30.032060623168945
0.8969517350196838,30.02458381652832
0.916617751121521,30.003141403198242
0.9056540727615356,29.98497200012207
0.9038793444633484,29.96980094909668
0.9062032699584961,29.953414916992188
0.8978026509284973,29.938016891479492
0.8995218276977539,29.92915153503418
0.9136219024658203,29.923677444458008
0.9103964567184448,29.914154052734375
0.9125130772590637,29.900480270385742
0.8954501152038574,29.888505935668945
0.9066094160079956,29.883344650268555
0.9023699164390564,29.877851486206055
0.894944429397583,29.871095657348633
0.8943032026290894,29.869142532348633
0.8976768255233765,29.87519645690918
0.8686121106147766,29.876863479614258
0.8686624765396118,29.880491256713867
0.9095832109451294,29.884157180786133
0.8949256539344788,29.891725540161133
0.8902338147163391,29.89887809753418
0.8889649510383606,29.915040969848633
0.917722225189209,29.931215286254883
0.9133597612380981,29.947813034057617
0.9005564451217651,29.962614059448242
0.9106340408325195,29.978639602661133
0.9135541915893555,29.990982055664062
0.9043595790863037,29.993925094604492
0.9270503520965576,30.000917434692383
0.9068324565887451,30.008176803588867
0.8896906971931458,30.018766403198242
0.8864452838897705,30.028322219848633
0.8994438052177429,30.038862228393555
0.9046171307563782,30.052902221679688
0.909512460231781,30.060028076171875
0.8941908478736877,30.064790725708008
0.9178981781005859,30.071077346801758
0.9137734174728394,30.076169967651367
0.8996508717536926,30.08369255065918
0.9253413677215576,30.084306716918945
0.9120543003082275,30.08387565612793
0.9110310673713684,30.087846755981445
0.9033139944076538,30.088029861450195
0.9127734899520874,30.086061477661133
0.9037411212921143,30.080827713012695
0.8922319412231445,30.072813034057617
0.9087157845497131,30.063966751098633
0.8913516402244568,30.05360221862793
0.9125994443893433,30.043241500854492
0.9050381183624268,30.03303337097168
0.91508549451828,30.02454948425293
0.902309238910675,30.012052536010742
0.8929988145828247,29.998746871948242
0.9021217823028564,29.980012893676758
0.8956876397132874,29.96830940246582
0.9216148853302002,29.954771041870117
0.9096775650978088,29.940824508666992
0.8994910717010498,29.929258346557617
0.8880183696746826,29.914976119995117
0.9025760889053345,29.896879196166992
0.9194634556770325,29.87965202331543
0.8933783173561096,29.868864059448242
0.8963186740875244,29.861661911010742
0.9218872785568237,29.85582160949707
0.9218828082084656,29.856534957885742
0.8779091835021973,29.857378005981445
0.8932801485061646,29.856706619262695
0.9222743511199951,29.860441207885742
0.9037864804267883,29.864011764526367
0.9247739315032959,29.872285842895508
0.9186316132545471,29.877761840820312
0.8837127089500427,29.88825798034668
0.9242007732391357,29.891141891479492
0.9112482070922852,29.894227981567383
0.9000939726829529,29.89753532409668
0.9055500626564026,29.90040397644043
0.9024472236633301,29.911623001098633
0.9069203734397888,29.92527961730957
0.9097833633422852,29.934690475463867
0.9070640802383423,29.946975708007812
0.9076361060142517,29.95561408996582
0.8978796005249023,29.96510124206543
0.8990152478218079,29.972043991088867
0.9058774709701538,29.972562789916992
0.8880919218063354,29.982526779174805
0.8891066312789917,29.98402214050293
0.9102935791015625,29.985719680786133
0.9127416610717773,29.985994338989258
0.8970100283622742,29.979949951171875
0.915879487991333,29.973752975463867
0.9051093459129333,29.968385696411133
0.8927321434020996,29.956144332885742
0.9315814971923828,29.950132369995117
0.9044893383979797,29.946290969848633
0.9146475195884705,29.9427490234375
0.9015216827392578,29.943693161010742
0.9217798113822937,29.94312858581543
0.9042651653289795,29.943361282348633
0.9033797383308411,29.93748664855957
0.9152215123176575,29.925369262695312
0.9110241532325745,29.918718338012695
0.898025393486023,29.919462203979492
0.8974912166595459,29.91340446472168
0.9049952030181885,29.915342330932617
0.9142385125160217,29.91557502746582
0.913720965385437,29.912979125976562
0.9132629632949829,29.916213989257812
0.9060911536216736,29.916366577148438
0.9102092981338501,29.911924362182617
0.8997306227684021,29.913406372070312
0.9106705784797668,29.909685134887695
0.9070866703987122,29.90086555480957
0.9056455492973328,29.88776969909668
0.8944624662399292,29.873321533203125
0.9064942598342896,29.861696243286133
0.897374153137207,29.851423263549805
0.9260756373405457,29.84046745300293
0.9010719060897827,29.831892013549805
0.8956467509269714,29.826093673706055
0.8960610628128052,29.818601608276367
0.8986024856567383,29.815183639526367
0.9326042532920837,29.813997268676758
0.8906883001327515,29.815595626831055
0.9077395796775818,29.822694778442383
0.908389151096344,29.818784713745117
0.8969146013259888,29.823854446411133
0.92339026927948,29.829744338989258
0.8920366168022156,29.83668327331543
0.9216498732566833,29.84486198425293
0.905085027217865,29.853361129760742
0.9138091802597046,29.866788864135742
0.8994852304458618,29.882810592651367
0.9159480333328247,29.896883010864258
0.9079875349998474,29.908584594726562
0.9074547290802002,29.91632080078125
0.9043737649917603,29.929994583129883
0.9123470187187195,29.945615768432617
0.9118168950080872,29.955350875854492
0.9162499904632568,29.967546463012695
0.9076089262962341,29.972776412963867
0.9126924872398376,29.975950241088867
0.8985574245452881,29.979463577270508
0.9146239757537842,29.977737426757812
0.8788166046142578,29.974853515625
0.9206916093826294,29.973310470581055
0.9048988223075867,29.972597122192383
0.9028531908988953,29.977140426635742
0.922032356262207,29.983823776245117
0.9112150073051453,29.98615837097168
0.8949615955352783,29.994382858276367
0.9204232692718506,30.004316329956055
0.9184210300445557,30.015932083129883
0.9202941656112671,30.025358200073242
0.905135452747345,30.034345626831055
0.8966343402862549,30.046510696411133
0.9087129831314087,30.063077926635742
0.9255788326263428,30.077211380004883
0.9212125539779663,30.091032028198242
0.9076662063598633,30.102449417114258
0.9159016609191895,30.109636306762695
0.9249612092971802,30.112260818481445
0.8867864012718201,30.118223190307617
0.9202812314033508,30.125673294067383
0.8941290378570557,30.133298873901367
0.9230079650878906,30.14030647277832
0.9060134291648865,30.149808883666992
0.8792473077774048,30.15477180480957
0.9053954482078552,30.160490036010742
0.9165871739387512,30.168806076049805
0.9052578806877136,30.170259475708008
0.9007145166397095,30.168533325195312
0.9076469540596008,30.161069869995117
0.9207967519760132,30.143293380737305
0.9043806791305542,30.12205696105957
0.9114986062049866,30.102521896362305
0.920343279838562,30.085891723632812
0.9166419506072998,30.072357177734375
0.9158300161361694,30.065462112426758
0.9132488965988159,30.05839729309082
0.9152318835258484,30.044553756713867
0.9020912051200867,30.042724609375
0.9144608974456787,30.034284591674805
0.8884434700012207,30.027544021606445
0.9076265096664429,30.016416549682617
0.8954641819000244,30.007169723510742
0.8934133648872375,30.00334358215332
0.8975642323493958,30.00090217590332
0.9075061678886414,29.995393753051758
0.9129611253738403,29.983640670776367
0.9091649055480957,29.976289749145508
0.9110234975814819,29.96721076965332
0.8911809921264648,29.96171760559082
0.9099935293197632,29.95421028137207
0.9100814461708069,29.95378303527832
0.9145346879959106,29.957395553588867
0.9021901488304138,29.958757400512695
0.8954488635063171,29.959196090698242
0.9148898720741272,29.960817337036133
0.9046448469161987,29.96464729309082
0.9186988472938538,29.96953010559082
0.8939449787139893,29.9754638671875
0.9126117825508118,29.980741500854492
0.9060314893722534,29.989866256713867
0.8961895704269409,29.998384475708008
0.9011027216911316,30.003293991088867
0.909821629524231,30.007932662963867
0.9217168688774109,30.015321731567383
0.9146556854248047,30.022153854370117
0.912010669708252,30.02610969543457
0.9003286361694336,30.031648635864258
0.8954309225082397,30.034700393676758
0.9022857546806335,30.041900634765625
0.8942488431930542,30.053434371948242
0.8964924812316895,30.067476272583008
0.9057806134223938,30.082990646362305
0.9080637693405151,30.101072311401367
0.9129446148872375,30.115324020385742
0.9166896343231201,30.132810592651367
0.9038257002830505,30.143278121948242
0.9247234463691711,30.150178909301758
0.9029000997543335,30.15510368347168
0.9126372337341309,30.160078048706055
0.887941300868988,30.168073654174805
0.9123579263687134,30.182024002075195
0.9127886891365051,30.19489860534668
0.8880828022956848,30.208877563476562
0.9273117780685425,30.209501266479492
0.9149656295776367,30.209291458129883
0.91072016954422,30.215848922729492
0.9223743081092834,30.219083786010742
0.9009497761726379,30.22685432434082
0.9206579327583313,30.22804069519043
0.9082350730895996,30.229936599731445
0.9122722744941711,30.232023239135742
0.9165811538696289,30.237565994262695
0.9172341823577881,30.237348556518555
0.9128650426864624,30.240339279174805
0.9142292737960815,30.247270584106445
0.8969423770904541,30.25013542175293
0.9202487468719482,30.253767013549805
0.9139052629470825,30.259031295776367
0.9173754453659058,30.26494026184082
0.911841094493866,30.272966384887695
0.8956761360168457,30.279417037963867
0.9255669713020325,30.286531448364258
0.9052645564079285,30.283967971801758
0.9071274399757385,30.277921676635742
0.9097809791564941,30.264554977416992
0.9108385443687439,30.254514694213867
0.921833872795105,30.243806838989258
0.9092084765434265,30.239885330200195
0.905927300453186,30.234708786010742
0.8819865584373474,30.229337692260742
0.9015204906463623,30.226274490356445
0.8778777718544006,30.226362228393555
0.9253664016723633,30.227432250976562
0.9131630659103394,30.230133056640625
0.8995953798294067,30.23298454284668
0.9060257077217102,30.237062454223633
0.8942619562149048,30.231462478637695
0.8978632092475891,30.220428466796875
0.8993935585021973,30.21296501159668
0.89703369140625,30.210844039916992
0.9164474010467529,30.216779708862305
0.907848596572876,30.220243453979492
0.9223063588142395,30.218961715698242
0.8965499401092529,30.21776008605957
0.9165957570075989,30.220109939575195
0.9192957282066345,30.23048210144043
0.9051468968391418,30.234954833984375
0.8928920030593872,30.234621047973633
0.9137417674064636,30.228242874145508
0.9135473966598511,30.224672317504883
0.9139836430549622,30.22059440612793
0.8902358412742615,30.218488693237305
0.8989983797073364,30.213254928588867
0.9226014614105225,30.204099655151367
0.9071443676948547,30.190675735473633
0.90445476770401,30.176055908203125
0.9044287204742432,30.171140670776367
0.9194717407226562,30.170806884765625
0.9018538594245911,30.168657302856445
0.9062077403068542,30.170682907104492
0.9100863933563232,30.169706344604492
0.9074996113777161,30.171598434448242
0.916293740272522,30.172334671020508
0.8781775236129761,30.172426223754883
0.9001448154449463,30.1689453125
0.9188916683197021,30.158510208129883
0.9087653160095215,30.15349006652832
0.9050004482269287,30.145463943481445
0.9061933755874634,30.138853073120117
0.9198055863380432,30.13658332824707
0.911243736743927,30.134763717651367
0.9201979637145996,30.136125564575195
0.9034372568130493,30.14021110534668
0.8988252878189087,30.153076171875
0.9221494197845459,30.167234420776367
0.9179562330245972,30.185361862182617
0.8883641958236694,30.197481155395508
0.9218701124191284,30.211530685424805
0.8887137174606323,30.222562789916992
0.8972920179367065,30.23045539855957
0.8942282199859619,30.24238395690918
0.9038316607475281,30.2568359375
0.9111292362213135,30.275667190551758
0.9055865406990051,30.295076370239258
0.9147083759307861,30.320480346679688
0.899033784866333,30.344148635864258
0.9041326642036438,30.36602783203125
0.9254238605499268,30.39097785949707
0.8925768136978149,30.41357421875
0.9094735980033875,30.439285278320312
0.9087819457054138,30.463300704956055
0.9199947118759155,30.484514236450195
0.9083902835845947,30.502809524536133
0.9164479374885559,30.517560958862305
0.9011111855506897,30.535245895385742
0.8728474378585815,30.548032760620117
0.8993340134620667,30.560014724731445
0.9035707116127014,30.56507682800293
0.9033508896827698,30.567461013793945
0.8995277881622314,30.571104049682617
0.916760265827179,30.570114135742188
0.9048585891723633,30.566972732543945
0.9106684923171997,30.561492919921875
0.908722996711731,30.558591842651367
0.9181604385375977,30.55621337890625
0.9258233308792114,30.553544998168945
0.8907127380371094,30.555387496948242
0.9024059772491455,30.552995681762695
0.8876378536224365,30.546709060668945
0.9141364693641663,30.54017448425293
0.926803708076477,30.535581588745117
0.9092347025871277,30.52985954284668
0.8987441062927246,30.51954460144043
0.9010819792747498,30.507047653198242
0.8983214497566223,30.498992919921875
0.908360481262207,30.49018669128418
0.8848245143890381,30.482637405395508
0.9067794680595398,30.473541259765625
0.9110476970672607,30.462797164916992
0.9041863679885864,30.454744338989258
0.8900655508041382,30.444414138793945
0.9035918116569519,30.429563522338867
0.9031084775924683,30.41465950012207
0.9169195890426636,30.411466598510742
0.9174769520759583,30.40626335144043
0.8934547305107117,30.400909423828125
0.8910290002822876,30.398637771606445
0.9094822406768799,30.394071578979492
0.9273419380187988,30.393247604370117
0.905093789100647,30.388181686401367
0.912164032459259,30.388761520385742
0.910794734954834,30.395200729370117
0.9084895253181458,30.397356033325195
0.899567723274231,30.396669387817383
0.9034749269485474,30.396455764770508
0.8858267068862915,30.394439697265625
0.9174751043319702,30.395200729370117
0.9184279441833496,30.392698287963867
0.9077076315879822,30.388349533081055
0.9140164256095886,30.384126663208008
0.939285933971405,30.388364791870117
0.9214248061180115,30.389936447143555
0.914234459400177,30.393217086791992
0.9092696905136108,30.38707160949707
0.9097956418991089,30.384763717651367
0.9004493355751038,30.383726119995117
0.8937522768974304,30.376497268676758
0.8937848210334778,30.375120162963867
0.9148178100585938,30.369630813598633
0.9178463220596313,30.36280632019043
0.9084566235542297,30.358963012695312
0.8989689350128174,30.353269577026367
0.9062455892562866,30.348299026489258
0.9234733581542969,30.343290328979492
0.8944221138954163,30.33759880065918
0.9076175093650818,30.338315963745117
0.9034674763679504,30.343229293823242
0.8941697478294373,30.346586227416992
0.9039760231971741,30.352231979370117
0.8930622339248657,30.361509323120117
0.8793378472328186,30.36865234375
0.9013649225234985,30.36945915222168
0.9035014510154724,30.368532180786133
0.9160763025283813,30.370729446411133
0.9205523133277893,30.374555587768555
0.9148109555244446,30.380903244018555
0.8811028599739075,30.384584426879883
0.8817532062530518,30.386795043945312
0.9008692502975464,30.394559860229492
0.9189755320549011,30.407501220703125
0.9073824882507324,30.42119026184082
0.8973795175552368,30.431320190429688
0.9043194055557251,30.437971115112305
0.8982234001159668,30.446931838989258
0.9086942076683044,30.447202682495117
0.931300163269043,30.443681716918945
0.8902454972267151,30.432283401489258
0.9175187349319458,30.42030143737793
0.8875860571861267,30.407167434692383
0.9208719730377197,30.398651123046875
0.9026381969451904,30.397567749023438
0.9151099324226379,30.395891189575195
0.9039213061332703,30.394193649291992
0.9185527563095093,30.396150588989258
0.9124981164932251,30.403520584106445
0.9111568927764893,30.408294677734375
0.913918137550354,30.399629592895508
0.9057661890983582,30.391828536987305
0.9021334052085876,30.385591506958008
0.8781928420066833,30.38117790222168
0.9061614274978638,30.380582809448242
0.9083623290061951,30.383466720581055
0.9250446557998657,30.38932991027832
0.9013741612434387,30.391815185546875
0.8946068286895752,30.399934768676758
0.9081020355224609,30.402799606323242
0.9097514152526855,30.410551071166992
0.8983964323997498,30.408037185668945
0.9026110172271729,30.40284538269043
0.9179427027702332,30.398027420043945
0.9119479060173035,30.399274826049805
0.9175199270248413,30.39921760559082
0.8980586528778076,30.402681350708008
0.9030224084854126,30.408876419067383
0.9060739278793335,30.412187576293945
0.90217524766922,30.414121627807617
0.9077143669128418,30.41114616394043
0.9072839617729187,30.40925407409668
0.8992508053779602,30.405546188354492
0.9067075252532959,30.400758743286133
0.9075504541397095,30.397859573364258
0.9067680835723877,30.395524978637695
0.8918886184692383,30.396562576293945
0.881851851940155,30.399274826049805
0.9109703898429871,30.402116775512695
0.91213458776474,30.401765823364258
0.9289703369140625,30.401445388793945
0.9118594527244568,30.395570755004883
0.9127988219261169,30.38941764831543
0.9012160301208496,30.3861083984375
0.9078139066696167,30.381410598754883
0.9153292179107666,30.378509521484375
0.9075124859809875,30.375246047973633
0.8975971937179565,30.374677658081055
0.9059973955154419,30.37169075012207
0.9100855588912964,30.374298095703125
0.9201039671897888,30.379911422729492
0.9205010533332825,30.385480880737305
0.8953371047973633,30.389253616333008
0.9089627265930176,30.391128540039062
0.922210693359375,30.397340774536133
0.9203031063079834,30.406782150268555
0.8877041339874268,30.421831130981445
0.919402539730072,30.43242073059082
0.9106250405311584,30.442018508911133
0.8816428780555725,30.44672966003418
0.9069253206253052,30.441892623901367
0.9021226763725281,30.441057205200195
0.9159223437309265,30.439607620239258
0.9152101874351501,30.435380935668945
0.9263594150543213,30.434144973754883
0.9053750038146973,30.427995681762695
0.9029952883720398,30.425172805786133
0.8878275156021118,30.42015266418457
0.8943427801132202,30.417177200317383
0.9147354364395142,30.414350509643555
0.9089761972427368,30.407838821411133
0.9192884564399719,30.40778923034668
0.9020878672599792,30.406797409057617
0.8961408734321594,30.405900955200195
0.8990439176559448,30.408353805541992
0.9085680842399597,30.41862678527832
0.9211673736572266,30.426576614379883
0.9215766787528992,30.433698654174805
0.8933433294296265,30.43870735168457
0.8887161016464233,30.43968391418457
0.9184404611587524,30.43745231628418
0.9187983274459839,30.430116653442383
0.9139561057090759,30.423707962036133
0.9071568846702576,30.413864135742188
0.8839056491851807,30.407346725463867
0.9095095992088318,30.397916793823242
0.9199693202972412,30.38447380065918
0.9204821586608887,30.372421264648438
0.911232054233551,30.363798141479492
0.9035205841064453,30.351564407348633
0.9049333333969116,30.343111038208008
0.9240950345993042,30.338472366333008
0.9165528416633606,30.332929611206055
0.9132537245750427,30.326967239379883
0.9188923239707947,30.31611442565918
0.9132524132728577,30.30390739440918
0.8892345428466797,30.29442024230957
0.896427571773529,30.286699295043945
0.9075447916984558,30.277788162231445
0.9176730513572693,30.268705368041992
0.9178884029388428,30.256441116333008
0.9107806086540222,30.240434646606445
0.9087362885475159,30.218172073364258
0.899347722530365,30.19764518737793
0.9175660014152527,30.181901931762695
0.9084550142288208,30.170639038085938
0.9158903956413269,30.156572341918945
0.9100667238235474,30.146286010742188
0.9027045965194702,30.132265090942383
0.9000016450881958,30.118501663208008
0.9063940644264221,30.110624313354492
0.9030926823616028,30.117536544799805
0.9146811366081238,30.12022590637207
0.8915855884552002,30.124052047729492
0.9145984053611755,30.130861282348633
0.8929625153541565,30.139863967895508
0.8966687321662903,30.139631271362305
0.8995733857154846,30.130813598632812
0.9193660616874695,30.121671676635742
0.915799617767334,30.12114143371582
0.9101753234863281,30.11491584777832
0.9028456807136536,30.111356735229492
0.8909450769424438,30.102659225463867
0.8870513439178467,30.096967697143555
0.9053213596343994,30.091035842895508
0.9108113050460815,30.082170486450195
0.9075172543525696,30.076631546020508
0.8897582292556763,30.07347297668457
0.9009970426559448,30.071199417114258
0.9025377631187439,30.071245193481445
0.9038646221160889,30.069978713989258
0.9162741899490356,30.074953079223633
0.9030386805534363,30.081254959106445
0.8847992420196533,30.085420608520508
0.9265874624252319,30.089601516723633
0.9118174314498901,30.08732795715332
0.9035442471504211,30.084638595581055
0.9223222732543945,30.084932327270508
0.9109863042831421,30.089582443237305
0.9198413491249084,30.098554611206055
0.9290671348571777,30.103837966918945
0.9159911274909973,30.106996536254883
0.9068636894226074,30.111204147338867
0.9198710918426514,30.11369514465332
0.9034431576728821,30.115373611450195
0.9065672159194946,30.11784553527832
0.9197525978088379,30.117414474487305
0.9033969044685364,30.112821578979492
0.9109665751457214,30.111082077026367
0.9041461944580078,30.105607986450195
0.9288766980171204,30.09672737121582
0.9041074514389038,30.08802604675293
0.9303467273712158,30.07990837097168
0.8903799057006836,30.070554733276367
0.9087702035903931,30.06678581237793
0.908431887626648,30.064741134643555
0.9227098226547241,30.061552047729492
0.9155590534210205,30.062726974487305
0.9060718417167664,30.066526412963867
0.9186404347419739,30.068910598754883
0.9159906506538391,30.070524215698242
0.9056267142295837,30.072298049926758
0.8961505889892578,30.073671340942383
0.908711850643158,30.073257446289062
0.9023910760879517,30.076433181762695
0.9186015725135803,30.078506469726562
0.9020698070526123,30.078523635864258
0.9034371376037598,30.076631546020508
0.8941161632537842,30.076017379760742
0.9035126566886902,30.076644897460938
0.9008699655532837,30.074567794799805
0.9192705750465393,30.070219039916992
0.9258177280426025,30.070417404174805
0.8995249271392822,30.065671920776367
0.90988689661026,30.059659957885742
0.8972393870353699,30.049819946289062
0.9157940745353699,30.039640426635742
0.8963220119476318,30.03605842590332
0.9163478016853333,30.029024124145508
0.8726145029067993,30.025636672973633
0.9179967641830444,30.028135299682617
0.912582278251648,30.031003952026367
0.900484561920166,30.037809371948242
0.9091958999633789,30.037416458129883
0.9150161147117615,30.031339645385742
0.9096477627754211,30.024076461791992
0.9056854844093323,30.018556594848633
0.9074806571006775,30.00800895690918
0.9037905335426331,30.003995895385742
0.9023159146308899,30.001893997192383
0.9123834371566772,29.99470329284668
0.8962287902832031,29.992414474487305
0.8993625640869141,29.988950729370117
0.8968701362609863,29.983640670776367
0.9193215370178223,29.978410720825195
0.9107558727264404,29.979646682739258
0.910415768623352,29.9783935546875
0.9212687611579895,29.975557327270508
0.9205477237701416,29.97772216796875
0.9173227548599243,29.980911254882812
0.9172382950782776,29.987730026245117
0.8977352976799011,29.991395950317383
0.9003756642341614,29.997785568237305
0.919305145740509,29.999067306518555
0.9194349646568298,30.001527786254883
0.8991270661354065,30.005752563476562
0.9120268225669861,30.007535934448242
0.9012731313705444,30.006349563598633
0.9269773960113525,29.999834060668945
0.9244648218154907,29.998260498046875
0.8859613537788391,30.00206184387207
0.8858382701873779,30.006393432617188
0.9039727449417114,30.004487991333008
0.9125680327415466,30.002958297729492
0.9069180488586426,30.005067825317383
0.8939750790596008,30.011137008666992
0.9090672731399536,30.008729934692383
0.9080767035484314,30.013946533203125
0.8965674042701721,30.024612426757812
0.9160085916519165,30.035429000854492
0.9074514508247375,30.044921875
0.9108773469924927,30.046857833862305
0.9227335453033447,30.047773361206055
0.9116427898406982,30.048263549804688
0.8899257779121399,30.046735763549805
0.8916623592376709,30.051664352416992
0.9128447771072388,30.059450149536133
0.9045679569244385,30.070035934448242
0.9001480340957642,30.081972122192383
0.9038471579551697,30.095808029174805
0.8951087594032288,30.110612869262695
0.9146237373352051,30.130510330200195
0.9203706383705139,30.151399612426758
0.905577540397644,30.166276931762695
0.8986039757728577,30.179000854492188
0.8949492573738098,30.195676803588867
0.9265479445457458,30.21251106262207
0.9174115657806396,30.230283737182617
0.9001124501228333,30.253740310668945
0.8977446556091309,30.267213821411133
0.9055908918380737,30.277936935424805
0.9023687839508057,30.287109375
0.882228672504425,30.296785354614258
0.9137060642242432,30.308561325073242
0.9187424182891846,30.321474075317383
0.927836537361145,30.330472946166992
0.9107425808906555,30.344053268432617
0.9265305995941162,30.360654830932617
0.8869659304618835,30.380996704101562
0.9115713834762573,30.39106559753418
0.9219809174537659,30.397430419921875
0.9027726054191589,30.410673141479492
0.9235436320304871,30.42193603515625
0.9226270914077759,30.433317184448242
0.9125679135322571,30.436342239379883
0.9057245254516602,30.436002731323242
0.9215876460075378,30.442995071411133
0.9018465280532837,30.45458984375
0.9209886789321899,30.466951370239258
0.9063128232955933,30.477022171020508
0.8957149982452393,30.48597526550293
0.9020649790763855,30.491971969604492
0.913459300994873,30.498838424682617
0.9101455211639404,30.50213623046875
0.9065841436386108,30.506746292114258
0.8798822164535522,30.513948440551758
0.8962944149971008,30.527936935424805
0.8913794755935669,30.54118537902832
0.9053301811218262,30.555116653442383
0.909267008304596,30.565736770629883
0.9135280847549438,30.575227737426758
0.9140676856040955,30.593656539916992
0.89886474609375,30.610322952270508
0.8967406153678894,30.62255859375
0.9103130102157593,30.636716842651367
0.9000590443611145,30.649106979370117
0.9349247217178345,30.661623001098633
0.8955948948860168,30.675657272338867
0.8962558507919312,30.680631637573242
0.8893792033195496,30.6824951171875
0.9100898504257202,30.680692672729492
0.9308357834815979,30.67835807800293
0.9099074006080627,30.675352096557617
0.9007701873779297,30.676237106323242
0.9213465452194214,30.676923751831055
0.908657431602478,30.677614212036133
0.9193364381790161,30.684263229370117
0.9258239269256592,30.69749641418457
0.9106184244155884,30.711336135864258
0.900707483291626,30.72154426574707
0.9164910912513733,30.726560592651367
0.908335268497467,30.724519729614258
0.9219100475311279,30.726106643676758
0.8910993337631226,30.727567672729492
0.9151512384414673,30.734071731567383
0.9276920557022095,30.73414421081543
0.9234434366226196,30.734865188598633
0.9085886478424072,30.73455810546875
0.9059413075447083,30.740983963012695
0.9060389399528503,30.751081466674805
0.9106149673461914,30.75715446472168
0.9194787740707397,30.761137008666992
0.9040988683700562,30.763303756713867
0.9028621315956116,30.756608963012695
0.9100984334945679,30.749422073364258
0.9144078493118286,30.74473762512207
0.9130100607872009,30.73834228515625
0.9149755835533142,30.732574462890625
0.884969174861908,30.725278854370117
0.873695969581604,30.723188400268555
0.9128600358963013,30.729188919067383
0.9181092977523804,30.738264083862305
0.9160529971122742,30.748960494995117
0.9044529795646667,30.75694465637207
0.9183199405670166,30.764846801757812
0.9167782664299011,30.771486282348633
0.9076185822486877,30.783601760864258
0.8963102102279663,30.793607711791992
0.9157443642616272,30.79686164855957
0.9023377299308777,30.79258918762207
0.9124208092689514,30.78199577331543
0.9167349338531494,30.774045944213867
0.9034164547920227,30.76776123046875
0.904956579208374,30.76066780090332
0.8966222405433655,30.755388259887695
0.9000294208526611,30.750913619995117
0.9180883765220642,30.749906539916992
0.9019431471824646,30.748106002807617
0.9082302451133728,30.749755859375
0.9139585494995117,30.744077682495117
0.9025908708572388,30.7392578125
0.9098173379898071,30.736101150512695
0.8960384726524353,30.731462478637695
0.9067448973655701,30.732378005981445
0.8798419237136841,30.730897903442383
0.9191773533821106,30.734237670898438
0.9169231653213501,30.742067337036133
0.8934271931648254,30.744108200073242
0.9200432896614075,30.743253707885742
0.9093934297561646,30.739866256713867
0.8995646238327026,30.733795166015625
0.9085075259208679,30.722597122192383
0.9071910381317139,30.71302604675293
0.9125394821166992,30.703996658325195
0.8993902802467346,30.692962646484375
0.9006685018539429,30.67988395690918
0.9060934782028198,30.665067672729492
0.9209091663360596,30.655168533325195
0.9175388216972351,30.64695930480957
0.9097639322280884,30.641263961791992
0.8817384839057922,30.63585090637207
0.9231829643249512,30.627046585083008
0.9027478694915771,30.617490768432617
0.8957658410072327,30.609708786010742
0.9193947911262512,30.600309371948242
0.9129918217658997,30.597183227539062
0.8938490748405457,30.595197677612305
0.8893879055976868,30.592971801757812
0.9214016795158386,30.59168815612793
0.9126689434051514,30.587966918945312
0.914301872253418,30.585416793823242
0.9058317542076111,30.576826095581055
0.8940495848655701,30.563566207885742
0.9184994101524353,30.554410934448242
0.9024472832679749,30.546998977661133
0.9201200604438782,30.541336059570312
0.8935156464576721,30.53791618347168
0.9103858470916748,30.533384323120117
0.9082397818565369,30.532163619995117
0.9232714176177979,30.529281616210938
0.9181838631629944,30.52476692199707
0.9251284003257751,30.519834518432617
0.9157125353813171,30.514802932739258
0.9014454483985901,30.509323120117188
0.8935441970825195,30.506013870239258
0.9068363308906555,30.504377365112305
0.8962402939796448,30.500673294067383
0.918086588382721,30.500307083129883
0.9223576784133911,30.498933792114258
0.9152981042861938,30.500444412231445
0.8915329575538635,30.507078170776367
0.8903126120567322,30.519105911254883
0.8924635052680969,30.524871826171875
0.9079200029373169,30.525667190551758
0.9089001417160034,30.521833419799805
0.9028670191764832,30.520750045776367
0.9193637371063232,30.516511917114258
0.8956642150878906,30.510894775390625
0.9127756953239441,30.503721237182617
0.8812161684036255,30.495405197143555
0.9180265665054321,30.493497848510742
0.9013530015945435,30.490249633789062
0.9102843999862671,30.486207962036133
0.9027481079101562,30.479188919067383
0.9079764485359192,30.469175338745117
0.9190810918807983,30.462541580200195
0.9243765473365784,30.45811653137207
0.90548175573349,30.459810256958008
0.8943202495574951,30.46143913269043
0.8955016732215881,30.469404220581055
0.9155089259147644,30.476884841918945
0.9206534028053284,30.477571487426758
0.9044766426086426,30.473207473754883
0.9035274982452393,30.465608596801758
0.9032158851623535,30.45611572265625
0.913007378578186,30.44993782043457
0.9076400399208069,30.444303512573242
0.891793966293335,30.436174392700195
0.9052518606185913,30.425186157226562
0.9153105616569519,30.411745071411133
0.9143979549407959,30.397005081176758
0.893491268157959,30.383150100708008
0.912631630897522,30.376100540161133
0.899151623249054,30.368913650512695
0.9073054194450378,30.366151809692383
0.894586980342865,30.36668586730957
0.9028846621513367,30.365781784057617
0.906339704990387,30.368730545043945
0.9046649932861328,30.365262985229492
0.9178483486175537,30.356857299804688
0.9120771884918213,30.343385696411133
0.9056359529495239,30.32786750793457
0.9021574258804321,30.311918258666992
0.902706503868103,30.293394088745117
0.9069604873657227,30.277284622192383
0.9121735692024231,30.265424728393555
0.8945260643959045,30.25654411315918
0.9095233082771301,30.246660232543945
0.9315744042396545,30.236082077026367
0.9205162525177002,30.22810173034668
0.9013156890869141,30.21937370300293
0.8984240889549255,30.213605880737305
0.9051420092582703,30.210783004760742
0.9068753719329834,30.206987380981445
0.9227386713027954,30.211240768432617
0.9226614832878113,30.211912155151367
0.9104592800140381,30.208467483520508
0.910575807094574,30.20484733581543
0.9204460382461548,30.204132080078125
0.9048871994018555,30.201200485229492
0.9003126621246338,30.201356887817383
0.9281299710273743,30.201993942260742
0.9122403860092163,30.199583053588867
0.9027912020683289,30.198030471801758
0.9014178514480591,30.200746536254883
0.8976980447769165,30.204696655273438
0.9139904379844666,30.211166381835938
0.8908140659332275,30.2178955078125
0.9070531725883484,30.223421096801758
0.9260321855545044,30.228425979614258
0.9115214943885803,30.228715896606445
0.9098933935165405,30.226472854614258
0.9163811206817627,30.225996017456055
0.9042418599128723,30.224180221557617
0.9168933629989624,30.22654914855957
0.9164808392524719,30.228395462036133
0.9171444773674011,30.22205924987793
0.917161226272583,30.217649459838867
0.9118360877037048,30.20897102355957
0.8909083604812622,30.195711135864258
0.9258332252502441,30.185152053833008
0.8993721604347229,30.177854537963867
0.9064759016036987,30.169633865356445
0.9043799638748169,30.162092208862305
0.9097062945365906,30.158491134643555
0.9054664373397827,30.16151237487793
0.9190816283226013,30.166170120239258
0.9042967557907104,30.173309326171875
0.8927842974662781,30.17333984375
0.9311050176620483,30.179288864135742
0.9130235910415649,30.18467903137207
0.9083324670791626,30.198469161987305
0.9154064655303955,30.209394454956055
0.9050174951553345,30.222368240356445
0.9156565070152283,30.231964111328125
0.8941004276275635,30.241151809692383
0.9121859669685364,30.250703811645508
0.906627357006073,30.260271072387695
0.9141942262649536,30.273298263549805
0.8916635513305664,30.279462814331055
0.9040876626968384,30.28291130065918
0.9099456071853638,30.285341262817383
0.9344099760055542,30.287569046020508
0.9184573888778687,30.288328170776367
0.9027379751205444,30.288270950317383
0.9139719009399414,30.284530639648438
0.9101894497871399,30.284406661987305
0.8962526321411133,30.276716232299805
0.9043848514556885,30.268678665161133
0.9017784595489502,30.264863967895508
0.9043141603469849,30.263612747192383
0.8988853096961975,30.261232376098633
0.9122270345687866,30.265226364135742
0.9112457036972046,30.277986526489258
0.9068685173988342,30.296674728393555
0.8951054811477661,30.31517219543457
0.8994770646095276,30.335248947143555
0.9130764007568359,30.354642868041992
0.9107382297515869,30.371841430664062
0.9213690161705017,30.384065628051758
0.8896254301071167,30.396360397338867
0.9082567095756531,30.402219772338867
0.8935579061508179,30.408510208129883
0.8906352519989014,30.409345626831055
0.9155803918838501,30.410978317260742
0.9156699180603027,30.419679641723633
0.9095362424850464,30.428586959838867
0.9157449007034302,30.432281494140625
0.9321886301040649,30.438474655151367
0.9253296852111816,30.444150924682617
0.9148224592208862,30.45210075378418
0.8998705744743347,30.458295822143555
0.8953256607055664,30.470212936401367
0.8952478170394897,30.477205276489258
0.9135237336158752,30.477109909057617
0.914628803730011,30.47065544128418
0.9034233093261719,30.462800979614258
0.9093550443649292,30.459030151367188
0.905871570110321,30.459028244018555
0.9106476306915283,30.455764770507812
0.9108148813247681,30.443052291870117
0.8989906907081604,30.430192947387695
0.8960815072059631,30.42112922668457
0.9131190776824951,30.407621383666992
0.9099404215812683,30.39561653137207
0.8851303458213806,30.386503219604492
0.9278925061225891,30.385114669799805
0.9108813405036926,30.382875442504883
0.9059736132621765,30.375165939331055
0.9126396179199219,30.371122360229492
0.9262284636497498,30.373090744018555
0.9132434725761414,30.380403518676758
0.9035295248031616,30.388198852539062
0.9108942151069641,30.398408889770508
0.9076313972473145,30.405670166015625
0.8799206614494324,30.407148361206055
0.906360387802124,30.410581588745117
0.9022921323776245,30.420839309692383
0.9207790493965149,30.435060501098633
0.9002035856246948,30.445802688598633
0.895283579826355,30.460508346557617
0.9293657541275024,30.479814529418945
0.9162724614143372,30.501100540161133
0.9127508997917175,30.512601852416992
0.9039691090583801,30.520828247070312
0.9003962278366089,30.529233932495117
0.9069333672523499,30.522981643676758
0.9119731187820435,30.515594482421875
0.9061556458473206,30.512163162231445
0.9083351492881775,30.51099967956543
0.9084889888763428,30.50877571105957
0.8928859829902649,30.499055862426758
0.9181523323059082,30.492830276489258
0.908149242401123,30.483945846557617
0.8987810611724854,30.47212028503418
0.8986164927482605,30.462873458862305
0.9031924605369568,30.45887565612793
0.916962206363678,30.451356887817383
0.9036328792572021,30.44268798828125
0.896454930305481,30.443021774291992
0.9118815064430237,30.44202995300293
0.8985319137573242,30.438352584838867
0.9082558155059814,30.439302444458008
0.9040318131446838,30.429777145385742
0.921432375907898,30.418806076049805
0.9014695286750793,30.41615104675293
0.9134103059768677,30.40770149230957
0.9103038311004639,30.3919677734375
0.9180952906608582,30.381315231323242
0.9061446785926819,30.366209030151367
0.910975456237793,30.353639602661133
0.9097493886947632,30.345975875854492
0.8929356932640076,30.334653854370117
0.8954928517341614,30.32075309753418
0.9060183167457581,30.30504035949707
0.9182170629501343,30.297758102416992
0.9089711904525757,30.289766311645508
0.8934720754623413,30.286226272583008
0.901924729347229,30.280868530273438
0.9016173481941223,30.27470588684082
0.9015306234359741,30.276609420776367
0.8899884223937988,30.282880783081055
0.894300639629364,30.289766311645508
0.9023474454879761,30.294404983520508
0.9003365635871887,30.295225143432617
0.8943977355957031,30.292388916015625
0.8964422941207886,30.292341232299805
0.9196493625640869,30.294069290161133
0.9120426177978516,30.297758102416992
0.8886248469352722,30.303558349609375
0.896073579788208,30.311338424682617
0.8968765735626221,30.31346321105957
0.9069995284080505,30.310197830200195
0.8800714612007141,30.306047439575195
0.902138888835907,30.30671501159668
0.9192404747009277,30.304121017456055
0.921233057975769,30.297731399536133
0.9007176160812378,30.289766311645508
0.8869892358779907,30.282407760620117
0.9125596284866333,30.271745681762695
0.9217300415039062,30.26268196105957
0.9350897073745728,30.257123947143555
0.9016246795654297,30.243192672729492
0.9094204306602478,30.23042106628418
0.904314398765564,30.217851638793945
0.920121431350708,30.202180862426758
0.9181680083274841,30.187788009643555
0.8984995484352112,30.175764083862305
0.9059416055679321,30.165237426757812
0.9218428134918213,30.159116744995117
0.9051513671875,30.149213790893555
0.9212698936462402,30.138795852661133
0.907524824142456,30.13471794128418
0.9151607155799866,30.131925582885742
0.8997249603271484,30.134675979614258
0.9071565866470337,30.142789840698242
0.8981285095214844,30.151090621948242
0.9072672724723816,30.156110763549805
0.9082700610160828,30.15997314453125
0.8971667289733887,30.171781539916992
0.8945645093917847,30.179901123046875
0.9099224805831909,30.191438674926758
0.9215980172157288,30.206377029418945
0.890989363193512,30.213991165161133
0.9103246927261353,30.2218017578125
0.911593496799469,30.226028442382812
0.9098030924797058,30.234437942504883
0.9098465442657471,30.238832473754883
0.910169243812561,30.239961624145508
0.9120666980743408,30.242277145385742
0.9201127886772156,30.241350173950195
0.9163362979888916,30.245668411254883
0.9093040227890015,30.243654251098633
0.8970140814781189,30.23902702331543
0.9178285598754883,30.229127883911133
0.8904554843902588,30.221738815307617
0.8981077075004578,30.203550338745117
0.915928840637207,30.190994262695312
0.9227232336997986,30.16710090637207
0.9127876162528992,30.147829055786133
0.9117228984832764,30.137113571166992
0.9207610487937927,30.131025314331055
0.8976513147354126,30.12049674987793
0.8846219778060913,30.105562210083008
0.9189198613166809,30.088483810424805
0.9139710664749146,30.076814651489258
0.897127091884613,30.064485549926758
0.8913377523422241,30.048368453979492
0.9284861087799072,30.034223556518555
0.8920417428016663,30.026395797729492
0.9165269136428833,30.013734817504883
0.9011669754981995,30.001161575317383
0.9086612462997437,29.99424934387207
0.9174277782440186,29.985063552856445
0.8733924627304077,29.97691535949707
0.8957362174987793,29.96449089050293
0.8806846141815186,29.947263717651367
0.9060183763504028,29.930875778198242
0.8941351175308228,29.91352653503418
0.910457193851471,29.90199089050293
0.8857587575912476,29.89405632019043
0.8929870128631592,29.887605667114258
0.9189185500144958,29.883989334106445
0.9184386730194092,29.872907638549805
0.9051772356033325,29.865114212036133
0.9140920639038086,29.858383178710938
0.911462128162384,29.853897094726562
0.9148939847946167,29.842987060546875
0.9087928533554077,29.836973190307617
0.9061108827590942,29.835859298706055
0.9064235687255859,29.828004837036133
0.8961613774299622,29.819990158081055
0.9104065299034119,29.813962936401367
0.8932479619979858,29.811220169067383
0.8890353441238403,29.803651809692383
0.912185549736023,29.797945022583008
0.9065225124359131,29.793014526367188
0.9028307795524597,29.789701461791992
0.8990135192871094,29.784334182739258
0.9253836274147034,29.779802322387695
0.9130518436431885,29.778976440429688
0.9082269668579102,29.775026321411133
0.897671103477478,29.773832321166992
0.9117451310157776,29.769319534301758
0.9024122357368469,29.76237678527832
0.8912187814712524,29.752958297729492
0.8996922969818115,29.747316360473633
0.8990439176559448,29.745241165161133
0.9198262691497803,29.73423957824707
0.9143317937850952,29.723299026489258
0.9107488989830017,29.711454391479492
0.9188767075538635,29.70069694519043
0.9130061864852905,29.69947624206543
0.9127185344696045,29.694852828979492
0.9119223952293396,29.688859939575195
0.9020321369171143,29.693405151367188
0.9150689244270325,29.70390510559082
0.9209488034248352,29.71287727355957
0.9091434478759766,29.717241287231445
0.8994590044021606,29.72120475769043
0.9095144271850586,29.722898483276367
0.9061564803123474,29.72880744934082
0.9170986413955688,29.726987838745117
0.8892568945884705,29.72114372253418
0.8874796628952026,29.71351432800293
0.9132373332977295,29.706239700317383
0.9239881038665771,29.703615188598633
0.8979010581970215,29.699430465698242
0.8996012806892395,29.68897819519043
0.9031474590301514,29.67875862121582
0.8964400291442871,29.669771194458008
0.9091770648956299,29.667436599731445
0.8832855224609375,29.66944694519043
0.898345947265625,29.66584587097168
0.8997343182563782,29.6568603515625
0.9122099876403809,29.651750564575195
0.9067506790161133,29.64509391784668
0.9088379144668579,29.63850212097168
0.8982561826705933,29.63630485534668
0.9071900844573975,29.637296676635742
0.9077461361885071,29.643768310546875
0.9061717391014099,29.65721321105957
0.8803125023841858,29.66215705871582
0.8896390199661255,29.669801712036133
0.9155504107475281,29.680282592773438
0.8970714807510376,29.6904296875
0.9113821983337402,29.694793701171875
0.8975611925125122,29.699689865112305
0.9044885039329529,29.706315994262695
0.8894233703613281,29.710386276245117
0.9132080078125,29.705459594726562
0.900897204875946,29.700773239135742
0.9109703898429871,29.705778121948242
0.8989405632019043,29.706830978393555
0.9305547475814819,29.704256057739258
0.9124457240104675,29.702638626098633
0.9128637313842773,29.700422286987305
0.9156113266944885,29.7061767578125
0.9172582626342773,29.710691452026367
0.9072304964065552,29.712312698364258
0.9283806681632996,29.710935592651367
0.8994821310043335,29.713838577270508
0.90202796459198,29.715715408325195
0.9103502035140991,29.71739387512207
0.8917511105537415,29.72028923034668
0.8998417258262634,29.730621337890625
0.900684118270874,29.74267578125
0.9015808701515198,29.756208419799805
0.9140933156013489,29.767972946166992
0.92037034034729,29.779020309448242
0.8759901523590088,29.788650512695312
0.9198916554450989,29.803972244262695
0.9041491746902466,29.817476272583008
0.9229864478111267,29.831987380981445
0.9124283790588379,29.84925651550293
0.9116396903991699,29.866575241088867
0.9040801525115967,29.876218795776367
0.8864860534667969,29.883726119995117
0.9022988080978394,29.884763717651367
0.8840327858924866,29.893308639526367
0.8828308582305908,29.895692825317383
0.9065045714378357,29.90117073059082
0.9098800420761108,29.904478073120117
0.9199954867362976,29.895963668823242
0.9020870923995972,29.884416580200195
0.9026280641555786,29.880231857299805
0.9013708233833313,29.87690544128418
0.9062708020210266,29.876832962036133
0.920588493347168,29.878644943237305
0.8822316527366638,29.882246017456055
0.9192057847976685,29.886716842651367
0.8876795768737793,29.889970779418945
0.8994324803352356,29.901124954223633
0.9015331268310547,29.911832809448242
0.8927727341651917,29.92436408996582
0.9223276972770691,29.936872482299805
0.8975790143013,29.948348999023438
0.8897764682769775,29.964357376098633
0.8995954394340515,29.982084274291992
0.9020090699195862,29.993330001831055
0.8851996660232544,30.004514694213867
0.9019233584403992,30.0057373046875
0.9107908010482788,30.010286331176758
0.9081869125366211,30.018095016479492
0.9188187718391418,30.022966384887695
0.9007280468940735,30.029451370239258
0.9321365356445312,30.035764694213867
0.8949019312858582,30.036285400390625
0.9262706637382507,30.03584098815918
0.9102041721343994,30.040586471557617
0.9113357067108154,30.05366325378418
0.9215530157089233,30.060792922973633
0.9097845554351807,30.071929931640625
0.9123396873474121,30.07646369934082
0.8939506411552429,30.08030891418457
0.9077646732330322,30.085203170776367
0.9032849073410034,30.095991134643555
0.909654974937439,30.110288619995117
0.9066953659057617,30.121767044067383
0.8894068598747253,30.13166618347168
0.9256553053855896,30.140029907226562
0.8945996761322021,30.145875930786133
0.9213890433311462,30.151212692260742
0.9096654653549194,30.15251350402832
0.8929976224899292,30.158418655395508
0.9051259756088257,30.164609909057617
0.9222689270973206,30.170499801635742
0.9026839733123779,30.175813674926758
0.887451708316803,30.176576614379883
0.9102214574813843,30.170957565307617
0.9199783205986023,30.167816162109375
0.9200229644775391,30.164079666137695
0.9025585055351257,30.160367965698242
0.9124709367752075,30.15662956237793
0.8878483176231384,30.154052734375
0.9201713800430298,30.14777946472168
0.8991913795471191,30.14299201965332
0.9104475975036621,30.13270378112793
0.923686683177948,30.12824821472168
0.9012734889984131,30.12620735168457
0.9066198468208313,30.117706298828125
0.9038584232330322,30.111207962036133
0.9246965646743774,30.098798751831055
0.8958398103713989,30.082151412963867
0.904934287071228,30.072237014770508
0.9028171896934509,30.059877395629883
0.9033353328704834,30.05259895324707
0.9144811034202576,30.044126510620117
0.9121657013893127,30.035341262817383
0.8912255764007568,30.025312423706055
0.9056956768035889,30.02305793762207
0.9105319976806641,30.022096633911133
0.899620532989502,30.023252487182617
0.9055079817771912,30.01923942565918
0.8901644349098206,30.02044677734375
0.9208730459213257,30.018918991088867
0.9058541655540466,30.02495002746582
0.9172840714454651,30.034330368041992
0.9196286797523499,30.046403884887695
0.9148015975952148,30.052766799926758
0.9268993735313416,30.063278198242188
0.9095464944839478,30.077939987182617
0.9029206037521362,30.094785690307617
0.9220678806304932,30.112363815307617
0.9208763837814331,30.126543045043945
0.9288849830627441,30.132444381713867
0.9191896915435791,30.140851974487305
0.9108101725578308,30.140806198120117
0.916333794593811,30.139921188354492
0.8847242593765259,30.141813278198242
0.9086406826972961,30.149656295776367
0.9073224067687988,30.162248611450195
0.8854095339775085,30.177854537963867
0.9004771113395691,30.191301345825195
0.915992259979248,30.196733474731445
0.9209907054901123,30.200700759887695
0.8846149444580078,30.203950881958008
0.9055358171463013,30.211790084838867
0.8986698389053345,30.213972091674805
0.8782405853271484,30.214981079101562
0.9218617677688599,30.220184326171875
0.9267011284828186,30.228912353515625
0.9151682257652283,30.232145309448242
0.9125074148178101,30.23213005065918
0.9248835444450378,30.232040405273438
0.8896503448486328,30.238311767578125
0.903647780418396,30.248929977416992
0.9080650210380554,30.265424728393555
0.9149508476257324,30.285703659057617
0.8990509510040283,30.304964065551758
0.9138537049293518,30.313764572143555
0.9270178079605103,30.319597244262695
0.928308367729187,30.322843551635742
0.9147890210151672,30.325315475463867
0.9160012006759644,30.328889846801758
0.8880472183227539,30.337263107299805
0.9048120975494385,30.339601516723633
0.9026132822036743,30.335660934448242
0.9139881134033203,30.328367233276367
0.884711503982544,30.317487716674805
0.9146630764007568,30.309389114379883
0.9151740074157715,30.309389114379883
0.9143668413162231,30.305116653442383
0.9042187333106995,30.300992965698242
0.9142463803291321,30.30204963684082
0.8894134759902954,30.305910110473633
0.913650393486023,30.31257438659668
0.9151268005371094,30.32512092590332
0.8924130797386169,30.337080001831055
0.9087645411491394,30.350069046020508
0.8962602615356445,30.36668586730957
0.9043747186660767,30.381956100463867
0.9078987240791321,30.394163131713867
0.9016788601875305,30.40254020690918
0.8769304156303406,30.405488967895508
0.8984876871109009,30.406904220581055
0.9213802218437195,30.414461135864258
0.8939018249511719,30.418485641479492
0.9142060875892639,30.419130325317383
0.87840735912323,30.422773361206055
0.9051618576049805,30.42070198059082
0.9108036756515503,30.417558670043945
0.9033479690551758,30.415056228637695
0.8881987929344177,30.412843704223633
0.907738447189331,30.407381057739258
0.926628828048706,30.398469924926758
0.907357394695282,30.387773513793945
0.887509822845459,30.373842239379883
0.9215900301933289,30.367387771606445
0.8999496698379517,30.362398147583008
0.9171545505523682,30.361722946166992
0.913835346698761,30.367616653442383
0.9141215085983276,30.374834060668945
0.9213480949401855,30.380678176879883
0.8981425166130066,30.39765739440918
0.9027472734451294,30.401582717895508
0.8923002481460571,30.407793045043945
0.9031294584274292,30.409406661987305
0.9105337858200073,30.415132522583008
0.9050723910331726,30.416658401489258
0.8958781361579895,30.420072555541992
0.9050542116165161,30.422670364379883
0.9133915305137634,30.421022415161133
0.915155827999115,30.419904708862305
0.9013797640800476,30.418256759643555
0.9137075543403625,30.41651725769043
0.9253669381141663,30.417295455932617
0.9266152381896973,30.420621871948242
0.9067542552947998,30.41844367980957
0.9222663640975952,30.412233352661133
0.9027408361434937,30.405973434448242
0.9176931977272034,30.396726608276367
0.9051141142845154,30.387250900268555
0.8996648192405701,30.37138557434082
0.9114766120910645,30.357851028442383
0.9200274348258972,30.346221923828125
0.9103826284408569,30.329587936401367
0.9247387647628784,30.321134567260742
0.9093182682991028,30.317625045776367
0.9100001454353333,30.311403274536133
0.8971946239471436,30.29878044128418
0.9192490577697754,30.288591384887695
0.912497878074646,30.274747848510742
0.9109033346176147,30.260454177856445
0.9188830256462097,30.250734329223633
0.8961087465286255,30.246599197387695
0.9052534699440002,30.24006462097168
0.8927424550056458,30.234128952026367
0.930392861366272,30.241655349731445
0.9168288707733154,30.249879837036133
0.9171208143234253,30.261686325073242
0.928485631942749,30.273313522338867
0.9138844013214111,30.282503128051758
0.8996096253395081,30.292802810668945
0.9102086424827576,30.293947219848633
0.905021607875824,30.291471481323242
0.8841226100921631,30.29014778137207
0.92603999376297,30.284330368041992
0.9007778763771057,30.282625198364258
0.9145671129226685,30.283937454223633
0.9150404334068298,30.287736892700195
0.9086728692054749,30.28754997253418
0.8864542841911316,30.285184860229492
0.9207590222358704,30.278474807739258
0.888048529624939,30.273712158203125
0.9088743925094604,30.275144577026367
0.8969993591308594,30.283220291137695
0.9002552628517151,30.294588088989258
0.9164938926696777,30.310667037963867
0.8944405913352966,30.328336715698242
0.9248802661895752,30.343687057495117
0.912802517414093,30.358198165893555
0.9023425579071045,30.373701095581055
0.9162793159484863,30.38531494140625
0.9090761542320251,30.392412185668945
0.9132822155952454,30.393234252929688
0.9207838773727417,30.39007568359375
0.901608407497406,30.389802932739258
0.9040753245353699,30.38245964050293
0.9056629538536072,30.372697830200195
0.8998394012451172,30.373029708862305
0.9146140813827515,30.370208740234375
0.9104909896850586,30.368974685668945
0.9019960165023804,30.368589401245117
0.9201266765594482,30.360822677612305
0.9167516827583313,30.357542037963867
0.9067186713218689,30.355775833129883
0.9113734364509583,30.356172561645508
0.9149612188339233,30.35725212097168
0.9131559133529663,30.36126708984375
0.9098867177963257,30.36181640625
0.8886643052101135,30.358016967773438
0.9076108932495117,30.349519729614258
0.9155897498130798,30.339033126831055
0.8963412046432495,30.326322555541992
0.9100551605224609,30.315919876098633
0.9104913473129272,30.301755905151367
0.8877611756324768,30.292112350463867
0.9225866198539734,30.28730583190918
0.9040774703025818,30.278047561645508
0.8969095945358276,30.266050338745117
0.9254720211029053,30.252717971801758
0.9109805226325989,30.244888305664062
0.8869379758834839,30.23607063293457
0.910030722618103,30.222837448120117
0.9055983424186707,30.20805549621582
0.9194952845573425,30.188688278198242
0.9089244604110718,30.171968460083008
0.916056215763092,30.160062789916992
0.9119880199432373,30.149505615234375
0.9288914203643799,30.14234733581543
0.9025951623916626,30.140777587890625
0.9012938737869263,30.13640022277832
0.908149242401123,30.131685256958008
0.8774784207344055,30.134580612182617
0.8991789221763611,30.129926681518555
0.922885537147522,30.124860763549805
0.9110749959945679,30.11591911315918
0.9189516305923462,30.11640739440918
0.9091446399688721,30.118776321411133
0.9212268590927124,30.123186111450195
0.9026879072189331,30.133272171020508
0.916903018951416,30.142820358276367
0.9127326607704163,30.154176712036133
0.9013460874557495,30.170442581176758
0.8891255259513855,30.187471389770508
0.9079179763793945,30.207168579101562
0.8862998485565186,30.223222732543945
0.9098865389823914,30.23478889465332
0.9208765625953674,30.241914749145508
0.9061145186424255,30.243989944458008
0.8882602453231812,30.244413375854492
0.8869965076446533,30.248289108276367
0.8889997601509094,30.26005744934082
0.8806868195533752,30.28019905090332
0.9073723554611206,30.28736686706543
0.9041711091995239,30.290712356567383
0.9133872985839844,30.289934158325195
0.9237798452377319,30.291532516479492
0.9183469414710999,30.290693283081055
0.9142097234725952,30.289033889770508
0.9196606278419495,30.287324905395508
0.8948883414268494,30.280000686645508
0.8866060972213745,30.268491744995117
0.8856298923492432,30.251832962036133
0.9177833795547485,30.234786987304688
0.9076319336891174,30.224027633666992
0.9153262972831726,30.2164306640625
0.9051462411880493,30.20716667175293
0.9161965250968933,30.19862174987793
0.9092849493026733,30.193559646606445
0.9265371561050415,30.184537887573242
0.9053045511245728,30.17902946472168
0.9046548008918762,30.179353713989258
0.886827826499939,30.176666259765625
0.9204444885253906,30.170042037963867
0.907770037651062,30.159528732299805
0.9032425284385681,30.15043830871582
0.9198064804077148,30.139711380004883
0.8982824683189392,30.127853393554688
0.9003070592880249,30.113126754760742
0.9231004118919373,30.102079391479492
0.8998257517814636,30.090055465698242
0.9020148515701294,30.082429885864258
0.9082140922546387,30.077543258666992
0.8961597084999084,30.07588005065918
0.9061713814735413,30.068662643432617
0.9111614227294922,30.058198928833008
0.8927485942840576,30.047304153442383
0.9146324396133423,30.034975051879883
0.8946208357810974,30.02638053894043
0.924513041973114,30.017850875854492
0.9069613218307495,30.011690139770508
0.9141894578933716,30.00816535949707
0.9081424474716187,30.01024055480957
0.9230755567550659,30.015047073364258
0.8972774147987366,30.016019821166992
0.9211603403091431,30.018341064453125
0.9032472372055054,30.011260986328125
0.9154425859451294,30.009031295776367
0.9045186638832092,30.00343132019043
0.8926775455474854,29.996671676635742
0.9188944697380066,29.989168167114258
0.9003500938415527,29.984071731567383
0.8990033864974976,29.980743408203125
0.8990166783332825,29.970415115356445
0.9289957880973816,29.965059280395508
0.8880281448364258,29.961576461791992
0.8925591707229614,29.96076774597168
0.9060965180397034,29.960756301879883
0.9064292907714844,29.966093063354492
0.9129965305328369,29.970476150512695
0.9039028882980347,29.977689743041992
0.9142633080482483,29.985443115234375
0.9029049873352051,29.992263793945312
0.8989102244377136,30.002653121948242
0.9031456112861633,30.015703201293945
0.8991687893867493,30.025785446166992
0.9136262536048889,30.032712936401367
0.9225577116012573,30.03895378112793
0.9035141468048096,30.052431106567383
0.9148988723754883,30.06605339050293
0.9088904857635498,30.087751388549805
0.9003571271896362,30.107789993286133
0.9130741953849792,30.123598098754883
0.9160410165786743,30.137041091918945
0.9096383452415466,30.14811897277832
0.899366021156311,30.156570434570312
0.9101170301437378,30.165178298950195
0.9050273299217224,30.175554275512695
0.897619366645813,30.185213088989258
0.899754524230957,30.186477661132812
0.9038925170898438,30.180940628051758
0.9144002795219421,30.178403854370117
0.8954240083694458,30.177339553833008
0.9250381588935852,30.1767578125
0.8795328140258789,30.177078247070312
0.8930780291557312,30.173891067504883
0.9073894619941711,30.171815872192383
0.9130452871322632,30.169008255004883
0.9090430736541748,30.167251586914062
0.9105602502822876,30.170320510864258
0.8830808997154236,30.174619674682617
0.9180483818054199,30.174272537231445
0.9148247241973877,30.173032760620117
0.9024099707603455,30.173860549926758
0.9123684167861938,30.180177688598633
0.9003887176513672,30.18017578125
0.9007551670074463,30.171661376953125
0.9048216342926025,30.16236686706543
0.9232143759727478,30.155576705932617
0.9008989334106445,30.15223503112793
0.9100127816200256,30.14600944519043
0.899944543838501,30.13916015625
0.9151664972305298,30.128507614135742
0.8986178636550903,30.121217727661133
0.9105653762817383,30.114744186401367
0.9165676236152649,30.107942581176758
0.8978202939033508,30.09712028503418
0.8960587978363037,30.08625602722168
0.8998846411705017,30.081113815307617
0.9172786474227905,30.082748413085938
0.9096258282661438,30.08152961730957
0.9156262874603271,30.075822830200195
0.920214056968689,30.068998336791992
0.9037274122238159,30.063339233398438
0.9018834233283997,30.055299758911133
0.90229332447052,30.04167366027832
0.9048316478729248,30.03455924987793
0.918537974357605,30.034944534301758
0.922966718673706,30.03148078918457
0.9021642804145813,30.031389236450195
0.9058493375778198,30.032224655151367
0.8978631496429443,30.030183792114258
0.8991827964782715,30.028715133666992
0.9143068790435791,30.027036666870117
0.9080473184585571,30.021406173706055
0.9031611680984497,30.014249801635742
0.9044092297554016,30.003110885620117
0.8914549946784973,29.991636276245117
0.9072420597076416,29.983003616333008
0.8912824392318726,29.976030349731445
0.9181972146034241,29.97300910949707
0.8833104968070984,29.971433639526367
0.9144402742385864,29.972795486450195
0.896041989326477,29.975740432739258
0.9085682034492493,29.976911544799805
0.9073659777641296,29.97883415222168
0.9045289754867554,29.980607986450195
0.9059076309204102,29.978025436401367
0.9055234789848328,29.969072341918945
0.8921567797660828,29.96660041809082
0.8965947031974792,29.95509147644043
0.8878206014633179,29.94465446472168
0.8879299759864807,29.938493728637695
0.8976407647132874,29.925260543823242
0.9171125888824463,29.919740676879883
0.9278408288955688,29.915115356445312
0.9050564765930176,29.909820556640625
0.9100518226623535,29.910234451293945
0.9187769889831543,29.904829025268555
0.9232974052429199,29.896608352661133
0.8983648419380188,29.89410400390625
0.906078040599823,29.890655517578125
0.8939366936683655,29.894716262817383
0.9202650189399719,29.894346237182617
0.9189629554748535,29.897687911987305
0.9008709192276001,29.897245407104492
0.9287410974502563,29.897035598754883
0.9051896333694458,29.898012161254883
0.8840358257293701,29.896848678588867
0.9260432124137878,29.896421432495117
0.9153034687042236,29.89897346496582
0.9219522476196289,29.903108596801758
0.904438853263855,29.904298782348633
0.9111560583114624,29.904035568237305
0.9334087371826172,29.903274536132812
0.9229752421379089,29.903928756713867
0.9115212559700012,29.91169548034668
0.9089844226837158,29.920473098754883
0.918784499168396,29.922439575195312
0.92009037733078,29.92268180847168
0.9053583145141602,29.925153732299805
0.9060437679290771,29.92317008972168
0.9151434898376465,29.923276901245117
0.9059352874755859,29.925018310546875
0.9029809832572937,29.932554244995117
0.913979709148407,29.945207595825195
0.9043845534324646,29.956544876098633
0.9049035310745239,29.965730667114258
0.8876048922538757,29.97264289855957
0.9240430593490601,29.976743698120117
0.9042789340019226,29.976211547851562
0.8845157623291016,29.980012893676758
0.9036403894424438,29.98130989074707
0.9033706188201904,29.991682052612305
0.9002399444580078,30.004257202148438
0.9196195006370544,30.015581130981445
0.912813663482666,30.024869918823242
0.8966068625450134,30.036209106445312
0.9053522944450378,30.049253463745117
0.9220497608184814,30.05645751953125
0.9032688736915588,30.06291389465332
0.9104313254356384,30.06035041809082
0.89239501953125,30.058412551879883
0.9000751972198486,30.054414749145508
0.8953267335891724,30.049455642700195
0.9180784225463867,30.04057502746582
0.911069393157959,30.035295486450195
0.8887727856636047,30.032987594604492
0.913732647895813,30.037187576293945
0.9029428958892822,30.039457321166992
0.8935031890869141,30.040739059448242
0.9130174517631531,30.04566764831543
0.9067593812942505,30.051252365112305
0.9187735319137573,30.053190231323242
0.9143421649932861,30.051881790161133
0.8918877243995667,30.044145584106445
0.9148633480072021,30.037691116333008
0.9034315347671509,30.03173828125
0.8929077982902527,30.026931762695312
0.9017175436019897,30.027544021606445
0.9011421203613281,30.02983283996582
0.9229496121406555,30.031370162963867
0.8927562236785889,30.033811569213867
0.9116280674934387,30.037521362304688
0.9121282696723938,30.041763305664062
0.8833680152893066,30.052614212036133
0.9084576964378357,30.061525344848633
0.9189506769180298,30.070619583129883
0.9262470602989197,30.079130172729492
0.9120683073997498,30.086183547973633
0.9061141610145569,30.092256546020508
0.9126580357551575,30.103879928588867
0.9116101861000061,30.113130569458008
0.9073525667190552,30.117143630981445
0.9088656902313232,30.12986946105957
0.9221680760383606,30.13734245300293
0.9047377109527588,30.13922119140625
0.8993620276451111,30.138887405395508
0.9059755802154541,30.132200241088867
0.9075177907943726,30.137222290039062
0.9085534811019897,30.14500617980957
0.9035298824310303,30.152006149291992
0.9011651873588562,30.154756546020508
0.9315804839134216,30.157560348510742
0.9155178070068359,30.156328201293945
0.9163423776626587,30.152189254760742
0.8932540416717529,30.14997673034668
0.9215425848960876,30.14610481262207
0.8834939002990723,30.144742965698242
0.910438060760498,30.156465530395508
0.9074247479438782,30.167268753051758
0.9160869717597961,30.178815841674805
0.923194169998169,30.191312789916992
0.9133473634719849,30.20292854309082
0.8966673016548157,30.211240768432617
0.9273186922073364,30.226972579956055
0.9248737692832947,30.24598503112793
0.9074227213859558,30.267669677734375
0.8918766379356384,30.29193115234375
0.9034966230392456,30.311689376831055
0.9096667766571045,30.328933715820312
0.9135116934776306,30.350008010864258
0.9027262330055237,30.371152877807617
0.9144912958145142,30.388486862182617
0.8960572481155396,30.407424926757812
0.9217683672904968,30.418500900268555
0.9140313267707825,30.43360710144043
0.9222425818443298,30.445707321166992
0.8997492790222168,30.457643508911133
0.9165351390838623,30.465665817260742
0.9197686314582825,30.476652145385742
0.9017834663391113,30.485044479370117
0.9104777574539185,30.500852584838867
0.8897405862808228,30.512773513793945
0.9129605889320374,30.521425247192383
0.8850981593132019,30.528013229370117
0.8862825632095337,30.531661987304688
0.9027965664863586,30.53209114074707
0.8970615863800049,30.53297233581543
0.9142484664916992,30.53248405456543
0.900719165802002,30.53709602355957
0.886737585067749,30.535829544067383
0.9080588817596436,30.536516189575195
0.9082682728767395,30.533098220825195
0.9062283039093018,30.521181106567383
0.8915002346038818,30.51618766784668
0.9203945398330688,30.50291633605957
0.9293735027313232,30.49140739440918
0.9051189422607422,30.483980178833008
0.8979153633117676,30.478010177612305
0.8966313600540161,30.47331428527832
0.9179836511611938,30.475099563598633
0.9092369079589844,30.475847244262695
0.9372135400772095,30.47535514831543
0.9032127261161804,30.480405807495117
0.9084464311599731,30.480440139770508
0.8883903622627258,30.477140426635742
0.9171863198280334,30.483734130859375
0.9252880811691284,30.490938186645508
0.8884183168411255,30.499221801757812
0.9116942286491394,30.510663986206055
0.9022173881530762,30.520828247070312
0.9255906939506531,30.53233528137207
0.9131240844726562,30.544797897338867
0.903995156288147,30.557737350463867
0.9065450429916382,30.563703536987305
0.9084112048149109,30.562196731567383
0.8795899152755737,30.558046340942383
0.9013802409172058,30.550447463989258
0.9109857082366943,30.538755416870117
0.8960591554641724,30.528257369995117
0.9008591175079346,30.520875930786133
0.9226394295692444,30.518049240112305
0.9042606353759766,30.526399612426758
0.9103120565414429,30.536008834838867
0.8911417126655579,30.543718338012695
0.9255040287971497,30.552873611450195
0.9070262908935547,30.555723190307617
0.8923906087875366,30.553983688354492
0.9025759100914001,30.556577682495117
0.9142160415649414,30.55610466003418
0.9124438762664795,30.561307907104492
0.9155146479606628,30.569124221801758
0.9075204133987427,30.570371627807617
0.9137430191040039,30.569704055786133
0.8943288922309875,30.55949592590332
0.9227540493011475,30.55116081237793
0.8956483602523804,30.546064376831055
0.8876962661743164,30.542695999145508
0.9022577404975891,30.545930862426758
0.8941465616226196,30.547086715698242
0.9024835228919983,30.546693801879883
0.9165995717048645,30.54286003112793
0.8909375071525574,30.541976928710938
0.9228918552398682,30.542203903198242
0.9118566513061523,30.544233322143555
0.910620927810669,30.548355102539062
0.9207977652549744,30.554594039916992
0.9261840581893921,30.555646896362305
0.9059611558914185,30.555130004882812
0.891595721244812,30.561765670776367
0.904167890548706,30.563718795776367
0.9048851132392883,30.566129684448242
0.9150897264480591,30.57414436340332
0.906370997428894,30.582609176635742
0.8894240856170654,30.587114334106445
0.9269628524780273,30.589536666870117
0.9152728319168091,30.592546463012695
0.9108852744102478,30.59181022644043
0.9018993377685547,30.596418380737305
0.9123053550720215,30.598176956176758
0.9147574305534363,30.600370407104492
0.9235923290252686,30.60399055480957
0.9046516418457031,30.611997604370117
0.9075692296028137,30.622621536254883
0.9144717454910278,30.63691520690918
0.9155784845352173,30.645505905151367
0.9259442687034607,30.656370162963867
0.9170473217964172,30.661985397338867
0.8945669531822205,30.662717819213867
0.9006748795509338,30.656021118164062
0.9129916429519653,30.648923873901367
0.9195764660835266,30.644411087036133
0.9253160953521729,30.639219284057617
0.908722996711731,30.635282516479492
0.8949005603790283,30.631776809692383
0.9072062969207764,30.624677658081055
0.9180282354354858,30.61320686340332
0.9001620411872864,30.60481071472168
0.9087843894958496,30.595746994018555
0.9282855987548828,30.585355758666992
0.9209140539169312,30.580827713012695
0.919909656047821,30.570661544799805
0.9085827469825745,30.561037063598633
0.9055848717689514,30.55116081237793
0.9025694131851196,30.536191940307617
0.9196690320968628,30.531583786010742
0.9047348499298096,30.52989387512207
0.9168055057525635,30.530227661132812
0.916724681854248,30.528196334838867
0.8877435922622681,30.531143188476562
0.9031010270118713,30.526548385620117
0.891069233417511,30.52178955078125
0.9152405858039856,30.522783279418945
0.8953441381454468,30.524721145629883
0.9002394676208496,30.51826286315918
0.9125894904136658,30.51240348815918
0.912972092628479,30.510770797729492
0.9165973663330078,30.51222038269043
0.923434853553772,30.51643180847168
0.9242604374885559,30.516326904296875
0.8922439813613892,30.511274337768555
0.9086564779281616,30.510698318481445
0.891928493976593,30.511903762817383
0.8919132947921753,30.510709762573242
0.8889974355697632,30.516359329223633
0.9026848077774048,30.517412185668945
0.906144917011261,30.514251708984375
0.9198858737945557,30.514558792114258
0.9089175462722778,30.51568603515625
0.9041826725006104,30.514097213745117
0.8868645429611206,30.51673698425293
0.8979553580284119,30.523897171020508
0.9227938055992126,30.52562141418457
0.9217609167098999,30.526472091674805
0.8998596668243408,30.529218673706055
0.9165786504745483,30.529848098754883
0.8963634967803955,30.528398513793945
0.9280540347099304,30.526166915893555
0.9232544898986816,30.523374557495117
0.9099741578102112,30.523256301879883
0.9031438827514648,30.524477005004883
0.9099866151809692,30.527006149291992
0.9197712540626526,30.519193649291992
0.9086641073226929,30.519620895385742
0.8907462954521179,30.517791748046875
0.9070303440093994,30.516801834106445
0.912868320941925,30.52271842956543
0.9160734415054321,30.53984260559082
0.8917860388755798,30.55491828918457
0.9146258234977722,30.566574096679688
0.9104815721511841,30.57032585144043
0.891829788684845,30.582670211791992
0.9107478260993958,30.593000411987305
0.897487223148346,30.607667922973633
0.907423734664917,30.62861442565918
0.9237291216850281,30.647459030151367
0.9215754866600037,30.666471481323242
0.8966609239578247,30.68345832824707
0.8921419382095337,30.700651168823242
0.9155049920082092,30.716493606567383
0.9277265667915344,30.729875564575195
0.917729914188385,30.742521286010742
0.9245064854621887,30.75531005859375
